{
    "agg": 2291,
    "iters": [
        1,
        2,
        3,
        4,
        5,
        6,
        7,
        8,
        9,
        10,
        11,
        12,
        13,
        14,
        15,
        16,
        17,
        18,
        19,
        20,
        21,
        22,
        23,
        24,
        25,
        26,
        27,
        28,
        29,
        30,
        31,
        32,
        33,
        34,
        35,
        36,
        37,
        38,
        39,
        40,
        41,
        42,
        43,
        44,
        45,
        46,
        47,
        48,
        49,
        50,
        51,
        52,
        53,
        54,
        55,
        56,
        57,
        58,
        59,
        60,
        61,
        62,
        63,
        64,
        65,
        66,
        67,
        68,
        69,
        70,
        71,
        72,
        73,
        74,
        75,
        76,
        77,
        78,
        79,
        80,
        81,
        82,
        83,
        84,
        85,
        86,
        87,
        88,
        89,
        90,
        91,
        92,
        93,
        94,
        95,
        96,
        97,
        98,
        99,
        100,
        101,
        102,
        103,
        104,
        105,
        106,
        107,
        108,
        109,
        110,
        111,
        112,
        113,
        114,
        115,
        116,
        117,
        118,
        119,
        120,
        121,
        122
    ],
    "means": [
        2144.9444444444443,
        2129.8333333333335,
        2137.5555555555557,
        2157.1111111111113,
        2138.3888888888887,
        2124.777777777778,
        2119.1666666666665,
        2160.722222222222,
        2146.9444444444443,
        2118.9444444444443,
        2197.722222222222,
        2149.4444444444443,
        2129.8888888888887,
        2121.3333333333335,
        2187.6666666666665,
        2172.6111111111113,
        2177.222222222222,
        2159.1666666666665,
        2179.1666666666665,
        2105.0555555555557,
        2126.0555555555557,
        2142.222222222222,
        2140.8333333333335,
        2154.722222222222,
        2126.8333333333335,
        2176.8888888888887,
        2128.9444444444443,
        2163.5,
        2132.9444444444443,
        2129.0,
        2149.1666666666665,
        2157.5,
        2141.4444444444443,
        2125.3333333333335,
        2177.5,
        2167.8333333333335,
        2167.0555555555557,
        2159.9444444444443,
        2203.3888888888887,
        2163.777777777778,
        2119.3333333333335,
        2153.9444444444443,
        2132.222222222222,
        2143.4444444444443,
        2146.222222222222,
        2128.0555555555557,
        2186.6111111111113,
        2149.277777777778,
        2159.5,
        2171.4444444444443,
        2163.6111111111113,
        2117.8333333333335,
        2174.3888888888887,
        2122.8333333333335,
        2144.5,
        2189.6111111111113,
        2122.3888888888887,
        2159.3888888888887,
        2125.4444444444443,
        2163.6111111111113,
        2158.8888888888887,
        2162.1666666666665,
        2166.3888888888887,
        2157.3333333333335,
        2118.722222222222,
        2153.9444444444443,
        2145.1666666666665,
        2185.5,
        2172.0555555555557,
        2132.277777777778,
        2115.277777777778,
        2131.9444444444443,
        2126.222222222222,
        2168.3333333333335,
        2150.222222222222,
        2113.4444444444443,
        2121.0555555555557,
        2127.0555555555557,
        2179.8888888888887,
        2161.6666666666665,
        2150.1666666666665,
        2161.0555555555557,
        2142.0555555555557,
        2146.5,
        2144.3333333333335,
        2151.1666666666665,
        2147.8333333333335,
        2132.277777777778,
        2163.777777777778,
        2139.8888888888887,
        2126.1111111111113,
        2126.6666666666665,
        2137.722222222222,
        2173.6111111111113,
        2118.0,
        2145.3333333333335,
        2171.0555555555557,
        2194.3333333333335,
        2156.4444444444443,
        2164.8333333333335,
        2144.6111111111113,
        2162.1666666666665,
        2117.5555555555557,
        2150.6666666666665,
        2173.0555555555557,
        2139.777777777778,
        2128.8888888888887,
        2175.722222222222,
        2168.5,
        2122.3333333333335,
        2152.722222222222,
        2167.1111111111113,
        2147.3888888888887,
        2163.8333333333335,
        2170.722222222222,
        2142.6111111111113,
        2187.777777777778,
        2123.722222222222,
        2153.8333333333335,
        2159.777777777778,
        2138.1666666666665,
        2115.4444444444443
    ],
    "opt": 2206,