{
    "agg": 2147,
    "iters": [
        1,
        2,
        3,
        4,
        5,
        6,
        7,
        8,
        9,
        10,
        11,
        12,
        13,
        14,
        15,
        16,
        17,
        18,
        19,
        20,
        21,
        22,
        23,
        24,
        25,
        26,
        27,
        28,
        29,
        30,
        31,
        32,
        33,
        34,
        35,
        36,
        37,
        38,
        39,
        40,
        41,
        42,
        43,
        44,
        45,
        46,
        47,
        48,
        49,
        50,
        51,
        52,
        53,
        54,
        55,
        56,
        57,
        58,
        59,
        60,
        61,
        62,
        63,
        64,
        65,
        66,
        67,
        68,
        69,
        70,
        71,
        72,
        73,
        74,
        75,
        76,
        77,
        78,
        79,
        80,
        81,
        82,
        83,
        84,
        85,
        86,
        87,
        88,
        89,
        90,
        91,
        92,
        93,
        94,
        95,
        96,
        97,
        98,
        99,
        100,
        101,
        102,
        103,
        104,
        105,
        106,
        107,
        108,
        109,
        110,
        111,
        112,
        113,
        114,
        115,
        116,
        117,
        118,
        119,
        120,
        121,
        122,
        123,
        124,
        125,
        126,
        127,
        128,
        129,
        130,
        131,
        132,
        133,
        134,
        135,
        136,
        137,
        138,
        139,
        140,
        141,
        142,
        143,
        144,
        145,
        146,
        147
    ],
    "means": [
        2178.9285714285716,
        2154.214285714286,
        2149.5,
        2156.0,
        2133.9285714285716,
        2167.285714285714,
        2170.5,
        2157.0714285714284,
        2150.785714285714,
        2175.8571428571427,
        2150.285714285714,
        2132.5,
        2136.0714285714284,
        2134.6428571428573,
        2148.3571428571427,
        2159.714285714286,
        2142.4285714285716,
        2139.6428571428573,
        2157.0,
        2139.214285714286,
        2171.9285714285716,
        2106.6428571428573,
        2152.5714285714284,
        2175.8571428571427,
        2128.214285714286,
        2140.0714285714284,
        2105.285714285714,
        2142.0,
        2176.8571428571427,
        2177.8571428571427,
        2166.5,
        2166.3571428571427,
        2112.6428571428573,
        2148.1428571428573,
        2128.0,
        2129.214285714286,
        2117.5714285714284,
        2178.714285714286,
        2163.0,
        2123.3571428571427,
        2140.0,
        2118.0714285714284,
        2146.5714285714284,
        2171.0,
        2135.6428571428573,
        2133.214285714286,
        2154.214285714286,
        2161.6428571428573,
        2142.5714285714284,
        2141.1428571428573,
        2165.214285714286,
        2155.5,
        2180.214285714286,
        2130.785714285714,
        2138.3571428571427,
        2153.9285714285716,
        2190.3571428571427,
        2125.3571428571427,
        2142.285714285714,
        2136.214285714286,
        2146.785714285714,
        2119.8571428571427,
        2115.785714285714,
        2092.3571428571427,
        2137.0714285714284,
        2139.0714285714284,
        2094.8571428571427,
        2143.714285714286,
        2118.285714285714,
        2156.1428571428573,
        2154.9285714285716,
        2135.1428571428573,
        2160.714285714286,
        2124.785714285714,
        2134.214285714286,
        2154.0714285714284,
        2166.785714285714,
        2133.9285714285716,
        2153.5,
        2150.0714285714284,
        2143.8571428571427,
        2149.785714285714,
        2112.714285714286,
        2104.5714285714284,
        2159.3571428571427,
        2153.4285714285716,
        2162.714285714286,
        2126.785714285714,
        2125.214285714286,
        2188.285714285714,
        2120.3571428571427,
        2142.714285714286,
        2145.6428571428573,
        2141.1428571428573,
        2132.4285714285716,
        2165.0,
        2166.1428571428573,
        2142.0714285714284,
        2131.8571428571427,
        2165.4285714285716,
        2131.714285714286,
        2133.6428571428573,
        2156.285714285714,
        2117.0,
        2104.8571428571427,
        2146.4285714285716,
        2161.3571428571427,
        2180.1428571428573,
        2180.0,
        2161.285714285714,
        2099.5714285714284,
        2164.5714285714284,
        2171.6428571428573,
        2173.285714285714,
        2201.5714285714284,
        2159.714285714286,
        2195.714285714286,
        2173.285714285714,
        2147.214285714286,
        2169.0,
        2168.3571428571427,
        2131.3571428571427,
        2150.8571428571427,
        2128.714285714286,
        2126.0714285714284,
        2130.5,
        2173.285714285714,
        2177.0714285714284,
        2094.785714285714,
        2150.3571428571427,
        2107.9285714285716,
        2164.0714285714284,
        2140.214285714286,
        2159.9285714285716,
        2168.285714285714,
        2149.5714285714284,
        2144.3571428571427,
        2144.4285714285716,
        2156.714285714286,
        2162.5714285714284,
        2213.285714285714,
        2164.0,
        2122.785714285714,
        2151.714285714286,
        2159.3571428571427,
        2166.5,
        2128.5
    ],
    "opt": 2274,