{
    "agg": 2138,
    "iters": [
        1,
        2,
        3,
        4,
        5,
        6,
        7,
        8,
        9,
        10,
        11,
        12,
        13,
        14,
        15,
        16,
        17,
        18,
        19,
        20,
        21,
        22,
        23,
        24,
        25,
        26,
        27,
        28,
        29,
        30,
        31,
        32,
        33,
        34,
        35,
        36,
        37,
        38,
        39,
        40,
        41,
        42,
        43,
        44,
        45,
        46,
        47,
        48,
        49,
        50,
        51,
        52,
        53,
        54,
        55,
        56,
        57,
        58,
        59,
        60,
        61,
        62,
        63,
        64,
        65,
        66,
        67,
        68,
        69,
        70,
        71,
        72,
        73,
        74,
        75,
        76,
        77,
        78,
        79,
        80,
        81,
        82,
        83,
        84,
        85,
        86,
        87,
        88,
        89,
        90,
        91,
        92,
        93,
        94,
        95,
        96,
        97,
        98,
        99,
        100,
        101,
        102,
        103,
        104,
        105,
        106,
        107,
        108,
        109,
        110
    ],
    "means": [
        2140.6666666666665,
        2137.0,
        2175.733333333333,
        2138.733333333333,
        2183.8,
        2155.5333333333333,
        2174.9333333333334,
        2170.866666666667,
        2159.266666666667,
        2126.266666666667,
        2147.733333333333,
        2171.133333333333,
        2146.4666666666667,
        2180.2,
        2166.5333333333333,
        2147.9333333333334,
        2163.3333333333335,
        2158.0,
        2158.8,
        2129.6,
        2114.266666666667,
        2179.866666666667,
        2129.5333333333333,
        2151.2,
        2163.2,
        2157.6666666666665,
        2119.6666666666665,
        2188.4,
        2144.3333333333335,
        2174.733333333333,
        2158.3333333333335,
        2161.0,
        2189.6666666666665,
        2136.3333333333335,
        2169.2,
        2133.6666666666665,
        2110.4666666666667,
        2159.6,
        2142.0,
        2171.4666666666667,
        2196.6,
        2134.133333333333,
        2139.5333333333333,
        2170.3333333333335,
        2150.9333333333334,
        2192.5333333333333,
        2153.266666666667,
        2193.733333333333,
        2173.2,
        2139.133333333333,
        2149.6,
        2142.6666666666665,
        2155.9333333333334,
        2145.266666666667,
        2147.8,
        2154.6666666666665,
        2087.6666666666665,
        2135.9333333333334,
        2205.866666666667,
        2098.133333333333,
        2121.133333333333,
        2164.9333333333334,
        2127.266666666667,
        2174.4666666666667,
        2091.866666666667,
        2136.266666666667,
        2165.8,
        2134.2,
        2128.9333333333334,
        2178.4,
        2115.6666666666665,
        2143.866666666667,
        2172.3333333333335,
        2130.6666666666665,
        2160.4666666666667,
        2150.8,
        2166.6666666666665,
        2126.266666666667,
        2155.4,
        2127.4,
        2155.6,
        2166.266666666667,
        2164.6666666666665,
        2174.2,
        2185.6666666666665,
        2134.133333333333,
        2107.6,
        2119.9333333333334,
        2178.6,
        2164.866666666667,
        2136.5333333333333,
        2154.2,
        2140.0666666666666,
        2171.0666666666666,
        2150.3333333333335,
        2125.3333333333335,
        2155.9333333333334,
        2130.133333333333,
        2158.6,
        2165.4666666666667,
        2152.4666666666667,
        2147.5333333333333,
        2140.3333333333335,
        2182.6,
        2156.4666666666667,
        2184.2,
        2125.4,
        2136.9333333333334,
        2146.866666666667,
        2133.5333333333333
    ],
    "opt": 2274,
    "stdevs": [
        86.11129749083773,
        94.70234069616934,
        90.0366345192642,
        91.10760426855465,
        69.45617323175817,
        76.58970049701345,
        71.95504769568907,
        94.56910465662428,
        76.89513783212969,
        89.63293045651372,
        91.18659745574212,
        65.37366102304165,
        83.15116087918169,
        58.8355901361299,
        81.91448115090654,
        86.72059860392007,
        76.43268643424457,
        66.7352980063774,
        60.754368841535445,
        75.00559979094895,
        82.48835608065473,
        85.42978923589176,
        84.02687400799553,
        74.0226992212524,
        84.30674152561387,
        87.20524958714101,
        79.77941811993588,
        82.93595922959676,
        80.25847134242106,
        85.3849843681871,
        79.88130082955725,
        76.42163742466309,
        66.69699310230477,
        78.49727525349032,
        66.1716958626068,
        92.12720674275445,
        72.79822952670087,
        86.56850851589547,
        74.2365588282934,
        97.78129791643299,
        66.3262642799467,
        74.96476209230278,
        76.38312786356829,
        99.22544476538712,
        57.987891456368324,
        73.94670753695229,
        99.5198249373237,
        84.81074355423505,
        80.85806494510408,
        95.75723935499023,
        81.55472600244167,
        85.6463010811844,
        98.83350758837928,
        98.6735132759659,
        94.88182123041273,
        69.79748483211189,
        74.30627310141601,
        94.78288640654259,
        77.89040733977167,
        86.97728950070179,
        96.41636560022138,
        90.90835434045042,
        79.0455283716641,
        66.89181979551428,
        76.07703697933796,
        65.1577231714621,
        90.48550528491658,
        75.48880711734687,
        88.64947201697757,
        95.59274728416027,
        92.72444242065963,
        75.55736599138137,
        95.53684571351981,
        70.51304055909722,
        98.29199130934093,
        90.89055689857628,
        74.97703352064255,
        82.98712082137939,
        77.04007615087964,
        81.1523669812943,
        96.24399548370104,
        85.43103781543464,
        84.06637589164622,
        66.93698529213876,
        86.48981956790573,
        83.85214500668556,
        99.73618534246569,
        58.07060836219606,
        88.07557360963746,
        99.98257625984418,
        72.48251896530331,
        83.75694996038638,
        80.97774728624869,
        67.57067082363143,
        90.61984084931709,
        92.1980959070679,
        89.50044071896455,
        88.04534185419591,
        84.24709688371067,
        80.32257189330753,
        92.40192398189312,
        91.99917874029576,
        93.46348068749752,
        71.48407748116593,
        57.486075608697526,
        77.49253727510369,
        83.70408193949284,
        89.61879763135013,
        86.13080491644992,
        97.92436990975341
    ]
}