{
    "agg": 2211,
    "iters": [
        1,
        2,
        3,
        4,
        5,
        6,
        7,
        8,
        9,
        10,
        11,
        12,
        13,
        14,
        15,
        16,
        17,
        18,
        19,
        20,
        21,
        22,
        23,
        24,
        25,
        26,
        27,
        28,
        29,
        30,
        31,
        32,
        33,
        34,
        35,
        36,
        37,
        38,
        39,
        40,
        41,
        42,
        43,
        44,
        45,
        46,
        47,
        48,
        49,
        50,
        51,
        52,
        53,
        54,
        55,
        56,
        57,
        58,
        59,
        60,
        61,
        62,
        63,
        64,
        65,
        66,
        67,
        68,
        69,
        70,
        71,
        72,
        73,
        74,
        75,
        76,
        77,
        78,
        79,
        80,
        81,
        82,
        83,
        84,
        85,
        86,
        87,
        88,
        89,
        90,
        91,
        92,
        93,
        94,
        95,
        96,
        97,
        98,
        99,
        100,
        101,
        102,
        103,
        104,
        105,
        106,
        107,
        108,
        109,
        110,
        111,
        112,
        113,
        114,
        115,
        116,
        117,
        118,
        119,
        120,
        121,
        122,
        123,
        124
    ],
    "means": [
        2153.818181818182,
        2131.818181818182,
        2146.2727272727275,
        2131.590909090909,
        2105.2727272727275,
        2155.9545454545455,
        2158.5,
        2147.409090909091,
        2131.0,
        2132.7272727272725,
        2147.0454545454545,
        2156.318181818182,
        2120.409090909091,
        2137.818181818182,
        2174.3636363636365,
        2121.7272727272725,
        2115.409090909091,
        2144.181818181818,
        2159.9545454545455,
        2173.409090909091,
        2145.0,
        2137.818181818182,
        2174.090909090909,
        2128.318181818182,
        2174.0,
        2161.5454545454545,
        2149.8636363636365,
        2132.909090909091,
        2159.590909090909,
        2151.0,
        2160.5,
        2164.909090909091,
        2145.818181818182,
        2159.2272727272725,
        2145.6363636363635,
        2127.2727272727275,
        2145.5454545454545,
        2115.409090909091,
        2150.818181818182,
        2146.7272727272725,
        2150.818181818182,
        2171.1363636363635,
        2166.6363636363635,
        2162.181818181818,
        2117.5,
        2131.8636363636365,
        2138.409090909091,
        2145.6363636363635,
        2145.8636363636365,
        2158.7272727272725,
        2145.3636363636365,
        2157.090909090909,
        2150.7727272727275,
        2118.7272727272725,
        2120.9545454545455,
        2161.318181818182,
        2135.2272727272725,
        2133.681818181818,
        2156.0454545454545,
        2160.0454545454545,
        2135.9545454545455,
        2150.1363636363635,
        2127.909090909091,
        2136.590909090909,
        2131.2727272727275,
        2128.1363636363635,
        2150.0,
        2131.8636363636365,
        2143.590909090909,
        2158.0,
        2165.818181818182,
        2132.090909090909,
        2181.909090909091,
        2175.3636363636365,
        2150.5,
        2154.909090909091,
        2151.0454545454545,
        2144.5454545454545,
        2163.681818181818,
        2133.6363636363635,
        2167.5,
        2116.5454545454545,
        2155.7272727272725,
        2127.5454545454545,
        2140.7272727272725,
        2138.2727272727275,
        2136.7727272727275,
        2140.909090909091,
        2117.181818181818,
        2176.8636363636365,
        2120.181818181818,
        2155.0454545454545,
        2162.909090909091,
        2141.8636363636365,
        2139.909090909091,
        2137.909090909091,
        2148.2727272727275,
        2147.4545454545455,
        2165.6363636363635,
        2156.909090909091,
        2168.6363636363635,
        2155.2727272727275,
        2153.318181818182,
        2138.409090909091,
        2166.0454545454545,
        2149.909090909091,
        2160.681818181818,
        2141.1363636363635,
        2167.909090909091,
        2164.0,
        2123.2272727272725,
        2110.590909090909,
        2139.5,
        2152.818181818182,
        2128.909090909091,
        2163.681818181818,
        2136.1363636363635,
        2159.681818181818,
        2124.409090909091,
        2140.681818181818,
        2122.0,
        2127.7272727272725,
        2166.409090909091,
        2159.3636363636365
    ],
    "opt": 2269,