{
    "agg": 2131,
    "iters": [
        1,
        2,
        3,
        4,
        5,
        6,
        7,
        8,
        9,
        10,
        11,
        12,
        13,
        14,
        15,
        16,
        17,
        18,
        19,
        20,
        21,
        22,
        23,
        24,
        25,
        26,
        27,
        28,
        29,
        30,
        31,
        32,
        33,
        34,
        35,
        36,
        37,
        38,
        39,
        40,
        41,
        42,
        43,
        44,
        45,
        46,
        47,
        48,
        49,
        50,
        51,
        52,
        53,
        54,
        55,
        56,
        57,
        58,
        59,
        60,
        61,
        62,
        63,
        64,
        65,
        66,
        67,
        68,
        69,
        70,
        71,
        72,
        73,
        74,
        75,
        76,
        77,
        78,
        79,
        80,
        81,
        82,
        83,
        84,
        85,
        86,
        87,
        88,
        89,
        90,
        91,
        92,
        93,
        94,
        95,
        96,
        97,
        98,
        99,
        100,
        101,
        102,
        103,
        104,
        105,
        106,
        107,
        108,
        109,
        110,
        111,
        112,
        113,
        114,
        115,
        116,
        117,
        118,
        119,
        120,
        121,
        122
    ],
    "means": [
        2167.909090909091,
        2163.8636363636365,
        2155.7272727272725,
        2157.681818181818,
        2149.7727272727275,
        2116.409090909091,
        2161.9545454545455,
        2145.2727272727275,
        2131.0,
        2140.6363636363635,
        2133.090909090909,
        2135.409090909091,
        2142.7727272727275,
        2159.090909090909,
        2141.3636363636365,
        2147.8636363636365,
        2167.0454545454545,
        2138.590909090909,
        2154.590909090909,
        2176.2272727272725,
        2171.2727272727275,
        2155.6363636363635,
        2170.0,
        2142.0454545454545,
        2162.409090909091,
        2132.318181818182,
        2174.909090909091,
        2148.4545454545455,
        2168.7272727272725,
        2137.1363636363635,
        2164.909090909091,
        2153.4545454545455,
        2162.590909090909,
        2160.090909090909,
        2158.090909090909,
        2165.590909090909,
        2162.2272727272725,
        2160.681818181818,
        2157.590909090909,
        2139.1363636363635,
        2136.590909090909,
        2148.4545454545455,
        2160.5,
        2139.681818181818,
        2173.3636363636365,
        2128.8636363636365,
        2097.7727272727275,
        2138.4545454545455,
        2147.181818181818,
        2147.909090909091,
        2139.090909090909,
        2148.7727272727275,
        2144.318181818182,
        2141.318181818182,
        2180.181818181818,
        2155.090909090909,
        2165.9545454545455,
        2111.5,
        2171.5,
        2165.5,
        2152.2727272727275,
        2133.8636363636365,
        2178.090909090909,
        2140.2272727272725,
        2180.5,
        2139.590909090909,
        2160.681818181818,
        2151.8636363636365,
        2144.0,
        2171.2272727272725,
        2123.2272727272725,
        2158.2272727272725,
        2136.909090909091,
        2146.409090909091,
        2163.5,
        2129.8636363636365,
        2161.5,
        2154.2272727272725,
        2126.2272727272725,
        2146.818181818182,
        2158.0454545454545,
        2144.6363636363635,
        2164.3636363636365,
        2152.0454545454545,
        2124.8636363636365,
        2149.818181818182,
        2142.9545454545455,
        2131.818181818182,
        2139.409090909091,
        2152.909090909091,
        2195.909090909091,
        2142.5454545454545,
        2162.909090909091,
        2150.9545454545455,
        2136.090909090909,
        2129.681818181818,
        2110.7727272727275,
        2118.090909090909,
        2125.7727272727275,
        2167.9545454545455,
        2151.7727272727275,
        2115.1363636363635,
        2146.590909090909,
        2162.318181818182,
        2142.7727272727275,
        2158.3636363636365,
        2136.5454545454545,
        2172.1363636363635,
        2147.0454545454545,
        2154.8636363636365,
        2148.3636363636365,
        2175.590909090909,
        2144.590909090909,
        2155.2727272727275,
        2136.590909090909,
        2157.909090909091,
        2112.3636363636365,
        2176.409090909091,
        2173.590909090909,
        2187.9545454545455,
        2173.8636363636365,
        2141.590909090909
    ],
    "opt": 2251,