{
    "agg": 2112,
    "iters": [
        1,
        2,
        3,
        4,
        5,
        6,
        7,
        8,
        9,
        10,
        11,
        12,
        13,
        14,
        15,
        16,
        17,
        18,
        19,
        20,
        21,
        22,
        23,
        24,
        25,
        26,
        27,
        28,
        29,
        30,
        31,
        32,
        33,
        34,
        35,
        36,
        37,
        38,
        39,
        40,
        41,
        42,
        43,
        44,
        45,
        46,
        47,
        48,
        49,
        50,
        51,
        52,
        53,
        54,
        55,
        56,
        57,
        58,
        59,
        60,
        61,
        62,
        63,
        64,
        65,
        66,
        67,
        68,
        69,
        70,
        71,
        72,
        73,
        74,
        75,
        76,
        77,
        78,
        79,
        80,
        81,
        82,
        83,
        84,
        85,
        86,
        87,
        88,
        89,
        90,
        91,
        92,
        93,
        94,
        95,
        96,
        97,
        98,
        99,
        100,
        101,
        102,
        103,
        104,
        105,
        106,
        107,
        108,
        109,
        110,
        111,
        112,
        113,
        114,
        115,
        116,
        117,
        118,
        119,
        120,
        121,
        122,
        123,
        124,
        125,
        126,
        127,
        128,
        129,
        130,
        131,
        132,
        133
    ],
    "means": [
        2169.8444444444444,
        2168.733333333333,
        2153.9333333333334,
        2165.2444444444445,
        2162.9777777777776,
        2147.0444444444443,
        2138.3333333333335,
        2161.1111111111113,
        2164.9333333333334,
        2161.8888888888887,
        2175.8888888888887,
        2162.4666666666667,
        2128.5555555555557,
        2175.311111111111,
        2130.5555555555557,
        2164.8,
        2131.6222222222223,
        2140.3333333333335,
        2136.777777777778,
        2147.6,
        2156.266666666667,
        2142.3333333333335,
        2152.711111111111,
        2158.511111111111,
        2165.311111111111,
        2136.0444444444443,
        2143.511111111111,
        2157.0444444444443,
        2150.4444444444443,
        2130.8,
        2124.3333333333335,
        2161.9777777777776,
        2142.9777777777776,
        2145.9333333333334,
        2147.133333333333,
        2169.3555555555554,
        2175.6444444444446,
        2170.511111111111,
        2151.5555555555557,
        2132.6222222222223,
        2176.133333333333,
        2143.8888888888887,
        2152.266666666667,
        2162.0222222222224,
        2137.866666666667,
        2141.4444444444443,
        2119.5777777777776,
        2160.0666666666666,
        2169.6666666666665,
        2148.5777777777776,
        2174.1555555555556,
        2168.4,
        2146.3333333333335,
        2140.088888888889,
        2153.266666666667,
        2167.0,
        2176.6222222222223,
        2166.4222222222224,
        2141.0,
        2153.3777777777777,
        2153.4,
        2147.5555555555557,
        2154.822222222222,
        2159.6,
        2120.822222222222,
        2138.5555555555557,
        2164.4666666666667,
        2141.4444444444443,
        2164.9777777777776,
        2151.222222222222,
        2148.1555555555556,
        2144.2444444444445,
        2163.4,
        2129.2444444444445,
        2159.5777777777776,
        2171.3555555555554,
        2148.5555555555557,
        2161.2444444444445,
        2149.9555555555557,
        2168.688888888889,
        2132.488888888889,
        2159.177777777778,
        2145.8,
        2133.4666666666667,
        2154.6444444444446,
        2142.177777777778,
        2150.5555555555557,
        2156.8444444444444,
        2122.488888888889,
        2148.9777777777776,
        2137.9777777777776,
        2156.866666666667,
        2145.1111111111113,
        2156.6444444444446,
        2144.9555555555557,
        2139.8888888888887,
        2172.6,
        2155.911111111111,
        2134.4666666666667,
        2167.4,
        2142.6,
        2147.5333333333333,
        2153.4444444444443,
        2154.4444444444443,
        2153.6666666666665,
        2142.1111111111113,
        2157.511111111111,
        2145.9777777777776,
        2169.222222222222,
        2142.133333333333,
        2134.6222222222223,
        2162.9555555555557,
        2121.8888888888887,
        2161.6,
        2153.777777777778,
        2125.6,
        2138.866666666667,
        2168.3333333333335,
        2151.088888888889,
        2132.5777777777776,
        2155.777777777778,
        2161.0444444444443,
        2141.4,
        2149.222222222222,
        2141.133333333333,
        2166.4222222222224,
        2147.6,
        2181.8888888888887,
        2157.2444444444445,
        2153.9333333333334,
        2140.6222222222223,
        2155.8444444444444,
        2150.177777777778
    ],
    "opt": 2291,