{
    "agg": 2110,
    "iters": [
        1,
        2,
        3,
        4,
        5,
        6,
        7,
        8,
        9,
        10,
        11,
        12,
        13,
        14,
        15,
        16,
        17,
        18,
        19,
        20,
        21,
        22,
        23,
        24,
        25,
        26,
        27,
        28,
        29,
        30,
        31,
        32,
        33,
        34,
        35,
        36,
        37,
        38,
        39,
        40,
        41,
        42,
        43,
        44,
        45,
        46,
        47,
        48,
        49,
        50,
        51,
        52,
        53,
        54,
        55,
        56,
        57,
        58,
        59,
        60,
        61,
        62,
        63,
        64,
        65,
        66,
        67,
        68,
        69,
        70,
        71,
        72,
        73,
        74,
        75,
        76,
        77,
        78,
        79,
        80,
        81,
        82,
        83,
        84,
        85,
        86,
        87,
        88,
        89,
        90,
        91,
        92,
        93,
        94,
        95,
        96,
        97,
        98,
        99,
        100,
        101,
        102,
        103,
        104,
        105,
        106,
        107,
        108,
        109,
        110,
        111,
        112,
        113,
        114,
        115,
        116,
        117,
        118,
        119,
        120,
        121,
        122,
        123,
        124,
        125,
        126,
        127,
        128,
        129,
        130,
        131,
        132
    ],
    "means": [
        2159.842105263158,
        2146.2631578947367,
        2140.7894736842104,
        2167.7368421052633,
        2148.6315789473683,
        2150.157894736842,
        2156.5789473684213,
        2105.2631578947367,
        2127.684210526316,
        2143.2105263157896,
        2139.4736842105262,
        2156.7894736842104,
        2145.0,
        2196.0526315789475,
        2176.315789473684,
        2151.6315789473683,
        2123.2631578947367,
        2135.2631578947367,
        2140.1052631578946,
        2139.842105263158,
        2164.4210526315787,
        2176.315789473684,
        2178.0,
        2112.5789473684213,
        2155.5789473684213,
        2143.3684210526317,
        2154.1052631578946,
        2125.1052631578946,
        2144.684210526316,
        2128.0526315789475,
        2146.0526315789475,
        2163.2631578947367,
        2141.4210526315787,
        2151.1052631578946,
        2142.0,
        2103.157894736842,
        2104.4736842105262,
        2154.0,
        2167.9473684210525,
        2141.5263157894738,
        2140.0526315789475,
        2152.7368421052633,
        2142.4736842105262,
        2155.7368421052633,
        2128.0526315789475,
        2160.5263157894738,
        2151.4210526315787,
        2147.4210526315787,
        2154.842105263158,
        2181.0526315789475,
        2128.315789473684,
        2153.7368421052633,
        2162.6315789473683,
        2148.157894736842,
        2140.4736842105262,
        2175.0526315789475,
        2124.9473684210525,
        2130.1052631578946,
        2143.4210526315787,
        2141.0526315789475,
        2173.7368421052633,
        2168.5263157894738,
        2160.0526315789475,
        2143.9473684210525,
        2167.8947368421054,
        2137.1052631578946,
        2160.9473684210525,
        2163.9473684210525,
        2159.6315789473683,
        2124.842105263158,
        2124.0,
        2122.157894736842,
        2145.7894736842104,
        2179.2105263157896,
        2171.315789473684,
        2151.4210526315787,
        2158.3684210526317,
        2131.9473684210525,
        2151.4736842105262,
        2113.842105263158,
        2188.842105263158,
        2172.5263157894738,
        2138.157894736842,
        2140.684210526316,
        2135.4736842105262,
        2114.7368421052633,
        2143.2631578947367,
        2124.842105263158,
        2137.157894736842,
        2158.315789473684,
        2157.5263157894738,
        2128.6315789473683,
        2156.157894736842,
        2155.0526315789475,
        2175.1052631578946,
        2125.157894736842,
        2151.2631578947367,
        2161.1052631578946,
        2184.7894736842104,
        2154.8947368421054,
        2148.842105263158,
        2150.5789473684213,
        2108.5263157894738,
        2149.1052631578946,
        2146.1052631578946,
        2130.5263157894738,
        2184.1052631578946,
        2150.6315789473683,
        2136.0,
        2133.1052631578946,
        2156.6315789473683,
        2175.7894736842104,
        2138.842105263158,
        2136.2631578947367,
        2161.157894736842,
        2158.684210526316,
        2168.4736842105262,
        2147.0,
        2157.6315789473683,
        2146.3684210526317,
        2133.7368421052633,
        2184.5263157894738,
        2171.9473684210525,
        2154.4736842105262,
        2176.7368421052633,
        2170.4736842105262,
        2168.5263157894738,
        2147.4736842105262,
        2159.6315789473683,
        2141.3684210526317,
        2138.315789473684,
        2142.0526315789475
    ],
    "opt": 2242,