{
    "agg": 2225,
    "iters": [
        1,
        2,
        3,
        4,
        5,
        6,
        7,
        8,
        9,
        10,
        11,
        12,
        13,
        14,
        15,
        16,
        17,
        18,
        19,
        20,
        21,
        22,
        23,
        24,
        25,
        26,
        27,
        28,
        29,
        30,
        31,
        32,
        33,
        34,
        35,
        36,
        37,
        38,
        39,
        40,
        41,
        42,
        43,
        44,
        45,
        46,
        47,
        48,
        49,
        50,
        51,
        52,
        53,
        54,
        55,
        56,
        57,
        58,
        59,
        60,
        61,
        62,
        63,
        64,
        65,
        66,
        67,
        68,
        69,
        70,
        71,
        72,
        73,
        74,
        75,
        76,
        77,
        78,
        79,
        80,
        81,
        82,
        83,
        84,
        85,
        86,
        87,
        88,
        89,
        90,
        91,
        92,
        93,
        94,
        95,
        96,
        97,
        98,
        99,
        100,
        101
    ],
    "means": [
        2169.048780487805,
        2123.878048780488,
        2133.048780487805,
        2167.0,
        2140.9268292682927,
        2131.7073170731705,
        2154.682926829268,
        2138.2195121951218,
        2136.731707317073,
        2149.4146341463415,
        2172.487804878049,
        2135.390243902439,
        2145.6585365853657,
        2144.5365853658536,
        2135.560975609756,
        2134.4146341463415,
        2123.951219512195,
        2152.121951219512,
        2139.829268292683,
        2120.5365853658536,
        2163.487804878049,
        2128.121951219512,
        2159.682926829268,
        2133.951219512195,
        2143.7073170731705,
        2160.5853658536585,
        2147.0,
        2150.6341463414633,
        2158.0243902439024,
        2153.243902439024,
        2137.731707317073,
        2173.4146341463415,
        2134.5853658536585,
        2148.9756097560976,
        2153.9756097560976,
        2182.4146341463415,
        2133.609756097561,
        2146.2195121951218,
        2143.439024390244,
        2132.0975609756097,
        2147.4634146341464,
        2165.170731707317,
        2150.121951219512,
        2132.2926829268295,
        2151.7804878048782,
        2154.390243902439,
        2153.1463414634145,
        2173.878048780488,
        2145.7073170731705,
        2150.0,
        2143.4634146341464,
        2131.317073170732,
        2152.0243902439024,
        2175.3658536585367,
        2152.243902439024,
        2136.2195121951218,
        2151.5853658536585,
        2159.9024390243903,
        2147.829268292683,
        2161.878048780488,
        2158.560975609756,
        2164.829268292683,
        2145.317073170732,
        2134.609756097561,
        2168.951219512195,
        2159.9024390243903,
        2158.951219512195,
        2139.4146341463415,
        2154.0,
        2155.9024390243903,
        2147.048780487805,
        2156.731707317073,
        2149.8536585365855,
        2131.1951219512193,
        2137.4634146341464,
        2175.2195121951218,
        2153.9024390243903,
        2157.731707317073,
        2151.6341463414633,
        2147.7804878048782,
        2161.6585365853657,
        2140.1951219512193,
        2142.8048780487807,
        2154.8536585365855,
        2163.560975609756,
        2157.7073170731705,
        2134.048780487805,
        2163.9756097560976,
        2151.8536585365855,
        2150.4634146341464,
        2142.2926829268295,
        2132.9756097560976,
        2164.1463414634145,
        2132.048780487805,
        2145.3414634146343,
        2137.121951219512,
        2144.6341463414633,
        2154.048780487805,
        2140.2195121951218,
        2136.6341463414633,
        2142.951219512195
    ],
    "opt": 2267,
    "stdevs": [
        88.84679914338494,
        73.47380323657134,
        88.24023506246255,
        85.89329739033987,
        91.11568370360686,
        83.0481035751934,
        88.85928558871103,
        86.45357197408977,
        86.94293738136355,
        84.29621859115977,
        78.58384428739993,
        85.16665958471403,
        85.58880988976433,
        79.60178253947724,
        83.4950119089897,
        84.69139836236894,
        87.4411164154267,
        82.49085540507527,
        67.49341519427325,
        94.44448558085834,
        82.24476318156188,
        80.01987409294819,
        92.91759764656682,
        92.25334978900916,
        94.72199216717824,
        90.3370317092436,
        95.09969095382064,
        68.88334291821457,
        81.9025261842387,
        82.27964822238995,
        91.47464646482956,
        67.78911906707846,
        78.21358362772122,
        94.24034861753763,
        74.34346389984931,
        83.99621815231053,
        86.85841522306553,
        84.86014669633221,
        84.9456207058196,
        84.13601209135436,
        93.54876061568383,
        85.5236103298665,
        83.4333954083344,
        88.3646115852199,
        83.64632635063639,
        83.71725877627433,
        72.45909223548637,
        92.47549316017262,
        75.58398459295623,
        79.68260207329283,
        91.59696915876627,
        85.85422671652344,
        82.57221165030836,
        89.85890188880293,
        83.95520887333967,
        86.14069948101837,
        97.64169831202445,
        82.77851873996579,
        89.52609714600717,
        101.15026135311021,
        89.1406257551729,
        86.31250720182217,
        86.67079262284784,
        83.05357602285656,
        97.4932020693356,
        74.22405266523218,
        92.0127115342149,
        88.08254875738926,
        90.64861130600578,
        87.77321244730337,
        88.96915092090045,
        83.47659943470762,
        85.88635740939381,
        72.13984370218286,
        95.55258992826312,
        79.27276535224007,
        86.49539812319604,
        75.19698501683197,
        78.42217086263203,
        81.70425913462319,
        82.40252475296674,
        88.35301132587944,
        83.27920113724855,
        85.624694687185,
        90.82066187513958,
        90.85991466428914,
        90.40476763261941,
        90.46909937487699,
        79.75222635491959,
        97.34126479681017,
        99.14641646413627,
        82.29082508348596,
        86.39234410965737,
        76.91964486921057,
        82.43211834257193,
        89.41386238406574,
        85.53953759849271,
        91.24316244867195,
        92.8587997577234,
        83.79817685238422,
        90.95534986598918
    ]
}