{
    "agg": 2137,
    "iters": [
        1,
        2,
        3,
        4,
        5,
        6,
        7,
        8,
        9,
        10,
        11,
        12,
        13,
        14,
        15,
        16,
        17,
        18,
        19,
        20,
        21,
        22,
        23,
        24,
        25,
        26,
        27,
        28,
        29,
        30,
        31,
        32,
        33,
        34,
        35,
        36,
        37,
        38,
        39,
        40,
        41,
        42,
        43,
        44,
        45,
        46,
        47,
        48,
        49,
        50,
        51,
        52,
        53,
        54,
        55,
        56,
        57,
        58,
        59,
        60,
        61,
        62,
        63,
        64,
        65,
        66,
        67,
        68,
        69,
        70,
        71,
        72,
        73,
        74,
        75,
        76,
        77,
        78,
        79,
        80,
        81,
        82,
        83,
        84,
        85,
        86,
        87,
        88,
        89,
        90,
        91,
        92,
        93,
        94,
        95,
        96,
        97,
        98,
        99,
        100,
        101,
        102,
        103,
        104,
        105,
        106,
        107,
        108,
        109,
        110,
        111,
        112,
        113,
        114,
        115,
        116,
        117,
        118,
        119,
        120,
        121,
        122,
        123,
        124,
        125,
        126,
        127,
        128,
        129,
        130,
        131,
        132,
        133,
        134,
        135,
        136,
        137,
        138,
        139,
        140,
        141,
        142,
        143,
        144,
        145,
        146,
        147,
        148,
        149
    ],
    "means": [
        2151.3478260869565,
        2124.5652173913045,
        2127.608695652174,
        2144.9565217391305,
        2128.3478260869565,
        2181.8695652173915,
        2140.304347826087,
        2140.0434782608695,
        2150.1739130434785,
        2161.0434782608695,
        2144.913043478261,
        2154.7391304347825,
        2157.086956521739,
        2116.9565217391305,
        2147.086956521739,
        2149.304347826087,
        2158.521739130435,
        2143.9565217391305,
        2164.5652173913045,
        2147.2608695652175,
        2166.0434782608695,
        2187.8260869565215,
        2163.3478260869565,
        2153.0,
        2137.3478260869565,
        2180.695652173913,
        2163.521739130435,
        2153.0,
        2157.9565217391305,
        2139.782608695652,
        2131.6521739130435,
        2176.8260869565215,
        2145.4347826086955,
        2163.4347826086955,
        2188.0434782608695,
        2146.1304347826085,
        2160.608695652174,
        2176.7391304347825,
        2158.5652173913045,
        2138.782608695652,
        2151.304347826087,
        2150.0434782608695,
        2160.5652173913045,
        2163.8260869565215,
        2156.4347826086955,
        2142.8695652173915,
        2157.1304347826085,
        2144.3478260869565,
        2149.086956521739,
        2176.304347826087,
        2142.782608695652,
        2135.391304347826,
        2117.913043478261,
        2150.391304347826,
        2152.608695652174,
        2178.304347826087,
        2150.7391304347825,
        2149.1304347826085,
        2134.1304347826085,
        2161.913043478261,
        2151.0,
        2168.217391304348,
        2157.217391304348,
        2163.1304347826085,
        2160.9565217391305,
        2165.8260869565215,
        2159.391304347826,
        2143.1304347826085,
        2143.5652173913045,
        2131.913043478261,
        2196.521739130435,
        2126.9565217391305,
        2139.695652173913,
        2134.782608695652,
        2182.6521739130435,
        2144.8260869565215,
        2147.0434782608695,
        2168.0,
        2126.608695652174,
        2122.217391304348,
        2155.3478260869565,
        2154.5652173913045,
        2127.478260869565,
        2122.3478260869565,
        2126.1739130434785,
        2159.782608695652,
        2138.608695652174,
        2158.5652173913045,
        2184.8260869565215,
        2156.304347826087,
        2209.695652173913,
        2151.4347826086955,
        2153.8260869565215,
        2169.217391304348,
        2191.2608695652175,
        2163.6521739130435,
        2166.8695652173915,
        2170.304347826087,
        2157.1739130434785,
        2118.478260869565,
        2163.478260869565,
        2153.4347826086955,
        2138.086956521739,
        2164.0,
        2142.8260869565215,
        2163.8695652173915,
        2120.086956521739,
        2167.782608695652,
        2150.2608695652175,
        2138.2608695652175,
        2144.217391304348,
        2137.086956521739,
        2137.2608695652175,
        2179.4347826086955,
        2160.608695652174,
        2140.0,
        2140.086956521739,
        2156.086956521739,
        2160.782608695652,
        2158.695652173913,
        2163.304347826087,
        2162.782608695652,
        2158.391304347826,
        2147.4347826086955,
        2144.304347826087,
        2140.4347826086955,
        2143.391304347826,
        2186.2608695652175,
        2169.0434782608695,
        2153.3478260869565,
        2160.086956521739,
        2144.782608695652,
        2177.391304347826,
        2157.0434782608695,
        2169.3478260869565,
        2157.2608695652175,
        2132.2608695652175,
        2155.1739130434785,
        2142.913043478261,
        2200.913043478261,
        2151.1739130434785,
        2111.9565217391305,
        2142.4347826086955,
        2141.8695652173915,
        2167.304347826087,
        2155.7391304347825,
        2162.913043478261,
        2136.782608695652,
        2143.2608695652175
    ],
    "opt": 2290,