{
    "agg": 2256,
    "iters": [
        1,
        2,
        3,
        4,
        5,
        6,
        7,
        8,
        9,
        10,
        11,
        12,
        13,
        14,
        15,
        16,
        17,
        18,
        19,
        20,
        21,
        22,
        23,
        24,
        25,
        26,
        27,
        28,
        29,
        30,
        31,
        32,
        33,
        34,
        35,
        36,
        37,
        38,
        39,
        40,
        41,
        42,
        43,
        44,
        45,
        46,
        47,
        48,
        49,
        50,
        51,
        52,
        53,
        54,
        55,
        56,
        57,
        58,
        59,
        60,
        61,
        62,
        63,
        64,
        65,
        66,
        67,
        68,
        69,
        70,
        71,
        72,
        73,
        74,
        75,
        76,
        77,
        78,
        79,
        80,
        81,
        82,
        83,
        84,
        85,
        86,
        87,
        88,
        89,
        90,
        91,
        92,
        93,
        94,
        95,
        96,
        97,
        98,
        99,
        100,
        101,
        102,
        103,
        104,
        105,
        106,
        107,
        108,
        109,
        110,
        111,
        112,
        113,
        114,
        115,
        116,
        117,
        118,
        119,
        120,
        121,
        122,
        123,
        124,
        125,
        126,
        127,
        128,
        129,
        130,
        131,
        132,
        133,
        134,
        135,
        136,
        137,
        138,
        139,
        140,
        141
    ],
    "means": [
        2145.5510204081634,
        2140.469387755102,
        2166.2244897959185,
        2158.591836734694,
        2160.8979591836733,
        2154.7755102040815,
        2172.8979591836733,
        2145.285714285714,
        2150.5714285714284,
        2171.7755102040815,
        2167.9591836734694,
        2160.918367346939,
        2160.6326530612246,
        2144.7551020408164,
        2158.1428571428573,
        2168.816326530612,
        2137.3061224489797,
        2143.1020408163267,
        2140.7551020408164,
        2166.4489795918366,
        2145.7551020408164,
        2150.938775510204,
        2134.938775510204,
        2118.387755102041,
        2131.8571428571427,
        2156.734693877551,
        2153.6326530612246,
        2141.734693877551,
        2162.877551020408,
        2155.1428571428573,
        2136.081632653061,
        2150.530612244898,
        2160.8979591836733,
        2142.2244897959185,
        2165.5510204081634,
        2153.326530612245,
        2146.8367346938776,
        2141.816326530612,
        2154.285714285714,
        2154.816326530612,
        2142.6938775510203,
        2141.530612244898,
        2169.081632653061,
        2160.285714285714,
        2152.3673469387754,
        2159.4489795918366,
        2159.081632653061,
        2146.6530612244896,
        2156.591836734694,
        2144.8979591836733,
        2154.8571428571427,
        2147.183673469388,
        2153.612244897959,
        2157.816326530612,
        2156.2448979591836,
        2145.734693877551,
        2157.6938775510203,
        2139.387755102041,
        2167.5510204081634,
        2161.0204081632655,
        2148.326530612245,
        2162.387755102041,
        2164.1428571428573,
        2135.1632653061224,
        2150.918367346939,
        2136.4285714285716,
        2141.4285714285716,
        2146.5102040816328,
        2151.1428571428573,
        2167.530612244898,
        2160.326530612245,
        2161.265306122449,
        2136.1428571428573,
        2163.795918367347,
        2126.5510204081634,
        2134.530612244898,
        2147.530612244898,
        2149.6938775510203,
        2132.734693877551,
        2149.3061224489797,
        2161.877551020408,
        2141.0408163265306,
        2152.3673469387754,
        2152.795918367347,
        2135.734693877551,
        2151.8979591836733,
        2123.938775510204,
        2157.469387755102,
        2157.0,
        2150.285714285714,
        2161.591836734694,
        2148.0204081632655,
        2159.8979591836733,
        2156.8367346938776,
        2149.081632653061,
        2133.122448979592,
        2141.612244897959,
        2162.8979591836733,
        2162.3061224489797,
        2143.122448979592,
        2158.5510204081634,
        2156.530612244898,
        2130.9591836734694,
        2145.204081632653,
        2146.6530612244896,
        2143.714285714286,
        2140.795918367347,
        2141.2244897959185,
        2151.673469387755,
        2138.877551020408,
        2156.0,
        2157.326530612245,
        2139.4489795918366,
        2148.326530612245,
        2142.5714285714284,
        2152.0408163265306,
        2145.387755102041,
        2166.795918367347,
        2138.3469387755104,
        2123.714285714286,
        2169.530612244898,
        2119.0,
        2154.4285714285716,
        2148.591836734694,
        2172.265306122449,
        2156.387755102041,
        2136.1632653061224,
        2153.8367346938776,
        2140.7755102040815,
        2127.3061224489797,
        2181.061224489796,
        2146.8571428571427,
        2163.0,
        2184.204081632653,
        2159.1428571428573,
        2169.122448979592,
        2158.591836734694,
        2146.3673469387754,
        2136.326530612245,
        2151.591836734694,
        2147.2448979591836
    ],
    "opt": 2215,