{
    "agg": 2131,
    "iters": [
        1,
        2,
        3,
        4,
        5,
        6,
        7,
        8,
        9,
        10,
        11,
        12,
        13,
        14,
        15,
        16,
        17,
        18,
        19,
        20,
        21,
        22,
        23,
        24,
        25,
        26,
        27,
        28,
        29,
        30,
        31,
        32,
        33,
        34,
        35,
        36,
        37,
        38,
        39,
        40,
        41,
        42,
        43,
        44,
        45,
        46,
        47,
        48,
        49,
        50,
        51,
        52,
        53,
        54,
        55,
        56,
        57,
        58,
        59,
        60,
        61,
        62,
        63,
        64,
        65,
        66,
        67,
        68,
        69,
        70,
        71,
        72,
        73,
        74,
        75,
        76,
        77,
        78,
        79,
        80,
        81,
        82,
        83,
        84,
        85,
        86,
        87,
        88,
        89,
        90,
        91,
        92,
        93,
        94,
        95,
        96,
        97,
        98,
        99,
        100,
        101,
        102,
        103,
        104,
        105,
        106,
        107,
        108,
        109,
        110,
        111,
        112,
        113,
        114,
        115,
        116,
        117,
        118,
        119,
        120,
        121,
        122,
        123,
        124,
        125,
        126,
        127,
        128,
        129,
        130,
        131,
        132
    ],
    "means": [
        2138.2558139534885,
        2146.906976744186,
        2146.3720930232557,
        2138.0232558139537,
        2183.6511627906975,
        2164.3953488372094,
        2155.6744186046512,
        2163.139534883721,
        2144.139534883721,
        2146.906976744186,
        2151.7906976744184,
        2155.953488372093,
        2140.6046511627906,
        2129.9767441860463,
        2151.8372093023254,
        2162.232558139535,
        2150.6976744186045,
        2142.0697674418607,
        2158.813953488372,
        2142.7441860465115,
        2172.279069767442,
        2161.2558139534885,
        2136.9302325581393,
        2148.860465116279,
        2151.1162790697676,
        2118.6046511627906,
        2148.3023255813955,
        2139.1162790697676,
        2152.4186046511627,
        2140.6279069767443,
        2157.4651162790697,
        2169.0232558139537,
        2152.3255813953488,
        2150.9302325581393,
        2144.232558139535,
        2144.8372093023254,
        2180.3720930232557,
        2132.4186046511627,
        2152.4883720930234,
        2150.9302325581393,
        2133.139534883721,
        2168.3953488372094,
        2148.2093023255816,
        2182.093023255814,
        2152.4883720930234,
        2145.4186046511627,
        2125.186046511628,
        2162.0697674418607,
        2156.093023255814,
        2153.8372093023254,
        2162.5813953488373,
        2162.279069767442,
        2161.4651162790697,
        2143.0697674418607,
        2136.6744186046512,
        2150.3953488372094,
        2154.767441860465,
        2167.4883720930234,
        2162.9302325581393,
        2149.9767441860463,
        2152.0232558139537,
        2133.1162790697676,
        2124.4186046511627,
        2146.1627906976746,
        2152.5116279069766,
        2157.906976744186,
        2156.9302325581393,
        2135.3255813953488,
        2165.1627906976746,
        2136.720930232558,
        2167.6744186046512,
        2141.5348837209303,
        2168.2558139534885,
        2111.5813953488373,
        2174.186046511628,
        2154.3255813953488,
        2161.0,
        2135.232558139535,
        2140.0232558139537,
        2129.4651162790697,
        2149.046511627907,
        2143.1162790697676,
        2149.860465116279,
        2142.8837209302324,
        2151.8837209302324,
        2158.720930232558,
        2161.3255813953488,
        2152.2558139534885,
        2137.6279069767443,
        2159.6279069767443,
        2153.3255813953488,
        2142.7906976744184,
        2134.7906976744184,
        2143.3488372093025,
        2144.3255813953488,
        2132.953488372093,
        2156.720930232558,
        2148.2558139534885,
        2158.7441860465115,
        2131.9302325581393,
        2147.8372093023254,
        2152.4883720930234,
        2146.9767441860463,
        2157.3720930232557,
        2112.6279069767443,
        2124.0232558139537,
        2134.232558139535,
        2134.3255813953488,
        2147.6744186046512,
        2135.0,
        2166.7906976744184,
        2147.9767441860463,
        2146.5116279069766,
        2127.5581395348836,
        2129.953488372093,
        2153.2558139534885,
        2153.953488372093,
        2156.093023255814,
        2154.0,
        2162.5348837209303,
        2156.1162790697676,
        2153.9767441860463,
        2157.9302325581393,
        2154.9302325581393,
        2156.6511627906975,
        2140.3255813953488,
        2160.0,
        2134.186046511628,
        2143.4651162790697,
        2148.813953488372,
        2137.2558139534885,
        2142.8837209302324
    ],
    "opt": 2261,