{
    "agg": 2113,
    "iters": [
        1,
        2,
        3,
        4,
        5,
        6,
        7,
        8,
        9,
        10,
        11,
        12,
        13,
        14,
        15,
        16,
        17,
        18,
        19,
        20,
        21,
        22,
        23,
        24,
        25,
        26,
        27,
        28,
        29,
        30,
        31,
        32,
        33,
        34,
        35,
        36,
        37,
        38,
        39,
        40,
        41,
        42,
        43,
        44,
        45,
        46,
        47,
        48,
        49,
        50,
        51,
        52,
        53,
        54,
        55,
        56,
        57,
        58,
        59,
        60,
        61,
        62,
        63,
        64,
        65,
        66,
        67,
        68,
        69,
        70,
        71,
        72,
        73,
        74,
        75,
        76,
        77,
        78,
        79,
        80,
        81,
        82,
        83,
        84,
        85,
        86,
        87,
        88,
        89,
        90,
        91,
        92,
        93,
        94,
        95,
        96,
        97,
        98,
        99,
        100,
        101,
        102,
        103,
        104,
        105,
        106,
        107,
        108,
        109,
        110,
        111,
        112,
        113,
        114,
        115,
        116,
        117,
        118,
        119,
        120,
        121,
        122,
        123,
        124,
        125,
        126,
        127,
        128,
        129,
        130,
        131,
        132,
        133,
        134
    ],
    "means": [
        2137.804347826087,
        2176.3478260869565,
        2137.021739130435,
        2154.7608695652175,
        2171.021739130435,
        2158.608695652174,
        2135.282608695652,
        2157.195652173913,
        2156.782608695652,
        2149.6739130434785,
        2154.021739130435,
        2145.6739130434785,
        2141.8260869565215,
        2156.717391304348,
        2148.4347826086955,
        2153.1304347826085,
        2144.1304347826085,
        2149.3695652173915,
        2158.695652173913,
        2156.695652173913,
        2151.282608695652,
        2158.9347826086955,
        2189.304347826087,
        2164.5434782608695,
        2160.7608695652175,
        2145.978260869565,
        2158.4565217391305,
        2164.2608695652175,
        2155.413043478261,
        2159.217391304348,
        2161.695652173913,
        2148.717391304348,
        2151.521739130435,
        2150.913043478261,
        2155.217391304348,
        2157.4565217391305,
        2131.608695652174,
        2159.608695652174,
        2134.913043478261,
        2140.6304347826085,
        2160.7608695652175,
        2144.1739130434785,
        2145.217391304348,
        2131.804347826087,
        2146.891304347826,
        2136.3478260869565,
        2145.978260869565,
        2144.217391304348,
        2137.3695652173915,
        2149.086956521739,
        2135.7608695652175,
        2123.2391304347825,
        2146.8695652173915,
        2160.021739130435,
        2143.3695652173915,
        2167.3478260869565,
        2167.7391304347825,
        2138.391304347826,
        2154.5,
        2149.0,
        2121.7608695652175,
        2183.8260869565215,
        2157.6739130434785,
        2168.086956521739,
        2145.717391304348,
        2148.608695652174,
        2164.1739130434785,
        2154.3695652173915,
        2142.978260869565,
        2135.3695652173915,
        2131.695652173913,
        2167.978260869565,
        2138.5,
        2141.282608695652,
        2141.608695652174,
        2133.3695652173915,
        2155.217391304348,
        2136.1521739130435,
        2160.4565217391305,
        2162.1304347826085,
        2160.5652173913045,
        2144.217391304348,
        2132.586956521739,
        2143.717391304348,
        2134.717391304348,
        2158.586956521739,
        2155.304347826087,
        2168.3695652173915,
        2169.0652173913045,
        2126.5434782608695,
        2147.891304347826,
        2141.8260869565215,
        2141.695652173913,
        2126.3695652173915,
        2167.6521739130435,
        2152.478260869565,
        2146.021739130435,
        2149.5652173913045,
        2143.1739130434785,
        2155.9347826086955,
        2183.586956521739,
        2142.9565217391305,
        2140.108695652174,
        2139.021739130435,
        2149.8695652173915,
        2157.1739130434785,
        2146.0652173913045,
        2159.1304347826085,
        2149.0,
        2116.086956521739,
        2142.391304347826,
        2163.3695652173915,
        2158.978260869565,
        2168.021739130435,
        2165.6521739130435,
        2147.9565217391305,
        2151.978260869565,
        2134.304347826087,
        2141.521739130435,
        2176.1739130434785,
        2143.2608695652175,
        2156.6521739130435,
        2137.7608695652175,
        2137.0,
        2152.6304347826085,
        2163.8695652173915,
        2153.086956521739,
        2150.9347826086955,
        2153.021739130435,
        2161.804347826087,
        2162.3695652173915,
        2132.086956521739,
        2147.913043478261,
        2152.717391304348
    ],
    "opt": 2212,