{
    "agg": 2283,
    "iters": [
        1,
        2,
        3,
        4,
        5,
        6,
        7,
        8,
        9,
        10,
        11,
        12,
        13,
        14,
        15,
        16,
        17,
        18,
        19,
        20,
        21,
        22,
        23,
        24,
        25,
        26,
        27,
        28,
        29,
        30,
        31,
        32,
        33,
        34,
        35,
        36,
        37,
        38,
        39,
        40,
        41,
        42,
        43,
        44,
        45,
        46,
        47,
        48,
        49,
        50,
        51,
        52,
        53,
        54,
        55,
        56,
        57,
        58,
        59,
        60,
        61,
        62,
        63,
        64,
        65,
        66,
        67,
        68,
        69,
        70,
        71,
        72,
        73,
        74,
        75,
        76,
        77,
        78,
        79,
        80,
        81,
        82,
        83,
        84,
        85,
        86,
        87,
        88,
        89,
        90,
        91,
        92,
        93,
        94,
        95,
        96,
        97,
        98,
        99,
        100,
        101,
        102,
        103,
        104,
        105,
        106,
        107,
        108,
        109,
        110,
        111,
        112,
        113,
        114,
        115,
        116,
        117,
        118,
        119,
        120,
        121,
        122,
        123,
        124,
        125,
        126,
        127,
        128
    ],
    "means": [
        2137.1363636363635,
        2148.1363636363635,
        2149.4772727272725,
        2148.7727272727275,
        2150.6363636363635,
        2174.6136363636365,
        2148.1136363636365,
        2148.8863636363635,
        2137.7045454545455,
        2162.7272727272725,
        2137.0227272727275,
        2162.431818181818,
        2137.568181818182,
        2132.7954545454545,
        2129.931818181818,
        2144.659090909091,
        2140.659090909091,
        2129.1363636363635,
        2167.659090909091,
        2153.1363636363635,
        2149.7727272727275,
        2170.909090909091,
        2132.5227272727275,
        2154.2954545454545,
        2135.75,
        2152.3863636363635,
        2164.7954545454545,
        2148.9545454545455,
        2148.8636363636365,
        2155.1363636363635,
        2140.818181818182,
        2167.4545454545455,
        2151.5227272727275,
        2147.568181818182,
        2160.931818181818,
        2141.9772727272725,
        2145.2727272727275,
        2149.1363636363635,
        2141.568181818182,
        2149.568181818182,
        2142.181818181818,
        2134.7272727272725,
        2136.6363636363635,
        2147.3636363636365,
        2151.5454545454545,
        2138.681818181818,
        2140.3863636363635,
        2127.2954545454545,
        2131.5454545454545,
        2154.6363636363635,
        2132.5454545454545,
        2136.090909090909,
        2152.5454545454545,
        2160.75,
        2177.5,
        2146.840909090909,
        2133.068181818182,
        2148.5454545454545,
        2123.4772727272725,
        2159.8636363636365,
        2151.4772727272725,
        2158.340909090909,
        2137.931818181818,
        2154.0227272727275,
        2130.0227272727275,
        2164.2954545454545,
        2149.0,
        2145.090909090909,
        2157.931818181818,
        2138.681818181818,
        2158.2727272727275,
        2147.2954545454545,
        2126.0227272727275,
        2164.5,
        2161.2045454545455,
        2179.590909090909,
        2146.2045454545455,
        2160.6136363636365,
        2167.0,
        2146.2272727272725,
        2158.8636363636365,
        2148.5,
        2152.568181818182,
        2164.431818181818,
        2142.159090909091,
        2136.181818181818,
        2161.0227272727275,
        2136.5454545454545,
        2167.318181818182,
        2159.2045454545455,
        2138.4545454545455,
        2157.0454545454545,
        2138.568181818182,
        2140.681818181818,
        2142.2045454545455,
        2160.2954545454545,
        2143.5,
        2156.681818181818,
        2130.7045454545455,
        2156.090909090909,
        2148.068181818182,
        2130.1363636363635,
        2154.7045454545455,
        2150.1363636363635,
        2168.2727272727275,
        2152.7045454545455,
        2141.159090909091,
        2140.3636363636365,
        2161.431818181818,
        2152.0227272727275,
        2152.0,
        2126.75,
        2151.6136363636365,
        2164.818181818182,
        2174.840909090909,
        2144.2045454545455,
        2121.681818181818,
        2168.318181818182,
        2143.25,
        2148.8863636363635,
        2157.6363636363635,
        2140.181818181818,
        2167.2727272727275,
        2152.5454545454545,
        2150.2954545454545,
        2156.431818181818,
        2153.409090909091,
        2178.181818181818
    ],
    "opt": 2221,