{
    "agg": 2219,
    "iters": [
        1,
        2,
        3,
        4,
        5,
        6,
        7,
        8,
        9,
        10,
        11,
        12,
        13,
        14,
        15,
        16,
        17,
        18,
        19,
        20,
        21,
        22,
        23,
        24,
        25,
        26,
        27,
        28,
        29,
        30,
        31,
        32,
        33,
        34,
        35,
        36,
        37,
        38,
        39,
        40,
        41,
        42,
        43,
        44,
        45,
        46,
        47,
        48,
        49,
        50,
        51,
        52,
        53,
        54,
        55,
        56,
        57,
        58,
        59,
        60,
        61,
        62,
        63,
        64,
        65,
        66,
        67,
        68,
        69,
        70,
        71,
        72,
        73,
        74,
        75,
        76,
        77,
        78,
        79,
        80,
        81,
        82,
        83,
        84,
        85,
        86,
        87,
        88,
        89,
        90,
        91,
        92,
        93,
        94,
        95,
        96,
        97,
        98,
        99,
        100,
        101,
        102,
        103,
        104,
        105,
        106,
        107,
        108,
        109,
        110,
        111,
        112,
        113,
        114,
        115,
        116,
        117
    ],
    "means": [
        2122.4473684210525,
        2153.684210526316,
        2172.2894736842104,
        2159.7105263157896,
        2169.8684210526317,
        2157.9473684210525,
        2159.1315789473683,
        2160.157894736842,
        2137.3947368421054,
        2140.1052631578946,
        2158.7631578947367,
        2131.5263157894738,
        2138.815789473684,
        2154.6052631578946,
        2160.0263157894738,
        2154.842105263158,
        2147.9210526315787,
        2135.5,
        2162.5,
        2150.4210526315787,
        2140.2894736842104,
        2132.8947368421054,
        2147.157894736842,
        2137.7105263157896,
        2133.157894736842,
        2149.2631578947367,
        2163.9736842105262,
        2163.0263157894738,
        2144.3684210526317,
        2121.315789473684,
        2133.5263157894738,
        2161.7631578947367,
        2151.184210526316,
        2152.0789473684213,
        2141.9210526315787,
        2154.5263157894738,
        2149.342105263158,
        2171.342105263158,
        2153.5526315789475,
        2138.6052631578946,
        2147.4473684210525,
        2146.2368421052633,
        2141.5263157894738,
        2154.7894736842104,
        2135.7105263157896,
        2155.7631578947367,
        2175.2631578947367,
        2144.815789473684,
        2142.657894736842,
        2154.684210526316,
        2141.7368421052633,
        2154.5263157894738,
        2139.7631578947367,
        2136.684210526316,
        2170.0,
        2167.9210526315787,
        2170.9210526315787,
        2179.9736842105262,
        2170.6052631578946,
        2129.5,
        2156.315789473684,
        2152.4473684210525,
        2149.4473684210525,
        2135.1052631578946,
        2134.3684210526317,
        2141.684210526316,
        2131.4736842105262,
        2129.0526315789475,
        2167.2105263157896,
        2156.657894736842,
        2149.7631578947367,
        2160.9473684210525,
        2154.0,
        2160.3947368421054,
        2144.815789473684,
        2168.5526315789475,
        2150.5,
        2136.9473684210525,
        2157.6052631578946,
        2144.657894736842,
        2149.9210526315787,
        2141.4473684210525,
        2158.184210526316,
        2158.2368421052633,
        2154.157894736842,
        2154.2631578947367,
        2150.315789473684,
        2148.2105263157896,
        2145.1315789473683,
        2138.9473684210525,
        2150.9210526315787,
        2156.684210526316,
        2121.157894736842,
        2124.0,
        2158.6315789473683,
        2136.184210526316,
        2173.5789473684213,
        2154.7105263157896,
        2150.5263157894738,
        2150.3947368421054,
        2156.0526315789475,
        2159.8947368421054,
        2141.2368421052633,
        2150.315789473684,
        2152.7368421052633,
        2157.0263157894738,
        2122.315789473684,
        2164.184210526316,
        2156.7894736842104,
        2156.315789473684,
        2182.842105263158,
        2147.2631578947367,
        2162.2894736842104,
        2150.5263157894738,
        2147.5263157894738,
        2157.184210526316,
        2148.9736842105262
    ],
    "opt": 2238,
    "stdevs": [
        78.14618466237054,
        84.90710256793595,
        80.59283887958259,
        82.32921969454385,
        93.7707650133619,
        85.38764466534866,
        83.18785686075746,
        85.62295754484167,
        92.19588399126475,
        89.59170235124404,
        87.50321323739949,
        94.02232009422164,
        82.11476412640194,
        84.66607456842135,
        94.86763267064198,
        83.52009727125228,
        94.02166088025376,
        84.62821167037808,
        88.7369708746022,
        89.92968937159138,
        83.15866505306109,
        90.73407921059157,
        71.49770931766368,
        75.6772606793713,
        92.19987621746158,
        90.5793296423017,
        77.66171136887458,
        80.24845853318871,
        89.96970866049467,
        75.5119736978524,
        87.11055795642238,
        84.21633614826894,
        77.7241597822094,
        75.59566319326002,
        90.01443790009974,
        81.82868395621146,
        69.4339050789687,
        99.18225550013562,
        75.55050502057723,
        84.80241415185878,
        90.11504266285083,
        77.14116731869474,
        68.32651363397639,
        79.02536498017146,
        85.34447470622153,
        84.25320053596788,
        75.3894046061501,
        77.59064487259499,
        80.1666935420353,
        76.17227885840093,
        93.37155100669646,
        100.19894338189224,
        86.59234018954209,
        90.1948490953009,
        81.93354174669794,
        89.3780797272691,
        76.89616429382217,
        75.79178084938583,
        96.21837538522907,
        86.67505863553646,
        86.68518517970583,
        87.67994950789132,
        90.22156859888445,
        86.76095091617033,
        93.13217010267311,
        90.57247904975792,
        77.91214243658155,
        83.70780865556628,
        86.8368578956924,
        95.028881015967,
        71.00312602848676,
        82.66258218247717,
        91.79697277430402,
        89.72840290615142,
        75.93725084885543,
        78.52780177089849,
        86.68629163769054,
        88.3840147991828,
        85.3326430640653,
        79.12258188399137,
        80.22907386745038,
        91.88399361449454,
        76.72330849541093,
        88.98534303040151,
        92.15705310866407,
        83.70269574056876,
        87.13875965896604,
        84.33209974316668,
        91.2357187245825,
        81.91393023630964,
        87.96571747859245,
        84.15652874043634,
        84.96981702989704,
        87.97637242614154,
        89.37426364882724,
        82.22301357417422,
        79.20680180087784,
        93.94788810117214,
        91.038088281804,
        83.71082413620312,
        93.85737987091206,
        91.11236251946339,
        88.84298219198038,
        67.82877252517157,
        86.04731997127061,
        83.93088849953473,
        77.89132282703352,
        86.3688099352995,
        86.07987658189673,
        88.0535438968687,
        78.76297764939723,
        92.6208127714757,
        68.98356321950783,
        83.0366871493702,
        86.44186876682085,
        86.83676618356326,
        77.11491317375008
    ]
}