{
    "agg": 2131,
    "iters": [
        1,
        2,
        3,
        4,
        5,
        6,
        7,
        8,
        9,
        10,
        11,
        12,
        13,
        14,
        15,
        16,
        17,
        18,
        19,
        20,
        21,
        22,
        23,
        24,
        25,
        26,
        27,
        28,
        29,
        30,
        31,
        32,
        33,
        34,
        35,
        36,
        37,
        38,
        39,
        40,
        41,
        42,
        43,
        44,
        45,
        46,
        47,
        48,
        49,
        50,
        51,
        52,
        53,
        54,
        55,
        56,
        57,
        58,
        59,
        60,
        61,
        62,
        63,
        64,
        65,
        66,
        67,
        68,
        69,
        70,
        71,
        72,
        73,
        74,
        75,
        76,
        77,
        78,
        79,
        80,
        81,
        82,
        83,
        84,
        85,
        86,
        87,
        88,
        89,
        90,
        91,
        92,
        93,
        94,
        95,
        96,
        97,
        98,
        99,
        100,
        101,
        102,
        103,
        104,
        105
    ],
    "means": [
        2149.5555555555557,
        2158.5,
        2157.6944444444443,
        2138.277777777778,
        2137.6111111111113,
        2150.3611111111113,
        2157.4444444444443,
        2141.722222222222,
        2152.1111111111113,
        2159.972222222222,
        2176.1388888888887,
        2139.6388888888887,
        2117.5833333333335,
        2167.8055555555557,
        2136.9444444444443,
        2132.8611111111113,
        2132.8611111111113,
        2138.3611111111113,
        2144.527777777778,
        2146.277777777778,
        2164.222222222222,
        2139.972222222222,
        2127.777777777778,
        2148.9166666666665,
        2144.3333333333335,
        2154.5555555555557,
        2156.6944444444443,
        2127.0,
        2176.8055555555557,
        2167.8611111111113,
        2152.3055555555557,
        2166.8333333333335,
        2168.3055555555557,
        2165.25,
        2142.0,
        2123.8055555555557,
        2164.1944444444443,
        2134.4444444444443,
        2142.472222222222,
        2146.6944444444443,
        2141.777777777778,
        2143.277777777778,
        2124.3611111111113,
        2174.3333333333335,
        2149.3055555555557,
        2135.0,
        2147.6388888888887,
        2116.6388888888887,
        2169.777777777778,
        2131.6388888888887,
        2145.1666666666665,
        2131.8611111111113,
        2164.0555555555557,
        2150.6944444444443,
        2164.5,
        2142.25,
        2145.5555555555557,
        2143.222222222222,
        2126.1111111111113,
        2124.4166666666665,
        2150.9166666666665,
        2164.8333333333335,
        2133.8333333333335,
        2146.027777777778,
        2148.972222222222,
        2133.3055555555557,
        2143.472222222222,
        2172.4166666666665,
        2119.8888888888887,
        2131.6388888888887,
        2142.1388888888887,
        2161.472222222222,
        2153.1944444444443,
        2162.9444444444443,
        2157.3611111111113,
        2131.972222222222,
        2133.777777777778,
        2156.1666666666665,
        2152.8611111111113,
        2158.9166666666665,
        2139.3611111111113,
        2149.472222222222,
        2148.1944444444443,
        2171.777777777778,
        2135.75,
        2132.5,
        2158.8055555555557,
        2152.5,
        2152.1111111111113,
        2149.0833333333335,
        2154.027777777778,
        2158.777777777778,
        2153.1944444444443,
        2153.472222222222,
        2173.722222222222,
        2136.972222222222,
        2179.3611111111113,
        2153.1666666666665,
        2124.3888888888887,
        2154.9166666666665,
        2161.1944444444443,
        2140.777777777778,
        2157.5,
        2163.8888888888887,
        2145.027777777778
    ],
    "opt": 2248,
    "stdevs": [
        87.18704173736816,
        78.70320479144699,
        81.50726601708739,
        74.19853663992419,
        90.52386971210588,
        80.37486919905645,
        83.44940065174707,
        81.13726747210252,
        91.0029846207065,
        94.79641522497658,
        89.55387974031729,
        96.42935029733133,
        84.85064492650864,
        89.29720023122677,
        83.45589135866405,
        83.19193095813566,
        85.6112508110476,
        87.14201460763083,
        88.10615002847136,
        89.8485179223314,
        88.77878597675334,
        75.7537993587381,
        77.92343503975593,
        85.89864020395719,
        91.35340412072472,
        85.91967968995631,
        77.79025197586864,
        96.15005633557026,
        91.13964238233682,
        90.26201144377707,
        81.19141287532419,
        83.19438415876132,
        94.74346047337059,
        88.24095011828565,
        72.59476565152615,
        88.62023202797067,
        90.48075898727629,
        83.90915869903742,
        85.30028204691911,
        94.84924279099276,
        86.5993684577662,
        94.07137098770366,
        84.87675796830294,
        67.30816361251351,
        83.66428265011315,
        84.69454921461397,
        93.41221451709437,
        85.32361688750326,
        87.4350905628192,
        89.92316250177696,
        76.59181128264011,
        96.86937160073349,
        93.04328277278162,
        96.60481338492302,
        82.35846445063596,
        95.56364226117704,
        82.88862823908974,
        93.71295152726017,
        81.00163845317431,
        87.28477498650291,
        95.26611120668485,
        77.18754217272802,
        77.99697287573267,
        89.7504212652172,
        85.10793346983684,
        79.14502140741543,
        74.68730596854799,
        80.07231974214865,
        88.78556494841871,
        74.94114460242108,
        76.01284715164118,
        94.6926273415175,
        76.38928787774589,
        70.79271166364062,
        94.62298075866308,
        87.30899346290835,
        70.65019898969818,
        87.45681473987287,
        84.7375532576836,
        84.92427182169091,
        81.42520520827611,
        87.6931158171974,
        86.64352878459484,
        87.08875138204675,
        89.32816371857945,
        94.28252459732103,
        85.33978473153475,
        83.18503471177974,
        91.7017441303229,
        81.92014234742408,
        90.60735992644032,
        95.37560575346038,
        88.36094519527545,
        82.4737285143683,
        70.55360889702993,
        82.74777140708689,
        77.2064882052516,
        99.46286297463548,
        82.38975050122632,
        82.47739589325873,
        74.80857773323281,
        82.17059189782867,
        88.37278992993262,
        77.36665150717134,
        87.18259450114236
    ]
}