{
    "agg": 2228,
    "iters": [
        1,
        2,
        3,
        4,
        5,
        6,
        7,
        8,
        9,
        10,
        11,
        12,
        13,
        14,
        15,
        16,
        17,
        18,
        19,
        20,
        21,
        22,
        23,
        24,
        25,
        26,
        27,
        28,
        29,
        30,
        31,
        32,
        33,
        34,
        35,
        36,
        37,
        38,
        39,
        40,
        41,
        42,
        43,
        44,
        45,
        46,
        47,
        48,
        49,
        50,
        51,
        52,
        53,
        54,
        55,
        56,
        57,
        58,
        59,
        60,
        61,
        62,
        63,
        64,
        65,
        66,
        67,
        68,
        69,
        70,
        71,
        72,
        73,
        74,
        75,
        76,
        77,
        78,
        79,
        80,
        81,
        82,
        83,
        84,
        85,
        86,
        87,
        88,
        89,
        90,
        91,
        92,
        93,
        94,
        95,
        96,
        97,
        98,
        99,
        100,
        101,
        102,
        103,
        104,
        105,
        106,
        107,
        108,
        109,
        110,
        111,
        112,
        113,
        114,
        115,
        116,
        117,
        118,
        119,
        120,
        121,
        122,
        123,
        124,
        125,
        126,
        127
    ],
    "means": [
        2125.6486486486488,
        2164.4864864864867,
        2172.2972972972975,
        2168.2972972972975,
        2150.5945945945946,
        2158.324324324324,
        2158.189189189189,
        2171.5405405405404,
        2153.810810810811,
        2175.7837837837837,
        2138.3513513513512,
        2156.2702702702704,
        2148.5405405405404,
        2158.4054054054054,
        2164.4864864864867,
        2128.864864864865,
        2132.9189189189187,
        2150.945945945946,
        2149.0,
        2116.2972972972975,
        2178.135135135135,
        2157.4864864864867,
        2159.054054054054,
        2139.4324324324325,
        2170.945945945946,
        2140.2162162162163,
        2160.810810810811,
        2170.5135135135133,
        2144.2162162162163,
        2139.135135135135,
        2153.7837837837837,
        2154.5945945945946,
        2150.6216216216217,
        2145.135135135135,
        2147.3783783783783,
        2147.4324324324325,
        2167.2702702702704,
        2133.4324324324325,
        2150.5405405405404,
        2162.6486486486488,
        2178.5135135135133,
        2134.162162162162,
        2150.7837837837837,
        2131.2972972972975,
        2142.189189189189,
        2148.5675675675675,
        2144.2972972972975,
        2134.891891891892,
        2144.3513513513512,
        2181.054054054054,
        2126.7837837837837,
        2164.945945945946,
        2152.189189189189,
        2131.054054054054,
        2138.837837837838,
        2156.3513513513512,
        2147.4594594594596,
        2138.810810810811,
        2162.9189189189187,
        2157.972972972973,
        2140.324324324324,
        2173.6216216216217,
        2137.945945945946,
        2141.3513513513512,
        2121.5405405405404,
        2130.7027027027025,
        2170.3513513513512,
        2150.7567567567567,
        2161.135135135135,
        2115.7027027027025,
        2182.972972972973,
        2136.108108108108,
        2139.6486486486488,
        2142.945945945946,
        2156.945945945946,
        2157.9189189189187,
        2127.189189189189,
        2137.324324324324,
        2143.5405405405404,
        2136.027027027027,
        2157.7837837837837,
        2140.7027027027025,
        2152.5675675675675,
        2138.5945945945946,
        2160.0810810810813,
        2143.7027027027025,
        2144.7027027027025,
        2159.9189189189187,
        2145.3783783783783,
        2147.4054054054054,
        2151.837837837838,
        2171.864864864865,
        2159.864864864865,
        2172.7027027027025,
        2174.4054054054054,
        2157.3513513513512,
        2146.054054054054,
        2134.3783783783783,
        2141.162162162162,
        2151.4864864864867,
        2146.7027027027025,
        2146.864864864865,
        2178.837837837838,
        2143.0810810810813,
        2136.675675675676,
        2148.891891891892,
        2138.5675675675675,
        2147.9189189189187,
        2147.5135135135133,
        2163.7297297297296,
        2162.324324324324,
        2138.2162162162163,
        2145.7027027027025,
        2157.945945945946,
        2162.3513513513512,
        2169.054054054054,
        2154.4054054054054,
        2164.108108108108,
        2146.4594594594596,
        2128.4324324324325,
        2146.162162162162,
        2156.108108108108,
        2156.9189189189187,
        2171.972972972973,
        2159.4864864864867,
        2153.837837837838,
        2155.3783783783783
    ],
    "opt": 2205,