{
    "agg": 2181,
    "iters": [
        1,
        2,
        3,
        4,
        5,
        6,
        7,
        8,
        9,
        10,
        11,
        12,
        13,
        14,
        15,
        16,
        17,
        18,
        19,
        20,
        21,
        22,
        23,
        24,
        25,
        26,
        27,
        28,
        29,
        30,
        31,
        32,
        33,
        34,
        35,
        36,
        37,
        38,
        39,
        40,
        41,
        42,
        43,
        44,
        45,
        46,
        47,
        48,
        49,
        50,
        51,
        52,
        53,
        54,
        55,
        56,
        57,
        58,
        59,
        60,
        61,
        62,
        63,
        64,
        65,
        66,
        67,
        68,
        69,
        70,
        71,
        72,
        73,
        74,
        75,
        76,
        77,
        78,
        79,
        80,
        81,
        82,
        83,
        84,
        85,
        86,
        87,
        88,
        89,
        90,
        91,
        92,
        93,
        94,
        95,
        96,
        97,
        98,
        99,
        100,
        101,
        102,
        103,
        104,
        105,
        106,
        107,
        108,
        109,
        110,
        111,
        112,
        113,
        114,
        115,
        116,
        117,
        118,
        119,
        120,
        121,
        122,
        123,
        124
    ],
    "means": [
        2121.0,
        2181.823529411765,
        2155.0588235294117,
        2155.470588235294,
        2173.8823529411766,
        2173.8823529411766,
        2146.176470588235,
        2152.6470588235293,
        2202.0,
        2116.6470588235293,
        2161.470588235294,
        2150.529411764706,
        2132.3529411764707,
        2145.4117647058824,
        2128.1176470588234,
        2133.823529411765,
        2115.823529411765,
        2151.235294117647,
        2140.4117647058824,
        2169.705882352941,
        2126.176470588235,
        2132.823529411765,
        2152.529411764706,
        2187.470588235294,
        2137.235294117647,
        2165.235294117647,
        2174.294117647059,
        2147.529411764706,
        2165.0,
        2140.5882352941176,
        2160.0,
        2129.529411764706,
        2154.705882352941,
        2131.823529411765,
        2167.823529411765,
        2182.6470588235293,
        2155.5882352941176,
        2145.3529411764707,
        2155.0588235294117,
        2129.823529411765,
        2115.705882352941,
        2168.176470588235,
        2171.1176470588234,
        2128.9411764705883,
        2136.4117647058824,
        2169.0588235294117,
        2156.0,
        2144.8823529411766,
        2164.470588235294,
        2164.9411764705883,
        2141.294117647059,
        2158.294117647059,
        2109.5882352941176,
        2132.5882352941176,
        2150.705882352941,
        2152.823529411765,
        2163.0588235294117,
        2197.3529411764707,
        2109.8823529411766,
        2148.764705882353,
        2138.9411764705883,
        2165.4117647058824,
        2168.0588235294117,
        2145.294117647059,
        2133.8823529411766,
        2124.235294117647,
        2135.0,
        2183.0588235294117,
        2148.235294117647,
        2175.1176470588234,
        2147.705882352941,
        2156.764705882353,
        2162.294117647059,
        2103.470588235294,
        2122.1176470588234,
        2146.823529411765,
        2164.764705882353,
        2138.4117647058824,
        2152.0,
        2165.3529411764707,
        2157.235294117647,
        2145.764705882353,
        2136.8823529411766,
        2182.1176470588234,
        2102.0,
        2154.4117647058824,
        2159.0,
        2201.8823529411766,
        2133.294117647059,
        2159.3529411764707,
        2144.3529411764707,
        2124.3529411764707,
        2175.3529411764707,
        2147.823529411765,
        2148.9411764705883,
        2127.8823529411766,
        2119.235294117647,
        2157.0588235294117,
        2114.8823529411766,
        2182.823529411765,
        2159.0588235294117,
        2160.764705882353,
        2138.1176470588234,
        2138.235294117647,
        2187.235294117647,
        2193.529411764706,
        2131.823529411765,
        2167.294117647059,
        2173.1176470588234,
        2166.4117647058824,
        2130.1176470588234,
        2185.235294117647,
        2135.529411764706,
        2137.6470588235293,
        2136.9411764705883,
        2130.6470588235293,
        2168.9411764705883,
        2139.3529411764707,
        2133.470588235294,
        2156.235294117647,
        2163.529411764706,
        2169.8823529411766,
        2164.705882352941,
        2152.6470588235293
    ],
    "opt": 2297,