{
    "agg": 2119,
    "iters": [
        1,
        2,
        3,
        4,
        5,
        6,
        7,
        8,
        9,
        10,
        11,
        12,
        13,
        14,
        15,
        16,
        17,
        18,
        19,
        20,
        21,
        22,
        23,
        24,
        25,
        26,
        27,
        28,
        29,
        30,
        31,
        32,
        33,
        34,
        35,
        36,
        37,
        38,
        39,
        40,
        41,
        42,
        43,
        44,
        45,
        46,
        47,
        48,
        49,
        50,
        51,
        52,
        53,
        54,
        55,
        56,
        57,
        58,
        59,
        60,
        61,
        62,
        63,
        64,
        65,
        66,
        67,
        68,
        69,
        70,
        71,
        72,
        73,
        74,
        75,
        76,
        77,
        78,
        79,
        80,
        81,
        82,
        83,
        84,
        85,
        86,
        87,
        88,
        89,
        90,
        91,
        92,
        93,
        94,
        95,
        96,
        97,
        98,
        99,
        100,
        101,
        102,
        103,
        104,
        105,
        106,
        107,
        108,
        109,
        110,
        111,
        112,
        113,
        114,
        115,
        116,
        117,
        118,
        119,
        120,
        121,
        122,
        123,
        124,
        125,
        126,
        127,
        128,
        129,
        130,
        131,
        132,
        133,
        134,
        135,
        136,
        137,
        138,
        139,
        140,
        141,
        142,
        143,
        144,
        145
    ],
    "means": [
        2138.810810810811,
        2154.4054054054054,
        2174.2972972972975,
        2154.2162162162163,
        2148.054054054054,
        2138.162162162162,
        2158.3513513513512,
        2142.2162162162163,
        2174.5675675675675,
        2157.054054054054,
        2168.7837837837837,
        2150.5405405405404,
        2127.4324324324325,
        2140.6216216216217,
        2166.189189189189,
        2123.7837837837837,
        2143.2432432432433,
        2164.945945945946,
        2142.6486486486488,
        2159.945945945946,
        2167.864864864865,
        2161.4864864864867,
        2169.810810810811,
        2172.2432432432433,
        2157.9189189189187,
        2162.0810810810813,
        2155.7567567567567,
        2154.5135135135133,
        2160.5675675675675,
        2168.7837837837837,
        2142.0810810810813,
        2151.027027027027,
        2167.972972972973,
        2120.3513513513512,
        2150.7837837837837,
        2153.5675675675675,
        2159.891891891892,
        2134.945945945946,
        2152.972972972973,
        2158.0810810810813,
        2150.027027027027,
        2147.027027027027,
        2138.2432432432433,
        2118.5405405405404,
        2178.891891891892,
        2149.2702702702704,
        2150.6486486486488,
        2142.7027027027025,
        2140.4324324324325,
        2149.9189189189187,
        2149.0,
        2139.972972972973,
        2187.5405405405404,
        2149.6486486486488,
        2149.027027027027,
        2134.675675675676,
        2121.0,
        2158.162162162162,
        2149.810810810811,
        2167.972972972973,
        2137.675675675676,
        2138.2702702702704,
        2151.7567567567567,
        2166.2702702702704,
        2165.4324324324325,
        2123.7837837837837,
        2151.864864864865,
        2162.7297297297296,
        2151.108108108108,
        2146.0,
        2160.2432432432433,
        2161.0,
        2150.5405405405404,
        2124.6216216216217,
        2159.4864864864867,
        2150.027027027027,
        2120.3513513513512,
        2117.5405405405404,
        2152.810810810811,
        2144.7297297297296,
        2177.2432432432433,
        2158.5405405405404,
        2145.891891891892,
        2169.891891891892,
        2161.7567567567567,
        2169.2702702702704,
        2157.5675675675675,
        2163.864864864865,
        2158.6216216216217,
        2168.324324324324,
        2174.5405405405404,
        2144.162162162162,
        2146.7837837837837,
        2125.108108108108,
        2120.6216216216217,
        2157.5675675675675,
        2139.6486486486488,
        2136.4594594594596,
        2174.4864864864867,
        2135.972972972973,
        2140.108108108108,
        2156.3513513513512,
        2155.7027027027025,
        2157.6486486486488,
        2152.324324324324,
        2155.162162162162,
        2128.6216216216217,
        2134.189189189189,
        2138.7027027027025,
        2159.4594594594596,
        2139.027027027027,
        2150.7837837837837,
        2150.162162162162,
        2135.945945945946,
        2150.7837837837837,
        2134.2972972972975,
        2134.189189189189,
        2140.972972972973,
        2142.7027027027025,
        2159.6486486486488,
        2152.9189189189187,
        2132.3783783783783,
        2130.027027027027,
        2175.189189189189,
        2150.7027027027025,
        2146.3783783783783,
        2147.864864864865,
        2137.0810810810813,
        2141.891891891892,
        2156.945945945946,
        2138.3783783783783,
        2107.3513513513512,
        2171.7567567567567,
        2154.4054054054054,
        2134.891891891892,
        2168.5675675675675,
        2145.027027027027,
        2138.189189189189,
        2162.3783783783783,
        2137.7837837837837,
        2130.7837837837837,
        2179.4594594594596,
        2142.5675675675675,
        2161.2162162162163,
        2143.027027027027
    ],
    "opt": 2300,