{
    "agg": 2131,
    "iters": [
        1,
        2,
        3,
        4,
        5,
        6,
        7,
        8,
        9,
        10,
        11,
        12,
        13,
        14,
        15,
        16,
        17,
        18,
        19,
        20,
        21,
        22,
        23,
        24,
        25,
        26,
        27,
        28,
        29,
        30,
        31,
        32,
        33,
        34,
        35,
        36,
        37,
        38,
        39,
        40,
        41,
        42,
        43,
        44,
        45,
        46,
        47,
        48,
        49,
        50,
        51,
        52,
        53,
        54,
        55,
        56,
        57,
        58,
        59,
        60,
        61,
        62,
        63,
        64,
        65,
        66,
        67,
        68,
        69,
        70,
        71,
        72,
        73,
        74,
        75,
        76,
        77,
        78,
        79,
        80,
        81,
        82,
        83,
        84,
        85,
        86,
        87,
        88,
        89,
        90,
        91,
        92,
        93,
        94,
        95,
        96,
        97,
        98,
        99
    ],
    "means": [
        2157.121951219512,
        2152.951219512195,
        2134.6341463414633,
        2158.829268292683,
        2154.951219512195,
        2133.829268292683,
        2160.9024390243903,
        2157.4146341463415,
        2162.1463414634145,
        2142.8536585365855,
        2145.4634146341464,
        2151.609756097561,
        2165.7804878048782,
        2143.878048780488,
        2136.487804878049,
        2138.8048780487807,
        2174.682926829268,
        2117.487804878049,
        2142.1463414634145,
        2165.0243902439024,
        2172.1951219512193,
        2138.6341463414633,
        2155.0975609756097,
        2125.512195121951,
        2126.121951219512,
        2139.5853658536585,
        2162.7073170731705,
        2145.3658536585367,
        2151.5853658536585,
        2160.1951219512193,
        2132.268292682927,
        2159.390243902439,
        2172.317073170732,
        2155.268292682927,
        2168.5365853658536,
        2143.9268292682927,
        2156.829268292683,
        2155.048780487805,
        2155.3414634146343,
        2161.268292682927,
        2138.048780487805,
        2143.560975609756,
        2143.1951219512193,
        2165.121951219512,
        2145.878048780488,
        2154.1951219512193,
        2143.1463414634145,
        2143.0,
        2136.0243902439024,
        2134.2926829268295,
        2174.829268292683,
        2168.243902439024,
        2166.829268292683,
        2173.0,
        2162.0731707317073,
        2134.1951219512193,
        2149.3414634146343,
        2174.0975609756097,
        2187.487804878049,
        2142.268292682927,
        2135.2926829268295,
        2145.0975609756097,
        2137.878048780488,
        2153.243902439024,
        2148.682926829268,
        2145.048780487805,
        2162.1463414634145,
        2164.4146341463415,
        2166.243902439024,
        2136.2926829268295,
        2147.560975609756,
        2157.121951219512,
        2132.0731707317073,
        2157.2195121951218,
        2141.951219512195,
        2164.682926829268,
        2158.682926829268,
        2157.317073170732,
        2152.6585365853657,
        2158.7073170731705,
        2162.121951219512,
        2139.9268292682927,
        2149.6341463414633,
        2161.0,
        2135.048780487805,
        2142.7073170731705,
        2157.951219512195,
        2124.512195121951,
        2152.3658536585367,
        2140.951219512195,
        2158.7073170731705,
        2138.317073170732,
        2150.390243902439,
        2143.7804878048782,
        2152.951219512195,
        2151.243902439024,
        2148.9024390243903,
        2159.4146341463415,
        2142.951219512195
    ],
    "opt": 2242,
    "stdevs": [
        87.02065780030406,
        78.13651319091953,
        85.28624859777233,
        84.6314542342625,
        90.23220754808449,
        90.85499098711905,
        92.71377535400347,
        88.91595802059273,
        100.19239077665499,
        95.3065812933956,
        74.8188373179413,
        86.44041456791041,
        94.23026084172022,
        85.69178892330157,
        89.36309107456474,
        91.66514339044043,
        87.59926467683091,
        83.84978495288378,
        90.09738930616048,
        82.29023229974061,
        78.70141769330682,
        84.91567010363468,
        94.38654432782631,
        76.36980694132079,
        85.31582506164281,
        83.95090772465167,
        92.16746262088718,
        82.17552780854365,
        86.71398897180741,
        84.50493404910546,
        84.80624240433959,
        90.7220031526976,
        90.29529848236307,
        80.73323261398977,
        86.944641081153,
        86.63503213126596,
        84.1960263354757,
        83.66190706429504,
        97.40852112675934,
        83.78224516209949,
        90.28760313022268,
        84.49651422467886,
        80.54243526640887,
        91.52400594644789,
        81.73938213196068,
        82.62115110763696,
        77.79383666589838,
        76.00513461474085,
        74.5495375670263,
        93.5315895253757,
        90.05524116030234,
        90.08499522816648,
        76.04296039932869,
        76.51398724352586,
        83.01172125402664,
        92.0689612993501,
        91.40758621345721,
        90.56672647982079,
        86.17738992453779,
        87.31440927943552,
        77.60696596293812,
        77.1029735524936,
        74.54093493885487,
        80.09103981059118,
        90.53726871062553,
        81.71722546401817,
        83.10339166440384,
        69.89398788121423,
        94.2018539737305,
        78.4114364177483,
        87.37026585255275,
        88.90120444791681,
        82.22823390370287,
        80.31538813013202,
        94.75538499904725,
        81.00088497691507,
        84.67194629270456,
        91.87941169746732,
        94.48541241289064,
        90.5843479459995,
        67.60220631482206,
        85.91413474209611,
        88.89751734511447,
        83.5020081546166,
        88.41916556932782,
        89.55043378098667,
        89.60671556374861,
        84.33473431661838,
        96.19029820191695,
        92.2123612737659,
        84.97409760352629,
        72.89465804790825,
        67.65402591044919,
        85.25757592977051,
        89.22947976699405,
        87.19022670891192,
        80.13427903823674,
        77.09828241728489,
        93.34121804603616
    ]
}