{
    "agg": 2259,
    "iters": [
        1,
        2,
        3,
        4,
        5,
        6,
        7,
        8,
        9,
        10,
        11,
        12,
        13,
        14,
        15,
        16,
        17,
        18,
        19,
        20,
        21,
        22,
        23,
        24,
        25,
        26,
        27,
        28,
        29,
        30,
        31,
        32,
        33,
        34,
        35,
        36,
        37,
        38,
        39,
        40,
        41,
        42,
        43,
        44,
        45,
        46,
        47,
        48,
        49,
        50,
        51,
        52,
        53,
        54,
        55,
        56,
        57,
        58,
        59,
        60,
        61,
        62,
        63,
        64,
        65,
        66,
        67,
        68,
        69,
        70,
        71,
        72,
        73,
        74,
        75,
        76,
        77,
        78,
        79,
        80,
        81,
        82,
        83,
        84,
        85,
        86,
        87,
        88,
        89,
        90,
        91,
        92,
        93,
        94,
        95,
        96,
        97,
        98,
        99,
        100,
        101,
        102,
        103,
        104,
        105,
        106,
        107,
        108,
        109,
        110,
        111,
        112,
        113,
        114,
        115,
        116,
        117,
        118,
        119,
        120,
        121,
        122,
        123,
        124,
        125,
        126,
        127,
        128,
        129
    ],
    "means": [
        2147.0,
        2168.1739130434785,
        2120.1304347826085,
        2131.1739130434785,
        2126.978260869565,
        2173.9347826086955,
        2148.7391304347825,
        2142.521739130435,
        2157.586956521739,
        2158.2391304347825,
        2136.021739130435,
        2169.782608695652,
        2136.5652173913045,
        2134.2608695652175,
        2131.0434782608695,
        2161.304347826087,
        2159.8478260869565,
        2134.891304347826,
        2156.6304347826085,
        2138.1521739130435,
        2123.9347826086955,
        2164.0652173913045,
        2173.1521739130435,
        2158.1739130434785,
        2143.282608695652,
        2141.891304347826,
        2130.304347826087,
        2148.695652173913,
        2132.4565217391305,
        2146.7391304347825,
        2158.913043478261,
        2134.717391304348,
        2148.282608695652,
        2140.5,
        2141.717391304348,
        2158.1739130434785,
        2144.978260869565,
        2144.978260869565,
        2146.913043478261,
        2153.695652173913,
        2163.717391304348,
        2147.6521739130435,
        2165.8260869565215,
        2172.304347826087,
        2158.304347826087,
        2144.0652173913045,
        2149.5652173913045,
        2155.6521739130435,
        2152.2608695652175,
        2126.2391304347825,
        2144.478260869565,
        2154.3478260869565,
        2155.108695652174,
        2141.5,
        2138.6304347826085,
        2123.413043478261,
        2146.5434782608695,
        2140.9565217391305,
        2132.586956521739,
        2139.0652173913045,
        2140.586956521739,
        2143.5434782608695,
        2122.913043478261,
        2151.2391304347825,
        2137.086956521739,
        2164.5652173913045,
        2139.6739130434785,
        2134.7391304347825,
        2146.891304347826,
        2130.3260869565215,
        2141.086956521739,
        2157.217391304348,
        2150.7608695652175,
        2131.5,
        2144.6304347826085,
        2129.304347826087,
        2148.195652173913,
        2166.586956521739,
        2138.521739130435,
        2153.3260869565215,
        2153.4347826086955,
        2151.195652173913,
        2149.086956521739,
        2174.7608695652175,
        2150.0652173913045,
        2168.8478260869565,
        2143.608695652174,
        2141.9347826086955,
        2142.7608695652175,
        2168.913043478261,
        2141.804347826087,
        2144.391304347826,
        2149.804347826087,
        2155.021739130435,
        2149.5652173913045,
        2137.1521739130435,
        2159.195652173913,
        2131.0434782608695,
        2160.2608695652175,
        2146.3478260869565,
        2168.0652173913045,
        2143.5434782608695,
        2145.717391304348,
        2154.5,
        2151.804347826087,
        2171.782608695652,
        2145.0434782608695,
        2172.0,
        2143.021739130435,
        2142.3260869565215,
        2131.1521739130435,
        2142.4565217391305,
        2151.978260869565,
        2182.1521739130435,
        2133.0652173913045,
        2152.1521739130435,
        2150.5,
        2173.6304347826085,
        2155.978260869565,
        2166.4347826086955,
        2153.608695652174,
        2119.8260869565215,
        2165.021739130435,
        2145.4347826086955,
        2129.0434782608695,
        2150.1739130434785,
        2141.913043478261,
        2161.586956521739,
        2149.7608695652175
    ],
    "opt": 2200,