{
    "agg": 2131,
    "iters": [
        1,
        2,
        3,
        4,
        5,
        6,
        7,
        8,
        9,
        10,
        11,
        12,
        13,
        14,
        15,
        16,
        17,
        18,
        19,
        20,
        21,
        22,
        23,
        24,
        25,
        26,
        27,
        28,
        29,
        30,
        31,
        32,
        33,
        34,
        35,
        36,
        37,
        38,
        39,
        40,
        41,
        42,
        43,
        44,
        45,
        46,
        47,
        48,
        49,
        50,
        51,
        52,
        53,
        54,
        55,
        56,
        57,
        58,
        59,
        60,
        61,
        62,
        63,
        64,
        65,
        66,
        67,
        68,
        69,
        70,
        71,
        72,
        73,
        74,
        75,
        76,
        77,
        78,
        79,
        80,
        81,
        82,
        83,
        84,
        85,
        86,
        87,
        88,
        89,
        90,
        91,
        92,
        93,
        94,
        95,
        96,
        97,
        98,
        99,
        100,
        101,
        102,
        103,
        104,
        105,
        106,
        107,
        108,
        109,
        110,
        111,
        112,
        113,
        114
    ],
    "means": [
        2152.7391304347825,
        2127.521739130435,
        2133.086956521739,
        2158.913043478261,
        2155.521739130435,
        2112.1304347826085,
        2134.7391304347825,
        2125.1739130434785,
        2154.086956521739,
        2191.0,
        2148.913043478261,
        2129.0434782608695,
        2149.8695652173915,
        2124.0434782608695,
        2137.608695652174,
        2157.217391304348,
        2178.217391304348,
        2140.4347826086955,
        2136.7391304347825,
        2152.9565217391305,
        2140.086956521739,
        2181.4347826086955,
        2165.6521739130435,
        2170.0,
        2159.478260869565,
        2161.695652173913,
        2142.7391304347825,
        2169.0434782608695,
        2114.3478260869565,
        2150.0,
        2118.5652173913045,
        2166.608695652174,
        2147.5652173913045,
        2158.7391304347825,
        2149.521739130435,
        2168.3478260869565,
        2139.3478260869565,
        2139.5652173913045,
        2154.8260869565215,
        2161.7391304347825,
        2154.782608695652,
        2155.391304347826,
        2123.9565217391305,
        2166.8260869565215,
        2131.2608695652175,
        2153.391304347826,
        2121.6521739130435,
        2166.1739130434785,
        2184.6521739130435,
        2114.304347826087,
        2124.0434782608695,
        2129.913043478261,
        2158.304347826087,
        2143.9565217391305,
        2125.086956521739,
        2139.0434782608695,
        2170.0,
        2134.8260869565215,
        2145.1739130434785,
        2155.5652173913045,
        2131.8260869565215,
        2128.1739130434785,
        2158.086956521739,
        2122.782608695652,
        2140.4347826086955,
        2128.6521739130435,
        2162.478260869565,
        2118.8695652173915,
        2143.695652173913,
        2139.8260869565215,
        2127.913043478261,
        2154.0434782608695,
        2152.521739130435,
        2136.9565217391305,
        2132.217391304348,
        2117.2608695652175,
        2167.7391304347825,
        2151.8260869565215,
        2182.9565217391305,
        2157.6521739130435,
        2167.695652173913,
        2129.304347826087,
        2190.695652173913,
        2154.5652173913045,
        2127.6521739130435,
        2157.3478260869565,
        2143.086956521739,
        2140.2608695652175,
        2172.521739130435,
        2149.0434782608695,
        2151.304347826087,
        2128.6521739130435,
        2133.3478260869565,
        2175.782608695652,
        2175.782608695652,
        2131.9565217391305,
        2147.7391304347825,
        2130.0434782608695,
        2120.0,
        2155.695652173913,
        2138.086956521739,
        2138.4347826086955,
        2156.521739130435,
        2153.0434782608695,
        2126.0,
        2203.4347826086955,
        2131.782608695652,
        2160.913043478261,
        2146.782608695652,
        2136.391304347826,
        2131.521739130435,
        2161.608695652174,
        2176.304347826087,
        2162.0
    ],
    "opt": 2244,
    "stdevs": [
        85.19553845804897,
        84.04029549293983,
        105.09453841080763,
        79.72284220346205,
        82.4008598336404,
        74.70597691461832,
        78.45753068369528,
        75.1951965243809,
        76.58749644998437,
        83.99016505571922,
        78.66379369546911,
        88.86260927427315,
        90.20908290710751,
        83.67144765760357,
        99.39588790830979,
        76.72251328892075,
        81.51391266779002,
        97.01179941096207,
        103.77744472681174,
        88.96969599415863,
        94.82611685903483,
        86.34300962966987,
        82.41918766448806,
        72.04044757604245,
        85.0717699895173,
        85.207896542928,
        95.38627072447122,
        76.41788901700143,
        80.57651437724981,
        90.63303937354719,
        97.30759212837559,
        74.68818609242655,
        97.41655340406298,
        92.30300640037791,
        107.51536576339353,
        76.45891690009067,
        65.21110114593533,
        82.38764475066293,
        84.23551464890775,
        69.96596526094692,
        94.01200502513964,
        89.59606897938964,
        86.8073720876935,
        99.50864160590933,
        83.52412689251472,
        78.13964040515225,
        85.62943860696313,
        86.4395502140648,
        77.18504512485741,
        71.86789498046048,
        87.38146169967213,
        90.1399458057729,
        86.8764413869084,
        98.70750742818052,
        86.93621502021806,
        88.44574768497283,
        82.98873679471576,
        74.206909425115,
        78.29023603618228,
        69.04933717338042,
        86.27239579374412,
        73.82567726623661,
        89.61459170949216,
        73.45152587975467,
        95.05093649880872,
        88.40057480417696,
        81.78862978551982,
        85.46359730919566,
        91.51119427014697,
        88.92285477918145,
        87.44136571762432,
        84.08509057774106,
        77.84816300936038,
        83.81681799738075,
        70.49881683974138,
        86.8948476940123,
        74.591768628113,
        83.6549082080471,
        60.02715201645044,
        97.74127724704029,
        77.06430673405657,
        89.91756359002379,
        84.11040094015603,
        82.18739249922889,
        89.5333839587234,
        87.50135834754457,
        78.2420508775163,
        85.20625481802038,
        94.364174099587,
        86.3297410895999,
        96.06086602303984,
        69.51171855891086,
        68.2957817117714,
        77.93138371097842,
        76.22675356075516,
        77.86860631070307,
        92.9647981022945,
        81.43734762319868,
        93.41352662501154,
        93.6600860571185,
        89.97386724149082,
        73.95464302498351,
        84.43771543735522,
        69.13973139568101,
        80.07442190536415,
        56.75103989620425,
        81.67217424171234,
        91.82161962123993,
        77.10239184342673,
        72.84094592086585,
        90.05161300982385,
        77.76986067065735,
        93.91598224065402,
        93.63852793078006
    ]
}