{
    "agg": 2130,
    "iters": [
        1,
        2,
        3,
        4,
        5,
        6,
        7,
        8,
        9,
        10,
        11,
        12,
        13,
        14,
        15,
        16,
        17,
        18,
        19,
        20,
        21,
        22,
        23,
        24,
        25,
        26,
        27,
        28,
        29,
        30,
        31,
        32,
        33,
        34,
        35,
        36,
        37,
        38,
        39,
        40,
        41,
        42,
        43,
        44,
        45,
        46,
        47,
        48,
        49,
        50,
        51,
        52,
        53,
        54,
        55,
        56,
        57,
        58,
        59,
        60,
        61,
        62,
        63,
        64,
        65,
        66,
        67,
        68,
        69,
        70,
        71,
        72,
        73,
        74,
        75,
        76,
        77,
        78,
        79,
        80,
        81,
        82,
        83,
        84,
        85,
        86,
        87,
        88,
        89,
        90,
        91,
        92,
        93,
        94,
        95,
        96,
        97,
        98,
        99,
        100,
        101,
        102,
        103,
        104,
        105,
        106,
        107,
        108,
        109,
        110,
        111,
        112,
        113,
        114,
        115,
        116,
        117,
        118,
        119,
        120,
        121,
        122,
        123,
        124,
        125,
        126,
        127,
        128,
        129,
        130,
        131,
        132,
        133,
        134,
        135,
        136,
        137,
        138,
        139
    ],
    "means": [
        2159.315789473684,
        2147.0789473684213,
        2127.2368421052633,
        2130.2105263157896,
        2145.1315789473683,
        2149.7105263157896,
        2131.0789473684213,
        2118.1052631578946,
        2143.5789473684213,
        2142.9210526315787,
        2159.4736842105262,
        2165.2368421052633,
        2149.7105263157896,
        2130.7631578947367,
        2134.0526315789475,
        2165.4736842105262,
        2184.184210526316,
        2148.315789473684,
        2157.4736842105262,
        2163.2105263157896,
        2157.9210526315787,
        2150.342105263158,
        2152.815789473684,
        2135.4210526315787,
        2143.8684210526317,
        2144.0,
        2151.0263157894738,
        2130.8684210526317,
        2129.9736842105262,
        2150.7894736842104,
        2143.2368421052633,
        2147.1052631578946,
        2148.315789473684,
        2152.3684210526317,
        2118.6052631578946,
        2134.157894736842,
        2140.342105263158,
        2143.9736842105262,
        2146.4210526315787,
        2139.0263157894738,
        2135.315789473684,
        2142.2894736842104,
        2158.4736842105262,
        2172.657894736842,
        2155.5,
        2138.7105263157896,
        2136.4736842105262,
        2137.842105263158,
        2136.8947368421054,
        2170.184210526316,
        2160.2894736842104,
        2155.342105263158,
        2146.2105263157896,
        2147.842105263158,
        2163.7894736842104,
        2141.0789473684213,
        2162.4736842105262,
        2145.3684210526317,
        2151.4736842105262,
        2138.7105263157896,
        2156.9210526315787,
        2174.842105263158,
        2152.6052631578946,
        2163.4210526315787,
        2149.0526315789475,
        2136.7105263157896,
        2172.0789473684213,
        2140.0,
        2158.0526315789475,
        2163.9736842105262,
        2169.9473684210525,
        2134.7894736842104,
        2162.1315789473683,
        2153.5263157894738,
        2145.842105263158,
        2149.0,
        2157.7631578947367,
        2149.5263157894738,
        2173.1052631578946,
        2149.7105263157896,
        2151.342105263158,
        2140.815789473684,
        2134.657894736842,
        2165.1315789473683,
        2155.657894736842,
        2172.0,
        2144.315789473684,
        2140.7894736842104,
        2151.157894736842,
        2154.4736842105262,
        2155.4473684210525,
        2147.5789473684213,
        2152.315789473684,
        2143.342105263158,
        2153.842105263158,
        2155.5526315789475,
        2162.4736842105262,
        2141.5263157894738,
        2158.5789473684213,
        2151.2894736842104,
        2144.2894736842104,
        2164.1315789473683,
        2157.8684210526317,
        2147.815789473684,
        2142.3684210526317,
        2128.3947368421054,
        2141.4210526315787,
        2142.5526315789475,
        2148.7368421052633,
        2145.7368421052633,
        2161.2368421052633,
        2143.184210526316,
        2147.5263157894738,
        2170.9736842105262,
        2153.6052631578946,
        2137.0263157894738,
        2166.7368421052633,
        2143.2631578947367,
        2142.2894736842104,
        2141.7631578947367,
        2154.2894736842104,
        2170.6052631578946,
        2153.657894736842,
        2130.7631578947367,
        2149.8947368421054,
        2147.7368421052633,
        2142.315789473684,
        2155.9736842105262,
        2135.5263157894738,
        2123.2105263157896,
        2154.657894736842,
        2143.0526315789475,
        2154.5526315789475,
        2160.315789473684,
        2148.157894736842,
        2139.0526315789475,
        2129.7894736842104,
        2143.842105263158,
        2137.342105263158
    ],
    "opt": 2227,