{
    "agg": 2134,
    "iters": [
        1,
        2,
        3,
        4,
        5,
        6,
        7,
        8,
        9,
        10,
        11,
        12,
        13,
        14,
        15,
        16,
        17,
        18,
        19,
        20,
        21,
        22,
        23,
        24,
        25,
        26,
        27,
        28,
        29,
        30,
        31,
        32,
        33,
        34,
        35,
        36,
        37,
        38,
        39,
        40,
        41,
        42,
        43,
        44,
        45,
        46,
        47,
        48,
        49,
        50,
        51,
        52,
        53,
        54,
        55,
        56,
        57,
        58,
        59,
        60,
        61,
        62,
        63,
        64,
        65,
        66,
        67,
        68,
        69,
        70,
        71,
        72,
        73,
        74,
        75,
        76,
        77,
        78,
        79,
        80,
        81,
        82,
        83,
        84,
        85,
        86,
        87,
        88,
        89,
        90,
        91,
        92,
        93,
        94,
        95,
        96,
        97,
        98,
        99
    ],
    "means": [
        2152.4285714285716,
        2152.5476190476193,
        2163.6666666666665,
        2145.2619047619046,
        2144.0,
        2161.3571428571427,
        2157.285714285714,
        2143.0476190476193,
        2162.904761904762,
        2158.3333333333335,
        2141.3333333333335,
        2148.3809523809523,
        2151.6666666666665,
        2174.595238095238,
        2140.9761904761904,
        2132.8333333333335,
        2172.595238095238,
        2138.2619047619046,
        2167.8809523809523,
        2179.7380952380954,
        2151.214285714286,
        2134.1190476190477,
        2145.095238095238,
        2168.7619047619046,
        2147.5238095238096,
        2156.0,
        2152.714285714286,
        2161.309523809524,
        2163.404761904762,
        2143.285714285714,
        2172.1190476190477,
        2158.4285714285716,
        2133.9285714285716,
        2124.595238095238,
        2156.5714285714284,
        2154.0476190476193,
        2137.4285714285716,
        2128.8809523809523,
        2140.4285714285716,
        2153.0476190476193,
        2174.0476190476193,
        2150.1190476190477,
        2169.5238095238096,
        2148.9285714285716,
        2136.3809523809523,
        2138.595238095238,
        2156.6190476190477,
        2146.595238095238,
        2171.2380952380954,
        2171.5,
        2154.0238095238096,
        2156.0,
        2148.0,
        2149.809523809524,
        2151.8571428571427,
        2148.9285714285716,
        2142.285714285714,
        2156.6666666666665,
        2145.6666666666665,
        2142.904761904762,
        2173.690476190476,
        2155.0,
        2165.904761904762,
        2163.9523809523807,
        2177.190476190476,
        2122.5476190476193,
        2140.285714285714,
        2147.3809523809523,
        2138.809523809524,
        2151.595238095238,
        2161.2380952380954,
        2177.7619047619046,
        2147.8333333333335,
        2146.0,
        2152.7619047619046,
        2134.309523809524,
        2158.5238095238096,
        2134.095238095238,
        2152.0,
        2146.8571428571427,
        2164.095238095238,
        2163.0,
        2149.3571428571427,
        2156.8571428571427,
        2155.4761904761904,
        2150.3571428571427,
        2148.4523809523807,
        2156.1190476190477,
        2158.0238095238096,
        2161.595238095238,
        2148.0,
        2157.404761904762,
        2157.8571428571427,
        2141.5,
        2162.0476190476193,
        2133.2619047619046,
        2169.8809523809523,
        2137.3809523809523,
        2127.0714285714284
    ],
    "opt": 2223,
    "stdevs": [
        95.46406525547737,
        93.5427588454943,
        93.84350363559096,
        79.15688446545028,
        91.94563611178074,
        94.92749650041728,
        95.58822544402325,
        80.40520960998923,
        88.37361422738111,
        99.48957032360028,
        81.808622978576,
        86.54999996725053,
        93.64692216910298,
        89.64986376209592,
        82.888475876364,
        90.52937346694421,
        88.88249587271027,
        96.74169326314018,
        86.32364416514234,
        89.5472898539169,
        84.28792369985544,
        82.44946572957868,
        83.6152781447806,
        92.09875898130056,
        87.66120880038486,
        86.47763267100315,
        94.47783456710783,
        85.77059327766023,
        89.93994279883435,
        93.5878211740654,
        95.49874154766756,
        76.99664273977976,
        81.62498242022501,
        77.06677980007233,
        75.99283890358255,
        83.42374687072089,
        91.70738736851673,
        82.89040451703522,
        77.18411595077086,
        87.92473848234187,
        76.04852848548259,
        93.38940553274571,
        89.3975173020663,
        93.44883827073325,
        94.41523090934216,
        92.99591888736417,
        93.34624546252577,
        79.27200296141595,
        82.5073761562044,
        91.99152393666753,
        87.46985551367264,
        83.51161880954336,
        81.05024896410163,
        86.27868414543931,
        82.82010666515234,
        86.53911663220855,
        84.09611443214861,
        81.84295840980971,
        95.95104571917481,
        83.95288064027615,
        86.65434567050153,
        87.25059694160646,
        82.8589764438607,
        78.65111399354942,
        84.53408388258833,
        88.4152007995588,
        84.76754930376356,
        75.80455834420275,
        86.74051014245444,
        91.0714161220035,
        94.09362346792828,
        71.53281282500777,
        89.41021478520508,
        78.62630118538732,
        85.66318582620944,
        90.55766068807792,
        88.37130489216888,
        88.28385214042733,
        76.00344603716209,
        90.35527007281851,
        85.35745832444859,
        88.9020327583764,
        78.85363820714554,
        85.91623036106614,
        69.85946371968379,
        82.03130106088467,
        89.74068525239352,
        83.92888213383893,
        84.58652602801186,
        78.40160941126555,
        91.62916982001289,
        83.8465320076222,
        96.76667357952458,
        91.1368019335036,
        76.69045771055794,
        90.30083570878631,
        75.34466909475236,
        90.38566900232432,
        88.38535562204507
    ]
}