{
    "agg": 2279,
    "iters": [
        1,
        2,
        3,
        4,
        5,
        6,
        7,
        8,
        9,
        10,
        11,
        12,
        13,
        14,
        15,
        16,
        17,
        18,
        19,
        20,
        21,
        22,
        23,
        24,
        25,
        26,
        27,
        28,
        29,
        30,
        31,
        32,
        33,
        34,
        35,
        36,
        37,
        38,
        39,
        40,
        41,
        42,
        43,
        44,
        45,
        46,
        47,
        48,
        49,
        50,
        51,
        52,
        53,
        54,
        55,
        56,
        57,
        58,
        59,
        60,
        61,
        62,
        63,
        64,
        65,
        66,
        67,
        68,
        69,
        70,
        71,
        72,
        73,
        74,
        75,
        76,
        77,
        78,
        79,
        80,
        81,
        82,
        83,
        84,
        85,
        86,
        87,
        88,
        89,
        90,
        91,
        92,
        93,
        94,
        95,
        96,
        97,
        98,
        99,
        100,
        101,
        102,
        103,
        104,
        105,
        106,
        107,
        108,
        109,
        110,
        111,
        112,
        113,
        114,
        115,
        116,
        117,
        118,
        119,
        120,
        121,
        122,
        123,
        124,
        125,
        126,
        127,
        128,
        129,
        130,
        131,
        132,
        133,
        134,
        135,
        136,
        137,
        138,
        139,
        140,
        141,
        142,
        143,
        144,
        145,
        146
    ],
    "means": [
        2159.9189189189187,
        2167.0810810810813,
        2130.108108108108,
        2152.135135135135,
        2133.7297297297296,
        2164.6216216216217,
        2152.2432432432433,
        2154.6216216216217,
        2144.945945945946,
        2145.5135135135133,
        2156.2162162162163,
        2108.837837837838,
        2123.189189189189,
        2160.5405405405404,
        2159.027027027027,
        2175.7297297297296,
        2159.2972972972975,
        2182.864864864865,
        2142.6216216216217,
        2134.6486486486488,
        2130.810810810811,
        2161.5945945945946,
        2130.5135135135133,
        2134.2432432432433,
        2124.810810810811,
        2184.4324324324325,
        2179.6486486486488,
        2134.7567567567567,
        2145.6486486486488,
        2132.6486486486488,
        2168.675675675676,
        2154.891891891892,
        2123.3513513513512,
        2133.2702702702704,
        2159.4864864864867,
        2139.972972972973,
        2148.3783783783783,
        2148.891891891892,
        2161.3783783783783,
        2155.2162162162163,
        2145.5945945945946,
        2140.3783783783783,
        2121.945945945946,
        2147.675675675676,
        2134.945945945946,
        2148.4324324324325,
        2181.810810810811,
        2134.2432432432433,
        2154.4864864864867,
        2176.2162162162163,
        2144.027027027027,
        2155.2972972972975,
        2166.7027027027025,
        2146.027027027027,
        2138.0,
        2128.0810810810813,
        2163.4594594594596,
        2132.7837837837837,
        2138.5675675675675,
        2147.189189189189,
        2115.162162162162,
        2139.5675675675675,
        2157.2432432432433,
        2165.675675675676,
        2146.6486486486488,
        2141.891891891892,
        2172.3783783783783,
        2143.6486486486488,
        2157.5675675675675,
        2145.675675675676,
        2144.891891891892,
        2163.054054054054,
        2182.189189189189,
        2149.891891891892,
        2143.027027027027,
        2143.108108108108,
        2152.324324324324,
        2139.891891891892,
        2154.5675675675675,
        2157.0,
        2141.864864864865,
        2175.5945945945946,
        2131.7837837837837,
        2171.4864864864867,
        2130.7567567567567,
        2127.2432432432433,
        2142.2162162162163,
        2137.162162162162,
        2133.5405405405404,
        2135.5405405405404,
        2136.324324324324,
        2142.675675675676,
        2161.2432432432433,
        2145.189189189189,
        2140.054054054054,
        2166.2972972972975,
        2132.0,
        2153.0810810810813,
        2155.027027027027,
        2148.5675675675675,
        2168.189189189189,
        2178.7567567567567,
        2159.0,
        2155.4324324324325,
        2127.5675675675675,
        2129.7027027027025,
        2164.189189189189,
        2169.3783783783783,
        2164.2702702702704,
        2130.7567567567567,
        2152.5675675675675,
        2151.5945945945946,
        2153.5945945945946,
        2137.4054054054054,
        2169.5945945945946,
        2157.324324324324,
        2160.7567567567567,
        2130.837837837838,
        2128.2702702702704,
        2151.5135135135133,
        2144.5405405405404,
        2147.972972972973,
        2136.189189189189,
        2158.810810810811,
        2174.972972972973,
        2144.7567567567567,
        2148.2972972972975,
        2140.4594594594596,
        2162.2972972972975,
        2158.7027027027025,
        2137.135135135135,
        2160.2162162162163,
        2127.7567567567567,
        2131.2162162162163,
        2142.4594594594596,
        2146.675675675676,
        2171.4594594594596,
        2167.4054054054054,
        2140.4594594594596,
        2185.027027027027,
        2126.5135135135133,
        2148.0,
        2144.4324324324325,
        2136.5135135135133,
        2172.7297297297296,
        2170.189189189189
    ],
    "opt": 2270,