{
    "agg": 2236,
    "iters": [
        1,
        2,
        3,
        4,
        5,
        6,
        7,
        8,
        9,
        10,
        11,
        12,
        13,
        14,
        15,
        16,
        17,
        18,
        19,
        20,
        21,
        22,
        23,
        24,
        25,
        26,
        27,
        28,
        29,
        30,
        31,
        32,
        33,
        34,
        35,
        36,
        37,
        38,
        39,
        40,
        41,
        42,
        43,
        44,
        45,
        46,
        47,
        48,
        49,
        50,
        51,
        52,
        53,
        54,
        55,
        56,
        57,
        58,
        59,
        60,
        61,
        62,
        63,
        64,
        65,
        66,
        67,
        68,
        69,
        70,
        71,
        72,
        73,
        74,
        75,
        76,
        77,
        78,
        79,
        80,
        81,
        82,
        83,
        84,
        85,
        86,
        87,
        88,
        89,
        90,
        91,
        92,
        93,
        94,
        95,
        96,
        97,
        98,
        99,
        100,
        101,
        102,
        103,
        104,
        105
    ],
    "means": [
        2139.657894736842,
        2175.0526315789475,
        2131.4210526315787,
        2187.3947368421054,
        2116.9210526315787,
        2135.0526315789475,
        2136.4210526315787,
        2135.684210526316,
        2120.7631578947367,
        2159.684210526316,
        2167.8947368421054,
        2148.2105263157896,
        2132.157894736842,
        2122.342105263158,
        2150.342105263158,
        2163.815789473684,
        2148.815789473684,
        2167.5526315789475,
        2127.0789473684213,
        2152.1315789473683,
        2160.6315789473683,
        2145.4736842105262,
        2138.3684210526317,
        2169.842105263158,
        2159.8947368421054,
        2179.5263157894738,
        2157.5263157894738,
        2163.342105263158,
        2171.0789473684213,
        2143.3947368421054,
        2172.5526315789475,
        2171.0,
        2131.2368421052633,
        2139.815789473684,
        2143.5526315789475,
        2151.6052631578946,
        2125.7105263157896,
        2140.2368421052633,
        2159.5,
        2135.842105263158,
        2154.8947368421054,
        2167.815789473684,
        2139.2105263157896,
        2154.7105263157896,
        2146.6052631578946,
        2163.842105263158,
        2137.1052631578946,
        2166.0526315789475,
        2136.5526315789475,
        2132.315789473684,
        2166.6052631578946,
        2173.0263157894738,
        2137.842105263158,
        2143.657894736842,
        2159.1052631578946,
        2124.4473684210525,
        2158.5263157894738,
        2129.4473684210525,
        2148.7631578947367,
        2164.315789473684,
        2144.2631578947367,
        2129.7894736842104,
        2146.2631578947367,
        2156.7894736842104,
        2185.0526315789475,
        2168.0263157894738,
        2163.657894736842,
        2156.9210526315787,
        2148.2105263157896,
        2149.684210526316,
        2141.3947368421054,
        2135.1052631578946,
        2145.157894736842,
        2163.842105263158,
        2157.5,
        2154.8947368421054,
        2151.184210526316,
        2159.6315789473683,
        2163.4736842105262,
        2149.7894736842104,
        2163.8947368421054,
        2151.0,
        2154.5,
        2151.5789473684213,
        2149.4210526315787,
        2150.657894736842,
        2156.0,
        2156.0263157894738,
        2147.657894736842,
        2144.5526315789475,
        2120.8684210526317,
        2165.5526315789475,
        2142.5789473684213,
        2123.5,
        2137.5526315789475,
        2152.2894736842104,
        2141.2631578947367,
        2134.1315789473683,
        2140.3947368421054,
        2134.8684210526317,
        2146.6052631578946,
        2133.0789473684213,
        2156.0526315789475,
        2145.7368421052633,
        2130.684210526316
    ],
    "opt": 2222,
    "stdevs": [
        97.93587491602793,
        81.15966958261353,
        74.90401984116508,
        82.37160326793905,
        87.57384300028939,
        83.17133469006869,
        96.50133120951106,
        75.0743860108296,
        84.03740840292693,
        80.08025752599303,
        85.59813988193048,
        94.47727599095118,
        89.49728790827288,
        72.48494446790477,
        79.76619661162024,
        83.25890351097841,
        85.83609082160386,
        85.77777204663992,
        84.7191588283086,
        87.44537273804943,
        91.15354918534918,
        82.56408574463623,
        89.32655085124809,
        83.31662066945822,
        80.113337306621,
        82.0448326869957,
        83.83716574473878,
        81.95867903554861,
        77.14456067019391,
        88.29363077514178,
        79.03686593789836,
        71.70186813979704,
        88.15967398047414,
        85.78518313455629,
        81.15407612697074,
        83.27650185840453,
        91.82245680337246,
        86.44421207087272,
        79.79966692978903,
        86.1664626161385,
        100.30867871191779,
        88.78147485263077,
        83.10714640711421,
        77.9976072152341,
        78.07976335762923,
        72.45671169223785,
        79.6623762062461,
        90.9956469081499,
        84.1094829650839,
        78.17292076010851,
        71.15311121417716,
        78.9925002576378,
        84.99459001848277,
        92.49218354337029,
        79.75415827261206,
        77.6726251880359,
        84.8583143716957,
        85.34410144215902,
        93.5443700549374,
        94.08593643527733,
        79.35917159562271,
        91.23456117258729,
        87.07186511893987,
        81.82303043916978,
        84.59188320164712,
        73.10176282779956,
        92.5578841123615,
        86.85843945268142,
        83.61067606684311,
        88.86154377017562,
        86.61698492537319,
        82.16376121204345,
        94.47041483860644,
        84.70304981639944,
        79.57378237903023,
        96.11171938883476,
        82.8723988281661,
        82.66591643242207,
        88.08630243062923,
        82.53967399943811,
        86.80006957118367,
        91.35759698194666,
        85.95523620803417,
        78.47246636776072,
        84.52300576857832,
        79.94842953455404,
        92.83431761108491,
        88.44132364755662,
        87.45653847416816,
        90.68125128812491,
        92.27338415720276,
        91.48128867306865,
        82.21269961410668,
        80.4548745701916,
        91.99762507472994,
        75.97330136814921,
        93.75856008934704,
        95.04075886100314,
        91.09640338202863,
        83.62924792220268,
        96.490942982035,
        81.37062109778525,
        82.94987305863232,
        86.16742705201627,
        88.15450111300044
    ]
}