{
    "agg": 2101,
    "iters": [
        1,
        2,
        3,
        4,
        5,
        6,
        7,
        8,
        9,
        10,
        11,
        12,
        13,
        14,
        15,
        16,
        17,
        18,
        19,
        20,
        21,
        22,
        23,
        24,
        25,
        26,
        27,
        28,
        29,
        30,
        31,
        32,
        33,
        34,
        35,
        36,
        37,
        38,
        39,
        40,
        41,
        42,
        43,
        44,
        45,
        46,
        47,
        48,
        49,
        50,
        51,
        52,
        53,
        54,
        55,
        56,
        57,
        58,
        59,
        60,
        61,
        62,
        63,
        64,
        65,
        66,
        67,
        68,
        69,
        70,
        71,
        72,
        73,
        74,
        75,
        76,
        77,
        78,
        79,
        80,
        81,
        82,
        83,
        84,
        85,
        86,
        87,
        88,
        89,
        90,
        91,
        92,
        93,
        94,
        95,
        96,
        97,
        98,
        99,
        100,
        101,
        102,
        103,
        104,
        105,
        106,
        107,
        108,
        109,
        110,
        111,
        112
    ],
    "means": [
        2148.516129032258,
        2165.1612903225805,
        2140.7419354838707,
        2155.6129032258063,
        2137.451612903226,
        2134.8064516129034,
        2153.2580645161293,
        2137.064516129032,
        2140.6451612903224,
        2137.6451612903224,
        2155.3870967741937,
        2146.4193548387098,
        2168.935483870968,
        2140.967741935484,
        2143.2258064516127,
        2148.2903225806454,
        2160.516129032258,
        2111.1612903225805,
        2157.6451612903224,
        2144.3548387096776,
        2166.967741935484,
        2159.8387096774195,
        2144.8709677419356,
        2144.935483870968,
        2165.548387096774,
        2127.1290322580644,
        2153.064516129032,
        2168.5806451612902,
        2149.9032258064517,
        2132.2258064516127,
        2173.9032258064517,
        2143.032258064516,
        2127.8387096774195,
        2155.483870967742,
        2114.2258064516127,
        2133.7741935483873,
        2178.6451612903224,
        2145.2903225806454,
        2173.6129032258063,
        2159.5806451612902,
        2146.8709677419356,
        2180.7096774193546,
        2158.2258064516127,
        2146.8387096774195,
        2149.2580645161293,
        2146.032258064516,
        2173.8709677419356,
        2159.6451612903224,
        2134.3870967741937,
        2146.8064516129034,
        2145.6129032258063,
        2151.2580645161293,
        2154.3870967741937,
        2149.2258064516127,
        2149.548387096774,
        2148.516129032258,
        2142.6129032258063,
        2132.548387096774,
        2127.935483870968,
        2139.0,
        2134.967741935484,
        2125.2580645161293,
        2177.064516129032,
        2128.064516129032,
        2157.0,
        2128.1290322580644,
        2168.935483870968,
        2139.1935483870966,
        2140.9032258064517,
        2143.483870967742,
        2140.3548387096776,
        2157.032258064516,
        2141.3548387096776,
        2152.548387096774,
        2140.3548387096776,
        2166.6129032258063,
        2139.935483870968,
        2135.064516129032,
        2131.3870967741937,
        2138.5806451612902,
        2150.2580645161293,
        2154.935483870968,
        2155.516129032258,
        2162.516129032258,
        2126.2258064516127,
        2144.8709677419356,
        2176.8387096774195,
        2134.6774193548385,
        2160.5806451612902,
        2141.6129032258063,
        2164.3548387096776,
        2178.483870967742,
        2154.6451612903224,
        2164.967741935484,
        2148.0,
        2131.7419354838707,
        2160.3870967741937,
        2162.935483870968,
        2143.0967741935483,
        2162.0967741935483,
        2159.8064516129034,
        2149.5806451612902,
        2154.516129032258,
        2160.5806451612902,
        2144.1290322580644,
        2171.6129032258063,
        2159.3225806451615,
        2164.451612903226,
        2142.0,
        2154.2580645161293,
        2169.451612903226,
        2153.967741935484
    ],
    "opt": 2216,
    "stdevs": [
        80.13813516420414,
        98.92783188221459,
        88.14576188444562,
        87.9943830389758,
        82.53985887951443,
        92.44193272600171,
        93.54487201404935,
        84.3907713513865,
        92.86742141600496,
        70.92046812569369,
        77.84213860875217,
        86.73272783098155,
        87.5460931070842,
        92.51555540380946,
        85.74294278395664,
        73.78049114833466,
        82.46949424963029,
        84.38204088632556,
        83.65618901466799,
        85.31178052263196,
        88.260057042213,
        77.29169582494848,
        78.88036753802838,
        84.191385462268,
        88.87426374076502,
        82.92232740905457,
        86.87511818840731,
        84.4598680013743,
        75.32825149613616,
        86.72935644584783,
        87.48764146408917,
        93.86657788205683,
        86.51126973917015,
        87.4845132719784,
        74.38336168335886,
        78.9167424394397,
        77.30106554667539,
        79.67279600011905,
        77.67329321374275,
        89.1091299741225,
        84.7385892729322,
        84.99267275757708,
        100.75319883736962,
        81.58632743383856,
        92.3213069951144,
        81.24414971333677,
        71.51708207201783,
        86.58896166970997,
        78.60176367526114,
        87.3518725374336,
        81.79032099032447,
        88.53611172919709,
        83.38626692043552,
        94.2565851819176,
        90.36086746134238,
        78.0826158702732,
        100.38913879671182,
        87.30807105641546,
        82.32427442892977,
        84.6834713659085,
        100.89518159503302,
        70.481737621808,
        81.01928702430773,
        85.10067490876415,
        91.5317677974649,
        84.3054132634144,
        93.11038730864495,
        77.92818006792712,
        78.64430124698438,
        96.22683917995019,
        98.40487412105377,
        79.82742833297327,
        84.26247333226553,
        85.63683210819732,
        80.95739556051521,
        78.55044708168485,
        80.11279769049467,
        88.46320010689736,
        92.12847880921682,
        82.35711935990226,
        83.24815903880804,
        84.54200539600875,
        85.96731223036105,
        75.05777171414715,
        80.61445867169414,
        85.04296520772039,
        84.08754914323352,
        80.30401391838883,
        77.60976584439922,
        79.151417740183,
        85.83463034760194,
        83.11432894115303,
        94.84743212028829,
        81.99350244554896,
        86.2000673602012,
        85.53700113983327,
        80.80668984576305,
        69.89436060313241,
        93.57155441717202,
        86.77905010992728,
        93.9019458916995,
        85.88919125115405,
        82.61487445847631,
        100.5509898552674,
        91.95115882217524,
        74.29482568678216,
        90.56823736358527,
        67.69849605690133,
        95.02359639041106,
        72.93079695602536,
        90.69581869996327,
        87.36149733997118
    ]
}