{
    "agg": 2210,
    "iters": [
        1,
        2,
        3,
        4,
        5,
        6,
        7,
        8,
        9,
        10,
        11,
        12,
        13,
        14,
        15,
        16,
        17,
        18,
        19,
        20,
        21,
        22,
        23,
        24,
        25,
        26,
        27,
        28,
        29,
        30,
        31,
        32,
        33,
        34,
        35,
        36,
        37,
        38,
        39,
        40,
        41,
        42,
        43,
        44,
        45,
        46,
        47,
        48,
        49,
        50,
        51,
        52,
        53,
        54,
        55,
        56,
        57,
        58,
        59,
        60,
        61,
        62,
        63,
        64,
        65,
        66,
        67,
        68,
        69,
        70,
        71,
        72,
        73,
        74,
        75,
        76,
        77,
        78,
        79,
        80,
        81,
        82,
        83,
        84,
        85,
        86,
        87,
        88,
        89,
        90,
        91,
        92,
        93,
        94,
        95,
        96,
        97,
        98,
        99,
        100,
        101,
        102,
        103,
        104,
        105,
        106,
        107,
        108,
        109,
        110,
        111,
        112,
        113,
        114,
        115,
        116,
        117,
        118,
        119,
        120,
        121,
        122,
        123,
        124,
        125,
        126,
        127,
        128,
        129,
        130,
        131,
        132,
        133,
        134,
        135,
        136,
        137,
        138,
        139,
        140,
        141,
        142,
        143
    ],
    "means": [
        2162.457142857143,
        2147.942857142857,
        2158.885714285714,
        2159.8,
        2184.057142857143,
        2178.4,
        2166.285714285714,
        2145.714285714286,
        2171.4,
        2153.9714285714285,
        2156.5142857142855,
        2151.8,
        2154.8571428571427,
        2109.8,
        2159.0857142857144,
        2154.2285714285713,
        2161.0857142857144,
        2178.6,
        2174.4857142857145,
        2153.9714285714285,
        2149.3714285714286,
        2146.0285714285715,
        2157.8571428571427,
        2144.657142857143,
        2138.0285714285715,
        2146.5714285714284,
        2142.1428571428573,
        2143.6857142857143,
        2145.6285714285714,
        2159.1714285714284,
        2170.0285714285715,
        2188.1428571428573,
        2148.657142857143,
        2126.6,
        2150.3142857142857,
        2152.2285714285713,
        2157.114285714286,
        2131.2571428571428,
        2139.6857142857143,
        2126.8,
        2139.8285714285716,
        2150.542857142857,
        2128.2,
        2135.7428571428572,
        2139.457142857143,
        2131.3714285714286,
        2140.9142857142856,
        2154.342857142857,
        2127.0285714285715,
        2152.7714285714287,
        2149.9142857142856,
        2171.8571428571427,
        2171.4857142857145,
        2141.9142857142856,
        2145.3142857142857,
        2161.457142857143,
        2146.1428571428573,
        2151.342857142857,
        2143.457142857143,
        2156.9142857142856,
        2136.114285714286,
        2161.457142857143,
        2152.2,
        2167.4,
        2164.114285714286,
        2153.6,
        2153.2,
        2131.5142857142855,
        2143.8571428571427,
        2140.8285714285716,
        2142.0285714285715,
        2168.1714285714284,
        2167.3714285714286,
        2146.942857142857,
        2130.1428571428573,
        2166.1428571428573,
        2169.3714285714286,
        2137.2285714285713,
        2133.3714285714286,
        2151.057142857143,
        2170.0857142857144,
        2163.8,
        2154.6857142857143,
        2132.2571428571428,
        2148.3714285714286,
        2161.2,
        2118.1714285714284,
        2142.3142857142857,
        2179.057142857143,
        2170.6285714285714,
        2122.6857142857143,
        2146.2571428571428,
        2145.9714285714285,
        2148.1714285714284,
        2151.0285714285715,
        2165.4285714285716,
        2131.342857142857,
        2161.9714285714285,
        2170.5142857142855,
        2158.714285714286,
        2136.0857142857144,
        2143.6285714285714,
        2155.4,
        2152.8571428571427,
        2157.2285714285713,
        2131.4,
        2150.6,
        2176.9714285714285,
        2136.885714285714,
        2148.2,
        2147.2571428571428,
        2148.7714285714287,
        2128.5142857142855,
        2143.4857142857145,
        2162.7714285714287,
        2152.7428571428572,
        2151.7428571428572,
        2131.9142857142856,
        2161.5714285714284,
        2137.5714285714284,
        2165.3142857142857,
        2168.285714285714,
        2153.542857142857,
        2126.6,
        2182.1714285714284,
        2140.457142857143,
        2152.4285714285716,
        2179.657142857143,
        2162.457142857143,
        2130.6857142857143,
        2155.885714285714,
        2130.885714285714,
        2138.2,
        2143.457142857143,
        2165.885714285714,
        2165.1428571428573,
        2121.3142857142857,
        2168.0,
        2133.457142857143,
        2119.2285714285713,
        2139.714285714286,
        2149.1428571428573,
        2133.7428571428572
    ],
    "opt": 2278,