{
    "agg": 2145,
    "iters": [
        1,
        2,
        3,
        4,
        5,
        6,
        7,
        8,
        9,
        10,
        11,
        12,
        13,
        14,
        15,
        16,
        17,
        18,
        19,
        20,
        21,
        22,
        23,
        24,
        25,
        26,
        27,
        28,
        29,
        30,
        31,
        32,
        33,
        34,
        35,
        36,
        37,
        38,
        39,
        40,
        41,
        42,
        43,
        44,
        45,
        46,
        47,
        48,
        49,
        50,
        51,
        52,
        53,
        54,
        55,
        56,
        57,
        58,
        59,
        60,
        61,
        62,
        63,
        64,
        65,
        66,
        67,
        68,
        69,
        70,
        71,
        72,
        73,
        74,
        75,
        76,
        77,
        78,
        79,
        80,
        81,
        82,
        83,
        84,
        85,
        86,
        87,
        88,
        89,
        90,
        91,
        92,
        93,
        94,
        95,
        96,
        97,
        98,
        99,
        100,
        101,
        102,
        103,
        104,
        105,
        106,
        107,
        108,
        109,
        110,
        111,
        112,
        113,
        114,
        115,
        116,
        117,
        118,
        119,
        120,
        121,
        122,
        123,
        124,
        125,
        126,
        127,
        128,
        129,
        130,
        131,
        132
    ],
    "means": [
        2138.3055555555557,
        2152.972222222222,
        2156.8888888888887,
        2131.4166666666665,
        2145.25,
        2133.25,
        2132.5555555555557,
        2170.9166666666665,
        2148.8055555555557,
        2165.722222222222,
        2148.972222222222,
        2125.4166666666665,
        2149.277777777778,
        2156.3611111111113,
        2128.3888888888887,
        2144.5,
        2130.6111111111113,
        2143.8055555555557,
        2116.277777777778,
        2155.9444444444443,
        2163.5,
        2124.3611111111113,
        2156.3055555555557,
        2153.5,
        2140.222222222222,
        2147.027777777778,
        2156.1944444444443,
        2140.0833333333335,
        2157.8611111111113,
        2163.3888888888887,
        2138.0555555555557,
        2161.6666666666665,
        2162.1388888888887,
        2147.75,
        2147.527777777778,
        2139.0833333333335,
        2164.75,
        2148.6944444444443,
        2153.972222222222,
        2148.8333333333335,
        2167.3611111111113,
        2175.4444444444443,
        2123.527777777778,
        2147.9444444444443,
        2119.8611111111113,
        2165.1388888888887,
        2160.0555555555557,
        2159.972222222222,
        2160.0833333333335,
        2145.8611111111113,
        2158.8888888888887,
        2150.0833333333335,
        2151.722222222222,
        2147.0833333333335,
        2173.3888888888887,
        2179.9166666666665,
        2133.777777777778,
        2165.6666666666665,
        2121.1666666666665,
        2157.0,
        2162.3888888888887,
        2160.3055555555557,
        2166.8333333333335,
        2136.472222222222,
        2168.1111111111113,
        2172.027777777778,
        2151.0555555555557,
        2165.8888888888887,
        2147.9166666666665,
        2150.3055555555557,
        2160.6944444444443,
        2168.0,
        2144.1111111111113,
        2165.9444444444443,
        2179.6944444444443,
        2149.472222222222,
        2131.777777777778,
        2157.277777777778,
        2155.0833333333335,
        2136.527777777778,
        2141.8888888888887,
        2142.4444444444443,
        2161.3888888888887,
        2151.3333333333335,
        2169.722222222222,
        2153.1666666666665,
        2139.1388888888887,
        2155.6111111111113,
        2148.5555555555557,
        2181.1944444444443,
        2148.1666666666665,
        2149.6388888888887,
        2164.277777777778,
        2135.1388888888887,
        2127.4166666666665,
        2165.0,
        2146.5833333333335,
        2131.4166666666665,
        2168.3611111111113,
        2126.0555555555557,
        2183.75,
        2145.0,
        2154.3611111111113,
        2134.5833333333335,
        2147.0555555555557,
        2140.8611111111113,
        2121.1388888888887,
        2134.222222222222,
        2134.1666666666665,
        2151.027777777778,
        2173.1666666666665,
        2148.527777777778,
        2157.3611111111113,
        2160.222222222222,
        2144.4444444444443,
        2150.4444444444443,
        2153.8888888888887,
        2149.4444444444443,
        2137.1388888888887,
        2129.5833333333335,
        2140.1388888888887,
        2161.1944444444443,
        2158.25,
        2149.0,
        2154.0555555555557,
        2128.9166666666665,
        2145.3888888888887,
        2157.1111111111113,
        2148.8888888888887,
        2129.222222222222,
        2141.0555555555557,
        2154.0833333333335
    ],
    "opt": 2223,