{
    "agg": 2178,
    "iters": [
        1,
        2,
        3,
        4,
        5,
        6,
        7,
        8,
        9,
        10,
        11,
        12,
        13,
        14,
        15,
        16,
        17,
        18,
        19,
        20,
        21,
        22,
        23,
        24,
        25,
        26,
        27,
        28,
        29,
        30,
        31,
        32,
        33,
        34,
        35,
        36,
        37,
        38,
        39,
        40,
        41,
        42,
        43,
        44,
        45,
        46,
        47,
        48,
        49,
        50,
        51,
        52,
        53,
        54,
        55,
        56,
        57,
        58,
        59,
        60,
        61,
        62,
        63,
        64,
        65,
        66,
        67,
        68,
        69,
        70,
        71,
        72,
        73,
        74,
        75,
        76,
        77,
        78,
        79,
        80,
        81,
        82,
        83,
        84,
        85,
        86,
        87,
        88,
        89,
        90,
        91,
        92,
        93,
        94,
        95,
        96,
        97,
        98,
        99,
        100,
        101,
        102,
        103,
        104,
        105,
        106,
        107,
        108,
        109,
        110,
        111,
        112,
        113,
        114,
        115,
        116,
        117,
        118,
        119,
        120,
        121,
        122,
        123,
        124,
        125,
        126,
        127,
        128,
        129,
        130
    ],
    "means": [
        2130.4545454545455,
        2142.7954545454545,
        2173.840909090909,
        2135.681818181818,
        2154.159090909091,
        2153.4545454545455,
        2151.3863636363635,
        2132.0,
        2155.8863636363635,
        2161.6136363636365,
        2167.818181818182,
        2174.590909090909,
        2166.090909090909,
        2172.3636363636365,
        2136.818181818182,
        2157.2272727272725,
        2166.090909090909,
        2164.2954545454545,
        2146.590909090909,
        2153.7954545454545,
        2173.1363636363635,
        2173.0,
        2118.75,
        2144.6363636363635,
        2137.7727272727275,
        2147.818181818182,
        2156.409090909091,
        2161.9772727272725,
        2159.5227272727275,
        2128.409090909091,
        2155.181818181818,
        2152.568181818182,
        2148.1363636363635,
        2165.8636363636365,
        2150.5454545454545,
        2167.6363636363635,
        2147.4545454545455,
        2161.318181818182,
        2153.1363636363635,
        2149.9772727272725,
        2167.931818181818,
        2145.25,
        2166.8863636363635,
        2154.7954545454545,
        2151.6363636363635,
        2146.659090909091,
        2159.2727272727275,
        2140.1363636363635,
        2155.8636363636365,
        2152.5,
        2126.7045454545455,
        2177.1363636363635,
        2183.590909090909,
        2136.7272727272725,
        2145.568181818182,
        2140.568181818182,
        2138.931818181818,
        2120.25,
        2147.318181818182,
        2146.0227272727275,
        2172.2954545454545,
        2131.7954545454545,
        2134.2727272727275,
        2163.9772727272725,
        2178.318181818182,
        2151.068181818182,
        2143.4545454545455,
        2163.2727272727275,
        2160.7954545454545,
        2168.340909090909,
        2133.340909090909,
        2148.75,
        2161.0454545454545,
        2153.7272727272725,
        2129.2272727272725,
        2159.318181818182,
        2151.090909090909,
        2165.159090909091,
        2141.431818181818,
        2163.8636363636365,
        2131.7954545454545,
        2147.2045454545455,
        2163.090909090909,
        2144.9545454545455,
        2159.9772727272725,
        2148.068181818182,
        2146.3863636363635,
        2133.0227272727275,
        2149.7272727272725,
        2153.931818181818,
        2168.5454545454545,
        2153.4545454545455,
        2142.75,
        2151.7045454545455,
        2148.8863636363635,
        2155.340909090909,
        2144.909090909091,
        2144.2045454545455,
        2134.5227272727275,
        2144.6363636363635,
        2136.340909090909,
        2150.2954545454545,
        2127.2272727272725,
        2163.409090909091,
        2145.4545454545455,
        2147.818181818182,
        2129.5,
        2148.6136363636365,
        2141.8863636363635,
        2155.5227272727275,
        2161.7954545454545,
        2155.9545454545455,
        2137.9545454545455,
        2147.818181818182,
        2149.4545454545455,
        2151.2045454545455,
        2152.25,
        2144.068181818182,
        2158.8636363636365,
        2167.318181818182,
        2146.3863636363635,
        2161.840909090909,
        2131.590909090909,
        2127.1363636363635,
        2157.4772727272725,
        2141.568181818182,
        2151.6136363636365,
        2166.1136363636365,
        2142.4545454545455,
        2174.3863636363635
    ],
    "opt": 2253,