{
    "agg": 2252,
    "iters": [
        1,
        2,
        3,
        4,
        5,
        6,
        7,
        8,
        9,
        10,
        11,
        12,
        13,
        14,
        15,
        16,
        17,
        18,
        19,
        20,
        21,
        22,
        23,
        24,
        25,
        26,
        27,
        28,
        29,
        30,
        31,
        32,
        33,
        34,
        35,
        36,
        37,
        38,
        39,
        40,
        41,
        42,
        43,
        44,
        45,
        46,
        47,
        48,
        49,
        50,
        51,
        52,
        53,
        54,
        55,
        56,
        57,
        58,
        59,
        60,
        61,
        62,
        63,
        64,
        65,
        66,
        67,
        68,
        69,
        70,
        71,
        72,
        73,
        74,
        75,
        76,
        77,
        78,
        79,
        80,
        81,
        82,
        83,
        84,
        85,
        86,
        87,
        88,
        89,
        90,
        91,
        92,
        93,
        94,
        95,
        96,
        97,
        98,
        99,
        100,
        101,
        102,
        103,
        104,
        105,
        106,
        107,
        108,
        109,
        110,
        111,
        112,
        113,
        114,
        115,
        116,
        117,
        118,
        119,
        120,
        121,
        122,
        123,
        124,
        125,
        126,
        127,
        128,
        129,
        130,
        131,
        132,
        133,
        134,
        135,
        136,
        137,
        138,
        139,
        140
    ],
    "means": [
        2133.2,
        2164.5333333333333,
        2152.3333333333335,
        2138.222222222222,
        2161.088888888889,
        2152.1555555555556,
        2126.1555555555556,
        2127.866666666667,
        2166.9555555555557,
        2147.5555555555557,
        2150.4444444444443,
        2167.488888888889,
        2151.9333333333334,
        2159.6,
        2151.688888888889,
        2146.5555555555557,
        2175.8,
        2157.8444444444444,
        2156.0444444444443,
        2153.9777777777776,
        2156.8,
        2132.1555555555556,
        2126.9777777777776,
        2153.511111111111,
        2156.3333333333335,
        2154.1111111111113,
        2165.288888888889,
        2153.4222222222224,
        2149.711111111111,
        2163.0444444444443,
        2148.866666666667,
        2143.5555555555557,
        2137.488888888889,
        2146.3777777777777,
        2154.4222222222224,
        2141.6444444444446,
        2143.1111111111113,
        2149.5555555555557,
        2140.4666666666667,
        2138.6222222222223,
        2173.4,
        2144.177777777778,
        2147.822222222222,
        2143.711111111111,
        2169.0222222222224,
        2140.733333333333,
        2168.3333333333335,
        2162.7555555555555,
        2176.688888888889,
        2140.866666666667,
        2161.311111111111,
        2140.0444444444443,
        2155.511111111111,
        2149.688888888889,
        2154.9333333333334,
        2169.2,
        2148.9333333333334,
        2164.4444444444443,
        2144.488888888889,
        2144.3333333333335,
        2147.222222222222,
        2145.133333333333,
        2137.6222222222223,
        2158.266666666667,
        2180.4666666666667,
        2161.1111111111113,
        2168.5555555555557,
        2162.3555555555554,
        2133.6666666666665,
        2141.8888888888887,
        2145.3333333333335,
        2163.911111111111,
        2138.822222222222,
        2135.9777777777776,
        2156.266666666667,
        2157.0666666666666,
        2118.177777777778,
        2147.822222222222,
        2133.9333333333334,
        2141.311111111111,
        2140.8444444444444,
        2149.8888888888887,
        2149.4666666666667,
        2129.1555555555556,
        2149.911111111111,
        2141.9333333333334,
        2154.4444444444443,
        2152.511111111111,
        2130.9333333333334,
        2157.222222222222,
        2132.3555555555554,
        2164.6222222222223,
        2150.0666666666666,
        2150.6444444444446,
        2178.4444444444443,
        2152.4444444444443,
        2127.311111111111,
        2126.0222222222224,
        2154.1555555555556,
        2135.733333333333,
        2139.9333333333334,
        2161.2444444444445,
        2147.5555555555557,
        2151.733333333333,
        2167.0,
        2163.777777777778,
        2151.866666666667,
        2160.911111111111,
        2168.3333333333335,
        2163.688888888889,
        2159.311111111111,
        2163.866666666667,
        2143.4444444444443,
        2139.3555555555554,
        2177.3555555555554,
        2158.688888888889,
        2144.2444444444445,
        2162.511111111111,
        2156.8888888888887,
        2148.6444444444446,
        2154.7555555555555,
        2144.511111111111,
        2157.222222222222,
        2134.3333333333335,
        2156.2,
        2155.6666666666665,
        2158.0222222222224,
        2159.6444444444446,
        2157.511111111111,
        2148.911111111111,
        2138.133333333333,
        2138.488888888889,
        2156.6,
        2161.3777777777777,
        2150.7555555555555,
        2149.6444444444446,
        2152.8,
        2128.2,
        2147.6444444444446,
        2184.6444444444446
    ],
    "opt": 2211,