{
    "agg": 2263,
    "iters": [
        1,
        2,
        3,
        4,
        5,
        6,
        7,
        8,
        9,
        10,
        11,
        12,
        13,
        14,
        15,
        16,
        17,
        18,
        19,
        20,
        21,
        22,
        23,
        24,
        25,
        26,
        27,
        28,
        29,
        30,
        31,
        32,
        33,
        34,
        35,
        36,
        37,
        38,
        39,
        40,
        41,
        42,
        43,
        44,
        45,
        46,
        47,
        48,
        49,
        50,
        51,
        52,
        53,
        54,
        55,
        56,
        57,
        58,
        59,
        60,
        61,
        62,
        63,
        64,
        65,
        66,
        67,
        68,
        69,
        70,
        71,
        72,
        73,
        74,
        75,
        76,
        77,
        78,
        79,
        80,
        81,
        82,
        83,
        84,
        85,
        86,
        87,
        88,
        89,
        90,
        91,
        92,
        93,
        94,
        95,
        96,
        97,
        98,
        99,
        100,
        101,
        102,
        103,
        104,
        105,
        106,
        107,
        108,
        109,
        110,
        111,
        112,
        113,
        114,
        115,
        116,
        117,
        118,
        119,
        120,
        121,
        122,
        123,
        124,
        125,
        126,
        127,
        128,
        129,
        130,
        131,
        132,
        133,
        134,
        135
    ],
    "means": [
        2137.8846153846152,
        2137.5384615384614,
        2146.5,
        2155.6923076923076,
        2157.769230769231,
        2143.769230769231,
        2125.653846153846,
        2149.1923076923076,
        2150.0384615384614,
        2144.8076923076924,
        2165.846153846154,
        2114.076923076923,
        2166.846153846154,
        2149.576923076923,
        2151.8846153846152,
        2152.730769230769,
        2154.769230769231,
        2160.769230769231,
        2165.269230769231,
        2134.6153846153848,
        2147.653846153846,
        2132.8076923076924,
        2147.9615384615386,
        2172.0,
        2133.5,
        2150.5384615384614,
        2148.6923076923076,
        2174.730769230769,
        2167.269230769231,
        2164.153846153846,
        2139.923076923077,
        2159.0,
        2103.346153846154,
        2159.653846153846,
        2142.9615384615386,
        2139.1153846153848,
        2159.230769230769,
        2168.5384615384614,
        2140.3846153846152,
        2153.8076923076924,
        2134.653846153846,
        2140.576923076923,
        2146.9615384615386,
        2123.076923076923,
        2148.153846153846,
        2118.8846153846152,
        2140.6153846153848,
        2131.3076923076924,
        2144.3846153846152,
        2161.3076923076924,
        2144.8846153846152,
        2152.1923076923076,
        2128.1153846153848,
        2156.576923076923,
        2133.9615384615386,
        2151.1923076923076,
        2139.6153846153848,
        2132.423076923077,
        2118.846153846154,
        2170.230769230769,
        2145.423076923077,
        2170.076923076923,
        2174.8076923076924,
        2137.5,
        2164.923076923077,
        2124.1153846153848,
        2157.4615384615386,
        2181.846153846154,
        2186.6923076923076,
        2147.846153846154,
        2142.346153846154,
        2142.230769230769,
        2148.0,
        2156.3076923076924,
        2152.730769230769,
        2133.0,
        2164.576923076923,
        2154.4615384615386,
        2138.9615384615386,
        2154.230769230769,
        2138.8846153846152,
        2122.5,
        2180.269230769231,
        2154.153846153846,
        2163.076923076923,
        2174.730769230769,
        2164.3846153846152,
        2154.5,
        2129.576923076923,
        2120.1923076923076,
        2150.153846153846,
        2157.1153846153848,
        2147.923076923077,
        2153.230769230769,
        2144.730769230769,
        2161.576923076923,
        2158.4615384615386,
        2115.3076923076924,
        2144.1923076923076,
        2135.269230769231,
        2123.0384615384614,
        2176.4615384615386,
        2121.0384615384614,
        2151.846153846154,
        2176.3076923076924,
        2149.653846153846,
        2128.230769230769,
        2162.269230769231,
        2138.1923076923076,
        2108.3076923076924,
        2174.5,
        2139.653846153846,
        2128.0,
        2138.269230769231,
        2139.3076923076924,
        2177.1923076923076,
        2170.846153846154,
        2157.5,
        2169.8076923076924,
        2155.846153846154,
        2174.8846153846152,
        2125.5384615384614,
        2131.769230769231,
        2146.730769230769,
        2150.423076923077,
        2164.0384615384614,
        2169.230769230769,
        2134.423076923077,
        2136.846153846154,
        2189.730769230769,
        2167.846153846154,
        2172.5384615384614,
        2176.3846153846152,
        2122.076923076923,
        2150.4615384615386
    ],
    "opt": 2271,