{
    "agg": 2152,
    "iters": [
        1,
        2,
        3,
        4,
        5,
        6,
        7,
        8,
        9,
        10,
        11,
        12,
        13,
        14,
        15,
        16,
        17,
        18,
        19,
        20,
        21,
        22,
        23,
        24,
        25,
        26,
        27,
        28,
        29,
        30,
        31,
        32,
        33,
        34,
        35,
        36,
        37,
        38,
        39,
        40,
        41,
        42,
        43,
        44,
        45,
        46,
        47,
        48,
        49,
        50,
        51,
        52,
        53,
        54,
        55,
        56,
        57,
        58,
        59,
        60,
        61,
        62,
        63,
        64,
        65,
        66,
        67,
        68,
        69,
        70,
        71,
        72,
        73,
        74,
        75,
        76,
        77,
        78,
        79,
        80,
        81,
        82,
        83,
        84,
        85,
        86,
        87,
        88,
        89,
        90,
        91,
        92,
        93,
        94,
        95,
        96,
        97,
        98,
        99,
        100,
        101,
        102
    ],
    "means": [
        2146.6153846153848,
        2166.4615384615386,
        2194.6153846153848,
        2130.076923076923,
        2137.846153846154,
        2128.846153846154,
        2148.5384615384614,
        2183.6153846153848,
        2145.3076923076924,
        2108.769230769231,
        2152.4615384615386,
        2142.6153846153848,
        2155.769230769231,
        2173.6153846153848,
        2138.769230769231,
        2150.230769230769,
        2151.769230769231,
        2155.923076923077,
        2125.4615384615386,
        2187.076923076923,
        2151.3076923076924,
        2131.0,
        2175.6153846153848,
        2191.0,
        2133.3076923076924,
        2151.923076923077,
        2164.153846153846,
        2204.076923076923,
        2113.846153846154,
        2175.769230769231,
        2103.076923076923,
        2196.0,
        2137.230769230769,
        2136.923076923077,
        2162.076923076923,
        2197.3846153846152,
        2162.923076923077,
        2137.6923076923076,
        2142.6923076923076,
        2171.6153846153848,
        2144.0,
        2137.5384615384614,
        2114.769230769231,
        2163.923076923077,
        2142.6153846153848,
        2125.3076923076924,
        2170.846153846154,
        2154.5384615384614,
        2159.5384615384614,
        2139.846153846154,
        2129.5384615384614,
        2160.5384615384614,
        2130.076923076923,
        2126.153846153846,
        2172.6153846153848,
        2101.3076923076924,
        2175.153846153846,
        2099.0,
        2146.230769230769,
        2159.0,
        2154.846153846154,
        2144.3846153846152,
        2193.230769230769,
        2155.6153846153848,
        2175.6923076923076,
        2175.846153846154,
        2173.923076923077,
        2115.076923076923,
        2103.230769230769,
        2170.3846153846152,
        2106.846153846154,
        2162.5384615384614,
        2158.6153846153848,
        2148.0,
        2149.4615384615386,
        2179.3846153846152,
        2126.076923076923,
        2113.230769230769,
        2130.6923076923076,
        2156.4615384615386,
        2140.153846153846,
        2100.5384615384614,
        2141.3076923076924,
        2136.923076923077,
        2176.846153846154,
        2178.153846153846,
        2147.076923076923,
        2133.4615384615386,
        2202.6153846153848,
        2130.3076923076924,
        2111.4615384615386,
        2147.3076923076924,
        2190.0,
        2154.769230769231,
        2204.0,
        2154.3076923076924,
        2172.4615384615386,
        2154.3076923076924,
        2153.846153846154,
        2114.923076923077,
        2150.3846153846152,
        2184.230769230769
    ],
    "opt": 2219,
    "stdevs": [
        71.07259394075508,
        86.93553348457993,
        75.86276928318402,
        59.93517207842992,
        78.72722738265935,
        85.23437926261929,
        87.95594647725677,
        74.8347291462362,
        93.5803929294401,
        76.02140776037906,
        79.1314538110385,
        81.97986475258466,
        74.33929890002155,
        73.27560036920514,
        95.16314238526938,
        86.02875534123535,
        78.07802197028879,
        82.78374193640974,
        72.36617929202455,
        99.08695601375089,
        108.42820000448691,
        86.73833328775959,
        86.3708804753248,
        72.46749934652404,
        68.12927148543491,
        76.41230422311835,
        87.97800962464878,
        80.63637424928658,
        80.42946853165215,
        89.28446660159516,
        73.2293147884008,
        86.85354605045474,
        82.73884200501817,
        76.3236645814909,
        94.6438356223044,
        82.16450521459836,
        86.16661993215554,
        93.81437040600207,
        91.81702926965849,
        90.58488451046978,
        94.02945528683266,
        91.04657758499673,
        77.26393710089695,
        100.3972582666261,
        87.79393571271875,
        68.47951362986049,
        108.53418189240315,
        106.90730376187183,
        83.0149341380262,
        95.36476220188715,
        85.36042623408053,
        83.80436502732502,
        94.43961158690982,
        76.92538458077027,
        76.58031325803142,
        86.86008609374629,
        78.55996842573992,
        67.35896947868761,
        77.01963170931846,
        90.57423644553846,
        100.22808308579614,
        78.10598170881808,
        76.2457099384855,
        83.21384727735058,
        68.88829823080329,
        72.74808604814727,
        105.36782572600069,
        59.685665768464474,
        61.14944347964111,
        95.57802971035555,
        68.74126087544192,
        80.25690996813381,
        95.8424496135663,
        55.04683320731399,
        82.49066649731714,
        91.44106000928305,
        82.68239654379191,
        78.17451271271105,
        85.3701304414936,
        99.28174003977492,
        99.012700159623,
        79.32078531033667,
        84.17416433103689,
        87.51919485150455,
        82.88996056296672,
        78.33738291601385,
        73.91727344545026,
        84.39888386485414,
        75.59053508265993,
        100.9618241754199,
        83.53959483577499,
        77.98558507371692,
        97.55235280843584,
        62.03740043920633,
        62.0,
        83.84177829091084,
        90.06972972657213,
        59.89912624941859,
        110.7372817172707,
        87.23836624088452,
        68.68158241707603,
        72.83506535702519
    ]
}