{
    "agg": 2286,
    "iters": [
        1,
        2,
        3,
        4,
        5,
        6,
        7,
        8,
        9,
        10,
        11,
        12,
        13,
        14,
        15,
        16,
        17,
        18,
        19,
        20,
        21,
        22,
        23,
        24,
        25,
        26,
        27,
        28,
        29,
        30,
        31,
        32,
        33,
        34,
        35,
        36,
        37,
        38,
        39,
        40,
        41,
        42,
        43,
        44,
        45,
        46,
        47,
        48,
        49,
        50,
        51,
        52,
        53,
        54,
        55,
        56,
        57,
        58,
        59,
        60,
        61,
        62,
        63,
        64,
        65,
        66,
        67,
        68,
        69,
        70,
        71,
        72,
        73,
        74,
        75,
        76,
        77,
        78,
        79,
        80,
        81,
        82,
        83,
        84,
        85,
        86,
        87,
        88,
        89,
        90,
        91,
        92,
        93,
        94,
        95,
        96,
        97,
        98,
        99,
        100,
        101
    ],
    "means": [
        2138.2631578947367,
        2161.6315789473683,
        2158.8947368421054,
        2170.684210526316,
        2150.5263157894738,
        2159.0,
        2126.7368421052633,
        2140.7368421052633,
        2125.8947368421054,
        2122.2105263157896,
        2132.9473684210525,
        2143.842105263158,
        2157.6315789473683,
        2127.5263157894738,
        2166.7368421052633,
        2132.2631578947367,
        2139.684210526316,
        2111.1052631578946,
        2168.157894736842,
        2154.3684210526317,
        2133.0,
        2139.7368421052633,
        2159.7894736842104,
        2179.8947368421054,
        2161.0526315789475,
        2141.5263157894738,
        2192.315789473684,
        2164.0526315789475,
        2133.157894736842,
        2149.0526315789475,
        2137.8947368421054,
        2163.3684210526317,
        2158.4736842105262,
        2129.4736842105262,
        2186.4210526315787,
        2128.0526315789475,
        2174.3684210526317,
        2156.0,
        2142.1052631578946,
        2133.7368421052633,
        2194.2631578947367,
        2158.2631578947367,
        2172.3684210526317,
        2142.2631578947367,
        2171.842105263158,
        2127.157894736842,
        2157.684210526316,
        2137.1052631578946,
        2152.7368421052633,
        2132.157894736842,
        2147.4210526315787,
        2141.8947368421054,
        2130.7368421052633,
        2143.0526315789475,
        2161.5263157894738,
        2120.5263157894738,
        2158.4210526315787,
        2161.4736842105262,
        2147.842105263158,
        2163.1052631578946,
        2166.315789473684,
        2148.1052631578946,
        2161.7368421052633,
        2114.2105263157896,
        2152.9473684210525,
        2160.7368421052633,
        2135.842105263158,
        2145.157894736842,
        2148.684210526316,
        2115.9473684210525,
        2144.3684210526317,
        2121.7368421052633,
        2154.4736842105262,
        2180.157894736842,
        2103.5263157894738,
        2156.9473684210525,
        2177.684210526316,
        2154.684210526316,
        2162.684210526316,
        2173.2631578947367,
        2165.0526315789475,
        2165.684210526316,
        2130.5263157894738,
        2129.1052631578946,
        2140.2105263157896,
        2158.0,
        2187.8947368421054,
        2157.4210526315787,
        2138.6315789473683,
        2178.0526315789475,
        2132.7368421052633,
        2145.4210526315787,
        2157.2105263157896,
        2161.8947368421054,
        2140.5263157894738,
        2137.4210526315787,
        2139.315789473684,
        2147.0526315789475,
        2148.8947368421054,
        2132.2631578947367,
        2165.4210526315787
    ],
    "opt": 2289,
    "stdevs": [
        105.22199195048391,
        74.20754006682935,
        93.41581897867759,
        95.99619106017145,
        78.90458489850599,
        84.79510909430914,
        90.67108986549196,
        82.27223238497086,
        63.547656991751275,
        78.16957204987011,
        94.6947859867416,
        83.70704752942957,
        87.27464847209627,
        92.68814062620083,
        85.12705186043245,
        98.91880886829581,
        91.76575019356217,
        78.80949364187441,
        87.64777786110108,
        107.2052681965111,
        93.79092089379049,
        96.39984827748661,
        82.51352613032505,
        99.4590075499725,
        87.36642356625916,
        82.35824722774636,
        77.59479949447164,
        91.45517952251717,
        96.73363490474064,
        86.55237154111134,
        89.59434588412614,
        79.31364157326398,
        80.37436644330974,
        96.99395988847783,
        69.72375249547217,
        94.59079385726962,
        85.51405580144231,
        100.89911584819447,
        98.05524475993494,
        75.48429052686056,
        98.30395510877322,
        76.06357597449453,
        76.82735979647093,
        104.22033446666485,
        78.72822215691727,
        90.57085807482433,
        102.83868442298557,
        89.34669006141608,
        87.68714849440785,
        91.02299487254783,
        88.38153879002088,
        81.64615228426557,
        64.78453527718118,
        88.40485440601368,
        74.89738131958858,
        84.84001564620108,
        75.28074877240576,
        77.12352936143051,
        77.72709556545612,
        104.22793581318838,
        99.94211621132396,
        81.96911789258588,
        91.23817420429327,
        81.81531123423397,
        72.88092211864684,
        94.01670742074639,
        80.67495741221438,
        74.68055701163367,
        91.00899471543225,
        73.4441955602745,
        92.42135235534663,
        80.60680531885575,
        77.09827523571023,
        68.40688112347726,
        84.86048514507898,
        66.25586264761824,
        96.4676398600391,
        82.69414326081315,
        90.05381585858825,
        91.91921058319762,
        90.9618044098502,
        88.19479196437786,
        95.88335480432386,
        81.08338445980819,
        82.1420970010079,
        83.74271374432021,
        87.43111257431977,
        82.15153891595938,
        84.6057174416878,
        82.4777314023932,
        79.30344261808773,
        88.94310173510021,
        97.73410703879357,
        80.50818509341775,
        64.55382774011373,
        81.70570796879151,
        82.950240399118,
        82.07921314143367,
        84.41993699223457,
        87.70455314668264,
        71.99438266791425
    ]
}