{
    "agg": 2179,
    "iters": [
        1,
        2,
        3,
        4,
        5,
        6,
        7,
        8,
        9,
        10,
        11,
        12,
        13,
        14,
        15,
        16,
        17,
        18,
        19,
        20,
        21,
        22,
        23,
        24,
        25,
        26,
        27,
        28,
        29,
        30,
        31,
        32,
        33,
        34,
        35,
        36,
        37,
        38,
        39,
        40,
        41,
        42,
        43,
        44,
        45,
        46,
        47,
        48,
        49,
        50,
        51,
        52,
        53,
        54,
        55,
        56,
        57,
        58,
        59,
        60,
        61,
        62,
        63,
        64,
        65,
        66,
        67,
        68,
        69,
        70,
        71,
        72,
        73,
        74,
        75,
        76,
        77,
        78,
        79,
        80,
        81,
        82,
        83,
        84,
        85,
        86,
        87,
        88,
        89,
        90,
        91,
        92,
        93,
        94,
        95,
        96,
        97,
        98,
        99,
        100,
        101,
        102,
        103,
        104,
        105,
        106,
        107,
        108,
        109,
        110,
        111,
        112,
        113
    ],
    "means": [
        2158.9411764705883,
        2139.470588235294,
        2163.5882352941176,
        2136.6470588235293,
        2149.3529411764707,
        2136.823529411765,
        2159.823529411765,
        2164.529411764706,
        2128.9411764705883,
        2141.5882352941176,
        2177.764705882353,
        2125.705882352941,
        2185.1176470588234,
        2194.235294117647,
        2168.3529411764707,
        2148.0588235294117,
        2160.470588235294,
        2110.470588235294,
        2160.4117647058824,
        2164.6470588235293,
        2176.1176470588234,
        2149.5882352941176,
        2139.529411764706,
        2142.6470588235293,
        2138.470588235294,
        2187.0588235294117,
        2154.764705882353,
        2180.529411764706,
        2155.4117647058824,
        2150.9411764705883,
        2146.3529411764707,
        2147.235294117647,
        2197.6470588235293,
        2113.235294117647,
        2130.470588235294,
        2130.4117647058824,
        2150.8823529411766,
        2156.3529411764707,
        2150.0,
        2164.294117647059,
        2145.8823529411766,
        2122.9411764705883,
        2138.823529411765,
        2132.1176470588234,
        2141.8823529411766,
        2169.1176470588234,
        2161.6470588235293,
        2200.705882352941,
        2181.235294117647,
        2132.529411764706,
        2139.294117647059,
        2188.1176470588234,
        2180.823529411765,
        2112.9411764705883,
        2149.470588235294,
        2132.176470588235,
        2147.0588235294117,
        2109.1176470588234,
        2149.9411764705883,
        2179.176470588235,
        2139.529411764706,
        2135.3529411764707,
        2175.529411764706,
        2128.823529411765,
        2161.294117647059,
        2174.4117647058824,
        2158.9411764705883,
        2167.470588235294,
        2141.0588235294117,
        2137.9411764705883,
        2144.294117647059,
        2156.5882352941176,
        2150.705882352941,
        2179.8823529411766,
        2165.764705882353,
        2118.235294117647,
        2160.6470588235293,
        2151.823529411765,
        2208.1176470588234,
        2173.0,
        2156.3529411764707,
        2157.294117647059,
        2182.1176470588234,
        2193.294117647059,
        2165.235294117647,
        2134.235294117647,
        2139.4117647058824,
        2148.6470588235293,
        2121.8823529411766,
        2155.705882352941,
        2199.705882352941,
        2163.6470588235293,
        2195.529411764706,
        2097.0588235294117,
        2163.4117647058824,
        2153.4117647058824,
        2141.529411764706,
        2112.9411764705883,
        2154.0,
        2139.470588235294,
        2125.823529411765,
        2143.0588235294117,
        2131.0,
        2129.1176470588234,
        2170.1176470588234,
        2172.1176470588234,
        2168.294117647059,
        2136.9411764705883,
        2142.1176470588234,
        2174.0,
        2139.176470588235,
        2173.235294117647,
        2174.176470588235
    ],
    "opt": 2269,
    "stdevs": [
        105.13714885426631,
        88.17837379729983,
        75.78224130286603,
        72.70968960143975,
        89.64041970166504,
        80.19185472361791,
        82.833096038407,
        66.2030012177863,
        87.20258400666489,
        73.70374627203744,
        86.6524697803308,
        87.41030004314834,
        81.71894614573507,
        80.75564406555684,
        78.1829988864516,
        84.72062780153665,
        102.61298945813992,
        69.08317037503232,
        96.22098268387472,
        98.05277161182771,
        77.94106548271787,
        85.36224459776211,
        79.53180469772775,
        88.19159702299946,
        89.84962446944917,
        70.87725146396765,
        100.97904815401047,
        68.50428723986708,
        80.73781738262029,
        86.43492661992829,
        71.12783948759451,
        89.4772592941684,
        84.98923196601444,
        86.7413527894108,
        92.07932491132071,
        94.59390530269498,
        88.29821286109741,
        94.30235551700373,
        91.86435012304509,
        88.5655388471175,
        95.74898700305255,
        87.62451348408047,
        68.75038848584798,
        100.06461580219123,
        55.02286407425786,
        71.81502575280074,
        92.4827113741492,
        92.2271905203681,
        99.73761424608938,
        93.61254167299117,
        86.49159408723408,
        76.91238893009536,
        74.69249532671599,
        86.54986362053705,
        81.22526240397845,
        67.14797994781871,
        79.42400777082848,
        57.96741716936505,
        84.70743462629981,
        73.94134025907266,
        92.55721133570422,
        95.59592729232189,
        85.06268805800802,
        62.04385099562069,
        85.77793813842972,
        57.665423245323396,
        82.14081924872195,
        86.7207266405543,
        84.38599729689984,
        76.33014252206952,
        71.04246013384187,
        95.83015540591128,
        53.992117840730565,
        76.65344653081101,
        89.61717890184481,
        70.18926464903531,
        70.22982538567516,
        82.83238589011629,
        61.30721323354755,
        84.98581196466924,
        85.0494258904236,
        82.41342316843233,
        80.43110486470881,
        82.9101318621429,
        109.28404943177945,
        77.87662143474103,
        87.54297017064007,
        90.65509373863802,
        77.05832958979548,
        94.63475589983551,
        68.95843991844768,
        80.82001876098491,
        77.87631041069801,
        54.464743683398254,
        75.35801516645054,
        75.73332378933286,
        89.83652974221883,
        72.45970124488693,
        91.35644476444998,
        93.94749324963,
        76.69437842280814,
        96.21817768105451,
        71.80856904461538,
        72.92049042536283,
        90.51674031258864,
        88.91428943118143,
        85.2040904195418,
        76.1194653842276,
        76.08886627447052,
        95.06406508554237,
        70.05899639431432,
        74.11400551278273,
        85.22926540608513
    ]
}