{
    "agg": 2289,
    "iters": [
        1,
        2,
        3,
        4,
        5,
        6,
        7,
        8,
        9,
        10,
        11,
        12,
        13,
        14,
        15,
        16,
        17,
        18,
        19,
        20,
        21,
        22,
        23,
        24,
        25,
        26,
        27,
        28,
        29,
        30,
        31,
        32,
        33,
        34,
        35,
        36,
        37,
        38,
        39,
        40,
        41,
        42,
        43,
        44,
        45,
        46,
        47,
        48,
        49,
        50,
        51,
        52,
        53,
        54,
        55,
        56,
        57,
        58,
        59,
        60,
        61,
        62,
        63,
        64,
        65,
        66,
        67,
        68,
        69,
        70,
        71,
        72,
        73,
        74,
        75,
        76,
        77,
        78,
        79,
        80,
        81,
        82,
        83,
        84,
        85,
        86,
        87,
        88,
        89,
        90,
        91,
        92,
        93,
        94,
        95,
        96,
        97,
        98,
        99,
        100,
        101,
        102
    ],
    "means": [
        2159.451612903226,
        2155.516129032258,
        2144.5806451612902,
        2162.8709677419356,
        2160.064516129032,
        2147.7419354838707,
        2137.1612903225805,
        2143.064516129032,
        2122.935483870968,
        2141.1935483870966,
        2155.516129032258,
        2149.064516129032,
        2139.0967741935483,
        2124.7096774193546,
        2146.0,
        2144.7741935483873,
        2144.548387096774,
        2152.0,
        2147.1935483870966,
        2126.516129032258,
        2156.9032258064517,
        2129.3548387096776,
        2162.1612903225805,
        2132.967741935484,
        2136.548387096774,
        2180.6774193548385,
        2123.548387096774,
        2134.8387096774195,
        2118.967741935484,
        2136.5806451612902,
        2134.9032258064517,
        2134.2258064516127,
        2141.483870967742,
        2129.6774193548385,
        2139.1935483870966,
        2114.548387096774,
        2167.8709677419356,
        2131.4193548387098,
        2102.483870967742,
        2144.451612903226,
        2160.8709677419356,
        2159.2580645161293,
        2154.3548387096776,
        2158.8709677419356,
        2138.3225806451615,
        2115.0,
        2146.2580645161293,
        2157.3548387096776,
        2166.5806451612902,
        2177.4193548387098,
        2143.6451612903224,
        2152.1935483870966,
        2145.1935483870966,
        2156.064516129032,
        2139.8064516129034,
        2162.2903225806454,
        2169.0,
        2126.064516129032,
        2154.3225806451615,
        2164.7096774193546,
        2146.7096774193546,
        2134.548387096774,
        2185.064516129032,
        2131.1612903225805,
        2145.935483870968,
        2120.3225806451615,
        2138.2258064516127,
        2144.3548387096776,
        2124.8064516129034,
        2158.0,
        2153.1290322580644,
        2117.516129032258,
        2161.7096774193546,
        2141.9032258064517,
        2139.2580645161293,
        2171.7741935483873,
        2140.7096774193546,
        2176.2580645161293,
        2169.7419354838707,
        2146.548387096774,
        2160.0967741935483,
        2164.2258064516127,
        2120.032258064516,
        2127.1290322580644,
        2156.1935483870966,
        2148.6451612903224,
        2164.2903225806454,
        2145.451612903226,
        2129.7096774193546,
        2140.548387096774,
        2155.3870967741937,
        2149.4193548387098,
        2169.7741935483873,
        2142.6451612903224,
        2170.548387096774,
        2180.064516129032,
        2180.032258064516,
        2182.0,
        2141.032258064516,
        2134.2258064516127,
        2145.9032258064517,
        2176.4193548387098
    ],
    "opt": 2297,
    "stdevs": [
        89.04904002658651,
        87.45500998863578,
        94.83662494965661,
        91.79350667016382,
        90.77619962475987,
        85.80133382749061,
        100.91839461925966,
        96.65967417626982,
        87.03204285106943,
        69.71759594380131,
        88.1603637688407,
        85.81560707886565,
        89.09377257796875,
        84.7296244603165,
        86.16338568242351,
        90.81022738955775,
        96.25498351897033,
        94.28200663007523,
        85.41074169614949,
        92.49093101758399,
        84.45054091337671,
        87.23884470219664,
        95.5608560616652,
        80.76947837417688,
        89.63144563034584,
        84.86588550396755,
        84.82803808756653,
        89.08897211874081,
        74.56388638587491,
        86.59798634086962,
        87.73984817251572,
        67.942437532797,
        94.13301192144394,
        91.53260906569052,
        71.5426420800633,
        81.92673308617118,
        86.58642594037471,
        84.94012091773388,
        71.88470651102986,
        76.16613366026519,
        95.71386859279568,
        82.83406177293426,
        80.55795284706203,
        86.13258419642243,
        82.12633348326703,
        83.27839048985423,
        94.55395037616235,
        92.29110619685139,
        75.9803770055555,
        79.34683935553323,
        86.02045832696102,
        78.3027290567291,
        77.96004740015718,
        86.56376932787609,
        94.94155056082043,
        84.29678505651141,
        88.23392661811903,
        65.03395415094953,
        74.96037107732289,
        98.06850586111439,
        80.15516949436346,
        84.94090496402909,
        76.75723586101792,
        88.91971615404377,
        97.00313778891332,
        82.58148941100706,
        71.25407047905058,
        89.78596355099407,
        92.49426114885975,
        81.48421576817708,
        90.11882547789384,
        79.95235313680506,
        103.47547427924792,
        80.54786388657956,
        81.85115040156951,
        80.45744604665025,
        97.58675000898072,
        93.71024929035434,
        76.49244860133643,
        77.3933558495599,
        86.84779226815289,
        84.66393133744101,
        74.22871536827056,
        84.60448471888085,
        95.79831615290286,
        77.77907023685401,
        76.1319709656971,
        87.97354393726795,
        85.25717964219263,
        82.4882547688936,
        93.80235825474713,
        84.4587221926929,
        84.73895766960013,
        90.43819789158346,
        82.10765502392316,
        84.41790647986532,
        75.25118533884462,
        85.04875262213224,
        88.44516576113162,
        78.50075392176257,
        84.22832059108251,
        92.81955237346048
    ]
}