{
    "agg": 2254,
    "iters": [
        1,
        2,
        3,
        4,
        5,
        6,
        7,
        8,
        9,
        10,
        11,
        12,
        13,
        14,
        15,
        16,
        17,
        18,
        19,
        20,
        21,
        22,
        23,
        24,
        25,
        26,
        27,
        28,
        29,
        30,
        31,
        32,
        33,
        34,
        35,
        36,
        37,
        38,
        39,
        40,
        41,
        42,
        43,
        44,
        45,
        46,
        47,
        48,
        49,
        50,
        51,
        52,
        53,
        54,
        55,
        56,
        57,
        58,
        59,
        60,
        61,
        62,
        63,
        64,
        65,
        66,
        67,
        68,
        69,
        70,
        71,
        72,
        73,
        74,
        75,
        76,
        77,
        78,
        79,
        80,
        81,
        82,
        83,
        84,
        85,
        86,
        87,
        88,
        89,
        90,
        91,
        92,
        93,
        94,
        95,
        96,
        97,
        98,
        99,
        100,
        101,
        102,
        103,
        104,
        105,
        106,
        107,
        108,
        109,
        110,
        111,
        112,
        113,
        114,
        115,
        116,
        117,
        118,
        119,
        120,
        121,
        122,
        123,
        124,
        125,
        126,
        127,
        128,
        129,
        130
    ],
    "means": [
        2145.846153846154,
        2095.153846153846,
        2140.6153846153848,
        2184.3076923076924,
        2158.6153846153848,
        2133.846153846154,
        2187.769230769231,
        2134.4615384615386,
        2147.230769230769,
        2141.076923076923,
        2145.769230769231,
        2135.3846153846152,
        2137.153846153846,
        2124.076923076923,
        2140.6153846153848,
        2121.4615384615386,
        2149.3846153846152,
        2148.076923076923,
        2180.6153846153848,
        2155.846153846154,
        2174.923076923077,
        2145.153846153846,
        2177.846153846154,
        2117.6923076923076,
        2144.153846153846,
        2155.5384615384614,
        2119.6153846153848,
        2138.3846153846152,
        2194.6153846153848,
        2147.846153846154,
        2153.846153846154,
        2099.5384615384614,
        2140.5384615384614,
        2123.076923076923,
        2128.153846153846,
        2182.6153846153848,
        2157.230769230769,
        2181.769230769231,
        2146.3846153846152,
        2119.3846153846152,
        2175.5384615384614,
        2152.769230769231,
        2107.6923076923076,
        2111.3846153846152,
        2146.153846153846,
        2156.230769230769,
        2195.153846153846,
        2189.230769230769,
        2154.230769230769,
        2161.0,
        2127.4615384615386,
        2151.3076923076924,
        2155.923076923077,
        2119.923076923077,
        2159.923076923077,
        2151.230769230769,
        2153.6923076923076,
        2158.5384615384614,
        2147.6153846153848,
        2161.4615384615386,
        2154.3076923076924,
        2130.846153846154,
        2123.5384615384614,
        2137.230769230769,
        2131.230769230769,
        2145.3076923076924,
        2163.5384615384614,
        2148.153846153846,
        2125.076923076923,
        2137.153846153846,
        2141.3846153846152,
        2214.3076923076924,
        2136.230769230769,
        2133.5384615384614,
        2144.3076923076924,
        2168.6153846153848,
        2132.153846153846,
        2125.923076923077,
        2142.153846153846,
        2179.3076923076924,
        2174.846153846154,
        2147.4615384615386,
        2145.4615384615386,
        2160.076923076923,
        2183.230769230769,
        2131.5384615384614,
        2137.0,
        2145.923076923077,
        2114.230769230769,
        2165.923076923077,
        2124.4615384615386,
        2119.846153846154,
        2131.846153846154,
        2172.6153846153848,
        2154.230769230769,
        2161.4615384615386,
        2162.923076923077,
        2145.076923076923,
        2126.3076923076924,
        2144.153846153846,
        2146.3076923076924,
        2121.846153846154,
        2199.4615384615386,
        2181.6923076923076,
        2161.769230769231,
        2143.6153846153848,
        2159.6923076923076,
        2148.923076923077,
        2177.5384615384614,
        2140.6153846153848,
        2112.230769230769,
        2171.153846153846,
        2168.5384615384614,
        2081.230769230769,
        2151.923076923077,
        2190.153846153846,
        2182.6153846153848,
        2134.0,
        2112.3846153846152,
        2167.0,
        2114.769230769231,
        2126.6153846153848,
        2171.846153846154,
        2154.846153846154,
        2146.769230769231,
        2160.3076923076924,
        2145.923076923077,
        2156.4615384615386,
        2203.3076923076924,
        2117.923076923077
    ],
    "opt": 2213,