{
    "agg": 2213,
    "iters": [
        1,
        2,
        3,
        4,
        5,
        6,
        7,
        8,
        9,
        10,
        11,
        12,
        13,
        14,
        15,
        16,
        17,
        18,
        19,
        20,
        21,
        22,
        23,
        24,
        25,
        26,
        27,
        28,
        29,
        30,
        31,
        32,
        33,
        34,
        35,
        36,
        37,
        38,
        39,
        40,
        41,
        42,
        43,
        44,
        45,
        46,
        47,
        48,
        49,
        50,
        51,
        52,
        53,
        54,
        55,
        56,
        57,
        58,
        59,
        60,
        61,
        62,
        63,
        64,
        65,
        66,
        67,
        68,
        69,
        70,
        71,
        72,
        73,
        74,
        75,
        76,
        77,
        78,
        79,
        80,
        81,
        82,
        83,
        84,
        85,
        86,
        87,
        88,
        89,
        90,
        91,
        92,
        93,
        94,
        95,
        96,
        97,
        98,
        99,
        100,
        101,
        102,
        103,
        104,
        105,
        106,
        107,
        108,
        109,
        110,
        111,
        112,
        113,
        114,
        115,
        116,
        117,
        118,
        119,
        120,
        121,
        122,
        123,
        124,
        125,
        126,
        127,
        128,
        129,
        130,
        131,
        132,
        133,
        134,
        135,
        136,
        137,
        138,
        139,
        140,
        141
    ],
    "means": [
        2162.7272727272725,
        2158.2727272727275,
        2136.818181818182,
        2157.7272727272725,
        2137.3636363636365,
        2150.0,
        2185.2727272727275,
        2170.181818181818,
        2131.818181818182,
        2142.6363636363635,
        2114.090909090909,
        2159.181818181818,
        2224.7272727272725,
        2106.818181818182,
        2149.818181818182,
        2181.4545454545455,
        2155.090909090909,
        2176.3636363636365,
        2164.0,
        2169.0,
        2159.6363636363635,
        2203.2727272727275,
        2149.909090909091,
        2167.6363636363635,
        2115.5454545454545,
        2178.818181818182,
        2115.4545454545455,
        2144.818181818182,
        2165.5454545454545,
        2115.2727272727275,
        2152.818181818182,
        2171.090909090909,
        2164.4545454545455,
        2144.090909090909,
        2189.6363636363635,
        2178.090909090909,
        2148.909090909091,
        2161.6363636363635,
        2160.818181818182,
        2153.3636363636365,
        2127.3636363636365,
        2163.3636363636365,
        2148.6363636363635,
        2152.5454545454545,
        2123.5454545454545,
        2195.4545454545455,
        2147.181818181818,
        2176.181818181818,
        2165.4545454545455,
        2192.3636363636365,
        2184.3636363636365,
        2088.090909090909,
        2132.090909090909,
        2159.090909090909,
        2113.5454545454545,
        2179.818181818182,
        2161.4545454545455,
        2134.0,
        2143.6363636363635,
        2143.090909090909,
        2159.5454545454545,
        2240.5454545454545,
        2138.181818181818,
        2160.3636363636365,
        2108.4545454545455,
        2149.6363636363635,
        2132.0,
        2145.0,
        2164.6363636363635,
        2171.3636363636365,
        2156.909090909091,
        2142.3636363636365,
        2125.5454545454545,
        2173.818181818182,
        2141.818181818182,
        2178.181818181818,
        2145.181818181818,
        2195.6363636363635,
        2160.6363636363635,
        2167.2727272727275,
        2155.2727272727275,
        2147.7272727272725,
        2121.4545454545455,
        2135.909090909091,
        2179.7272727272725,
        2151.3636363636365,
        2182.6363636363635,
        2138.5454545454545,
        2114.909090909091,
        2106.2727272727275,
        2107.909090909091,
        2113.909090909091,
        2161.3636363636365,
        2171.818181818182,
        2124.3636363636365,
        2158.7272727272725,
        2165.3636363636365,
        2166.818181818182,
        2161.3636363636365,
        2143.3636363636365,
        2151.3636363636365,
        2157.7272727272725,
        2149.3636363636365,
        2159.3636363636365,
        2145.909090909091,
        2144.909090909091,
        2170.909090909091,
        2087.7272727272725,
        2106.818181818182,
        2172.090909090909,
        2165.818181818182,
        2148.4545454545455,
        2127.7272727272725,
        2207.6363636363635,
        2131.909090909091,
        2169.6363636363635,
        2146.6363636363635,
        2120.0,
        2186.7272727272725,
        2132.0,
        2138.818181818182,
        2123.3636363636365,
        2107.7272727272725,
        2144.7272727272725,
        2176.909090909091,
        2171.2727272727275,
        2115.3636363636365,
        2157.2727272727275,
        2150.7272727272725,
        2160.818181818182,
        2158.909090909091,
        2165.3636363636365,
        2133.7272727272725,
        2152.909090909091,
        2120.090909090909,
        2129.181818181818,
        2217.7272727272725,
        2116.5454545454545,
        2171.2727272727275,
        2191.2727272727275,
        2128.909090909091
    ],
    "opt": 2241,