{
    "agg": 2131,
    "iters": [
        1,
        2,
        3,
        4,
        5,
        6,
        7,
        8,
        9,
        10,
        11,
        12,
        13,
        14,
        15,
        16,
        17,
        18,
        19,
        20,
        21,
        22,
        23,
        24,
        25,
        26,
        27,
        28,
        29,
        30,
        31,
        32,
        33,
        34,
        35,
        36,
        37,
        38,
        39,
        40,
        41,
        42,
        43,
        44,
        45,
        46,
        47,
        48,
        49,
        50,
        51,
        52,
        53,
        54,
        55,
        56,
        57,
        58,
        59,
        60,
        61,
        62,
        63,
        64,
        65,
        66,
        67,
        68,
        69,
        70,
        71,
        72,
        73,
        74,
        75,
        76,
        77,
        78,
        79,
        80,
        81,
        82,
        83,
        84,
        85,
        86,
        87,
        88,
        89,
        90,
        91,
        92,
        93,
        94,
        95,
        96,
        97,
        98,
        99,
        100,
        101,
        102,
        103,
        104,
        105,
        106,
        107,
        108,
        109,
        110,
        111,
        112,
        113,
        114,
        115,
        116,
        117,
        118,
        119,
        120,
        121,
        122,
        123,
        124,
        125,
        126,
        127,
        128,
        129,
        130,
        131,
        132,
        133,
        134,
        135,
        136,
        137,
        138,
        139,
        140,
        141
    ],
    "means": [
        2124.7241379310344,
        2162.2413793103447,
        2140.9655172413795,
        2124.6206896551726,
        2120.896551724138,
        2173.551724137931,
        2139.551724137931,
        2107.4827586206898,
        2136.103448275862,
        2143.1724137931033,
        2134.5172413793102,
        2166.689655172414,
        2098.206896551724,
        2158.551724137931,
        2143.0,
        2165.0,
        2137.0,
        2163.9310344827586,
        2189.2758620689656,
        2174.448275862069,
        2131.3793103448274,
        2123.9310344827586,
        2130.551724137931,
        2137.344827586207,
        2159.896551724138,
        2145.2758620689656,
        2152.5172413793102,
        2127.896551724138,
        2133.5172413793102,
        2180.0344827586205,
        2166.1724137931033,
        2142.2413793103447,
        2143.862068965517,
        2152.7586206896553,
        2142.5862068965516,
        2144.7586206896553,
        2140.1724137931033,
        2155.9310344827586,
        2134.862068965517,
        2169.655172413793,
        2163.103448275862,
        2146.689655172414,
        2147.655172413793,
        2142.5172413793102,
        2137.310344827586,
        2136.6206896551726,
        2143.4137931034484,
        2129.9655172413795,
        2175.551724137931,
        2166.8275862068967,
        2153.137931034483,
        2166.4827586206898,
        2151.689655172414,
        2163.2413793103447,
        2163.0,
        2130.137931034483,
        2150.2413793103447,
        2150.8275862068967,
        2145.655172413793,
        2150.2413793103447,
        2151.103448275862,
        2123.310344827586,
        2137.7586206896553,
        2147.793103448276,
        2148.6206896551726,
        2158.206896551724,
        2149.862068965517,
        2161.7241379310344,
        2179.862068965517,
        2146.206896551724,
        2160.0,
        2133.2758620689656,
        2137.7241379310344,
        2167.896551724138,
        2133.793103448276,
        2143.206896551724,
        2150.310344827586,
        2177.1724137931033,
        2146.6206896551726,
        2165.7241379310344,
        2159.8275862068967,
        2162.4137931034484,
        2141.689655172414,
        2157.0344827586205,
        2116.8275862068967,
        2176.0,
        2125.0344827586205,
        2167.137931034483,
        2144.896551724138,
        2146.862068965517,
        2158.206896551724,
        2147.655172413793,
        2164.0,
        2138.9655172413795,
        2161.344827586207,
        2148.0,
        2120.137931034483,
        2136.793103448276,
        2168.8275862068967,
        2138.689655172414,
        2127.0344827586205,
        2140.344827586207,
        2123.7241379310344,
        2161.551724137931,
        2140.310344827586,
        2162.7586206896553,
        2147.9655172413795,
        2153.0689655172414,
        2134.2413793103447,
        2144.0344827586205,
        2140.689655172414,
        2161.793103448276,
        2133.5862068965516,
        2153.655172413793,
        2156.0689655172414,
        2133.4137931034484,
        2146.9310344827586,
        2149.0,
        2154.0689655172414,
        2143.7241379310344,
        2138.310344827586,
        2154.896551724138,
        2123.0344827586205,
        2142.5862068965516,
        2198.793103448276,
        2121.5862068965516,
        2139.896551724138,
        2152.2758620689656,
        2142.7241379310344,
        2165.0,
        2156.7241379310344,
        2154.4137931034484,
        2157.310344827586,
        2181.1724137931033,
        2150.137931034483,
        2112.9655172413795,
        2132.0344827586205,
        2144.137931034483,
        2146.4827586206898,
        2160.7241379310344,
        2152.5172413793102
    ],
    "opt": 2281,