{
    "agg": 2244,
    "iters": [
        1,
        2,
        3,
        4,
        5,
        6,
        7,
        8,
        9,
        10,
        11,
        12,
        13,
        14,
        15,
        16,
        17,
        18,
        19,
        20,
        21,
        22,
        23,
        24,
        25,
        26,
        27,
        28,
        29,
        30,
        31,
        32,
        33,
        34,
        35,
        36,
        37,
        38,
        39,
        40,
        41,
        42,
        43,
        44,
        45,
        46,
        47,
        48,
        49,
        50,
        51,
        52,
        53,
        54,
        55,
        56,
        57,
        58,
        59,
        60,
        61,
        62,
        63,
        64,
        65,
        66,
        67,
        68,
        69,
        70,
        71,
        72,
        73,
        74,
        75,
        76,
        77,
        78,
        79,
        80,
        81,
        82,
        83,
        84,
        85,
        86,
        87,
        88,
        89,
        90,
        91,
        92,
        93,
        94,
        95,
        96,
        97,
        98,
        99,
        100,
        101,
        102,
        103,
        104,
        105,
        106,
        107,
        108,
        109,
        110
    ],
    "means": [
        2145.4736842105262,
        2162.1052631578946,
        2160.184210526316,
        2149.5,
        2126.342105263158,
        2129.5526315789475,
        2144.9736842105262,
        2155.4473684210525,
        2148.7631578947367,
        2158.5789473684213,
        2158.815789473684,
        2136.3684210526317,
        2188.315789473684,
        2145.7105263157896,
        2161.842105263158,
        2146.815789473684,
        2157.6052631578946,
        2153.342105263158,
        2135.0789473684213,
        2142.9473684210525,
        2184.1052631578946,
        2185.7894736842104,
        2141.9473684210525,
        2135.315789473684,
        2153.0526315789475,
        2164.4210526315787,
        2141.3947368421054,
        2140.815789473684,
        2159.5526315789475,
        2132.315789473684,
        2139.3684210526317,
        2140.157894736842,
        2147.7894736842104,
        2173.315789473684,
        2149.9210526315787,
        2153.9473684210525,
        2172.7105263157896,
        2149.2368421052633,
        2154.9210526315787,
        2171.4473684210525,
        2152.157894736842,
        2149.815789473684,
        2164.6052631578946,
        2139.2894736842104,
        2153.9210526315787,
        2157.157894736842,
        2152.5,
        2149.0789473684213,
        2133.4473684210525,
        2163.8947368421054,
        2135.7631578947367,
        2147.184210526316,
        2141.684210526316,
        2121.7631578947367,
        2138.5526315789475,
        2135.6052631578946,
        2131.7105263157896,
        2152.9736842105262,
        2165.6315789473683,
        2145.8947368421054,
        2138.3947368421054,
        2176.6315789473683,
        2149.815789473684,
        2157.7894736842104,
        2161.1052631578946,
        2150.342105263158,
        2170.5,
        2165.0526315789475,
        2167.4210526315787,
        2152.9210526315787,
        2144.1315789473683,
        2134.0789473684213,
        2176.342105263158,
        2135.184210526316,
        2160.1315789473683,
        2155.9210526315787,
        2152.315789473684,
        2143.4210526315787,
        2163.5263157894738,
        2132.9210526315787,
        2162.9210526315787,
        2149.9736842105262,
        2147.5263157894738,
        2176.9473684210525,
        2147.3684210526317,
        2165.4473684210525,
        2149.7631578947367,
        2168.2894736842104,
        2182.684210526316,
        2132.7631578947367,
        2145.342105263158,
        2149.5,
        2166.5263157894738,
        2144.7894736842104,
        2148.0526315789475,
        2138.4473684210525,
        2149.7105263157896,
        2152.4210526315787,
        2132.7368421052633,
        2151.157894736842,
        2157.157894736842,
        2148.842105263158,
        2150.6052631578946,
        2150.0789473684213,
        2118.4736842105262,
        2164.0,
        2152.2105263157896,
        2149.2368421052633,
        2161.184210526316,
        2152.0526315789475
    ],
    "opt": 2252,
    "stdevs": [
        76.67180118500482,
        86.9088419805743,
        91.90208040230355,
        100.23019557629905,
        86.4688189360734,
        77.09894441506249,
        94.65935793317705,
        82.5325126902697,
        78.45395371289835,
        82.85581375242282,
        77.2384739359581,
        88.06409778428186,
        84.2227951588923,
        89.39472134855698,
        78.49154373353304,
        82.31705561686086,
        85.51716955143361,
        85.21004274756322,
        78.40595492252498,
        76.63891665274484,
        74.24312460589559,
        89.39656118864177,
        76.5127947224037,
        81.12047741449553,
        82.98698292611954,
        93.51291258400947,
        83.22086639706484,
        89.89404735961396,
        87.76754506512646,
        72.020868782362,
        89.7532937535564,
        88.95875043961888,
        86.92863312866322,
        91.15894310810793,
        85.87701781248374,
        92.95130229500795,
        86.1024200083943,
        78.81538529023857,
        97.90338459257391,
        93.05139987872607,
        83.27618169484676,
        80.98110736889512,
        82.99065878750076,
        88.37149692148506,
        82.6143168358874,
        82.44057710534663,
        75.66851184086103,
        79.18844332847252,
        96.63487911461289,
        92.10199994219343,
        96.01245374553358,
        80.09561892978387,
        71.18696852328118,
        92.38547226033184,
        85.4251588013314,
        76.75680647812428,
        82.47771880770584,
        103.56017494092511,
        85.62353988079127,
        80.40842763950222,
        98.2559866861434,
        82.31947427477502,
        88.60879582784625,
        89.39361742633027,
        72.07189008705281,
        89.73624401714567,
        91.41339012823472,
        81.84354373418547,
        74.73589695473527,
        87.6180051127883,
        90.1128447683446,
        90.25093134931231,
        90.21590369651237,
        80.88844015489803,
        106.76441627114089,
        83.66989698840236,
        88.59223717422779,
        76.56013514635934,
        75.98051579953531,
        90.30806386415317,
        82.69900450586081,
        91.48525530957527,
        80.05680116481287,
        67.53944164179416,
        83.17876153917618,
        91.53535335665354,
        85.86600154663456,
        84.7572098764393,
        83.57697531811078,
        74.61742219676889,
        83.812534019237,
        95.91683623683701,
        81.43765353165809,
        72.51393981948604,
        88.54197558470905,
        97.68011632186838,
        97.09677968933255,
        77.79278534365217,
        93.66392447427364,
        80.12967329857453,
        85.95547388214848,
        93.42109710895902,
        85.16564030222894,
        81.7976906053322,
        84.52303854169779,
        91.10606889485291,
        87.17078152887338,
        91.44898900495129,
        78.23138933323574,
        85.36976765762512
    ]
}