{
    "agg": 2291,
    "iters": [
        1,
        2,
        3,
        4,
        5,
        6,
        7,
        8,
        9,
        10,
        11,
        12,
        13,
        14,
        15,
        16,
        17,
        18,
        19,
        20,
        21,
        22,
        23,
        24,
        25,
        26,
        27,
        28,
        29,
        30,
        31,
        32,
        33,
        34,
        35,
        36,
        37,
        38,
        39,
        40,
        41,
        42,
        43,
        44,
        45,
        46,
        47,
        48,
        49,
        50,
        51,
        52,
        53,
        54,
        55,
        56,
        57,
        58,
        59,
        60,
        61,
        62,
        63,
        64,
        65,
        66,
        67,
        68,
        69,
        70,
        71,
        72,
        73,
        74,
        75,
        76,
        77,
        78,
        79,
        80,
        81,
        82,
        83,
        84,
        85,
        86,
        87,
        88,
        89,
        90,
        91,
        92,
        93,
        94,
        95,
        96,
        97,
        98,
        99,
        100,
        101,
        102,
        103,
        104,
        105,
        106,
        107,
        108,
        109,
        110,
        111,
        112,
        113,
        114,
        115,
        116,
        117,
        118,
        119,
        120,
        121,
        122,
        123,
        124,
        125,
        126,
        127,
        128,
        129,
        130,
        131,
        132
    ],
    "means": [
        2165.782608695652,
        2155.8695652173915,
        2149.391304347826,
        2136.086956521739,
        2134.782608695652,
        2133.7391304347825,
        2124.4347826086955,
        2130.7391304347825,
        2152.2608695652175,
        2179.608695652174,
        2136.695652173913,
        2167.391304347826,
        2164.4347826086955,
        2142.0434782608695,
        2125.8695652173915,
        2163.4347826086955,
        2154.8695652173915,
        2137.3478260869565,
        2138.5652173913045,
        2172.782608695652,
        2144.2608695652175,
        2181.695652173913,
        2166.9565217391305,
        2152.1739130434785,
        2149.1739130434785,
        2141.1304347826085,
        2166.9565217391305,
        2151.8695652173915,
        2127.0434782608695,
        2165.913043478261,
        2149.217391304348,
        2169.608695652174,
        2112.4347826086955,
        2146.7391304347825,
        2148.521739130435,
        2149.782608695652,
        2146.4347826086955,
        2135.0,
        2153.1739130434785,
        2160.1739130434785,
        2148.913043478261,
        2147.086956521739,
        2143.9565217391305,
        2167.086956521739,
        2167.1304347826085,
        2167.8260869565215,
        2131.608695652174,
        2145.8695652173915,
        2136.391304347826,
        2154.0,
        2162.304347826087,
        2190.521739130435,
        2131.304347826087,
        2180.217391304348,
        2167.8260869565215,
        2113.304347826087,
        2175.6521739130435,
        2155.0434782608695,
        2141.0,
        2158.217391304348,
        2140.3478260869565,
        2155.086956521739,
        2132.695652173913,
        2136.1304347826085,
        2122.0,
        2152.913043478261,
        2143.3478260869565,
        2161.4347826086955,
        2171.086956521739,
        2162.4347826086955,
        2160.9565217391305,
        2163.9565217391305,
        2155.608695652174,
        2165.086956521739,
        2148.304347826087,
        2165.9565217391305,
        2132.782608695652,
        2144.8260869565215,
        2102.7391304347825,
        2137.217391304348,
        2146.391304347826,
        2148.391304347826,
        2132.217391304348,
        2154.2608695652175,
        2160.1739130434785,
        2152.086956521739,
        2134.7391304347825,
        2157.1739130434785,
        2202.0,
        2157.217391304348,
        2140.391304347826,
        2130.9565217391305,
        2156.8695652173915,
        2130.2608695652175,
        2118.3478260869565,
        2156.695652173913,
        2138.9565217391305,
        2140.3478260869565,
        2173.478260869565,
        2164.7391304347825,
        2149.478260869565,
        2163.521739130435,
        2158.608695652174,
        2135.0,
        2118.913043478261,
        2144.8260869565215,
        2169.5652173913045,
        2162.217391304348,
        2152.695652173913,
        2158.5652173913045,
        2165.086956521739,
        2164.608695652174,
        2150.782608695652,
        2117.608695652174,
        2131.0,
        2180.391304347826,
        2160.0434782608695,
        2176.086956521739,
        2134.521739130435,
        2145.695652173913,
        2155.4347826086955,
        2133.913043478261,
        2142.304347826087,
        2151.8260869565215,
        2167.913043478261,
        2125.217391304348,
        2189.7391304347825,
        2171.1739130434785,
        2155.695652173913,
        2154.8260869565215,
        2166.695652173913,
        2124.391304347826
    ],
    "opt": 2221,