{
    "agg": 2196,
    "iters": [
        1,
        2,
        3,
        4,
        5,
        6,
        7,
        8,
        9,
        10,
        11,
        12,
        13,
        14,
        15,
        16,
        17,
        18,
        19,
        20,
        21,
        22,
        23,
        24,
        25,
        26,
        27,
        28,
        29,
        30,
        31,
        32,
        33,
        34,
        35,
        36,
        37,
        38,
        39,
        40,
        41,
        42,
        43,
        44,
        45,
        46,
        47,
        48,
        49,
        50,
        51,
        52,
        53,
        54,
        55,
        56,
        57,
        58,
        59,
        60,
        61,
        62,
        63,
        64,
        65,
        66,
        67,
        68,
        69,
        70,
        71,
        72,
        73,
        74,
        75,
        76,
        77,
        78,
        79,
        80,
        81,
        82,
        83,
        84,
        85,
        86,
        87,
        88,
        89,
        90,
        91,
        92,
        93,
        94,
        95,
        96,
        97,
        98,
        99,
        100,
        101,
        102,
        103,
        104,
        105,
        106,
        107
    ],
    "means": [
        2145.3870967741937,
        2172.935483870968,
        2159.5806451612902,
        2151.9032258064517,
        2123.6129032258063,
        2154.6451612903224,
        2134.967741935484,
        2113.3225806451615,
        2149.3870967741937,
        2155.064516129032,
        2139.483870967742,
        2155.1935483870966,
        2120.0967741935483,
        2137.8064516129034,
        2148.548387096774,
        2171.7741935483873,
        2157.8387096774195,
        2127.6129032258063,
        2142.6774193548385,
        2137.7096774193546,
        2124.483870967742,
        2178.2903225806454,
        2157.6129032258063,
        2156.6129032258063,
        2146.7741935483873,
        2158.3870967741937,
        2173.1290322580644,
        2133.8064516129034,
        2129.8387096774195,
        2153.548387096774,
        2145.3225806451615,
        2150.0,
        2170.2903225806454,
        2107.8387096774195,
        2143.6451612903224,
        2138.0,
        2145.064516129032,
        2154.1290322580644,
        2153.7096774193546,
        2159.483870967742,
        2166.2258064516127,
        2120.6774193548385,
        2161.8709677419356,
        2114.6451612903224,
        2183.3870967741937,
        2122.9032258064517,
        2137.7741935483873,
        2163.483870967742,
        2145.1290322580644,
        2178.0,
        2156.7096774193546,
        2139.935483870968,
        2126.0,
        2155.2258064516127,
        2167.3225806451615,
        2131.8064516129034,
        2138.516129032258,
        2130.7419354838707,
        2140.7096774193546,
        2150.4193548387098,
        2114.032258064516,
        2143.451612903226,
        2164.451612903226,
        2158.9032258064517,
        2142.516129032258,
        2132.1612903225805,
        2170.8064516129034,
        2194.9032258064517,
        2141.8387096774195,
        2154.2903225806454,
        2129.516129032258,
        2135.4193548387098,
        2119.516129032258,
        2161.548387096774,
        2113.5806451612902,
        2156.1290322580644,
        2146.0,
        2128.483870967742,
        2142.9032258064517,
        2098.3870967741937,
        2178.4193548387098,
        2154.064516129032,
        2155.1290322580644,
        2137.8387096774195,
        2132.1935483870966,
        2160.8387096774195,
        2157.9032258064517,
        2140.3225806451615,
        2180.6129032258063,
        2155.0967741935483,
        2155.483870967742,
        2158.9032258064517,
        2166.064516129032,
        2146.4193548387098,
        2139.064516129032,
        2154.6451612903224,
        2127.935483870968,
        2129.2903225806454,
        2176.6129032258063,
        2136.6129032258063,
        2140.1612903225805,
        2148.032258064516,
        2121.2903225806454,
        2174.3225806451615,
        2153.1290322580644,
        2175.3548387096776,
        2134.8064516129034
    ],
    "opt": 2265,
    "stdevs": [
        84.94767931264244,
        80.38092193961602,
        84.40179412309118,
        92.80376620510741,
        73.29642750584551,
        86.24217529241439,
        103.32269646393557,
        79.72508695582881,
        81.76310289364689,
        89.79436561240136,
        76.55816720416423,
        82.13577247257746,
        92.79299015471071,
        81.80047296765177,
        77.95608304997961,
        80.17268043957222,
        79.68652161669077,
        86.99005409198294,
        89.38838312947361,
        84.82018686548587,
        84.69218304475672,
        77.77477555608353,
        85.23579341255676,
        88.60265685208711,
        77.4274726926783,
        77.49492279700145,
        85.38782187683397,
        93.37901240844589,
        85.80401403280338,
        99.74995794636592,
        97.13123383798157,
        73.33264906816635,
        82.62319972110744,
        70.45753549488151,
        94.31708646458252,
        70.15880603684849,
        88.1783147520285,
        92.94769321105836,
        91.27879785911742,
        84.7081787450653,
        92.19499310364904,
        70.48147187177094,
        90.96498508748682,
        83.20225973478115,
        85.08692990088652,
        93.38831688990682,
        86.15466575178183,
        69.65531310015142,
        79.74829027815758,
        86.37539972364443,
        91.44580399142367,
        93.26719697309169,
        91.67544435002316,
        89.71593510322684,
        94.33960174739133,
        82.08037734728968,
        89.24011500973704,
        77.66676864072956,
        90.25955174130384,
        83.86155033977263,
        90.4074946475652,
        88.89821606747341,
        86.49774888350952,
        73.96788964997981,
        85.15105021523543,
        77.88995412229858,
        80.17055181131991,
        84.98666113125832,
        85.83446062388423,
        97.3153150922754,
        81.9775228705,
        67.76990206124115,
        91.8329025889895,
        76.2562905748585,
        66.85987957181766,
        84.88274338680345,
        88.85617229454974,
        83.59305070967977,
        86.73182800791282,
        81.63991647802577,
        81.14215888162494,
        90.42656456818747,
        79.15388928780479,
        66.08796521850377,
        90.0130525857003,
        81.76681903504172,
        103.90981040917931,
        89.69855865953664,
        81.63636026537274,
        85.54883715154327,
        83.52896772696127,
        85.90668412114944,
        86.72162936061233,
        91.89326704724358,
        84.57672046207932,
        80.82021001924352,
        89.8489540692963,
        85.56272686706636,
        88.86331563567065,
        84.73780335468776,
        99.09073612317067,
        91.00105772904165,
        91.14369850579521,
        88.70407020401953,
        84.10429084043902,
        80.76071721034197,
        83.51295798811749
    ]
}