{
    "agg": 2121,
    "iters": [
        1,
        2,
        3,
        4,
        5,
        6,
        7,
        8,
        9,
        10,
        11,
        12,
        13,
        14,
        15,
        16,
        17,
        18,
        19,
        20,
        21,
        22,
        23,
        24,
        25,
        26,
        27,
        28,
        29,
        30,
        31,
        32,
        33,
        34,
        35,
        36,
        37,
        38,
        39,
        40,
        41,
        42,
        43,
        44,
        45,
        46,
        47,
        48,
        49,
        50,
        51,
        52,
        53,
        54,
        55,
        56,
        57,
        58,
        59,
        60,
        61,
        62,
        63,
        64,
        65,
        66,
        67,
        68,
        69,
        70,
        71,
        72,
        73,
        74,
        75,
        76,
        77,
        78,
        79,
        80,
        81,
        82,
        83,
        84,
        85,
        86,
        87,
        88,
        89,
        90,
        91,
        92,
        93,
        94,
        95,
        96,
        97,
        98,
        99,
        100,
        101,
        102,
        103,
        104,
        105,
        106,
        107,
        108,
        109,
        110,
        111,
        112,
        113,
        114,
        115,
        116,
        117,
        118,
        119,
        120,
        121,
        122,
        123,
        124,
        125,
        126,
        127,
        128,
        129,
        130,
        131,
        132,
        133,
        134,
        135,
        136,
        137,
        138,
        139,
        140,
        141,
        142,
        143,
        144,
        145
    ],
    "means": [
        2169.4210526315787,
        2163.5789473684213,
        2165.842105263158,
        2144.157894736842,
        2159.0526315789475,
        2151.315789473684,
        2149.0,
        2150.3684210526317,
        2107.9473684210525,
        2142.0526315789475,
        2158.2105263157896,
        2149.684210526316,
        2135.4210526315787,
        2174.9473684210525,
        2145.4210526315787,
        2130.157894736842,
        2156.2631578947367,
        2138.7894736842104,
        2154.5263157894738,
        2167.157894736842,
        2164.315789473684,
        2191.4736842105262,
        2158.9473684210525,
        2149.2631578947367,
        2136.0526315789475,
        2152.157894736842,
        2150.0,
        2100.2631578947367,
        2125.6315789473683,
        2136.7894736842104,
        2148.7368421052633,
        2121.842105263158,
        2126.5263157894738,
        2168.5789473684213,
        2146.3684210526317,
        2167.842105263158,
        2170.2631578947367,
        2175.0526315789475,
        2149.4210526315787,
        2118.7368421052633,
        2138.0526315789475,
        2141.3684210526317,
        2139.1052631578946,
        2167.4210526315787,
        2161.4736842105262,
        2154.2631578947367,
        2166.2631578947367,
        2160.5789473684213,
        2178.1052631578946,
        2111.8947368421054,
        2160.1052631578946,
        2130.0,
        2157.6315789473683,
        2156.4736842105262,
        2168.5789473684213,
        2154.9473684210525,
        2147.0,
        2134.6315789473683,
        2137.315789473684,
        2149.842105263158,
        2128.2631578947367,
        2140.5789473684213,
        2159.1052631578946,
        2167.4210526315787,
        2140.2631578947367,
        2198.4210526315787,
        2136.4210526315787,
        2167.5789473684213,
        2174.7894736842104,
        2139.8947368421054,
        2189.6315789473683,
        2152.684210526316,
        2119.1052631578946,
        2120.1052631578946,
        2134.157894736842,
        2120.842105263158,
        2147.2631578947367,
        2152.6315789473683,
        2126.684210526316,
        2145.8947368421054,
        2127.0526315789475,
        2193.157894736842,
        2176.0526315789475,
        2142.9473684210525,
        2143.9473684210525,
        2122.9473684210525,
        2154.684210526316,
        2186.7368421052633,
        2151.5789473684213,
        2188.0,
        2166.842105263158,
        2161.3684210526317,
        2162.4736842105262,
        2157.7368421052633,
        2143.1052631578946,
        2170.5263157894738,
        2126.4736842105262,
        2126.684210526316,
        2126.2105263157896,
        2131.6315789473683,
        2140.0,
        2159.6315789473683,
        2167.4210526315787,
        2132.684210526316,
        2187.9473684210525,
        2142.315789473684,
        2183.3684210526317,
        2171.5263157894738,
        2173.842105263158,
        2152.1052631578946,
        2150.5789473684213,
        2148.4736842105262,
        2144.2631578947367,
        2160.0526315789475,
        2141.0,
        2165.2105263157896,
        2144.7894736842104,
        2140.684210526316,
        2165.4210526315787,
        2200.315789473684,
        2140.5789473684213,
        2144.157894736842,
        2190.8947368421054,
        2155.5263157894738,
        2142.157894736842,
        2156.684210526316,
        2140.684210526316,
        2168.0,
        2156.684210526316,
        2136.157894736842,
        2178.5789473684213,
        2129.7368421052633,
        2161.0526315789475,
        2143.157894736842,
        2161.5263157894738,
        2178.7894736842104,
        2158.4210526315787,
        2127.9473684210525,
        2162.684210526316,
        2147.4736842105262,
        2109.7368421052633,
        2136.4210526315787,
        2132.6315789473683,
        2157.3684210526317,
        2146.0526315789475
    ],
    "opt": 2229,