{
    "agg": 2265,
    "iters": [
        1,
        2,
        3,
        4,
        5,
        6,
        7,
        8,
        9,
        10,
        11,
        12,
        13,
        14,
        15,
        16,
        17,
        18,
        19,
        20,
        21,
        22,
        23,
        24,
        25,
        26,
        27,
        28,
        29,
        30,
        31,
        32,
        33,
        34,
        35,
        36,
        37,
        38,
        39,
        40,
        41,
        42,
        43,
        44,
        45,
        46,
        47,
        48,
        49,
        50,
        51,
        52,
        53,
        54,
        55,
        56,
        57,
        58,
        59,
        60,
        61,
        62,
        63,
        64,
        65,
        66,
        67,
        68,
        69,
        70,
        71,
        72,
        73,
        74,
        75,
        76,
        77,
        78,
        79,
        80,
        81,
        82,
        83,
        84,
        85,
        86,
        87,
        88,
        89,
        90,
        91,
        92,
        93,
        94,
        95,
        96,
        97,
        98,
        99,
        100,
        101,
        102,
        103,
        104,
        105,
        106,
        107,
        108,
        109,
        110,
        111,
        112,
        113,
        114,
        115,
        116,
        117,
        118,
        119,
        120,
        121,
        122,
        123,
        124
    ],
    "means": [
        2136.181818181818,
        2155.590909090909,
        2150.25,
        2150.840909090909,
        2150.3863636363635,
        2164.159090909091,
        2145.431818181818,
        2135.1363636363635,
        2154.340909090909,
        2170.6363636363635,
        2140.931818181818,
        2130.8636363636365,
        2125.0,
        2145.9545454545455,
        2147.909090909091,
        2131.9772727272725,
        2158.181818181818,
        2179.931818181818,
        2146.75,
        2150.6136363636365,
        2139.9545454545455,
        2144.909090909091,
        2138.659090909091,
        2140.8863636363635,
        2155.9545454545455,
        2157.2954545454545,
        2135.0454545454545,
        2154.25,
        2134.6136363636365,
        2157.6363636363635,
        2167.5,
        2151.3636363636365,
        2157.25,
        2174.7045454545455,
        2173.8636363636365,
        2173.659090909091,
        2153.6363636363635,
        2143.2272727272725,
        2140.4772727272725,
        2145.6136363636365,
        2158.8863636363635,
        2153.25,
        2157.340909090909,
        2140.5,
        2160.7727272727275,
        2153.25,
        2144.5454545454545,
        2134.159090909091,
        2138.931818181818,
        2159.1363636363635,
        2136.7954545454545,
        2155.181818181818,
        2138.8863636363635,
        2159.3863636363635,
        2154.840909090909,
        2149.6363636363635,
        2161.7954545454545,
        2132.4772727272725,
        2152.409090909091,
        2153.0227272727275,
        2122.3863636363635,
        2171.2954545454545,
        2152.909090909091,
        2169.9772727272725,
        2147.6363636363635,
        2124.2727272727275,
        2155.840909090909,
        2133.2727272727275,
        2167.340909090909,
        2158.2727272727275,
        2145.318181818182,
        2173.931818181818,
        2151.318181818182,
        2121.4545454545455,
        2131.7954545454545,
        2162.5454545454545,
        2157.8863636363635,
        2142.818181818182,
        2166.068181818182,
        2133.590909090909,
        2153.090909090909,
        2166.2954545454545,
        2134.3863636363635,
        2140.909090909091,
        2169.4545454545455,
        2123.5227272727275,
        2140.2954545454545,
        2148.840909090909,
        2167.9545454545455,
        2151.2272727272725,
        2138.6363636363635,
        2160.2954545454545,
        2166.159090909091,
        2159.7954545454545,
        2161.8636363636365,
        2173.9772727272725,
        2168.159090909091,
        2146.4545454545455,
        2146.9772727272725,
        2168.340909090909,
        2170.590909090909,
        2152.0454545454545,
        2137.0227272727275,
        2149.840909090909,
        2135.0,
        2131.931818181818,
        2146.0227272727275,
        2145.1136363636365,
        2140.340909090909,
        2157.4772727272725,
        2143.5,
        2185.159090909091,
        2163.1136363636365,
        2157.318181818182,
        2138.8863636363635,
        2167.8636363636365,
        2130.6363636363635,
        2121.0,
        2151.909090909091,
        2151.159090909091,
        2152.659090909091,
        2166.9545454545455,
        2173.7045454545455,
        2139.318181818182
    ],
    "opt": 2213,