{
    "agg": 2168,
    "iters": [
        1,
        2,
        3,
        4,
        5,
        6,
        7,
        8,
        9,
        10,
        11,
        12,
        13,
        14,
        15,
        16,
        17,
        18,
        19,
        20,
        21,
        22,
        23,
        24,
        25,
        26,
        27,
        28,
        29,
        30,
        31,
        32,
        33,
        34,
        35,
        36,
        37,
        38,
        39,
        40,
        41,
        42,
        43,
        44,
        45,
        46,
        47,
        48,
        49,
        50,
        51,
        52,
        53,
        54,
        55,
        56,
        57,
        58,
        59,
        60,
        61,
        62,
        63,
        64,
        65,
        66,
        67,
        68,
        69,
        70,
        71,
        72,
        73,
        74,
        75,
        76,
        77,
        78,
        79,
        80,
        81,
        82,
        83,
        84,
        85,
        86,
        87,
        88,
        89,
        90,
        91,
        92,
        93,
        94,
        95,
        96,
        97,
        98,
        99,
        100,
        101,
        102,
        103,
        104,
        105,
        106,
        107,
        108,
        109,
        110,
        111,
        112,
        113,
        114,
        115,
        116,
        117,
        118,
        119,
        120,
        121,
        122,
        123,
        124,
        125,
        126,
        127,
        128,
        129,
        130,
        131,
        132,
        133,
        134,
        135,
        136,
        137,
        138,
        139
    ],
    "means": [
        2139.0555555555557,
        2141.0555555555557,
        2136.0,
        2155.3888888888887,
        2152.6111111111113,
        2155.3888888888887,
        2116.277777777778,
        2178.8888888888887,
        2157.777777777778,
        2141.6666666666665,
        2154.6666666666665,
        2112.777777777778,
        2165.277777777778,
        2140.3888888888887,
        2160.3333333333335,
        2156.8333333333335,
        2169.277777777778,
        2172.8333333333335,
        2115.0,
        2135.3333333333335,
        2137.3333333333335,
        2150.5,
        2148.6111111111113,
        2144.0,
        2124.6111111111113,
        2154.6666666666665,
        2150.5,
        2146.5,
        2154.277777777778,
        2137.3888888888887,
        2125.777777777778,
        2157.3333333333335,
        2144.0555555555557,
        2112.722222222222,
        2123.722222222222,
        2158.1666666666665,
        2155.8888888888887,
        2178.277777777778,
        2150.277777777778,
        2155.4444444444443,
        2160.9444444444443,
        2131.3888888888887,
        2147.6111111111113,
        2148.0,
        2164.6666666666665,
        2145.222222222222,
        2159.777777777778,
        2116.222222222222,
        2161.1666666666665,
        2112.722222222222,
        2127.3888888888887,
        2137.1111111111113,
        2187.5,
        2146.6111111111113,
        2167.9444444444443,
        2134.1111111111113,
        2120.5,
        2115.0555555555557,
        2157.6666666666665,
        2116.3888888888887,
        2160.777777777778,
        2159.9444444444443,
        2156.0555555555557,
        2164.277777777778,
        2134.1111111111113,
        2150.5555555555557,
        2111.9444444444443,
        2145.0555555555557,
        2137.6111111111113,
        2146.9444444444443,
        2174.722222222222,
        2141.8333333333335,
        2163.6666666666665,
        2115.0555555555557,
        2207.6111111111113,
        2192.777777777778,
        2157.722222222222,
        2119.5555555555557,
        2141.0,
        2168.222222222222,
        2154.222222222222,
        2126.5555555555557,
        2175.8888888888887,
        2144.3888888888887,
        2128.6111111111113,
        2150.222222222222,
        2166.4444444444443,
        2121.4444444444443,
        2156.1666666666665,
        2191.1666666666665,
        2181.3333333333335,
        2131.0555555555557,
        2184.277777777778,
        2134.4444444444443,
        2158.277777777778,
        2142.1111111111113,
        2168.777777777778,
        2117.4444444444443,
        2166.6111111111113,
        2158.1666666666665,
        2160.5,
        2157.8333333333335,
        2140.222222222222,
        2191.4444444444443,
        2154.3333333333335,
        2142.5,
        2130.222222222222,
        2148.5555555555557,
        2143.3333333333335,
        2152.9444444444443,
        2138.5,
        2150.3888888888887,
        2143.6111111111113,
        2163.8333333333335,
        2121.1111111111113,
        2154.6111111111113,
        2107.3888888888887,
        2134.3888888888887,
        2136.0,
        2103.722222222222,
        2179.9444444444443,
        2156.222222222222,
        2157.777777777778,
        2115.3333333333335,
        2150.5,
        2146.722222222222,
        2138.8888888888887,
        2132.3888888888887,
        2141.222222222222,
        2138.3333333333335,
        2117.277777777778,
        2156.1666666666665,
        2191.0555555555557,
        2161.6666666666665,
        2122.4444444444443,
        2149.5555555555557,
        2138.9444444444443,
        2133.6666666666665,
        2167.6666666666665
    ],
    "opt": 2219,