{
    "agg": 2180,
    "iters": [
        1,
        2,
        3,
        4,
        5,
        6,
        7,
        8,
        9,
        10,
        11,
        12,
        13,
        14,
        15,
        16,
        17,
        18,
        19,
        20,
        21,
        22,
        23,
        24,
        25,
        26,
        27,
        28,
        29,
        30,
        31,
        32,
        33,
        34,
        35,
        36,
        37,
        38,
        39,
        40,
        41,
        42,
        43,
        44,
        45,
        46,
        47,
        48,
        49,
        50,
        51,
        52,
        53,
        54,
        55,
        56,
        57,
        58,
        59,
        60,
        61,
        62,
        63,
        64,
        65,
        66,
        67,
        68,
        69,
        70,
        71,
        72,
        73,
        74,
        75,
        76,
        77,
        78,
        79,
        80,
        81,
        82,
        83,
        84,
        85,
        86,
        87,
        88,
        89,
        90,
        91,
        92,
        93,
        94,
        95,
        96,
        97,
        98,
        99,
        100
    ],
    "means": [
        2153.9285714285716,
        2111.4285714285716,
        2179.5,
        2183.0,
        2120.285714285714,
        2119.4285714285716,
        2157.8571428571427,
        2151.214285714286,
        2141.9285714285716,
        2166.214285714286,
        2132.0,
        2130.0714285714284,
        2160.0714285714284,
        2175.5714285714284,
        2170.0,
        2139.8571428571427,
        2153.3571428571427,
        2117.8571428571427,
        2195.8571428571427,
        2161.0,
        2166.8571428571427,
        2123.1428571428573,
        2133.214285714286,
        2175.785714285714,
        2122.285714285714,
        2198.0714285714284,
        2123.285714285714,
        2151.3571428571427,
        2181.4285714285716,
        2158.1428571428573,
        2173.8571428571427,
        2133.785714285714,
        2153.6428571428573,
        2143.785714285714,
        2182.0714285714284,
        2156.3571428571427,
        2175.714285714286,
        2151.714285714286,
        2169.214285714286,
        2149.0714285714284,
        2115.285714285714,
        2146.8571428571427,
        2104.4285714285716,
        2136.5,
        2142.714285714286,
        2155.714285714286,
        2120.714285714286,
        2146.0714285714284,
        2186.285714285714,
        2146.5714285714284,
        2119.285714285714,
        2159.785714285714,
        2141.4285714285716,
        2124.285714285714,
        2146.0714285714284,
        2121.5,
        2150.3571428571427,
        2112.5,
        2193.9285714285716,
        2183.5714285714284,
        2135.1428571428573,
        2179.8571428571427,
        2144.5714285714284,
        2139.4285714285716,
        2186.214285714286,
        2158.1428571428573,
        2114.4285714285716,
        2167.714285714286,
        2145.5714285714284,
        2137.0714285714284,
        2145.4285714285716,
        2137.5,
        2137.5,
        2182.285714285714,
        2180.285714285714,
        2164.6428571428573,
        2138.3571428571427,
        2096.4285714285716,
        2128.9285714285716,
        2109.5,
        2167.285714285714,
        2171.6428571428573,
        2161.8571428571427,
        2160.1428571428573,
        2182.0,
        2119.6428571428573,
        2133.8571428571427,
        2155.0,
        2149.5714285714284,
        2163.3571428571427,
        2186.8571428571427,
        2134.3571428571427,
        2165.6428571428573,
        2178.8571428571427,
        2121.285714285714,
        2148.214285714286,
        2106.3571428571427,
        2168.214285714286,
        2145.5,
        2146.1428571428573
    ],
    "opt": 2246,
    "stdevs": [
        79.85832480597327,
        82.647024218933,
        89.42974097820351,
        83.81953403422311,
        94.17948561233536,
        82.6764038592756,
        77.58944805177822,
        70.06137979497342,
        100.92462837308294,
        98.33919329939364,
        89.79102723228291,
        72.3468473848765,
        92.58313969131768,
        78.25755489381957,
        87.41363084292321,
        87.45517802431887,
        79.58428339355268,
        55.02967659474702,
        67.41858279526832,
        80.52949770115296,
        71.99390563776625,
        63.3232716676411,
        96.97509147893051,
        92.29237592055601,
        69.31854892083211,
        83.52199392607767,
        65.05539241010428,
        85.56334924892711,
        91.41718679119548,
        82.52346605044889,
        52.728221154543505,
        75.78934958293337,
        97.82097871904074,
        97.0082312939243,
        79.61915086003788,
        72.12450261562307,
        103.43695703969955,
        93.95168102459338,
        78.97212760699504,
        101.8601732668818,
        96.13935463796332,
        95.85767511029579,
        83.42808219034633,
        96.12398987022662,
        101.92043715665707,
        108.31200208618787,
        80.06464225096813,
        90.96660634204046,
        94.29924145387125,
        91.13938640951035,
        88.66182023479406,
        88.11857155595082,
        92.61187388058548,
        100.09526074939708,
        74.5236916171287,
        71.7284064071849,
        93.15471550280299,
        78.8450107126996,
        86.59302535895328,
        88.03953193692858,
        68.61784143548459,
        77.29429580030668,
        76.91620141957301,
        89.75340366463966,
        100.39079252844752,
        72.49222336899037,
        91.82570001733431,
        77.79499485500205,
        88.8793036215119,
        92.9142955983126,
        84.30956079126688,
        68.82872116451719,
        69.65911898052441,
        80.41182266613409,
        85.61911383015608,
        89.92584813759227,
        82.09890128276221,
        70.29398905994157,
        91.73756380155785,
        50.625727508000175,
        78.0516574102677,
        74.05076168495803,
        94.52048692733015,
        66.9657237940822,
        74.09549822454031,
        92.52691279750306,
        80.92841381903703,
        107.53537623897144,
        90.38308492641931,
        73.93975070754485,
        82.96114162912757,
        105.14249320589187,
        100.07611898868147,
        68.52409080322164,
        90.70078639714886,
        79.57582060205095,
        69.04616172517913,
        97.17449589815851,
        89.949787580151,
        82.02426221452245
    ]
}