{
    "agg": 2221,
    "iters": [
        1,
        2,
        3,
        4,
        5,
        6,
        7,
        8,
        9,
        10,
        11,
        12,
        13,
        14,
        15,
        16,
        17,
        18,
        19,
        20,
        21,
        22,
        23,
        24,
        25,
        26,
        27,
        28,
        29,
        30,
        31,
        32,
        33,
        34,
        35,
        36,
        37,
        38,
        39,
        40,
        41,
        42,
        43,
        44,
        45,
        46,
        47,
        48,
        49,
        50,
        51,
        52,
        53,
        54,
        55,
        56,
        57,
        58,
        59,
        60,
        61,
        62,
        63,
        64,
        65,
        66,
        67,
        68,
        69,
        70,
        71,
        72,
        73,
        74,
        75,
        76,
        77,
        78,
        79,
        80,
        81,
        82,
        83,
        84,
        85,
        86,
        87,
        88,
        89,
        90,
        91,
        92,
        93,
        94,
        95,
        96,
        97,
        98,
        99,
        100,
        101,
        102,
        103,
        104,
        105,
        106,
        107,
        108,
        109,
        110,
        111,
        112,
        113,
        114,
        115,
        116,
        117,
        118,
        119,
        120,
        121,
        122,
        123,
        124,
        125,
        126,
        127,
        128,
        129,
        130,
        131
    ],
    "means": [
        2128.0,
        2151.5945945945946,
        2155.945945945946,
        2120.7027027027025,
        2177.7297297297296,
        2139.4594594594596,
        2158.3783783783783,
        2165.054054054054,
        2133.5135135135133,
        2143.5945945945946,
        2137.2162162162163,
        2147.2432432432433,
        2157.162162162162,
        2171.5135135135133,
        2165.7837837837837,
        2162.891891891892,
        2144.2972972972975,
        2152.027027027027,
        2138.6216216216217,
        2151.9189189189187,
        2143.675675675676,
        2148.972972972973,
        2154.9189189189187,
        2122.4864864864867,
        2146.189189189189,
        2135.5675675675675,
        2165.972972972973,
        2139.864864864865,
        2198.2702702702704,
        2160.108108108108,
        2163.2702702702704,
        2164.891891891892,
        2156.0810810810813,
        2159.675675675676,
        2145.3783783783783,
        2166.027027027027,
        2167.4324324324325,
        2171.027027027027,
        2135.6216216216217,
        2134.0,
        2130.9189189189187,
        2156.4324324324325,
        2149.5675675675675,
        2142.324324324324,
        2167.7027027027025,
        2154.7567567567567,
        2159.2432432432433,
        2137.7297297297296,
        2160.810810810811,
        2122.891891891892,
        2131.891891891892,
        2152.4864864864867,
        2138.4054054054054,
        2160.5405405405404,
        2163.189189189189,
        2174.5675675675675,
        2142.864864864865,
        2135.9189189189187,
        2128.4324324324325,
        2145.3513513513512,
        2144.162162162162,
        2150.7297297297296,
        2131.3513513513512,
        2154.6216216216217,
        2123.324324324324,
        2159.324324324324,
        2159.864864864865,
        2149.4054054054054,
        2137.3513513513512,
        2154.6216216216217,
        2142.2162162162163,
        2155.945945945946,
        2151.135135135135,
        2143.108108108108,
        2139.3513513513512,
        2131.2972972972975,
        2147.0810810810813,
        2165.6216216216217,
        2144.6486486486488,
        2131.108108108108,
        2133.6486486486488,
        2151.972972972973,
        2153.3783783783783,
        2163.162162162162,
        2146.810810810811,
        2134.054054054054,
        2171.837837837838,
        2143.4054054054054,
        2153.5675675675675,
        2128.9189189189187,
        2165.4594594594596,
        2147.2432432432433,
        2150.027027027027,
        2133.864864864865,
        2146.6486486486488,
        2136.4054054054054,
        2123.864864864865,
        2121.0,
        2135.5945945945946,
        2135.3513513513512,
        2112.5135135135133,
        2128.7837837837837,
        2148.054054054054,
        2135.9189189189187,
        2156.2432432432433,
        2159.9189189189187,
        2129.7027027027025,
        2177.162162162162,
        2155.054054054054,
        2159.7027027027025,
        2178.0,
        2153.675675675676,
        2151.7027027027025,
        2162.108108108108,
        2149.9189189189187,
        2161.2972972972975,
        2127.864864864865,
        2131.3783783783783,
        2139.7837837837837,
        2134.027027027027,
        2132.7837837837837,
        2137.324324324324,
        2153.972972972973,
        2158.864864864865,
        2157.135135135135,
        2156.4594594594596,
        2181.5405405405404,
        2166.4864864864867,
        2160.4594594594596,
        2166.5675675675675,
        2139.7567567567567
    ],
    "opt": 2277,