{
    "agg": 2271,
    "iters": [
        1,
        2,
        3,
        4,
        5,
        6,
        7,
        8,
        9,
        10,
        11,
        12,
        13,
        14,
        15,
        16,
        17,
        18,
        19,
        20,
        21,
        22,
        23,
        24,
        25,
        26,
        27,
        28,
        29,
        30,
        31,
        32,
        33,
        34,
        35,
        36,
        37,
        38,
        39,
        40,
        41,
        42,
        43,
        44,
        45,
        46,
        47,
        48,
        49,
        50,
        51,
        52,
        53,
        54,
        55,
        56,
        57,
        58,
        59,
        60,
        61,
        62,
        63,
        64,
        65,
        66,
        67,
        68,
        69,
        70,
        71,
        72,
        73,
        74,
        75,
        76,
        77,
        78,
        79,
        80,
        81,
        82,
        83,
        84,
        85,
        86,
        87,
        88,
        89,
        90,
        91,
        92,
        93,
        94,
        95,
        96,
        97,
        98,
        99,
        100,
        101,
        102,
        103,
        104,
        105,
        106,
        107,
        108,
        109,
        110,
        111,
        112,
        113,
        114,
        115,
        116
    ],
    "means": [
        2132.4615384615386,
        2157.230769230769,
        2180.153846153846,
        2162.076923076923,
        2181.3076923076924,
        2158.230769230769,
        2123.6153846153848,
        2142.153846153846,
        2132.923076923077,
        2175.769230769231,
        2178.076923076923,
        2165.923076923077,
        2106.6153846153848,
        2159.923076923077,
        2140.076923076923,
        2178.3846153846152,
        2158.3076923076924,
        2167.6153846153848,
        2162.769230769231,
        2165.6153846153848,
        2156.6923076923076,
        2110.076923076923,
        2158.076923076923,
        2178.230769230769,
        2157.4615384615386,
        2134.6153846153848,
        2135.769230769231,
        2157.5384615384614,
        2121.153846153846,
        2155.153846153846,
        2159.923076923077,
        2136.5384615384614,
        2139.153846153846,
        2112.076923076923,
        2120.6153846153848,
        2146.6153846153848,
        2110.076923076923,
        2111.3846153846152,
        2191.3076923076924,
        2138.0,
        2120.846153846154,
        2148.5384615384614,
        2166.153846153846,
        2154.3846153846152,
        2095.230769230769,
        2165.6153846153848,
        2110.6153846153848,
        2146.923076923077,
        2157.3076923076924,
        2156.6923076923076,
        2144.769230769231,
        2104.4615384615386,
        2150.6923076923076,
        2158.153846153846,
        2135.230769230769,
        2136.769230769231,
        2153.230769230769,
        2178.6923076923076,
        2191.3846153846152,
        2163.769230769231,
        2136.3846153846152,
        2152.0,
        2161.5384615384614,
        2172.230769230769,
        2166.076923076923,
        2135.3846153846152,
        2171.769230769231,
        2142.076923076923,
        2152.3076923076924,
        2142.153846153846,
        2131.769230769231,
        2167.6153846153848,
        2114.769230769231,
        2165.769230769231,
        2149.153846153846,
        2182.0,
        2136.0,
        2138.076923076923,
        2119.4615384615386,
        2169.0,
        2156.3076923076924,
        2172.076923076923,
        2187.5384615384614,
        2176.076923076923,
        2146.3076923076924,
        2201.6153846153848,
        2145.3846153846152,
        2156.230769230769,
        2124.4615384615386,
        2137.846153846154,
        2159.153846153846,
        2111.076923076923,
        2195.5384615384614,
        2169.076923076923,
        2135.153846153846,
        2142.769230769231,
        2140.3076923076924,
        2160.6153846153848,
        2144.923076923077,
        2156.6923076923076,
        2132.6153846153848,
        2120.153846153846,
        2171.4615384615386,
        2104.0,
        2125.3076923076924,
        2161.6153846153848,
        2179.923076923077,
        2170.6153846153848,
        2119.6153846153848,
        2164.6923076923076,
        2172.3076923076924,
        2168.769230769231,
        2105.6153846153848,
        2141.769230769231,
        2120.153846153846,
        2112.0
    ],
    "opt": 2300,
    "stdevs": [
        97.71592688433091,
        102.16062303749074,
        97.90171378546025,
        88.1820333510016,
        79.68243182049856,
        90.60323805230215,
        64.93966248228897,
        97.79479784327539,
        77.154651426122,
        82.9978255935325,
        86.24960337787205,
        96.23325951398712,
        54.81653100120361,
        78.98243381962223,
        80.41666641117618,
        84.53905648282289,
        65.50676373226322,
        86.45099853633268,
        97.82649778377561,
        69.8829113716304,
        92.1648895399182,
        67.25549624490127,
        99.00618592830958,
        100.39319149926595,
        85.65818958971163,
        99.52621491658016,
        75.53822653887933,
        98.11971916970018,
        68.94908506543757,
        93.71302032009635,
        91.7257295825747,
        85.95223663319368,
        75.25837152906712,
        93.00658499305845,
        83.50544750681605,
        98.60140306501998,
        87.26217044362663,
        84.99460477134231,
        90.75782196880172,
        64.29977868127959,
        79.4227696026835,
        72.4479817467098,
        108.33413138835165,
        106.87054603335501,
        85.52926071158234,
        91.0186273932121,
        71.78872684325268,
        68.06158019194714,
        87.99771379493954,
        74.03885114782604,
        59.600146936000925,
        78.36955392401134,
        90.5125444900273,
        72.48537906029597,
        87.30067745455167,
        90.23060528544356,
        95.11867392987307,
        75.5231850446599,
        55.38888872402875,
        88.37869030149906,
        96.79600950256834,
        89.49602483651697,
        69.1615893671262,
        71.82366638688418,
        86.38060816789623,
        102.1029182597626,
        88.50132884369924,
        83.38922780317291,
        74.12710976671669,
        96.89792103338294,
        66.66235686266431,
        86.7130887658467,
        87.5022231332121,
        94.01321825733119,
        76.99235342036962,
        83.78452216159113,
        98.43389034895841,
        67.87144130176328,
        80.11109150578665,
        94.1218522816199,
        75.22313945894024,
        94.61213252697443,
        101.47346404516524,
        76.30148858156906,
        69.94765583072115,
        71.74263667554855,
        70.74062967199636,
        98.89322435073703,
        71.8562832589258,
        89.19714220486435,
        85.19917492724929,
        95.29505721176773,
        72.83449667105172,
        105.66235159402189,
        80.17082353790288,
        75.88772460393136,
        66.12271181486344,
        79.85134116838948,
        84.79519356703543,
        92.42159639007508,
        85.00003480681501,
        71.05669042699547,
        93.33200900722883,
        75.3422958135836,
        85.67055379173318,
        90.1661188811121,
        96.98569405881986,
        106.87630410291246,
        77.63676613320071,
        55.02780362323789,
        95.14069307762027,
        70.75760774117818,
        92.84108710921744,
        85.11454169001082,
        85.59551224203481,
        77.09035657540493
    ]
}