{
    "agg": 2293,
    "iters": [
        1,
        2,
        3,
        4,
        5,
        6,
        7,
        8,
        9,
        10,
        11,
        12,
        13,
        14,
        15,
        16,
        17,
        18,
        19,
        20,
        21,
        22,
        23,
        24,
        25,
        26,
        27,
        28,
        29,
        30,
        31,
        32,
        33,
        34,
        35,
        36,
        37,
        38,
        39,
        40,
        41,
        42,
        43,
        44,
        45,
        46,
        47,
        48,
        49,
        50,
        51,
        52,
        53,
        54,
        55,
        56,
        57,
        58,
        59,
        60,
        61,
        62,
        63,
        64,
        65,
        66,
        67,
        68,
        69,
        70,
        71,
        72,
        73,
        74,
        75,
        76,
        77,
        78,
        79,
        80,
        81,
        82,
        83,
        84,
        85,
        86,
        87,
        88,
        89,
        90,
        91,
        92,
        93,
        94,
        95,
        96,
        97,
        98,
        99,
        100,
        101,
        102,
        103,
        104,
        105,
        106,
        107,
        108,
        109,
        110,
        111,
        112,
        113,
        114,
        115,
        116,
        117,
        118
    ],
    "means": [
        2151.521739130435,
        2168.6521739130435,
        2171.2608695652175,
        2159.8695652173915,
        2140.6521739130435,
        2149.9565217391305,
        2148.3478260869565,
        2117.782608695652,
        2184.913043478261,
        2153.695652173913,
        2129.086956521739,
        2151.8695652173915,
        2166.7391304347825,
        2160.1304347826085,
        2161.782608695652,
        2133.913043478261,
        2175.1739130434785,
        2165.9565217391305,
        2145.304347826087,
        2169.0,
        2173.1304347826085,
        2126.3478260869565,
        2158.478260869565,
        2120.391304347826,
        2145.608695652174,
        2149.695652173913,
        2154.304347826087,
        2162.2608695652175,
        2188.304347826087,
        2118.695652173913,
        2152.086956521739,
        2115.695652173913,
        2144.391304347826,
        2155.1739130434785,
        2139.782608695652,
        2148.086956521739,
        2144.8695652173915,
        2160.2608695652175,
        2142.8695652173915,
        2157.3478260869565,
        2142.8260869565215,
        2168.9565217391305,
        2174.3478260869565,
        2147.695652173913,
        2134.3478260869565,
        2160.3478260869565,
        2167.2608695652175,
        2126.1739130434785,
        2148.3478260869565,
        2130.478260869565,
        2172.3478260869565,
        2165.6521739130435,
        2152.521739130435,
        2119.5652173913045,
        2129.1304347826085,
        2124.6521739130435,
        2133.304347826087,
        2162.086956521739,
        2130.0434782608695,
        2172.4347826086955,
        2179.304347826087,
        2149.2608695652175,
        2165.782608695652,
        2195.478260869565,
        2150.608695652174,
        2137.3478260869565,
        2201.304347826087,
        2151.8260869565215,
        2109.9565217391305,
        2136.6521739130435,
        2162.695652173913,
        2133.8260869565215,
        2157.608695652174,
        2132.8695652173915,
        2149.1739130434785,
        2152.8695652173915,
        2166.8695652173915,
        2151.1304347826085,
        2171.7391304347825,
        2161.217391304348,
        2133.913043478261,
        2146.0,
        2147.913043478261,
        2127.608695652174,
        2159.086956521739,
        2122.7391304347825,
        2136.7391304347825,
        2151.7391304347825,
        2123.9565217391305,
        2144.478260869565,
        2165.086956521739,
        2142.8260869565215,
        2154.8260869565215,
        2151.8695652173915,
        2162.8260869565215,
        2152.913043478261,
        2143.913043478261,
        2157.391304347826,
        2190.3478260869565,
        2136.8260869565215,
        2120.478260869565,
        2151.304347826087,
        2153.6521739130435,
        2142.478260869565,
        2154.217391304348,
        2178.6521739130435,
        2151.1304347826085,
        2129.478260869565,
        2140.0,
        2141.0434782608695,
        2182.4347826086955,
        2135.913043478261,
        2122.608695652174,
        2138.8260869565215,
        2148.1304347826085,
        2147.1739130434785,
        2169.478260869565,
        2129.6521739130435
    ],
    "opt": 2218,
    "stdevs": [
        92.39700238183778,
        93.61977155338974,
        79.05101126394621,
        91.40607169816032,
        71.6832456900872,
        73.94091546096821,
        93.36632327215771,
        76.10288032127764,
        85.4903569662421,
        94.64920807799747,
        86.49901383880088,
        82.63923920470653,
        81.49431422754454,
        83.5038683549795,
        91.73115563936737,
        87.0761351239738,
        77.39208597553507,
        82.75184393630285,
        89.93738632714026,
        92.12137551126207,
        93.62009462290811,
        76.67469890254439,
        103.11912468226393,
        80.15839706504745,
        88.78343907970908,
        74.96575147452259,
        103.59932632927213,
        80.70031377090251,
        87.425215138231,
        83.9686456920515,
        84.34861048492287,
        70.02573116058603,
        80.46859453845536,
        87.8643481014728,
        70.57093657340026,
        83.96009043819221,
        90.91195183674965,
        81.14303923710995,
        91.74316908480984,
        93.27034511506216,
        81.92820408027096,
        83.76233368539489,
        76.49189141206956,
        84.41792246478423,
        80.38202735289188,
        96.40972740731281,
        80.35693059653305,
        87.84455251424086,
        89.31361875589917,
        86.18275302352878,
        81.55905233027926,
        93.70611260079228,
        87.38265152923532,
        89.87325669202714,
        96.6510101829059,
        83.94232424481662,
        84.02454857781208,
        84.11581717746604,
        80.69560532232524,
        74.56938763848628,
        100.48423401431806,
        88.04851300687659,
        84.33986963818484,
        73.8099024611417,
        84.80962780170594,
        68.80761376959244,
        67.7337721830099,
        86.06653249157232,
        74.93735253725612,
        90.83793916049768,
        74.91353554053742,
        87.71081544232534,
        94.0410359690107,
        83.07320205584327,
        94.19067256226367,
        81.13504810034776,
        94.05793975122859,
        81.14469328081198,
        83.16521920971759,
        78.3115053581246,
        78.75162554207913,
        75.66976307269807,
        92.69253196477906,
        71.82450782557186,
        86.55328243014759,
        90.75778437870115,
        83.6946922587528,
        92.51567077189837,
        102.9645267158294,
        88.20522983864659,
        81.3745569912356,
        84.79522760048779,
        79.14909001312321,
        93.48066730977335,
        77.35331260938095,
        77.64574684926869,
        91.78894176243493,
        72.40570427350427,
        84.69464779334831,
        91.54644920994458,
        70.05393547286474,
        82.63878170669008,
        92.06028681422615,
        84.91523628594086,
        93.32130402270991,
        71.02639356063789,
        75.18805660696853,
        84.09925273163194,
        79.20199821809504,
        74.36892657606143,
        87.47313927439644,
        66.41104743317953,
        74.40181106399913,
        90.02350039749913,
        89.00430099418308,
        86.01600062168062,
        86.1080562636108,
        99.69588918988114
    ]
}