{
    "agg": 2108,
    "iters": [
        1,
        2,
        3,
        4,
        5,
        6,
        7,
        8,
        9,
        10,
        11,
        12,
        13,
        14,
        15,
        16,
        17,
        18,
        19,
        20,
        21,
        22,
        23,
        24,
        25,
        26,
        27,
        28,
        29,
        30,
        31,
        32,
        33,
        34,
        35,
        36,
        37,
        38,
        39,
        40,
        41,
        42,
        43,
        44,
        45,
        46,
        47,
        48,
        49,
        50,
        51,
        52,
        53,
        54,
        55,
        56,
        57,
        58,
        59,
        60,
        61,
        62,
        63,
        64,
        65,
        66,
        67,
        68,
        69,
        70,
        71,
        72,
        73,
        74,
        75,
        76,
        77,
        78,
        79,
        80,
        81,
        82,
        83,
        84,
        85,
        86,
        87,
        88,
        89,
        90,
        91,
        92,
        93,
        94,
        95,
        96,
        97,
        98,
        99,
        100,
        101,
        102,
        103,
        104,
        105,
        106,
        107,
        108,
        109,
        110,
        111,
        112,
        113,
        114,
        115,
        116,
        117,
        118,
        119,
        120,
        121,
        122,
        123,
        124,
        125,
        126,
        127,
        128,
        129
    ],
    "means": [
        2142.5777777777776,
        2149.4444444444443,
        2162.0444444444443,
        2139.8444444444444,
        2151.4,
        2132.0,
        2142.8444444444444,
        2157.4666666666667,
        2144.4222222222224,
        2147.9777777777776,
        2162.6666666666665,
        2148.688888888889,
        2158.911111111111,
        2158.0,
        2161.4,
        2173.5333333333333,
        2163.4666666666667,
        2140.266666666667,
        2145.4,
        2119.2,
        2148.0,
        2160.0222222222224,
        2121.266666666667,
        2130.5555555555557,
        2145.266666666667,
        2145.3777777777777,
        2138.733333333333,
        2159.222222222222,
        2143.0222222222224,
        2163.777777777778,
        2154.266666666667,
        2151.0222222222224,
        2157.1555555555556,
        2147.311111111111,
        2137.1555555555556,
        2154.4,
        2152.0666666666666,
        2148.311111111111,
        2140.8444444444444,
        2177.6666666666665,
        2140.4,
        2148.6666666666665,
        2157.2444444444445,
        2165.511111111111,
        2145.866666666667,
        2146.5555555555557,
        2143.777777777778,
        2143.711111111111,
        2135.177777777778,
        2178.866666666667,
        2143.822222222222,
        2146.688888888889,
        2155.3333333333335,
        2144.2444444444445,
        2163.488888888889,
        2158.311111111111,
        2142.4,
        2169.911111111111,
        2146.3555555555554,
        2151.4666666666667,
        2146.0666666666666,
        2135.133333333333,
        2156.9333333333334,
        2139.3333333333335,
        2140.8,
        2182.711111111111,
        2144.488888888889,
        2141.5555555555557,
        2174.488888888889,
        2127.6,
        2153.088888888889,
        2127.133333333333,
        2135.4222222222224,
        2160.4444444444443,
        2156.222222222222,
        2153.2,
        2160.6222222222223,
        2153.288888888889,
        2169.511111111111,
        2153.866666666667,
        2154.311111111111,
        2128.3555555555554,
        2143.2,
        2152.8444444444444,
        2133.9333333333334,
        2129.9333333333334,
        2160.9777777777776,
        2148.133333333333,
        2141.8,
        2159.266666666667,
        2126.3555555555554,
        2171.0444444444443,
        2152.711111111111,
        2169.1111111111113,
        2123.711111111111,
        2151.088888888889,
        2139.8444444444444,
        2154.5555555555557,
        2149.5333333333333,
        2142.0,
        2147.9777777777776,
        2145.9777777777776,
        2149.3555555555554,
        2144.088888888889,
        2149.2,
        2175.488888888889,
        2144.8888888888887,
        2167.5333333333333,
        2138.688888888889,
        2155.088888888889,
        2162.5777777777776,
        2145.6222222222223,
        2179.4666666666667,
        2136.266666666667,
        2158.2444444444445,
        2146.288888888889,
        2138.2444444444445,
        2131.688888888889,
        2163.8444444444444,
        2132.3777777777777,
        2167.4444444444443,
        2154.4444444444443,
        2168.0,
        2144.4444444444443,
        2135.6666666666665,
        2143.4666666666667,
        2153.8888888888887,
        2162.1111111111113,
        2158.4666666666667
    ],
    "opt": 2268,