{
    "agg": 2231,
    "iters": [
        1,
        2,
        3,
        4,
        5,
        6,
        7,
        8,
        9,
        10,
        11,
        12,
        13,
        14,
        15,
        16,
        17,
        18,
        19,
        20,
        21,
        22,
        23,
        24,
        25,
        26,
        27,
        28,
        29,
        30,
        31,
        32,
        33,
        34,
        35,
        36,
        37,
        38,
        39,
        40,
        41,
        42,
        43,
        44,
        45,
        46,
        47,
        48,
        49,
        50,
        51,
        52,
        53,
        54,
        55,
        56,
        57,
        58,
        59,
        60,
        61,
        62,
        63,
        64,
        65,
        66,
        67,
        68,
        69,
        70,
        71,
        72,
        73,
        74,
        75,
        76,
        77,
        78,
        79,
        80,
        81,
        82,
        83,
        84,
        85,
        86,
        87,
        88,
        89,
        90,
        91,
        92,
        93,
        94,
        95,
        96,
        97,
        98,
        99,
        100,
        101,
        102,
        103,
        104,
        105,
        106,
        107,
        108,
        109,
        110,
        111,
        112,
        113,
        114,
        115,
        116,
        117,
        118,
        119,
        120,
        121,
        122,
        123,
        124,
        125,
        126,
        127,
        128,
        129,
        130,
        131,
        132,
        133,
        134,
        135,
        136,
        137,
        138,
        139,
        140,
        141,
        142,
        143,
        144,
        145,
        146
    ],
    "means": [
        2146.6222222222223,
        2151.6666666666665,
        2160.0,
        2177.9777777777776,
        2157.133333333333,
        2152.9777777777776,
        2144.1555555555556,
        2137.5333333333333,
        2153.4666666666667,
        2153.222222222222,
        2153.6222222222223,
        2130.133333333333,
        2128.0222222222224,
        2133.9555555555557,
        2143.511111111111,
        2154.6,
        2140.866666666667,
        2178.911111111111,
        2142.288888888889,
        2150.1111111111113,
        2154.711111111111,
        2165.177777777778,
        2134.1111111111113,
        2145.4444444444443,
        2155.0222222222224,
        2138.177777777778,
        2141.088888888889,
        2138.8888888888887,
        2153.2444444444445,
        2158.4,
        2147.8,
        2153.688888888889,
        2172.4,
        2137.911111111111,
        2163.8,
        2132.4222222222224,
        2165.0222222222224,
        2145.7555555555555,
        2136.1111111111113,
        2158.311111111111,
        2178.2444444444445,
        2141.8444444444444,
        2147.8,
        2108.822222222222,
        2147.822222222222,
        2153.911111111111,
        2162.177777777778,
        2147.9777777777776,
        2173.1111111111113,
        2172.3555555555554,
        2168.511111111111,
        2161.288888888889,
        2129.4666666666667,
        2133.9555555555557,
        2146.6222222222223,
        2160.2444444444445,
        2164.911111111111,
        2146.5333333333333,
        2164.266666666667,
        2171.9777777777776,
        2118.822222222222,
        2169.5777777777776,
        2144.311111111111,
        2160.5333333333333,
        2155.866666666667,
        2145.133333333333,
        2185.0,
        2178.866666666667,
        2159.5333333333333,
        2151.711111111111,
        2152.5777777777776,
        2141.7555555555555,
        2143.088888888889,
        2159.5777777777776,
        2139.4666666666667,
        2138.3777777777777,
        2164.222222222222,
        2173.3333333333335,
        2155.488888888889,
        2156.0222222222224,
        2149.6444444444446,
        2167.711111111111,
        2132.6,
        2162.8444444444444,
        2153.6,
        2129.3333333333335,
        2120.9333333333334,
        2141.2444444444445,
        2139.5777777777776,
        2137.0444444444443,
        2140.1111111111113,
        2134.2444444444445,
        2155.0666666666666,
        2145.222222222222,
        2139.1111111111113,
        2151.488888888889,
        2169.4444444444443,
        2127.3333333333335,
        2138.711111111111,
        2135.2444444444445,
        2167.6444444444446,
        2153.222222222222,
        2137.0666666666666,
        2148.8888888888887,
        2126.177777777778,
        2145.1111111111113,
        2160.9555555555557,
        2151.866666666667,
        2128.688888888889,
        2169.688888888889,
        2151.0,
        2152.1111111111113,
        2141.6666666666665,
        2145.511111111111,
        2153.6,
        2150.777777777778,
        2173.777777777778,
        2156.733333333333,
        2144.8,
        2141.133333333333,
        2161.777777777778,
        2170.8444444444444,
        2156.0222222222224,
        2142.4444444444443,
        2162.133333333333,
        2152.177777777778,
        2131.6,
        2129.688888888889,
        2129.3777777777777,
        2161.5555555555557,
        2165.3333333333335,
        2142.1111111111113,
        2132.0666666666666,
        2160.266666666667,
        2156.5777777777776,
        2141.511111111111,
        2163.3333333333335,
        2148.777777777778,
        2151.0,
        2151.6666666666665,
        2142.4666666666667,
        2147.0666666666666,
        2131.4666666666667,
        2147.6222222222223,
        2146.4444444444443,
        2145.488888888889
    ],
    "opt": 2274,