{
    "agg": 2200,
    "iters": [
        1,
        2,
        3,
        4,
        5,
        6,
        7,
        8,
        9,
        10,
        11,
        12,
        13,
        14,
        15,
        16,
        17,
        18,
        19,
        20,
        21,
        22,
        23,
        24,
        25,
        26,
        27,
        28,
        29,
        30,
        31,
        32,
        33,
        34,
        35,
        36,
        37,
        38,
        39,
        40,
        41,
        42,
        43,
        44,
        45,
        46,
        47,
        48,
        49,
        50,
        51,
        52,
        53,
        54,
        55,
        56,
        57,
        58,
        59,
        60,
        61,
        62,
        63,
        64,
        65,
        66,
        67,
        68,
        69,
        70,
        71,
        72,
        73,
        74,
        75,
        76,
        77,
        78,
        79,
        80,
        81,
        82,
        83,
        84,
        85,
        86,
        87,
        88,
        89,
        90,
        91,
        92,
        93,
        94,
        95,
        96,
        97,
        98,
        99,
        100,
        101,
        102,
        103,
        104,
        105,
        106,
        107,
        108,
        109,
        110,
        111,
        112,
        113,
        114,
        115,
        116,
        117,
        118,
        119,
        120,
        121,
        122,
        123,
        124,
        125,
        126,
        127,
        128,
        129
    ],
    "means": [
        2166.75,
        2149.0,
        2182.6666666666665,
        2113.0,
        2153.3333333333335,
        2193.0833333333335,
        2176.75,
        2110.9166666666665,
        2114.1666666666665,
        2170.9166666666665,
        2169.9166666666665,
        2143.75,
        2163.0,
        2160.5,
        2105.9166666666665,
        2157.1666666666665,
        2173.1666666666665,
        2193.5,
        2149.5,
        2130.1666666666665,
        2120.8333333333335,
        2133.75,
        2157.4166666666665,
        2152.0,
        2104.4166666666665,
        2112.25,
        2095.0,
        2132.3333333333335,
        2179.8333333333335,
        2149.0833333333335,
        2176.1666666666665,
        2168.75,
        2186.4166666666665,
        2130.25,
        2174.0,
        2116.25,
        2152.6666666666665,
        2158.1666666666665,
        2177.9166666666665,
        2153.3333333333335,
        2174.25,
        2115.9166666666665,
        2173.5833333333335,
        2124.5833333333335,
        2173.9166666666665,
        2107.6666666666665,
        2135.5833333333335,
        2165.3333333333335,
        2120.9166666666665,
        2176.6666666666665,
        2161.0833333333335,
        2144.75,
        2174.5833333333335,
        2183.8333333333335,
        2132.0833333333335,
        2196.0,
        2177.6666666666665,
        2188.75,
        2120.25,
        2154.0833333333335,
        2166.3333333333335,
        2132.0833333333335,
        2154.1666666666665,
        2166.25,
        2138.3333333333335,
        2151.75,
        2128.3333333333335,
        2185.0833333333335,
        2141.5833333333335,
        2157.1666666666665,
        2134.3333333333335,
        2128.1666666666665,
        2143.6666666666665,
        2090.9166666666665,
        2142.25,
        2149.3333333333335,
        2134.9166666666665,
        2135.0833333333335,
        2126.0833333333335,
        2143.5833333333335,
        2152.6666666666665,
        2182.25,
        2159.0833333333335,
        2150.0833333333335,
        2163.75,
        2167.5,
        2117.3333333333335,
        2163.0833333333335,
        2108.1666666666665,
        2174.5833333333335,
        2153.25,
        2144.5833333333335,
        2188.6666666666665,
        2168.6666666666665,
        2166.9166666666665,
        2193.3333333333335,
        2162.25,
        2151.0833333333335,
        2148.8333333333335,
        2172.5,
        2152.8333333333335,
        2173.6666666666665,
        2132.9166666666665,
        2160.4166666666665,
        2121.6666666666665,
        2132.5,
        2154.75,
        2129.5833333333335,
        2157.6666666666665,
        2168.0833333333335,
        2186.5,
        2111.5,
        2135.5833333333335,
        2133.8333333333335,
        2117.1666666666665,
        2160.5833333333335,
        2150.3333333333335,
        2129.75,
        2124.5,
        2134.6666666666665,
        2175.0,
        2163.4166666666665,
        2158.75,
        2173.5,
        2137.0833333333335,
        2146.25,
        2171.75,
        2159.5,
        2134.8333333333335
    ],
    "opt": 2227,