{
    "agg": 2221,
    "iters": [
        1,
        2,
        3,
        4,
        5,
        6,
        7,
        8,
        9,
        10,
        11,
        12,
        13,
        14,
        15,
        16,
        17,
        18,
        19,
        20,
        21,
        22,
        23,
        24,
        25,
        26,
        27,
        28,
        29,
        30,
        31,
        32,
        33,
        34,
        35,
        36,
        37,
        38,
        39,
        40,
        41,
        42,
        43,
        44,
        45,
        46,
        47,
        48,
        49,
        50,
        51,
        52,
        53,
        54,
        55,
        56,
        57,
        58,
        59,
        60,
        61,
        62,
        63,
        64,
        65,
        66,
        67,
        68,
        69,
        70,
        71,
        72,
        73,
        74,
        75,
        76,
        77,
        78,
        79,
        80,
        81,
        82,
        83,
        84,
        85,
        86,
        87,
        88,
        89,
        90,
        91,
        92,
        93,
        94,
        95,
        96,
        97,
        98,
        99,
        100,
        101,
        102,
        103,
        104,
        105,
        106,
        107,
        108,
        109,
        110,
        111,
        112,
        113,
        114,
        115,
        116,
        117,
        118,
        119,
        120,
        121,
        122
    ],
    "means": [
        2109.6363636363635,
        2146.0,
        2133.818181818182,
        2162.818181818182,
        2130.6363636363635,
        2162.5454545454545,
        2151.909090909091,
        2162.818181818182,
        2134.6363636363635,
        2149.0,
        2125.090909090909,
        2145.5454545454545,
        2158.3636363636365,
        2105.0,
        2147.0,
        2090.909090909091,
        2169.818181818182,
        2116.818181818182,
        2136.4545454545455,
        2160.3636363636365,
        2097.909090909091,
        2183.181818181818,
        2144.7272727272725,
        2147.0,
        2121.909090909091,
        2154.0,
        2130.909090909091,
        2128.3636363636365,
        2139.181818181818,
        2147.0,
        2134.2727272727275,
        2179.181818181818,
        2171.909090909091,
        2134.7272727272725,
        2100.909090909091,
        2157.181818181818,
        2178.090909090909,
        2153.5454545454545,
        2203.818181818182,
        2164.4545454545455,
        2117.818181818182,
        2106.5454545454545,
        2141.909090909091,
        2178.3636363636365,
        2081.818181818182,
        2144.4545454545455,
        2154.4545454545455,
        2134.2727272727275,
        2157.181818181818,
        2109.5454545454545,
        2126.0,
        2146.4545454545455,
        2081.2727272727275,
        2153.0,
        2130.4545454545455,
        2115.5454545454545,
        2170.181818181818,
        2124.2727272727275,
        2187.7272727272725,
        2109.0,
        2143.2727272727275,
        2109.5454545454545,
        2113.0,
        2123.909090909091,
        2126.818181818182,
        2182.181818181818,
        2137.181818181818,
        2142.4545454545455,
        2133.3636363636365,
        2162.181818181818,
        2128.818181818182,
        2126.2727272727275,
        2119.4545454545455,
        2147.7272727272725,
        2134.2727272727275,
        2160.6363636363635,
        2188.6363636363635,
        2141.6363636363635,
        2114.090909090909,
        2180.5454545454545,
        2168.5454545454545,
        2174.2727272727275,
        2165.909090909091,
        2133.090909090909,
        2180.4545454545455,
        2175.818181818182,
        2148.181818181818,
        2156.3636363636365,
        2149.4545454545455,
        2159.5454545454545,
        2127.090909090909,
        2115.181818181818,
        2169.2727272727275,
        2155.6363636363635,
        2157.3636363636365,
        2119.909090909091,
        2164.2727272727275,
        2157.181818181818,
        2145.4545454545455,
        2121.7272727272725,
        2115.7272727272725,
        2232.7272727272725,
        2165.4545454545455,
        2132.5454545454545,
        2175.090909090909,
        2162.4545454545455,
        2139.5454545454545,
        2098.7272727272725,
        2127.818181818182,
        2138.4545454545455,
        2143.090909090909,
        2158.090909090909,
        2180.4545454545455,
        2177.3636363636365,
        2100.4545454545455,
        2143.3636363636365,
        2181.4545454545455,
        2169.2727272727275,
        2130.818181818182,
        2152.3636363636365,
        2188.6363636363635,
        2169.090909090909
    ],
    "opt": 2283,