{
    "agg": 2229,
    "iters": [
        1,
        2,
        3,
        4,
        5,
        6,
        7,
        8,
        9,
        10,
        11,
        12,
        13,
        14,
        15,
        16,
        17,
        18,
        19,
        20,
        21,
        22,
        23,
        24,
        25,
        26,
        27,
        28,
        29,
        30,
        31,
        32,
        33,
        34,
        35,
        36,
        37,
        38,
        39,
        40,
        41,
        42,
        43,
        44,
        45,
        46,
        47,
        48,
        49,
        50,
        51,
        52,
        53,
        54,
        55,
        56,
        57,
        58,
        59,
        60,
        61,
        62,
        63,
        64,
        65,
        66,
        67,
        68,
        69,
        70,
        71,
        72,
        73,
        74,
        75,
        76,
        77,
        78,
        79,
        80,
        81,
        82,
        83,
        84,
        85,
        86,
        87,
        88,
        89,
        90,
        91,
        92,
        93,
        94,
        95,
        96,
        97,
        98,
        99,
        100,
        101,
        102,
        103,
        104,
        105,
        106,
        107,
        108,
        109,
        110,
        111,
        112,
        113,
        114,
        115,
        116,
        117,
        118,
        119,
        120,
        121,
        122,
        123,
        124,
        125,
        126,
        127,
        128,
        129,
        130,
        131,
        132,
        133,
        134,
        135,
        136,
        137,
        138
    ],
    "means": [
        2134.0833333333335,
        2165.6666666666665,
        2151.5416666666665,
        2141.0,
        2142.4583333333335,
        2154.375,
        2113.7083333333335,
        2122.4166666666665,
        2169.9583333333335,
        2177.25,
        2153.625,
        2152.2916666666665,
        2140.1666666666665,
        2162.625,
        2178.0833333333335,
        2140.5416666666665,
        2172.25,
        2154.2916666666665,
        2182.125,
        2149.875,
        2145.25,
        2135.0,
        2166.125,
        2172.4166666666665,
        2105.0416666666665,
        2177.7083333333335,
        2151.0416666666665,
        2127.625,
        2164.0833333333335,
        2160.0,
        2165.0833333333335,
        2120.2916666666665,
        2168.25,
        2164.625,
        2166.0,
        2127.0,
        2154.125,
        2127.125,
        2142.0833333333335,
        2147.0416666666665,
        2136.75,
        2181.25,
        2196.5,
        2141.875,
        2144.5833333333335,
        2132.4583333333335,
        2154.8333333333335,
        2153.2916666666665,
        2135.4166666666665,
        2158.5,
        2129.5,
        2124.0833333333335,
        2133.5833333333335,
        2159.875,
        2140.25,
        2155.875,
        2159.375,
        2165.2083333333335,
        2181.5833333333335,
        2157.625,
        2165.0416666666665,
        2174.0833333333335,
        2175.7083333333335,
        2153.7916666666665,
        2150.5833333333335,
        2137.1666666666665,
        2144.125,
        2170.0416666666665,
        2181.1666666666665,
        2146.4583333333335,
        2147.0833333333335,
        2171.375,
        2143.2916666666665,
        2143.2083333333335,
        2136.625,
        2147.4583333333335,
        2131.0,
        2133.9166666666665,
        2166.5416666666665,
        2103.2083333333335,
        2133.75,
        2156.9166666666665,
        2157.625,
        2134.2083333333335,
        2167.0416666666665,
        2161.125,
        2142.125,
        2173.4166666666665,
        2177.9583333333335,
        2120.8333333333335,
        2151.4166666666665,
        2154.2083333333335,
        2158.1666666666665,
        2137.2916666666665,
        2138.875,
        2166.8333333333335,
        2152.625,
        2158.0833333333335,
        2125.3333333333335,
        2153.875,
        2154.375,
        2160.4166666666665,
        2145.75,
        2137.125,
        2115.7083333333335,
        2158.2083333333335,
        2161.2083333333335,
        2124.4583333333335,
        2143.75,
        2137.375,
        2137.0,
        2146.0416666666665,
        2145.4166666666665,
        2158.5,
        2153.4583333333335,
        2151.7083333333335,
        2175.5416666666665,
        2174.0833333333335,
        2168.5833333333335,
        2159.4583333333335,
        2145.1666666666665,
        2147.0833333333335,
        2173.1666666666665,
        2175.2083333333335,
        2157.2083333333335,
        2157.875,
        2142.4583333333335,
        2162.625,
        2151.375,
        2118.4166666666665,
        2154.7916666666665,
        2148.5416666666665,
        2131.6666666666665,
        2150.0,
        2136.0833333333335,
        2159.7083333333335,
        2168.1666666666665,
        2143.9166666666665
    ],
    "opt": 2299,