{
    "agg": 2249,
    "iters": [
        1,
        2,
        3,
        4,
        5,
        6,
        7,
        8,
        9,
        10,
        11,
        12,
        13,
        14,
        15,
        16,
        17,
        18,
        19,
        20,
        21,
        22,
        23,
        24,
        25,
        26,
        27,
        28,
        29,
        30,
        31,
        32,
        33,
        34,
        35,
        36,
        37,
        38,
        39,
        40,
        41,
        42,
        43,
        44,
        45,
        46,
        47,
        48,
        49,
        50,
        51,
        52,
        53,
        54,
        55,
        56,
        57,
        58,
        59,
        60,
        61,
        62,
        63,
        64,
        65,
        66,
        67,
        68,
        69,
        70,
        71,
        72,
        73,
        74,
        75,
        76,
        77,
        78,
        79,
        80,
        81,
        82,
        83,
        84,
        85,
        86,
        87,
        88,
        89,
        90,
        91,
        92,
        93,
        94,
        95,
        96,
        97,
        98,
        99,
        100,
        101,
        102,
        103,
        104,
        105,
        106,
        107,
        108,
        109,
        110,
        111,
        112,
        113,
        114,
        115,
        116,
        117,
        118,
        119,
        120,
        121,
        122,
        123,
        124,
        125,
        126,
        127,
        128,
        129,
        130,
        131,
        132,
        133,
        134,
        135,
        136,
        137,
        138,
        139,
        140,
        141,
        142,
        143,
        144,
        145,
        146
    ],
    "means": [
        2139.8333333333335,
        2138.75,
        2150.25,
        2174.9166666666665,
        2133.1666666666665,
        2117.4166666666665,
        2160.5,
        2123.5833333333335,
        2116.1666666666665,
        2124.75,
        2109.25,
        2145.8333333333335,
        2138.75,
        2193.3333333333335,
        2145.5,
        2164.5,
        2166.9166666666665,
        2141.6666666666665,
        2172.9166666666665,
        2165.75,
        2208.6666666666665,
        2144.9166666666665,
        2107.9166666666665,
        2134.9166666666665,
        2118.75,
        2153.25,
        2160.4166666666665,
        2140.5,
        2131.5,
        2126.9166666666665,
        2132.75,
        2117.25,
        2184.3333333333335,
        2144.75,
        2173.4166666666665,
        2176.0833333333335,
        2117.75,
        2108.1666666666665,
        2095.25,
        2166.0,
        2168.5833333333335,
        2160.8333333333335,
        2136.5,
        2154.1666666666665,
        2139.8333333333335,
        2183.1666666666665,
        2110.25,
        2146.1666666666665,
        2118.3333333333335,
        2092.5,
        2166.5,
        2164.5,
        2111.9166666666665,
        2166.5833333333335,
        2176.6666666666665,
        2142.0,
        2171.9166666666665,
        2157.25,
        2125.0833333333335,
        2129.5833333333335,
        2164.8333333333335,
        2140.0,
        2133.5,
        2119.9166666666665,
        2171.0,
        2137.9166666666665,
        2165.75,
        2143.25,
        2142.1666666666665,
        2149.1666666666665,
        2140.75,
        2131.8333333333335,
        2110.0833333333335,
        2147.25,
        2136.4166666666665,
        2142.5833333333335,
        2143.1666666666665,
        2129.75,
        2157.1666666666665,
        2166.9166666666665,
        2188.3333333333335,
        2156.5,
        2163.5,
        2176.4166666666665,
        2187.4166666666665,
        2150.5,
        2101.5833333333335,
        2162.0,
        2129.25,
        2125.1666666666665,
        2168.25,
        2193.0833333333335,
        2162.25,
        2138.9166666666665,
        2108.0833333333335,
        2177.5,
        2161.75,
        2152.5833333333335,
        2182.0833333333335,
        2158.1666666666665,
        2140.5,
        2130.0,
        2123.0,
        2143.5833333333335,
        2163.0833333333335,
        2187.3333333333335,
        2136.1666666666665,
        2152.25,
        2156.9166666666665,
        2137.1666666666665,
        2150.75,
        2165.5,
        2208.4166666666665,
        2157.0833333333335,
        2112.8333333333335,
        2167.3333333333335,
        2162.9166666666665,
        2198.6666666666665,
        2131.5833333333335,
        2130.75,
        2114.4166666666665,
        2194.6666666666665,
        2134.3333333333335,
        2141.75,
        2141.6666666666665,
        2185.5,
        2176.5,
        2184.1666666666665,
        2124.0,
        2148.5833333333335,
        2153.0833333333335,
        2122.5,
        2140.3333333333335,
        2174.3333333333335,
        2187.75,
        2119.5833333333335,
        2139.4166666666665,
        2135.1666666666665,
        2170.6666666666665,
        2160.5,
        2152.4166666666665,
        2151.3333333333335,
        2122.0833333333335,
        2157.8333333333335,
        2150.0833333333335,
        2184.75
    ],
    "opt": 2280,