{
    "agg": 2121,
    "iters": [
        1,
        2,
        3,
        4,
        5,
        6,
        7,
        8,
        9,
        10,
        11,
        12,
        13,
        14,
        15,
        16,
        17,
        18,
        19,
        20,
        21,
        22,
        23,
        24,
        25,
        26,
        27,
        28,
        29,
        30,
        31,
        32,
        33,
        34,
        35,
        36,
        37,
        38,
        39,
        40,
        41,
        42,
        43,
        44,
        45,
        46,
        47,
        48,
        49,
        50,
        51,
        52,
        53,
        54,
        55,
        56,
        57,
        58,
        59,
        60,
        61,
        62,
        63,
        64,
        65,
        66,
        67,
        68,
        69,
        70,
        71,
        72,
        73,
        74,
        75,
        76,
        77,
        78,
        79,
        80,
        81,
        82,
        83,
        84,
        85,
        86,
        87,
        88,
        89,
        90,
        91,
        92,
        93,
        94,
        95,
        96,
        97,
        98,
        99,
        100,
        101,
        102,
        103,
        104,
        105
    ],
    "means": [
        2166.090909090909,
        2149.818181818182,
        2153.4545454545455,
        2137.818181818182,
        2130.2727272727275,
        2119.2727272727275,
        2123.181818181818,
        2123.2727272727275,
        2118.0,
        2154.4545454545455,
        2202.181818181818,
        2206.6363636363635,
        2187.0,
        2158.5454545454545,
        2187.7272727272725,
        2163.6363636363635,
        2137.818181818182,
        2166.5454545454545,
        2091.0,
        2160.5454545454545,
        2152.909090909091,
        2141.909090909091,
        2121.7272727272725,
        2132.7272727272725,
        2113.5454545454545,
        2166.7272727272725,
        2161.3636363636365,
        2128.5454545454545,
        2115.4545454545455,
        2178.909090909091,
        2132.3636363636365,
        2169.6363636363635,
        2141.0,
        2124.818181818182,
        2169.818181818182,
        2100.3636363636365,
        2160.7272727272725,
        2145.090909090909,
        2165.818181818182,
        2179.181818181818,
        2098.4545454545455,
        2170.0,
        2195.7272727272725,
        2150.7272727272725,
        2117.090909090909,
        2141.909090909091,
        2124.2727272727275,
        2152.181818181818,
        2174.7272727272725,
        2126.7272727272725,
        2144.818181818182,
        2172.0,
        2103.2727272727275,
        2170.909090909091,
        2140.090909090909,
        2127.090909090909,
        2202.2727272727275,
        2168.7272727272725,
        2123.6363636363635,
        2109.181818181818,
        2130.181818181818,
        2137.818181818182,
        2167.7272727272725,
        2158.7272727272725,
        2134.7272727272725,
        2149.6363636363635,
        2164.0,
        2123.7272727272725,
        2187.818181818182,
        2135.3636363636365,
        2119.090909090909,
        2180.090909090909,
        2126.7272727272725,
        2106.5454545454545,
        2145.6363636363635,
        2157.090909090909,
        2154.909090909091,
        2168.4545454545455,
        2158.6363636363635,
        2155.909090909091,
        2192.5454545454545,
        2126.909090909091,
        2158.3636363636365,
        2151.818181818182,
        2124.090909090909,
        2143.181818181818,
        2096.4545454545455,
        2158.181818181818,
        2152.4545454545455,
        2145.4545454545455,
        2168.2727272727275,
        2158.6363636363635,
        2153.818181818182,
        2151.0,
        2180.3636363636365,
        2110.181818181818,
        2161.909090909091,
        2115.6363636363635,
        2168.4545454545455,
        2180.909090909091,
        2155.0,
        2139.5454545454545,
        2116.2727272727275,
        2185.909090909091,
        2140.909090909091
    ],
    "opt": 2264,
    "stdevs": [
        72.57279047518685,
        95.25832646194546,
        81.59251707708991,
        99.14527282713455,
        86.85001796105001,
        82.98969367456628,
        92.54759776050197,
        71.60636196861398,
        61.81644382583592,
        95.60559477387355,
        66.22663317841818,
        81.38938140174479,
        89.25652509888155,
        74.84087803328732,
        73.56888041345509,
        67.04174103737398,
        77.66105632439908,
        85.45319147863523,
        93.84900832526876,
        84.39664322963178,
        74.58790365669775,
        106.82054156000873,
        70.43383859931751,
        68.44917279411305,
        91.7113690150331,
        69.67990568448229,
        95.58934205260327,
        82.68270527786399,
        77.75762299533272,
        75.27459374058367,
        87.92276851385252,
        84.00245962554011,
        106.38096206986046,
        92.54170379968569,
        104.77839661253753,
        101.3582958234372,
        87.79220394989618,
        82.86841107273028,
        95.33655044755746,
        91.60867186205996,
        66.96452742970936,
        85.99260010446987,
        83.42235465508239,
        104.19831695472988,
        86.2495897702545,
        89.17037272491815,
        92.45155085880576,
        81.31176609682713,
        83.54975753089337,
        65.59253132247036,
        83.80477116144097,
        83.37974465169474,
        52.239119631122335,
        74.32539581334173,
        91.05687987132453,
        75.66727952082488,
        79.6732998610187,
        62.09829584704751,
        97.16085325355412,
        77.50755761603708,
        82.04524049329922,
        91.2367730705694,
        75.09520128608983,
        98.11597118539312,
        86.09412492793825,
        89.43588127538149,
        62.86059612710132,
        61.97813530752879,
        76.93305021170052,
        76.44162684067881,
        80.8168012971364,
        85.67003777226216,
        64.29207629545158,
        76.75624183841354,
        108.02968676776072,
        48.94236786160664,
        103.44471913710903,
        85.91366029214089,
        86.36526314257341,
        83.28423898199416,
        71.25289612788782,
        84.55601107115012,
        100.71767266362374,
        91.73758839192875,
        88.0913312683382,
        88.27829773641804,
        63.66298144614003,
        95.32510704456541,
        80.0844595483857,
        59.8868078299897,
        93.32941746999848,
        90.81577028375305,
        86.85705935806587,
        92.09777413162601,
        74.51207678475254,
        81.13044287029733,
        79.94595281751808,
        75.63461536441046,
        63.871125410133686,
        87.2086886261961,
        83.05748283294803,
        87.65050810034096,
        82.03667794910774,
        68.31405358603288,
        83.41621223005704
    ]
}