{
    "agg": 2100,
    "iters": [
        1,
        2,
        3,
        4,
        5,
        6,
        7,
        8,
        9,
        10,
        11,
        12,
        13,
        14,
        15,
        16,
        17,
        18,
        19,
        20,
        21,
        22,
        23,
        24,
        25,
        26,
        27,
        28,
        29,
        30,
        31,
        32,
        33,
        34,
        35,
        36,
        37,
        38,
        39,
        40,
        41,
        42,
        43,
        44,
        45,
        46,
        47,
        48,
        49,
        50,
        51,
        52,
        53,
        54,
        55,
        56,
        57,
        58,
        59,
        60,
        61,
        62,
        63,
        64,
        65,
        66,
        67,
        68,
        69,
        70,
        71,
        72,
        73,
        74,
        75,
        76,
        77,
        78,
        79,
        80,
        81,
        82,
        83,
        84,
        85,
        86,
        87,
        88,
        89,
        90,
        91,
        92,
        93,
        94,
        95,
        96,
        97,
        98,
        99,
        100,
        101,
        102,
        103,
        104,
        105,
        106
    ],
    "means": [
        2159.5208333333335,
        2144.0416666666665,
        2150.4166666666665,
        2182.8125,
        2122.9375,
        2143.2916666666665,
        2162.8958333333335,
        2167.0208333333335,
        2150.5208333333335,
        2165.0208333333335,
        2117.9166666666665,
        2136.5,
        2158.9583333333335,
        2150.9583333333335,
        2162.6041666666665,
        2133.1875,
        2171.2916666666665,
        2151.4583333333335,
        2157.3541666666665,
        2151.0833333333335,
        2146.5625,
        2142.0833333333335,
        2155.0833333333335,
        2154.0208333333335,
        2122.1458333333335,
        2153.6458333333335,
        2168.5,
        2129.5833333333335,
        2159.5416666666665,
        2156.375,
        2154.7916666666665,
        2137.9791666666665,
        2147.75,
        2158.25,
        2125.1458333333335,
        2176.875,
        2149.9791666666665,
        2144.125,
        2144.1875,
        2135.7083333333335,
        2154.875,
        2157.3958333333335,
        2175.7916666666665,
        2139.2708333333335,
        2160.5833333333335,
        2169.1875,
        2139.5625,
        2173.1458333333335,
        2158.5208333333335,
        2164.0416666666665,
        2145.0,
        2155.7083333333335,
        2144.0833333333335,
        2167.5625,
        2148.9583333333335,
        2153.3125,
        2141.4791666666665,
        2135.4166666666665,
        2149.4375,
        2168.5208333333335,
        2131.2916666666665,
        2158.8541666666665,
        2160.7291666666665,
        2170.2291666666665,
        2150.4375,
        2162.0,
        2132.1875,
        2131.2916666666665,
        2145.1458333333335,
        2130.8541666666665,
        2140.2291666666665,
        2143.5625,
        2130.375,
        2155.1875,
        2139.5,
        2177.2916666666665,
        2137.0416666666665,
        2145.5416666666665,
        2145.1458333333335,
        2158.1666666666665,
        2137.9375,
        2155.0625,
        2159.375,
        2138.1041666666665,
        2145.2291666666665,
        2162.9791666666665,
        2145.4583333333335,
        2122.3333333333335,
        2124.6666666666665,
        2142.1041666666665,
        2141.9375,
        2137.4375,
        2135.5,
        2145.8958333333335,
        2159.9583333333335,
        2169.5833333333335,
        2143.5,
        2134.0,
        2145.3333333333335,
        2150.4375,
        2151.7083333333335,
        2139.8125,
        2160.8125,
        2153.6458333333335,
        2130.2708333333335,
        2167.5833333333335
    ],
    "opt": 2226,
    "stdevs": [
        86.57414682978721,
        80.6899824258804,
        91.94446542463675,
        90.45801425937891,
        79.75311024499295,
        83.86520890028767,
        79.14944714045001,
        86.0303942373792,
        72.79050693123077,
        77.42428817435493,
        92.55940284787687,
        88.38929045233176,
        72.94717219026077,
        95.25994224868195,
        87.42776532261107,
        76.10728618481063,
        84.99484257229311,
        80.60835314793512,
        84.98737396012945,
        84.66129412088043,
        75.16063526707315,
        76.5299051932569,
        85.73550249977478,
        79.35849292486316,
        89.45040282733343,
        79.92848094373008,
        81.12207878664518,
        84.10084059561409,
        83.59026018156793,
        82.63338333667977,
        90.91845209062656,
        82.37249985668086,
        85.57976298946693,
        86.55020219502667,
        88.00733624328649,
        89.21267310010762,
        79.36689317743821,
        90.73487592063668,
        84.16072328438011,
        90.41754031835983,
        86.38663693920876,
        87.47826863077988,
        89.67928001433155,
        98.27528079823645,
        90.12325664826415,
        78.43565734887417,
        85.71389090310858,
        91.15462814711543,
        80.18156209070484,
        86.85235516220745,
        76.14104237094034,
        79.05745756867104,
        95.81488952952749,
        94.1111723464152,
        79.71275471271136,
        86.26344249110782,
        89.57701285842751,
        91.39539406094575,
        82.95930384079895,
        82.59110867786488,
        87.75651883035368,
        82.9090841382227,
        81.71743479396275,
        75.43961149581094,
        95.6847920365788,
        80.15843686100672,
        80.09308549275649,
        84.71913359579537,
        78.7689103177065,
        87.5188050229143,
        80.29093960490741,
        90.87122441721215,
        82.29282699603897,
        67.49125136205927,
        76.16976653064741,
        86.86794535705074,
        86.1877694178369,
        86.651110382704,
        80.4034072617918,
        91.27712686587417,
        87.2227527297207,
        86.69160047980426,
        86.15650125401642,
        92.74073169849493,
        85.87423934241798,
        80.55238709046569,
        89.28394740315244,
        84.30137734475174,
        86.16586073124063,
        69.6907572731532,
        91.69137687781769,
        93.47880915168243,
        90.31195934094221,
        87.3003053601316,
        75.07661595922454,
        87.32860197107372,
        86.39854358340384,
        94.90850857536431,
        89.261398276199,
        80.04553554331851,
        85.9634026619597,
        89.92071884211855,
        89.99667962625065,
        90.66501750568162,
        86.67485688463653,
        75.28552133194152
    ]
}