{
    "agg": 2135,
    "iters": [
        1,
        2,
        3,
        4,
        5,
        6,
        7,
        8,
        9,
        10,
        11,
        12,
        13,
        14,
        15,
        16,
        17,
        18,
        19,
        20,
        21,
        22,
        23,
        24,
        25,
        26,
        27,
        28,
        29,
        30,
        31,
        32,
        33,
        34,
        35,
        36,
        37,
        38,
        39,
        40,
        41,
        42,
        43,
        44,
        45,
        46,
        47,
        48,
        49,
        50,
        51,
        52,
        53,
        54,
        55,
        56,
        57,
        58,
        59,
        60,
        61,
        62,
        63,
        64,
        65,
        66,
        67,
        68,
        69,
        70,
        71,
        72,
        73,
        74,
        75,
        76,
        77,
        78,
        79,
        80,
        81,
        82,
        83,
        84,
        85,
        86,
        87,
        88,
        89,
        90,
        91,
        92,
        93,
        94,
        95,
        96,
        97,
        98,
        99,
        100,
        101,
        102,
        103,
        104,
        105,
        106,
        107,
        108,
        109,
        110,
        111,
        112,
        113,
        114,
        115,
        116,
        117,
        118,
        119,
        120,
        121,
        122,
        123,
        124,
        125,
        126,
        127,
        128,
        129,
        130,
        131,
        132,
        133,
        134,
        135,
        136,
        137,
        138,
        139,
        140,
        141,
        142,
        143,
        144,
        145,
        146,
        147
    ],
    "means": [
        2166.705882352941,
        2140.470588235294,
        2178.235294117647,
        2128.8823529411766,
        2154.6470588235293,
        2141.9411764705883,
        2169.4117647058824,
        2140.4117647058824,
        2178.4117647058824,
        2169.294117647059,
        2152.4117647058824,
        2159.6470588235293,
        2158.0588235294117,
        2132.5882352941176,
        2148.705882352941,
        2170.0,
        2111.0588235294117,
        2172.764705882353,
        2180.4117647058824,
        2137.1176470588234,
        2134.823529411765,
        2148.764705882353,
        2202.470588235294,
        2130.9411764705883,
        2166.823529411765,
        2131.9411764705883,
        2145.823529411765,
        2127.6470588235293,
        2135.1176470588234,
        2152.705882352941,
        2153.1176470588234,
        2151.294117647059,
        2137.4117647058824,
        2175.6470588235293,
        2194.176470588235,
        2149.764705882353,
        2195.470588235294,
        2122.0,
        2154.0588235294117,
        2175.5882352941176,
        2129.0,
        2134.0588235294117,
        2165.235294117647,
        2176.8823529411766,
        2119.470588235294,
        2161.705882352941,
        2105.0588235294117,
        2146.823529411765,
        2132.705882352941,
        2129.0588235294117,
        2150.9411764705883,
        2173.0,
        2151.6470588235293,
        2151.470588235294,
        2155.3529411764707,
        2173.5882352941176,
        2133.5882352941176,
        2172.3529411764707,
        2146.9411764705883,
        2157.823529411765,
        2187.705882352941,
        2144.3529411764707,
        2155.764705882353,
        2165.529411764706,
        2154.1176470588234,
        2167.8823529411766,
        2143.6470588235293,
        2168.764705882353,
        2197.823529411765,
        2133.235294117647,
        2128.0588235294117,
        2141.6470588235293,
        2173.6470588235293,
        2105.294117647059,
        2142.235294117647,
        2153.529411764706,
        2153.8823529411766,
        2179.5882352941176,
        2154.235294117647,
        2175.6470588235293,
        2164.470588235294,
        2166.0,
        2171.705882352941,
        2122.0588235294117,
        2152.8823529411766,
        2156.1176470588234,
        2129.3529411764707,
        2151.3529411764707,
        2171.705882352941,
        2135.470588235294,
        2174.8823529411766,
        2126.176470588235,
        2112.470588235294,
        2187.529411764706,
        2146.0,
        2170.235294117647,
        2147.235294117647,
        2144.176470588235,
        2137.0588235294117,
        2130.8823529411766,
        2155.705882352941,
        2144.4117647058824,
        2162.470588235294,
        2180.4117647058824,
        2192.176470588235,
        2170.823529411765,
        2157.705882352941,
        2117.470588235294,
        2131.9411764705883,
        2141.0588235294117,
        2164.1176470588234,
        2129.0588235294117,
        2126.823529411765,
        2149.3529411764707,
        2121.6470588235293,
        2196.176470588235,
        2129.3529411764707,
        2130.470588235294,
        2109.235294117647,
        2141.5882352941176,
        2150.6470588235293,
        2138.176470588235,
        2117.764705882353,
        2146.176470588235,
        2148.705882352941,
        2177.5882352941176,
        2188.235294117647,
        2168.764705882353,
        2163.0,
        2150.5882352941176,
        2171.0588235294117,
        2143.6470588235293,
        2172.705882352941,
        2167.176470588235,
        2144.176470588235,
        2145.0,
        2195.3529411764707,
        2174.0588235294117,
        2119.5882352941176,
        2148.6470588235293,
        2174.3529411764707,
        2141.9411764705883,
        2136.764705882353,
        2170.6470588235293,
        2099.529411764706,
        2175.705882352941,
        2116.470588235294
    ],
    "opt": 2280,