{
    "agg": 2104,
    "iters": [
        1,
        2,
        3,
        4,
        5,
        6,
        7,
        8,
        9,
        10,
        11,
        12,
        13,
        14,
        15,
        16,
        17,
        18,
        19,
        20,
        21,
        22,
        23,
        24,
        25,
        26,
        27,
        28,
        29,
        30,
        31,
        32,
        33,
        34,
        35,
        36,
        37,
        38,
        39,
        40,
        41,
        42,
        43,
        44,
        45,
        46,
        47,
        48,
        49,
        50,
        51,
        52,
        53,
        54,
        55,
        56,
        57,
        58,
        59,
        60,
        61,
        62,
        63,
        64,
        65,
        66,
        67,
        68,
        69,
        70,
        71,
        72,
        73,
        74,
        75,
        76,
        77,
        78,
        79,
        80,
        81,
        82,
        83,
        84,
        85,
        86,
        87,
        88,
        89,
        90,
        91,
        92,
        93,
        94,
        95,
        96,
        97,
        98,
        99,
        100,
        101,
        102,
        103,
        104,
        105,
        106,
        107,
        108,
        109
    ],
    "means": [
        2152.6944444444443,
        2158.6944444444443,
        2143.5833333333335,
        2155.722222222222,
        2126.1111111111113,
        2153.0,
        2130.6388888888887,
        2146.1388888888887,
        2163.777777777778,
        2161.9444444444443,
        2140.1111111111113,
        2150.972222222222,
        2160.25,
        2147.8333333333335,
        2165.6944444444443,
        2167.6944444444443,
        2136.3611111111113,
        2163.0,
        2133.6388888888887,
        2137.222222222222,
        2151.5,
        2159.777777777778,
        2138.472222222222,
        2126.4166666666665,
        2164.4166666666665,
        2104.277777777778,
        2133.8333333333335,
        2139.527777777778,
        2132.6666666666665,
        2141.75,
        2157.6666666666665,
        2135.6944444444443,
        2167.8888888888887,
        2135.5,
        2172.9166666666665,
        2133.5,
        2126.3055555555557,
        2141.6111111111113,
        2156.6111111111113,
        2148.9166666666665,
        2144.8611111111113,
        2143.3611111111113,
        2180.3888888888887,
        2175.8888888888887,
        2138.027777777778,
        2171.5555555555557,
        2152.5555555555557,
        2150.027777777778,
        2148.722222222222,
        2129.9444444444443,
        2148.777777777778,
        2170.0555555555557,
        2151.472222222222,
        2147.8611111111113,
        2161.722222222222,
        2133.722222222222,
        2142.722222222222,
        2143.722222222222,
        2126.75,
        2189.5,
        2148.777777777778,
        2154.8055555555557,
        2154.027777777778,
        2154.1944444444443,
        2149.9166666666665,
        2148.75,
        2167.3888888888887,
        2150.5555555555557,
        2165.8333333333335,
        2140.3611111111113,
        2155.777777777778,
        2134.9166666666665,
        2114.3333333333335,
        2174.6388888888887,
        2137.277777777778,
        2165.3611111111113,
        2171.0833333333335,
        2180.722222222222,
        2153.1111111111113,
        2134.1944444444443,
        2172.1111111111113,
        2152.277777777778,
        2147.6388888888887,
        2143.1388888888887,
        2129.777777777778,
        2134.5,
        2142.4444444444443,
        2112.5,
        2153.0833333333335,
        2132.3888888888887,
        2127.527777777778,
        2116.527777777778,
        2138.3333333333335,
        2140.3888888888887,
        2143.3611111111113,
        2111.6111111111113,
        2139.3333333333335,
        2139.4166666666665,
        2150.5,
        2121.3333333333335,
        2174.8611111111113,
        2167.3333333333335,
        2151.5555555555557,
        2158.527777777778,
        2145.527777777778,
        2160.9166666666665,
        2158.1111111111113,
        2141.3888888888887,
        2153.1666666666665
    ],
    "opt": 2287,
    "stdevs": [
        90.83281940051687,
        90.3723222884223,
        79.1908296458624,
        92.75763254342863,
        86.99258518140044,
        86.54510705727711,
        86.92210841954287,
        94.29656314515209,
        71.11848920057878,
        71.7894082424592,
        84.79150172884131,
        85.12164044965009,
        74.02153402895674,
        76.10464287194749,
        89.33296624440887,
        80.46456067543872,
        87.61124762196087,
        94.6296876132315,
        85.27835233248359,
        88.06219743615276,
        84.73865050193382,
        89.75680448087088,
        80.52794066903154,
        81.05429421758672,
        77.43577087568194,
        68.62523471366909,
        63.16710641887385,
        82.7977744303389,
        95.56556795089838,
        72.39451137881778,
        76.18726927774745,
        91.19996937269357,
        86.61690166659731,
        85.56852354821966,
        86.68024733339065,
        83.73818324595617,
        76.37037654470645,
        89.37756298664726,
        81.00523912335608,
        87.53836460534191,
        77.09847699093017,
        80.97775853000137,
        84.3317779098253,
        86.4891700920403,
        81.88897840338844,
        75.73251336280154,
        77.41642247699001,
        78.96711204008045,
        75.57652895175235,
        79.58292127099061,
        95.11925588179385,
        82.49577243189982,
        75.84761261573216,
        84.8338745162102,
        77.38633640203156,
        78.90275699700483,
        97.62246187086451,
        91.87661143291616,
        74.82215024086562,
        71.1194222573709,
        87.25954615434193,
        86.25473238045952,
        85.2748778008542,
        76.85622198641234,
        79.52825319064638,
        90.60180737711583,
        89.9710687381035,
        92.53871395392801,
        93.42361704741592,
        92.72394895536182,
        76.2387008426353,
        90.28884974839855,
        80.31431310102134,
        72.37408712829696,
        91.58378407869398,
        84.54195302326328,
        84.88926610591001,
        88.36779551369727,
        88.05546792845273,
        88.51516487913383,
        89.24366699528561,
        83.7710541068503,
        89.72679296923081,
        88.85948732495771,
        98.62445919049333,
        84.15610494788837,
        74.61473061461362,
        75.99104479403404,
        89.00635901127762,
        81.56022920305166,
        72.28742249255595,
        78.52193115836815,
        81.53969721689076,
        79.12798275149561,
        90.90689766574303,
        74.52228517466652,
        87.28370090941632,
        82.50972164943151,
        89.41150187009872,
        71.30022596192963,
        100.71939920662359,
        84.194219912454,
        80.52585659430711,
        91.43925916849912,
        90.609505912616,
        88.49870526359882,
        87.77742615963331,
        74.97935929966096,
        87.95248085693143
    ]
}