{
    "agg": 2165,
    "iters": [
        1,
        2,
        3,
        4,
        5,
        6,
        7,
        8,
        9,
        10,
        11,
        12,
        13,
        14,
        15,
        16,
        17,
        18,
        19,
        20,
        21,
        22,
        23,
        24,
        25,
        26,
        27,
        28,
        29,
        30,
        31,
        32,
        33,
        34,
        35,
        36,
        37,
        38,
        39,
        40,
        41,
        42,
        43,
        44,
        45,
        46,
        47,
        48,
        49,
        50,
        51,
        52,
        53,
        54,
        55,
        56,
        57,
        58,
        59,
        60,
        61,
        62,
        63,
        64,
        65,
        66,
        67,
        68,
        69,
        70,
        71,
        72,
        73,
        74,
        75,
        76,
        77,
        78,
        79,
        80,
        81,
        82,
        83,
        84,
        85,
        86,
        87,
        88,
        89,
        90,
        91,
        92,
        93,
        94,
        95,
        96,
        97,
        98,
        99,
        100,
        101,
        102,
        103,
        104,
        105,
        106,
        107,
        108,
        109,
        110,
        111,
        112,
        113,
        114,
        115,
        116,
        117,
        118,
        119,
        120,
        121,
        122,
        123,
        124,
        125,
        126,
        127,
        128,
        129,
        130,
        131,
        132,
        133,
        134,
        135,
        136
    ],
    "means": [
        2138.5777777777776,
        2130.3333333333335,
        2146.2,
        2182.0,
        2133.5777777777776,
        2157.6666666666665,
        2144.7555555555555,
        2135.5777777777776,
        2138.5333333333333,
        2154.866666666667,
        2137.4222222222224,
        2136.733333333333,
        2138.911111111111,
        2140.2,
        2135.6666666666665,
        2147.4666666666667,
        2157.8,
        2159.3777777777777,
        2135.6666666666665,
        2153.4222222222224,
        2134.3777777777777,
        2151.0444444444443,
        2149.4666666666667,
        2128.711111111111,
        2152.2444444444445,
        2130.3777777777777,
        2127.866666666667,
        2132.9555555555557,
        2141.9333333333334,
        2161.5777777777776,
        2142.733333333333,
        2162.3333333333335,
        2155.288888888889,
        2156.6,
        2124.133333333333,
        2147.6444444444446,
        2149.3555555555554,
        2143.5777777777776,
        2145.0444444444443,
        2155.133333333333,
        2147.266666666667,
        2148.0666666666666,
        2143.866666666667,
        2157.6444444444446,
        2147.9333333333334,
        2140.4222222222224,
        2167.088888888889,
        2148.1111111111113,
        2161.6444444444446,
        2139.266666666667,
        2142.133333333333,
        2135.866666666667,
        2128.8444444444444,
        2164.2444444444445,
        2136.488888888889,
        2144.4,
        2133.5777777777776,
        2156.1111111111113,
        2164.222222222222,
        2140.4444444444443,
        2134.511111111111,
        2148.7555555555555,
        2149.6444444444446,
        2145.5555555555557,
        2145.9555555555557,
        2132.3555555555554,
        2175.0222222222224,
        2148.6,
        2164.5333333333333,
        2137.733333333333,
        2138.777777777778,
        2146.311111111111,
        2118.4666666666667,
        2178.9333333333334,
        2154.9333333333334,
        2152.7555555555555,
        2148.711111111111,
        2145.488888888889,
        2157.7555555555555,
        2134.6666666666665,
        2132.7555555555555,
        2150.6222222222223,
        2150.2444444444445,
        2154.222222222222,
        2128.4666666666667,
        2141.7555555555555,
        2157.511111111111,
        2162.266666666667,
        2155.133333333333,
        2153.0666666666666,
        2164.8888888888887,
        2166.8888888888887,
        2161.0444444444443,
        2165.866666666667,
        2165.8444444444444,
        2162.311111111111,
        2136.5777777777776,
        2157.6222222222223,
        2144.777777777778,
        2152.0666666666666,
        2153.0666666666666,
        2126.3555555555554,
        2128.4444444444443,
        2164.9555555555557,
        2142.6222222222223,
        2136.488888888889,
        2147.2,
        2141.0444444444443,
        2151.7555555555555,
        2158.488888888889,
        2169.088888888889,
        2142.133333333333,
        2165.0666666666666,
        2142.4,
        2154.488888888889,
        2162.911111111111,
        2106.4,
        2134.6222222222223,
        2141.1555555555556,
        2151.0444444444443,
        2152.5777777777776,
        2151.3555555555554,
        2131.688888888889,
        2188.5777777777776,
        2139.9555555555557,
        2142.4,
        2160.0666666666666,
        2149.822222222222,
        2134.133333333333,
        2160.4,
        2135.3777777777777,
        2141.8,
        2146.288888888889,
        2172.4666666666667,
        2133.0444444444443,
        2141.266666666667
    ],
    "opt": 2293,