{
    "agg": 2215,
    "iters": [
        1,
        2,
        3,
        4,
        5,
        6,
        7,
        8,
        9,
        10,
        11,
        12,
        13,
        14,
        15,
        16,
        17,
        18,
        19,
        20,
        21,
        22,
        23,
        24,
        25,
        26,
        27,
        28,
        29,
        30,
        31,
        32,
        33,
        34,
        35,
        36,
        37,
        38,
        39,
        40,
        41,
        42,
        43,
        44,
        45,
        46,
        47,
        48,
        49,
        50,
        51,
        52,
        53,
        54,
        55,
        56,
        57,
        58,
        59,
        60,
        61,
        62,
        63,
        64,
        65,
        66,
        67,
        68,
        69,
        70,
        71,
        72,
        73,
        74,
        75,
        76,
        77,
        78,
        79,
        80,
        81,
        82,
        83,
        84,
        85,
        86,
        87,
        88,
        89,
        90,
        91,
        92,
        93,
        94,
        95,
        96,
        97,
        98,
        99,
        100,
        101,
        102,
        103,
        104,
        105,
        106,
        107,
        108,
        109,
        110,
        111,
        112,
        113,
        114,
        115,
        116,
        117,
        118,
        119,
        120,
        121,
        122,
        123,
        124,
        125,
        126,
        127,
        128,
        129,
        130,
        131,
        132,
        133,
        134,
        135,
        136,
        137,
        138,
        139,
        140,
        141,
        142,
        143
    ],
    "means": [
        2133.5714285714284,
        2153.2619047619046,
        2157.595238095238,
        2144.2619047619046,
        2139.6190476190477,
        2155.7380952380954,
        2150.6666666666665,
        2148.0238095238096,
        2132.8333333333335,
        2154.690476190476,
        2148.5,
        2152.1190476190477,
        2148.214285714286,
        2165.7619047619046,
        2129.8809523809523,
        2139.404761904762,
        2180.714285714286,
        2160.7380952380954,
        2169.904761904762,
        2161.4761904761904,
        2163.4523809523807,
        2164.2619047619046,
        2172.5714285714284,
        2144.2380952380954,
        2160.0,
        2149.595238095238,
        2164.6190476190477,
        2164.9523809523807,
        2160.404761904762,
        2166.714285714286,
        2149.1666666666665,
        2169.2619047619046,
        2166.1190476190477,
        2131.285714285714,
        2155.690476190476,
        2127.7380952380954,
        2171.4285714285716,
        2135.6666666666665,
        2146.5,
        2147.1190476190477,
        2174.7619047619046,
        2163.0714285714284,
        2146.404761904762,
        2139.8333333333335,
        2154.1428571428573,
        2154.0714285714284,
        2143.1428571428573,
        2146.0714285714284,
        2120.9285714285716,
        2123.404761904762,
        2151.7619047619046,
        2163.8333333333335,
        2131.785714285714,
        2169.404761904762,
        2160.0714285714284,
        2156.8333333333335,
        2147.3809523809523,
        2128.0,
        2129.5476190476193,
        2136.0476190476193,
        2144.3333333333335,
        2154.1190476190477,
        2166.6666666666665,
        2134.404761904762,
        2174.6428571428573,
        2140.0238095238096,
        2118.0,
        2146.3571428571427,
        2161.2619047619046,
        2135.7380952380954,
        2158.309523809524,
        2156.785714285714,
        2157.4523809523807,
        2163.2380952380954,
        2162.309523809524,
        2155.809523809524,
        2168.904761904762,
        2161.4761904761904,
        2151.6666666666665,
        2147.9285714285716,
        2164.0714285714284,
        2124.4761904761904,
        2151.1190476190477,
        2126.095238095238,
        2146.6428571428573,
        2147.6190476190477,
        2159.404761904762,
        2141.6428571428573,
        2147.8809523809523,
        2161.595238095238,
        2167.3571428571427,
        2164.8333333333335,
        2152.5476190476193,
        2145.6428571428573,
        2159.785714285714,
        2143.7619047619046,
        2145.2619047619046,
        2151.9285714285716,
        2151.1428571428573,
        2137.6666666666665,
        2122.5238095238096,
        2146.809523809524,
        2129.4761904761904,
        2132.095238095238,
        2129.1428571428573,
        2153.714285714286,
        2160.6190476190477,
        2155.095238095238,
        2143.6666666666665,
        2145.1666666666665,
        2159.690476190476,
        2140.7380952380954,
        2140.809523809524,
        2135.190476190476,
        2138.8571428571427,
        2151.309523809524,
        2132.7380952380954,
        2131.1190476190477,
        2123.2380952380954,
        2145.0,
        2148.4285714285716,
        2152.8333333333335,
        2134.8809523809523,
        2159.5476190476193,
        2165.809523809524,
        2130.309523809524,
        2133.7380952380954,
        2129.285714285714,
        2142.7380952380954,
        2152.2619047619046,
        2154.7380952380954,
        2197.9285714285716,
        2131.1666666666665,
        2146.3809523809523,
        2159.6428571428573,
        2144.0238095238096,
        2163.785714285714,
        2110.5476190476193,
        2181.7619047619046,
        2155.8571428571427,
        2142.8333333333335,
        2159.4285714285716,
        2165.3333333333335
    ],
    "opt": 2265,