{
    "agg": 2296,
    "iters": [
        1,
        2,
        3,
        4,
        5,
        6,
        7,
        8,
        9,
        10,
        11,
        12,
        13,
        14,
        15,
        16,
        17,
        18,
        19,
        20,
        21,
        22,
        23,
        24,
        25,
        26,
        27,
        28,
        29,
        30,
        31,
        32,
        33,
        34,
        35,
        36,
        37,
        38,
        39,
        40,
        41,
        42,
        43,
        44,
        45,
        46,
        47,
        48,
        49,
        50,
        51,
        52,
        53,
        54,
        55,
        56,
        57,
        58,
        59,
        60,
        61,
        62,
        63,
        64,
        65,
        66,
        67,
        68,
        69,
        70,
        71,
        72,
        73,
        74,
        75,
        76,
        77,
        78,
        79,
        80,
        81,
        82,
        83,
        84,
        85,
        86,
        87,
        88,
        89,
        90,
        91,
        92,
        93,
        94,
        95,
        96,
        97,
        98,
        99,
        100,
        101,
        102,
        103,
        104,
        105,
        106,
        107,
        108,
        109,
        110,
        111,
        112,
        113,
        114,
        115,
        116,
        117,
        118,
        119,
        120,
        121,
        122,
        123,
        124,
        125,
        126,
        127,
        128,
        129,
        130,
        131
    ],
    "means": [
        2155.205882352941,
        2162.3823529411766,
        2133.6176470588234,
        2127.0882352941176,
        2174.823529411765,
        2136.0588235294117,
        2170.6470588235293,
        2128.5,
        2157.294117647059,
        2167.705882352941,
        2178.705882352941,
        2156.264705882353,
        2112.5,
        2172.176470588235,
        2144.0588235294117,
        2150.8823529411766,
        2155.3529411764707,
        2141.5882352941176,
        2161.5588235294117,
        2159.294117647059,
        2139.294117647059,
        2157.264705882353,
        2155.735294117647,
        2162.823529411765,
        2152.6176470588234,
        2142.823529411765,
        2142.676470588235,
        2138.4411764705883,
        2140.6176470588234,
        2152.235294117647,
        2167.6176470588234,
        2151.794117647059,
        2160.970588235294,
        2143.4117647058824,
        2151.235294117647,
        2157.294117647059,
        2149.4411764705883,
        2159.0,
        2137.705882352941,
        2126.470588235294,
        2154.8823529411766,
        2147.3823529411766,
        2137.6176470588234,
        2135.823529411765,
        2141.323529411765,
        2148.235294117647,
        2146.4117647058824,
        2145.705882352941,
        2150.205882352941,
        2121.3529411764707,
        2148.323529411765,
        2154.735294117647,
        2144.9117647058824,
        2157.5588235294117,
        2141.5882352941176,
        2152.264705882353,
        2147.764705882353,
        2141.470588235294,
        2165.529411764706,
        2132.3823529411766,
        2159.676470588235,
        2107.6176470588234,
        2126.794117647059,
        2158.029411764706,
        2158.4117647058824,
        2137.9411764705883,
        2150.0588235294117,
        2156.0882352941176,
        2137.029411764706,
        2149.1176470588234,
        2133.764705882353,
        2143.294117647059,
        2174.529411764706,
        2135.676470588235,
        2160.5882352941176,
        2159.8529411764707,
        2138.970588235294,
        2164.4411764705883,
        2152.235294117647,
        2147.1470588235293,
        2177.1470588235293,
        2152.176470588235,
        2144.4117647058824,
        2145.4411764705883,
        2173.9411764705883,
        2160.5588235294117,
        2126.4411764705883,
        2149.205882352941,
        2169.529411764706,
        2161.6176470588234,
        2165.764705882353,
        2149.323529411765,
        2142.1470588235293,
        2133.9117647058824,
        2152.3823529411766,
        2128.735294117647,
        2152.823529411765,
        2116.8823529411766,
        2148.9411764705883,
        2149.5588235294117,
        2143.3529411764707,
        2155.3529411764707,
        2158.264705882353,
        2151.676470588235,
        2131.470588235294,
        2161.264705882353,
        2140.5882352941176,
        2156.735294117647,
        2155.794117647059,
        2157.794117647059,
        2147.6176470588234,
        2149.470588235294,
        2156.705882352941,
        2124.323529411765,
        2137.705882352941,
        2130.794117647059,
        2136.205882352941,
        2151.5588235294117,
        2164.6176470588234,
        2183.1470588235293,
        2146.8529411764707,
        2176.6176470588234,
        2134.676470588235,
        2135.235294117647,
        2134.0882352941176,
        2156.205882352941,
        2146.6470588235293,
        2144.9411764705883,
        2172.3529411764707,
        2140.3529411764707,
        2155.8529411764707
    ],
    "opt": 2260,