{
    "agg": 2154,
    "iters": [
        1,
        2,
        3,
        4,
        5,
        6,
        7,
        8,
        9,
        10,
        11,
        12,
        13,
        14,
        15,
        16,
        17,
        18,
        19,
        20,
        21,
        22,
        23,
        24,
        25,
        26,
        27,
        28,
        29,
        30,
        31,
        32,
        33,
        34,
        35,
        36,
        37,
        38,
        39,
        40,
        41,
        42,
        43,
        44,
        45,
        46,
        47,
        48,
        49,
        50,
        51,
        52,
        53,
        54,
        55,
        56,
        57,
        58,
        59,
        60,
        61,
        62,
        63,
        64,
        65,
        66,
        67,
        68,
        69,
        70,
        71,
        72,
        73,
        74,
        75,
        76,
        77,
        78,
        79,
        80,
        81,
        82,
        83,
        84,
        85,
        86,
        87,
        88,
        89,
        90,
        91,
        92,
        93,
        94,
        95,
        96,
        97,
        98,
        99,
        100,
        101,
        102
    ],
    "means": [
        2142.684210526316,
        2165.0,
        2136.2105263157896,
        2148.1315789473683,
        2176.5526315789475,
        2154.5263157894738,
        2162.4473684210525,
        2165.2631578947367,
        2156.7894736842104,
        2154.9473684210525,
        2137.5,
        2163.0789473684213,
        2152.5789473684213,
        2161.6315789473683,
        2137.2631578947367,
        2154.5526315789475,
        2167.0526315789475,
        2133.0,
        2162.9210526315787,
        2153.5789473684213,
        2123.5,
        2157.184210526316,
        2125.7368421052633,
        2142.815789473684,
        2166.4736842105262,
        2121.6052631578946,
        2140.6052631578946,
        2153.2894736842104,
        2140.0789473684213,
        2154.1315789473683,
        2178.315789473684,
        2162.3684210526317,
        2144.5263157894738,
        2131.0263157894738,
        2140.815789473684,
        2162.9736842105262,
        2147.2368421052633,
        2176.0526315789475,
        2136.0526315789475,
        2164.815789473684,
        2162.5,
        2150.4736842105262,
        2161.0263157894738,
        2165.7631578947367,
        2126.3947368421054,
        2133.2631578947367,
        2145.0526315789475,
        2132.815789473684,
        2159.5526315789475,
        2154.9210526315787,
        2147.5263157894738,
        2154.5526315789475,
        2142.5,
        2133.3947368421054,
        2160.684210526316,
        2138.657894736842,
        2176.2894736842104,
        2140.7631578947367,
        2141.9736842105262,
        2156.4736842105262,
        2131.1315789473683,
        2161.4736842105262,
        2145.1052631578946,
        2139.0263157894738,
        2132.7894736842104,
        2142.8947368421054,
        2122.6315789473683,
        2150.657894736842,
        2173.7894736842104,
        2115.4473684210525,
        2170.5789473684213,
        2166.342105263158,
        2127.184210526316,
        2166.3684210526317,
        2122.7631578947367,
        2146.5526315789475,
        2138.4473684210525,
        2154.6052631578946,
        2163.315789473684,
        2170.184210526316,
        2135.7631578947367,
        2143.9736842105262,
        2150.4210526315787,
        2158.6315789473683,
        2149.1315789473683,
        2157.657894736842,
        2152.7368421052633,
        2151.2631578947367,
        2163.2631578947367,
        2147.5789473684213,
        2158.815789473684,
        2133.2894736842104,
        2173.4473684210525,
        2161.7631578947367,
        2156.315789473684,
        2135.342105263158,
        2150.0526315789475,
        2147.2105263157896,
        2151.7105263157896,
        2160.0,
        2148.6315789473683,
        2124.8947368421054
    ],
    "opt": 2295,
    "stdevs": [
        89.44275007045684,
        92.25622215501667,
        79.3195263325351,
        84.08897889254652,
        95.5377294906713,
        79.13171459565152,
        88.69898752416306,
        91.20355608560051,
        72.4660203110602,
        83.17734615944069,
        90.4572449165612,
        87.69936133085199,
        79.64514442494855,
        87.95166766398091,
        83.48548068235903,
        95.44844223272447,
        83.58416727700637,
        84.97584796188917,
        93.4734360179256,
        83.02270823758096,
        84.74474056029423,
        89.88702127002419,
        83.80449812400988,
        80.75038056392573,
        79.03887679061063,
        87.2056068554999,
        85.61527761896737,
        93.37950521640084,
        81.2693318148292,
        93.42184210192738,
        85.45023336581046,
        82.63375793305363,
        90.51075447647244,
        89.17560642442211,
        86.48086349414258,
        89.58515115508386,
        75.29186515453549,
        79.7660880880106,
        96.91068795774393,
        85.43968487004454,
        87.73037342364748,
        87.083667222694,
        88.68527642651652,
        81.41848820511622,
        84.67570939633664,
        70.35537020259001,
        90.84977402527325,
        75.99267806251845,
        78.47114701676932,
        91.69009060242792,
        88.5083215957107,
        93.14100724126241,
        96.84734325079259,
        89.37871507882218,
        89.81738937924575,
        81.0971724848749,
        75.10866089758395,
        94.08015457451451,
        99.50601326502975,
        86.77700909503176,
        83.88029410780693,
        90.7096979792085,
        98.05095063112643,
        90.45513189657399,
        85.43916207168974,
        79.01791584780472,
        70.11810377109676,
        89.69077765059163,
        75.50850697794773,
        72.7225069657983,
        80.94105443857777,
        84.3854802663254,
        93.06586667606015,
        93.09429883969422,
        82.997284106018,
        92.39209847977175,
        95.45478327967398,
        96.30448955859364,
        86.64874805885083,
        84.10859373551673,
        89.29885783749047,
        89.42344177595811,
        85.82989038267783,
        97.3824314244541,
        83.01210154411272,
        84.69240825847673,
        88.76215534565758,
        89.27947963986206,
        89.0309479635641,
        83.37159417140494,
        90.76135720238452,
        79.33403991475964,
        88.91145724774111,
        91.87647147708893,
        82.03372389423559,
        80.0947716001059,
        80.04404950710482,
        88.28368088298825,
        82.04007618062646,
        79.82744548481793,
        93.6067982946784,
        83.56302048963884
    ]
}