{
    "agg": 2264,
    "iters": [
        1,
        2,
        3,
        4,
        5,
        6,
        7,
        8,
        9,
        10,
        11,
        12,
        13,
        14,
        15,
        16,
        17,
        18,
        19,
        20,
        21,
        22,
        23,
        24,
        25,
        26,
        27,
        28,
        29,
        30,
        31,
        32,
        33,
        34,
        35,
        36,
        37,
        38,
        39,
        40,
        41,
        42,
        43,
        44,
        45,
        46,
        47,
        48,
        49,
        50,
        51,
        52,
        53,
        54,
        55,
        56,
        57,
        58,
        59,
        60,
        61,
        62,
        63,
        64,
        65,
        66,
        67,
        68,
        69,
        70,
        71,
        72,
        73,
        74,
        75,
        76,
        77,
        78,
        79,
        80,
        81,
        82,
        83,
        84,
        85,
        86,
        87,
        88,
        89,
        90,
        91,
        92,
        93,
        94,
        95,
        96,
        97,
        98,
        99,
        100,
        101,
        102,
        103,
        104,
        105,
        106,
        107,
        108,
        109,
        110,
        111,
        112,
        113,
        114,
        115,
        116,
        117,
        118,
        119,
        120
    ],
    "means": [
        2136.1739130434785,
        2183.2608695652175,
        2149.913043478261,
        2174.2608695652175,
        2135.304347826087,
        2156.913043478261,
        2120.3478260869565,
        2158.478260869565,
        2134.478260869565,
        2128.1739130434785,
        2127.7391304347825,
        2162.782608695652,
        2171.521739130435,
        2154.6521739130435,
        2147.5652173913045,
        2126.2608695652175,
        2148.086956521739,
        2166.1739130434785,
        2154.9565217391305,
        2169.3478260869565,
        2137.695652173913,
        2137.913043478261,
        2146.1739130434785,
        2126.478260869565,
        2152.0434782608695,
        2184.8695652173915,
        2160.086956521739,
        2121.8695652173915,
        2163.2608695652175,
        2141.304347826087,
        2163.608695652174,
        2181.217391304348,
        2178.4347826086955,
        2144.2608695652175,
        2145.478260869565,
        2165.217391304348,
        2165.9565217391305,
        2130.086956521739,
        2140.4347826086955,
        2134.695652173913,
        2155.1304347826085,
        2164.782608695652,
        2120.391304347826,
        2178.086956521739,
        2133.0,
        2163.3478260869565,
        2170.7391304347825,
        2161.0434782608695,
        2177.304347826087,
        2160.8260869565215,
        2121.8695652173915,
        2160.8260869565215,
        2128.217391304348,
        2105.9565217391305,
        2156.2608695652175,
        2163.8695652173915,
        2123.913043478261,
        2169.913043478261,
        2165.0,
        2170.913043478261,
        2142.608695652174,
        2172.0434782608695,
        2122.4347826086955,
        2169.0434782608695,
        2141.0434782608695,
        2181.1739130434785,
        2131.0434782608695,
        2176.217391304348,
        2175.521739130435,
        2133.1739130434785,
        2149.4347826086955,
        2118.5652173913045,
        2121.3478260869565,
        2127.608695652174,
        2148.391304347826,
        2150.913043478261,
        2153.8695652173915,
        2136.391304347826,
        2167.0434782608695,
        2154.7391304347825,
        2153.913043478261,
        2155.3478260869565,
        2178.391304347826,
        2173.478260869565,
        2154.695652173913,
        2182.9565217391305,
        2135.2608695652175,
        2175.913043478261,
        2151.2608695652175,
        2115.5652173913045,
        2147.5652173913045,
        2168.1304347826085,
        2161.782608695652,
        2152.478260869565,
        2173.3478260869565,
        2136.913043478261,
        2177.9565217391305,
        2134.478260869565,
        2175.9565217391305,
        2135.0434782608695,
        2140.695652173913,
        2130.521739130435,
        2142.9565217391305,
        2165.913043478261,
        2152.8260869565215,
        2149.8695652173915,
        2159.1304347826085,
        2175.2608695652175,
        2145.7391304347825,
        2161.7391304347825,
        2145.304347826087,
        2124.6521739130435,
        2127.782608695652,
        2101.913043478261,
        2145.8695652173915,
        2167.8695652173915,
        2157.8695652173915,
        2142.3478260869565,
        2124.4347826086955,
        2169.9565217391305
    ],
    "opt": 2216,