{
    "agg": 2172,
    "iters": [
        1,
        2,
        3,
        4,
        5,
        6,
        7,
        8,
        9,
        10,
        11,
        12,
        13,
        14,
        15,
        16,
        17,
        18,
        19,
        20,
        21,
        22,
        23,
        24,
        25,
        26,
        27,
        28,
        29,
        30,
        31,
        32,
        33,
        34,
        35,
        36,
        37,
        38,
        39,
        40,
        41,
        42,
        43,
        44,
        45,
        46,
        47,
        48,
        49,
        50,
        51,
        52,
        53,
        54,
        55,
        56,
        57,
        58,
        59,
        60,
        61,
        62,
        63,
        64,
        65,
        66,
        67,
        68,
        69,
        70,
        71,
        72,
        73,
        74,
        75,
        76,
        77,
        78,
        79,
        80,
        81,
        82,
        83,
        84,
        85,
        86,
        87,
        88,
        89,
        90,
        91,
        92,
        93,
        94,
        95,
        96,
        97,
        98,
        99,
        100,
        101,
        102,
        103,
        104,
        105,
        106,
        107,
        108,
        109,
        110,
        111,
        112,
        113,
        114,
        115,
        116,
        117,
        118,
        119,
        120,
        121,
        122,
        123,
        124,
        125,
        126,
        127,
        128,
        129,
        130,
        131,
        132,
        133,
        134
    ],
    "means": [
        2121.8571428571427,
        2132.6666666666665,
        2143.5238095238096,
        2116.1428571428573,
        2126.095238095238,
        2152.4285714285716,
        2162.285714285714,
        2157.0476190476193,
        2139.3333333333335,
        2146.5714285714284,
        2152.7619047619046,
        2145.285714285714,
        2155.904761904762,
        2173.904761904762,
        2151.9523809523807,
        2153.0476190476193,
        2148.809523809524,
        2173.904761904762,
        2181.9523809523807,
        2138.0476190476193,
        2131.9523809523807,
        2177.2380952380954,
        2135.9523809523807,
        2173.3809523809523,
        2131.0476190476193,
        2127.714285714286,
        2133.3809523809523,
        2150.714285714286,
        2175.2380952380954,
        2147.3809523809523,
        2098.8571428571427,
        2103.809523809524,
        2152.3809523809523,
        2142.714285714286,
        2186.714285714286,
        2144.2380952380954,
        2147.5714285714284,
        2139.0476190476193,
        2140.4761904761904,
        2134.0476190476193,
        2149.3809523809523,
        2150.190476190476,
        2161.2380952380954,
        2138.0,
        2133.7619047619046,
        2117.4761904761904,
        2159.8571428571427,
        2109.3333333333335,
        2165.0,
        2122.1428571428573,
        2147.6666666666665,
        2205.285714285714,
        2112.3333333333335,
        2128.5714285714284,
        2124.9523809523807,
        2177.190476190476,
        2169.3333333333335,
        2181.0476190476193,
        2153.9523809523807,
        2156.190476190476,
        2169.6190476190477,
        2145.904761904762,
        2165.2380952380954,
        2142.2380952380954,
        2153.9523809523807,
        2138.5714285714284,
        2166.190476190476,
        2168.5238095238096,
        2151.285714285714,
        2148.3333333333335,
        2127.904761904762,
        2135.3333333333335,
        2152.095238095238,
        2162.3333333333335,
        2165.714285714286,
        2151.809523809524,
        2177.190476190476,
        2122.285714285714,
        2156.5714285714284,
        2155.5238095238096,
        2195.285714285714,
        2124.3809523809523,
        2121.2380952380954,
        2139.4761904761904,
        2115.6190476190477,
        2168.5238095238096,
        2155.095238095238,
        2163.0476190476193,
        2150.6190476190477,
        2140.5714285714284,
        2122.6190476190477,
        2159.5714285714284,
        2169.3809523809523,
        2138.285714285714,
        2117.3809523809523,
        2155.0,
        2162.0476190476193,
        2125.3333333333335,
        2142.2380952380954,
        2162.6666666666665,
        2139.8571428571427,
        2180.714285714286,
        2115.3333333333335,
        2180.5714285714284,
        2153.7619047619046,
        2106.285714285714,
        2156.4285714285716,
        2122.095238095238,
        2162.190476190476,
        2124.9523809523807,
        2171.8571428571427,
        2142.5714285714284,
        2150.809523809524,
        2137.8571428571427,
        2154.4285714285716,
        2170.6190476190477,
        2122.6666666666665,
        2132.714285714286,
        2151.3809523809523,
        2151.6190476190477,
        2143.3809523809523,
        2097.3333333333335,
        2157.7619047619046,
        2125.0476190476193,
        2132.3333333333335,
        2126.190476190476,
        2173.2380952380954,
        2169.285714285714,
        2143.3809523809523,
        2159.3333333333335,
        2162.809523809524,
        2132.190476190476,
        2129.6666666666665,
        2137.4761904761904
    ],
    "opt": 2274,