{
    "agg": 2223,
    "iters": [
        1,
        2,
        3,
        4,
        5,
        6,
        7,
        8,
        9,
        10,
        11,
        12,
        13,
        14,
        15,
        16,
        17,
        18,
        19,
        20,
        21,
        22,
        23,
        24,
        25,
        26,
        27,
        28,
        29,
        30,
        31,
        32,
        33,
        34,
        35,
        36,
        37,
        38,
        39,
        40,
        41,
        42,
        43,
        44,
        45,
        46,
        47,
        48,
        49,
        50,
        51,
        52,
        53,
        54,
        55,
        56,
        57,
        58,
        59,
        60,
        61,
        62,
        63,
        64,
        65,
        66,
        67,
        68,
        69,
        70,
        71,
        72,
        73,
        74,
        75,
        76,
        77,
        78,
        79,
        80,
        81,
        82,
        83,
        84,
        85,
        86,
        87,
        88,
        89,
        90,
        91,
        92,
        93,
        94,
        95,
        96,
        97,
        98,
        99,
        100,
        101,
        102,
        103,
        104,
        105,
        106,
        107,
        108,
        109,
        110,
        111,
        112,
        113,
        114,
        115,
        116,
        117,
        118,
        119,
        120,
        121,
        122,
        123,
        124,
        125,
        126,
        127,
        128,
        129
    ],
    "means": [
        2180.3488372093025,
        2170.1627906976746,
        2114.8372093023254,
        2145.279069767442,
        2170.3953488372094,
        2124.2558139534885,
        2152.279069767442,
        2153.186046511628,
        2148.3488372093025,
        2162.3953488372094,
        2154.6511627906975,
        2160.9767441860463,
        2151.720930232558,
        2160.9302325581393,
        2137.093023255814,
        2126.813953488372,
        2135.046511627907,
        2144.6511627906975,
        2160.186046511628,
        2147.3720930232557,
        2153.232558139535,
        2154.860465116279,
        2157.0232558139537,
        2136.9302325581393,
        2163.093023255814,
        2141.906976744186,
        2166.6511627906975,
        2120.7906976744184,
        2155.3488372093025,
        2137.9302325581393,
        2148.4186046511627,
        2136.906976744186,
        2159.139534883721,
        2148.3720930232557,
        2144.0697674418607,
        2163.279069767442,
        2174.186046511628,
        2161.6046511627906,
        2142.046511627907,
        2167.8372093023254,
        2175.0697674418607,
        2166.3720930232557,
        2151.139534883721,
        2190.9767441860463,
        2140.720930232558,
        2148.8372093023254,
        2141.3023255813955,
        2147.3023255813955,
        2172.4883720930234,
        2139.093023255814,
        2139.813953488372,
        2160.9302325581393,
        2171.6976744186045,
        2162.3953488372094,
        2136.186046511628,
        2144.3023255813955,
        2154.3953488372094,
        2176.8837209302324,
        2144.6279069767443,
        2150.860465116279,
        2120.0697674418607,
        2148.8837209302324,
        2129.2093023255816,
        2175.046511627907,
        2170.5581395348836,
        2137.4883720930234,
        2131.139534883721,
        2146.4651162790697,
        2154.5348837209303,
        2132.3023255813955,
        2144.4883720930234,
        2167.0697674418607,
        2126.0232558139537,
        2145.0697674418607,
        2137.4186046511627,
        2140.8837209302324,
        2154.7906976744184,
        2159.6511627906975,
        2147.279069767442,
        2146.186046511628,
        2150.279069767442,
        2138.4418604651164,
        2165.3488372093025,
        2155.8837209302324,
        2170.5348837209303,
        2152.6511627906975,
        2152.4651162790697,
        2161.0,
        2150.5348837209303,
        2166.953488372093,
        2159.9767441860463,
        2167.767441860465,
        2183.8372093023254,
        2166.0232558139537,
        2166.7906976744184,
        2164.6279069767443,
        2161.6511627906975,
        2146.139534883721,
        2141.4883720930234,
        2146.7441860465115,
        2149.1627906976746,
        2169.1627906976746,
        2133.139534883721,
        2155.813953488372,
        2098.4651162790697,
        2149.279069767442,
        2142.5348837209303,
        2150.6279069767443,
        2152.186046511628,
        2109.9302325581393,
        2138.7441860465115,
        2138.139534883721,
        2148.3488372093025,
        2146.6279069767443,
        2143.6279069767443,
        2121.7906976744184,
        2168.3255813953488,
        2128.720930232558,
        2148.186046511628,
        2165.8372093023254,
        2159.5581395348836,
        2152.3023255813955,
        2151.139534883721,
        2155.0697674418607,
        2167.4883720930234,
        2163.7906976744184,
        2181.1162790697676,
        2147.0697674418607,
        2156.3720930232557
    ],
    "opt": 2260,