{
    "agg": 2294,
    "iters": [
        1,
        2,
        3,
        4,
        5,
        6,
        7,
        8,
        9,
        10,
        11,
        12,
        13,
        14,
        15,
        16,
        17,
        18,
        19,
        20,
        21,
        22,
        23,
        24,
        25,
        26,
        27,
        28,
        29,
        30,
        31,
        32,
        33,
        34,
        35,
        36,
        37,
        38,
        39,
        40,
        41,
        42,
        43,
        44,
        45,
        46,
        47,
        48,
        49,
        50,
        51,
        52,
        53,
        54,
        55,
        56,
        57,
        58,
        59,
        60,
        61,
        62,
        63,
        64,
        65,
        66,
        67,
        68,
        69,
        70,
        71,
        72,
        73,
        74,
        75,
        76,
        77,
        78,
        79,
        80,
        81,
        82,
        83,
        84,
        85,
        86,
        87,
        88,
        89,
        90,
        91,
        92,
        93,
        94,
        95,
        96,
        97,
        98,
        99,
        100,
        101,
        102,
        103,
        104,
        105,
        106,
        107,
        108,
        109,
        110,
        111,
        112,
        113
    ],
    "means": [
        2153.342105263158,
        2156.0,
        2139.0263157894738,
        2132.7368421052633,
        2134.842105263158,
        2122.7105263157896,
        2149.0526315789475,
        2178.2105263157896,
        2153.6315789473683,
        2131.2105263157896,
        2168.3947368421054,
        2137.2894736842104,
        2136.0526315789475,
        2147.1052631578946,
        2164.0263157894738,
        2136.4473684210525,
        2127.3947368421054,
        2151.1315789473683,
        2135.842105263158,
        2169.4736842105262,
        2134.7894736842104,
        2148.4473684210525,
        2145.7368421052633,
        2162.3947368421054,
        2154.657894736842,
        2124.1052631578946,
        2154.3684210526317,
        2130.0263157894738,
        2149.8947368421054,
        2169.5,
        2149.2105263157896,
        2164.4210526315787,
        2147.2105263157896,
        2164.8947368421054,
        2129.7368421052633,
        2140.684210526316,
        2130.7631578947367,
        2150.1052631578946,
        2152.5526315789475,
        2161.2105263157896,
        2129.2894736842104,
        2154.2105263157896,
        2138.5526315789475,
        2150.4210526315787,
        2133.2368421052633,
        2156.5789473684213,
        2189.842105263158,
        2144.0526315789475,
        2149.9210526315787,
        2161.5526315789475,
        2145.6052631578946,
        2159.2631578947367,
        2136.315789473684,
        2159.2894736842104,
        2155.9210526315787,
        2161.1315789473683,
        2151.6052631578946,
        2137.1052631578946,
        2144.2631578947367,
        2145.5526315789475,
        2159.184210526316,
        2138.7368421052633,
        2158.2368421052633,
        2134.1315789473683,
        2165.7105263157896,
        2150.6052631578946,
        2138.7368421052633,
        2139.5526315789475,
        2116.6052631578946,
        2137.657894736842,
        2163.157894736842,
        2142.4210526315787,
        2145.0789473684213,
        2146.684210526316,
        2130.8947368421054,
        2140.6052631578946,
        2141.184210526316,
        2158.2105263157896,
        2135.7368421052633,
        2138.5789473684213,
        2119.2368421052633,
        2177.0526315789475,
        2140.2631578947367,
        2133.0526315789475,
        2140.6052631578946,
        2152.7631578947367,
        2143.1315789473683,
        2142.342105263158,
        2171.657894736842,
        2167.7894736842104,
        2179.0,
        2152.6315789473683,
        2149.1315789473683,
        2139.1052631578946,
        2159.1315789473683,
        2147.4210526315787,
        2147.842105263158,
        2138.8684210526317,
        2152.9210526315787,
        2167.4210526315787,
        2152.3684210526317,
        2144.6315789473683,
        2157.4473684210525,
        2132.7368421052633,
        2163.2894736842104,
        2145.1315789473683,
        2146.0,
        2178.315789473684,
        2157.9473684210525,
        2142.184210526316,
        2151.6052631578946,
        2144.684210526316,
        2174.0526315789475
    ],
    "opt": 2298,
    "stdevs": [
        95.93234357054082,
        81.81526044757948,
        83.83708727178005,
        81.78330939312042,
        90.84559668840934,
        91.19698399177835,
        77.84463182263187,
        83.36039634424947,
        84.07340810350503,
        84.26498239255574,
        85.09113982996307,
        98.6543428485583,
        81.25073193789218,
        75.65322182365513,
        79.10302637170992,
        86.62462800662014,
        78.4999294246026,
        77.10559098187899,
        88.70220026814425,
        81.55325571677406,
        88.5595719498097,
        87.89308618052931,
        90.19939438778088,
        99.85161081737984,
        79.17710870533406,
        75.99334786458346,
        76.76190840330541,
        87.45720362196565,
        89.85069178589798,
        81.21600503400921,
        90.69560364634894,
        86.48475118982336,
        86.2835466094925,
        79.50332315917241,
        90.25947514353048,
        88.19121130074424,
        85.29713829053128,
        89.66598529915115,
        90.11475063799753,
        81.00102595020726,
        78.37188939340058,
        90.63668302762025,
        80.57480909996526,
        96.22851956587161,
        73.17226761500862,
        83.66431408625512,
        70.92714064290476,
        93.76003732048079,
        101.56470107352811,
        79.58533895941713,
        93.66079319985224,
        89.56376270583824,
        95.82635206816819,
        84.49257453974622,
        80.20971905243724,
        90.64365482848106,
        82.92880252414503,
        73.2417731948116,
        94.11797865348137,
        94.02762678244065,
        89.86564687095189,
        92.55600984511354,
        92.75758848529131,
        84.55461363509747,
        83.09059985301298,
        83.82297746588664,
        89.27063647917002,
        84.31447942342533,
        77.30069090509109,
        87.14515305414884,
        93.24205238201255,
        74.75526088825397,
        81.2693318148292,
        82.71896150700748,
        95.31217116559232,
        80.94687649566494,
        72.26444683942658,
        76.84953100385496,
        74.12353991125268,
        97.03543345737364,
        80.26581962799618,
        78.75910886949457,
        81.83574184095407,
        88.46079933728036,
        88.18268700878104,
        80.42401913101332,
        96.73707476634297,
        80.97376973465884,
        90.59489828664672,
        89.34444226072982,
        90.38776116499983,
        90.82123014403265,
        80.31555235530976,
        88.92805769825056,
        93.87061954251926,
        88.81815591389295,
        81.90190741169054,
        90.62187811033144,
        84.41108108191888,
        82.50187608040622,
        85.59556710503902,
        84.43540696969787,
        80.04856991668477,
        77.84792334401136,
        82.47261360269744,
        93.562017443155,
        89.07418552148422,
        85.42497639916432,
        80.27615080340883,
        85.20960387654542,
        94.49604265556482,
        82.60785780871667,
        78.0141509998839
    ]
}