{
    "agg": 2248,
    "iters": [
        1,
        2,
        3,
        4,
        5,
        6,
        7,
        8,
        9,
        10,
        11,
        12,
        13,
        14,
        15,
        16,
        17,
        18,
        19,
        20,
        21,
        22,
        23,
        24,
        25,
        26,
        27,
        28,
        29,
        30,
        31,
        32,
        33,
        34,
        35,
        36,
        37,
        38,
        39,
        40,
        41,
        42,
        43,
        44,
        45,
        46,
        47,
        48,
        49,
        50,
        51,
        52,
        53,
        54,
        55,
        56,
        57,
        58,
        59,
        60,
        61,
        62,
        63,
        64,
        65,
        66,
        67,
        68,
        69,
        70,
        71,
        72,
        73,
        74,
        75,
        76,
        77,
        78,
        79,
        80,
        81,
        82,
        83,
        84,
        85,
        86,
        87,
        88,
        89,
        90,
        91,
        92,
        93,
        94,
        95,
        96,
        97,
        98,
        99,
        100,
        101,
        102,
        103,
        104,
        105,
        106,
        107,
        108,
        109,
        110,
        111,
        112,
        113,
        114,
        115,
        116,
        117,
        118,
        119,
        120,
        121,
        122,
        123,
        124,
        125,
        126,
        127,
        128,
        129,
        130,
        131,
        132,
        133,
        134
    ],
    "means": [
        2175.5777777777776,
        2142.6666666666665,
        2149.311111111111,
        2129.9555555555557,
        2147.133333333333,
        2159.1111111111113,
        2166.9333333333334,
        2150.088888888889,
        2144.777777777778,
        2147.088888888889,
        2168.8,
        2133.311111111111,
        2149.3777777777777,
        2143.0444444444443,
        2148.0,
        2138.3777777777777,
        2166.088888888889,
        2161.288888888889,
        2147.2444444444445,
        2143.0666666666666,
        2147.5555555555557,
        2159.8888888888887,
        2171.733333333333,
        2162.6666666666665,
        2114.0666666666666,
        2155.133333333333,
        2135.488888888889,
        2147.4666666666667,
        2156.5555555555557,
        2164.9555555555557,
        2141.4,
        2171.9777777777776,
        2190.822222222222,
        2152.7555555555555,
        2163.9777777777776,
        2152.1111111111113,
        2141.5777777777776,
        2179.311111111111,
        2144.6444444444446,
        2150.9777777777776,
        2135.511111111111,
        2160.4222222222224,
        2151.0444444444443,
        2160.511111111111,
        2150.4444444444443,
        2158.4666666666667,
        2148.4444444444443,
        2171.4444444444443,
        2155.3555555555554,
        2163.288888888889,
        2178.8,
        2186.5555555555557,
        2145.777777777778,
        2163.311111111111,
        2117.1111111111113,
        2161.6222222222223,
        2147.0222222222224,
        2153.511111111111,
        2151.1555555555556,
        2160.311111111111,
        2142.822222222222,
        2145.088888888889,
        2126.133333333333,
        2149.733333333333,
        2123.133333333333,
        2162.9777777777776,
        2109.8,
        2158.0666666666666,
        2155.8888888888887,
        2156.6666666666665,
        2141.3777777777777,
        2147.4,
        2169.777777777778,
        2170.7555555555555,
        2162.7555555555555,
        2119.288888888889,
        2145.6444444444446,
        2142.8,
        2124.8888888888887,
        2150.822222222222,
        2141.1555555555556,
        2145.9777777777776,
        2121.4222222222224,
        2146.911111111111,
        2152.9777777777776,
        2135.3777777777777,
        2161.288888888889,
        2155.7555555555555,
        2141.0222222222224,
        2143.8444444444444,
        2135.1111111111113,
        2141.8444444444444,
        2167.6666666666665,
        2152.2,
        2168.9555555555557,
        2157.711111111111,
        2139.6444444444446,
        2152.3555555555554,
        2145.733333333333,
        2162.733333333333,
        2148.6,
        2143.511111111111,
        2163.0,
        2145.266666666667,
        2164.6666666666665,
        2157.5555555555557,
        2153.4222222222224,
        2143.088888888889,
        2162.177777777778,
        2149.3555555555554,
        2159.2,
        2179.0,
        2159.488888888889,
        2166.2,
        2137.822222222222,
        2166.4,
        2167.1555555555556,
        2138.288888888889,
        2149.177777777778,
        2156.222222222222,
        2159.0666666666666,
        2159.6222222222223,
        2168.8444444444444,
        2142.3555555555554,
        2142.0444444444443,
        2153.6222222222223,
        2173.6,
        2139.9777777777776,
        2169.266666666667,
        2156.7555555555555,
        2163.8888888888887,
        2141.0,
        2166.4,
        2144.3777777777777
    ],
    "opt": 2295,