{
    "agg": 2185,
    "iters": [
        1,
        2,
        3,
        4,
        5,
        6,
        7,
        8,
        9,
        10,
        11,
        12,
        13,
        14,
        15,
        16,
        17,
        18,
        19,
        20,
        21,
        22,
        23,
        24,
        25,
        26,
        27,
        28,
        29,
        30,
        31,
        32,
        33,
        34,
        35,
        36,
        37,
        38,
        39,
        40,
        41,
        42,
        43,
        44,
        45,
        46,
        47,
        48,
        49,
        50,
        51,
        52,
        53,
        54,
        55,
        56,
        57,
        58,
        59,
        60,
        61,
        62,
        63,
        64,
        65,
        66,
        67,
        68,
        69,
        70,
        71,
        72,
        73,
        74,
        75,
        76,
        77,
        78,
        79,
        80,
        81,
        82,
        83,
        84,
        85,
        86,
        87,
        88,
        89,
        90,
        91,
        92,
        93,
        94,
        95,
        96,
        97,
        98,
        99,
        100,
        101,
        102,
        103,
        104,
        105,
        106,
        107,
        108,
        109,
        110,
        111,
        112,
        113,
        114,
        115,
        116,
        117,
        118,
        119,
        120,
        121,
        122,
        123,
        124,
        125,
        126,
        127,
        128,
        129
    ],
    "means": [
        2144.4,
        2135.0,
        2139.6,
        2159.6666666666665,
        2169.0666666666666,
        2167.5333333333333,
        2178.2,
        2128.2,
        2127.2,
        2145.4666666666667,
        2139.8,
        2199.8,
        2119.9333333333334,
        2104.2,
        2184.5333333333333,
        2135.5333333333333,
        2136.866666666667,
        2111.866666666667,
        2134.4,
        2121.866666666667,
        2184.6,
        2137.266666666667,
        2165.9333333333334,
        2120.133333333333,
        2127.0,
        2179.866666666667,
        2159.9333333333334,
        2149.866666666667,
        2161.3333333333335,
        2178.266666666667,
        2173.2,
        2162.2,
        2109.4,
        2151.6,
        2121.6666666666665,
        2174.6,
        2185.4,
        2191.866666666667,
        2165.5333333333333,
        2164.4,
        2167.733333333333,
        2160.866666666667,
        2123.866666666667,
        2099.2,
        2137.2,
        2159.866666666667,
        2178.4666666666667,
        2156.3333333333335,
        2155.733333333333,
        2143.5333333333333,
        2150.133333333333,
        2132.866666666667,
        2162.0,
        2129.733333333333,
        2159.9333333333334,
        2156.8,
        2152.6666666666665,
        2138.0,
        2151.2,
        2191.6,
        2160.2,
        2138.266666666667,
        2164.4666666666667,
        2145.2,
        2168.2,
        2113.0666666666666,
        2144.733333333333,
        2159.133333333333,
        2133.6666666666665,
        2143.2,
        2147.4,
        2122.3333333333335,
        2144.4,
        2162.4666666666667,
        2149.5333333333333,
        2140.133333333333,
        2150.133333333333,
        2151.733333333333,
        2124.266666666667,
        2132.866666666667,
        2151.0666666666666,
        2185.733333333333,
        2158.0666666666666,
        2151.8,
        2123.733333333333,
        2161.8,
        2198.0,
        2114.9333333333334,
        2153.4,
        2129.2,
        2095.9333333333334,
        2143.2,
        2114.0,
        2164.0666666666666,
        2167.733333333333,
        2186.4,
        2157.3333333333335,
        2177.8,
        2190.2,
        2132.133333333333,
        2140.733333333333,
        2109.133333333333,
        2153.733333333333,
        2177.5333333333333,
        2153.0,
        2162.0,
        2118.266666666667,
        2163.8,
        2147.9333333333334,
        2136.2,
        2156.733333333333,
        2170.6,
        2160.133333333333,
        2172.8,
        2187.4666666666667,
        2184.0666666666666,
        2142.2,
        2116.4666666666667,
        2182.866666666667,
        2127.9333333333334,
        2106.866666666667,
        2134.2,
        2189.8,
        2149.2,
        2110.0666666666666,
        2153.4666666666667,
        2143.866666666667,
        2159.266666666667,
        2144.8
    ],
    "opt": 2259,