{
    "agg": 2206,
    "iters": [
        1,
        2,
        3,
        4,
        5,
        6,
        7,
        8,
        9,
        10,
        11,
        12,
        13,
        14,
        15,
        16,
        17,
        18,
        19,
        20,
        21,
        22,
        23,
        24,
        25,
        26,
        27,
        28,
        29,
        30,
        31,
        32,
        33,
        34,
        35,
        36,
        37,
        38,
        39,
        40,
        41,
        42,
        43,
        44,
        45,
        46,
        47,
        48,
        49,
        50,
        51,
        52,
        53,
        54,
        55,
        56,
        57,
        58,
        59,
        60,
        61,
        62,
        63,
        64,
        65,
        66,
        67,
        68,
        69,
        70,
        71,
        72,
        73,
        74,
        75,
        76,
        77,
        78,
        79,
        80,
        81,
        82,
        83,
        84,
        85,
        86,
        87,
        88,
        89,
        90,
        91,
        92,
        93,
        94,
        95,
        96,
        97,
        98,
        99,
        100,
        101,
        102,
        103,
        104,
        105,
        106,
        107,
        108,
        109,
        110,
        111,
        112,
        113,
        114,
        115,
        116,
        117,
        118,
        119,
        120,
        121,
        122,
        123,
        124,
        125,
        126,
        127,
        128,
        129,
        130,
        131,
        132,
        133
    ],
    "means": [
        2150.6041666666665,
        2150.3958333333335,
        2143.0,
        2151.3541666666665,
        2159.4166666666665,
        2170.625,
        2149.4791666666665,
        2155.9583333333335,
        2141.4583333333335,
        2174.625,
        2147.5208333333335,
        2133.6875,
        2155.1458333333335,
        2149.3333333333335,
        2188.7708333333335,
        2150.9791666666665,
        2148.1458333333335,
        2138.0625,
        2152.0208333333335,
        2160.5208333333335,
        2135.7291666666665,
        2151.9375,
        2166.4791666666665,
        2159.375,
        2154.0625,
        2120.3958333333335,
        2148.2083333333335,
        2150.4583333333335,
        2146.6041666666665,
        2132.7708333333335,
        2137.875,
        2131.6041666666665,
        2151.5833333333335,
        2158.9375,
        2129.25,
        2150.1875,
        2145.7291666666665,
        2161.4791666666665,
        2156.625,
        2137.5,
        2153.0625,
        2151.6875,
        2149.1666666666665,
        2155.0416666666665,
        2160.1875,
        2131.0,
        2143.9583333333335,
        2140.3541666666665,
        2156.0625,
        2143.375,
        2145.1875,
        2147.2291666666665,
        2158.3958333333335,
        2169.4791666666665,
        2155.4791666666665,
        2144.6458333333335,
        2142.4166666666665,
        2137.9166666666665,
        2139.4583333333335,
        2168.0416666666665,
        2139.0625,
        2157.375,
        2140.4166666666665,
        2161.5208333333335,
        2161.1458333333335,
        2162.2916666666665,
        2126.625,
        2149.4166666666665,
        2151.1666666666665,
        2160.5625,
        2131.1458333333335,
        2145.0,
        2149.7708333333335,
        2151.5625,
        2129.8958333333335,
        2133.6458333333335,
        2169.3333333333335,
        2165.2916666666665,
        2118.6875,
        2126.375,
        2165.6875,
        2155.2708333333335,
        2152.0625,
        2153.8541666666665,
        2139.0833333333335,
        2146.3333333333335,
        2140.1875,
        2140.3333333333335,
        2163.2083333333335,
        2151.0208333333335,
        2155.9791666666665,
        2141.1458333333335,
        2135.3125,
        2150.2291666666665,
        2145.5416666666665,
        2167.7916666666665,
        2149.4791666666665,
        2142.9166666666665,
        2151.75,
        2142.1875,
        2130.7291666666665,
        2176.25,
        2161.9583333333335,
        2143.3541666666665,
        2161.9583333333335,
        2155.0416666666665,
        2136.1875,
        2144.2083333333335,
        2167.0208333333335,
        2152.625,
        2150.9583333333335,
        2158.7708333333335,
        2132.5833333333335,
        2155.2083333333335,
        2150.5208333333335,
        2133.6041666666665,
        2157.0625,
        2156.5208333333335,
        2144.5,
        2160.8958333333335,
        2153.7916666666665,
        2125.4791666666665,
        2127.3125,
        2157.3125,
        2150.4166666666665,
        2164.4791666666665,
        2156.9166666666665,
        2145.5208333333335,
        2152.7916666666665,
        2166.9791666666665,
        2166.875,
        2150.5,
        2163.4375
    ],
    "opt": 2248,