{
    "agg": 2262,
    "iters": [
        1,
        2,
        3,
        4,
        5,
        6,
        7,
        8,
        9,
        10,
        11,
        12,
        13,
        14,
        15,
        16,
        17,
        18,
        19,
        20,
        21,
        22,
        23,
        24,
        25,
        26,
        27,
        28,
        29,
        30,
        31,
        32,
        33,
        34,
        35,
        36,
        37,
        38,
        39,
        40,
        41,
        42,
        43,
        44,
        45,
        46,
        47,
        48,
        49,
        50,
        51,
        52,
        53,
        54,
        55,
        56,
        57,
        58,
        59,
        60,
        61,
        62,
        63,
        64,
        65,
        66,
        67,
        68,
        69,
        70,
        71,
        72,
        73,
        74,
        75,
        76,
        77,
        78,
        79,
        80,
        81,
        82,
        83,
        84,
        85,
        86,
        87,
        88,
        89,
        90,
        91,
        92,
        93,
        94,
        95,
        96,
        97,
        98,
        99,
        100
    ],
    "means": [
        2117.1162790697676,
        2162.2093023255816,
        2124.6279069767443,
        2153.3953488372094,
        2147.279069767442,
        2144.6976744186045,
        2155.5581395348836,
        2161.2558139534885,
        2148.186046511628,
        2159.0,
        2180.139534883721,
        2151.0697674418607,
        2150.0,
        2174.860465116279,
        2159.6279069767443,
        2135.139534883721,
        2146.720930232558,
        2139.7441860465115,
        2146.6511627906975,
        2152.906976744186,
        2167.5813953488373,
        2147.2093023255816,
        2170.953488372093,
        2152.3023255813955,
        2140.6976744186045,
        2172.5116279069766,
        2156.7441860465115,
        2151.6976744186045,
        2148.7906976744184,
        2149.3023255813955,
        2142.3255813953488,
        2177.3488372093025,
        2145.4186046511627,
        2152.186046511628,
        2140.046511627907,
        2146.8372093023254,
        2171.5116279069766,
        2162.4186046511627,
        2147.8837209302324,
        2180.1162790697676,
        2154.046511627907,
        2160.953488372093,
        2161.8837209302324,
        2170.093023255814,
        2141.186046511628,
        2174.5581395348836,
        2174.0,
        2147.0232558139537,
        2156.3255813953488,
        2145.232558139535,
        2127.279069767442,
        2159.1162790697676,
        2178.186046511628,
        2141.0232558139537,
        2152.232558139535,
        2163.4186046511627,
        2137.720930232558,
        2160.7441860465115,
        2143.279069767442,
        2168.5581395348836,
        2158.4418604651164,
        2163.6976744186045,
        2172.3488372093025,
        2147.953488372093,
        2166.8372093023254,
        2161.7441860465115,
        2167.0232558139537,
        2142.5581395348836,
        2152.8837209302324,
        2140.0232558139537,
        2172.0232558139537,
        2162.4186046511627,
        2160.5116279069766,
        2132.3255813953488,
        2169.860465116279,
        2156.186046511628,
        2171.0697674418607,
        2160.6744186046512,
        2154.6279069767443,
        2152.906976744186,
        2156.9767441860463,
        2155.1627906976746,
        2171.6744186046512,
        2137.3953488372094,
        2116.2558139534885,
        2160.8372093023254,
        2146.4418604651164,
        2151.8837209302324,
        2161.906976744186,
        2128.1627906976746,
        2182.0697674418607,
        2142.4651162790697,
        2172.2093023255816,
        2143.3720930232557,
        2144.5581395348836,
        2167.2093023255816,
        2128.1162790697676,
        2161.813953488372,
        2151.093023255814,
        2147.9767441860463
    ],
    "opt": 2297,
    "stdevs": [
        85.16528643797105,
        83.88961688101503,
        92.56374880747684,
        73.76175965681006,
        76.7973248024245,
        86.66308322804856,
        92.73751463024273,
        86.88219584339497,
        74.25827205160958,
        92.5845936252041,
        84.92557107867736,
        81.60352117027658,
        84.09297180488238,
        73.22681596606434,
        85.28339167516295,
        89.59977714760203,
        84.33110976118641,
        88.32948177091765,
        86.88535180980183,
        78.51760695848945,
        78.58730371395717,
        83.8397025723507,
        89.4653248375949,
        94.69499013877329,
        85.41622711790065,
        79.12262255306948,
        86.3734705779866,
        77.52315029590176,
        91.7997208638242,
        82.46705751987894,
        88.33412280975544,
        76.5451329763614,
        86.57681964809393,
        89.18891781557905,
        72.02226835496123,
        70.05975198375998,
        90.94295991342614,
        80.17893725566803,
        85.7658275588381,
        75.1284819809327,
        90.56847685292696,
        86.41327242167118,
        84.49169748735206,
        86.45117292531229,
        83.31008365052998,
        87.16845555044725,
        91.40123656992627,
        78.31376616403418,
        86.5890376353466,
        93.12727904732452,
        81.53621697260938,
        76.10861556288397,
        88.28212066186434,
        82.8937365075937,
        83.29880012796251,
        85.91835837019784,
        90.60708057485053,
        81.36998275841603,
        75.05914740014698,
        78.15378469181738,
        97.26738556275215,
        82.45803298584073,
        84.11948415751839,
        106.59681776487844,
        76.30109579893976,
        82.48300544432276,
        88.72337160224157,
        77.25472886123147,
        93.11088895488344,
        91.69400284010692,
        78.72338631048827,
        81.40802559091543,
        90.64686710501675,
        82.76211944700096,
        81.04939102689283,
        74.9819376122734,
        76.52979214653878,
        88.19263295980515,
        86.26191141364498,
        84.63789188078064,
        102.55627799818758,
        89.52768318977256,
        77.47039072197498,
        92.31924880162812,
        79.29664441220167,
        87.80287917951213,
        82.44950599245053,
        93.12087900726084,
        87.45572007925414,
        80.0949814740492,
        88.55517143746044,
        83.61104545848532,
        84.76137726734645,
        90.56027756341872,
        90.24908743353133,
        78.56609072075024,
        87.58496454336016,
        84.46308009019928,
        96.38025802710612,
        79.8013488176773
    ]
}