{
    "agg": 2204,
    "iters": [
        1,
        2,
        3,
        4,
        5,
        6,
        7,
        8,
        9,
        10,
        11,
        12,
        13,
        14,
        15,
        16,
        17,
        18,
        19,
        20,
        21,
        22,
        23,
        24,
        25,
        26,
        27,
        28,
        29,
        30,
        31,
        32,
        33,
        34,
        35,
        36,
        37,
        38,
        39,
        40,
        41,
        42,
        43,
        44,
        45,
        46,
        47,
        48,
        49,
        50,
        51,
        52,
        53,
        54,
        55,
        56,
        57,
        58,
        59,
        60,
        61,
        62,
        63,
        64,
        65,
        66,
        67,
        68,
        69,
        70,
        71,
        72,
        73,
        74,
        75,
        76,
        77,
        78,
        79,
        80,
        81,
        82,
        83,
        84,
        85,
        86,
        87,
        88,
        89,
        90,
        91,
        92,
        93,
        94,
        95,
        96,
        97,
        98,
        99,
        100,
        101,
        102,
        103,
        104,
        105,
        106,
        107,
        108,
        109,
        110,
        111,
        112,
        113,
        114,
        115,
        116,
        117,
        118,
        119,
        120,
        121,
        122,
        123,
        124,
        125,
        126,
        127,
        128,
        129
    ],
    "means": [
        2152.909090909091,
        2172.931818181818,
        2149.909090909091,
        2143.5,
        2161.2727272727275,
        2134.0227272727275,
        2149.6363636363635,
        2159.3636363636365,
        2144.6136363636365,
        2157.818181818182,
        2143.181818181818,
        2153.590909090909,
        2140.090909090909,
        2145.6363636363635,
        2133.0227272727275,
        2156.159090909091,
        2153.681818181818,
        2153.6136363636365,
        2143.5454545454545,
        2157.2954545454545,
        2145.5454545454545,
        2139.5454545454545,
        2152.590909090909,
        2159.818181818182,
        2167.5227272727275,
        2144.8636363636365,
        2145.7272727272725,
        2137.2954545454545,
        2159.659090909091,
        2146.340909090909,
        2129.75,
        2151.0,
        2166.568181818182,
        2154.7954545454545,
        2144.75,
        2176.2954545454545,
        2117.25,
        2148.568181818182,
        2131.7727272727275,
        2135.7272727272725,
        2151.840909090909,
        2153.1136363636365,
        2167.840909090909,
        2147.090909090909,
        2141.2045454545455,
        2152.7272727272725,
        2145.8636363636365,
        2146.681818181818,
        2140.25,
        2141.6363636363635,
        2147.7045454545455,
        2152.068181818182,
        2168.3863636363635,
        2136.7727272727275,
        2164.3636363636365,
        2153.931818181818,
        2140.4545454545455,
        2142.090909090909,
        2151.431818181818,
        2148.5,
        2169.9545454545455,
        2143.5454545454545,
        2160.7727272727275,
        2153.5,
        2176.5,
        2148.5227272727275,
        2150.9545454545455,
        2147.7727272727275,
        2146.431818181818,
        2148.2045454545455,
        2150.068181818182,
        2127.6363636363635,
        2151.0454545454545,
        2152.340909090909,
        2146.3863636363635,
        2135.840909090909,
        2144.340909090909,
        2133.6363636363635,
        2158.2727272727275,
        2149.7954545454545,
        2142.8636363636365,
        2140.568181818182,
        2145.7727272727275,
        2143.0454545454545,
        2147.7727272727275,
        2153.25,
        2126.7727272727275,
        2137.9545454545455,
        2146.6136363636365,
        2168.159090909091,
        2151.681818181818,
        2137.318181818182,
        2133.181818181818,
        2155.75,
        2163.2045454545455,
        2146.840909090909,
        2143.1136363636365,
        2146.409090909091,
        2133.2727272727275,
        2178.3863636363635,
        2154.409090909091,
        2152.3863636363635,
        2168.2272727272725,
        2140.7272727272725,
        2132.3636363636365,
        2155.181818181818,
        2144.4772727272725,
        2139.659090909091,
        2130.659090909091,
        2150.25,
        2152.2045454545455,
        2143.5,
        2143.6136363636365,
        2155.0227272727275,
        2140.681818181818,
        2141.9772727272725,
        2132.5227272727275,
        2138.7045454545455,
        2138.8636363636365,
        2137.818181818182,
        2145.840909090909,
        2134.9772727272725,
        2151.8863636363635,
        2139.6136363636365,
        2139.340909090909,
        2127.8863636363635,
        2178.840909090909,
        2140.1363636363635,
        2151.2727272727275
    ],
    "opt": 2264,