{
    "agg": 2135,
    "iters": [
        1,
        2,
        3,
        4,
        5,
        6,
        7,
        8,
        9,
        10,
        11,
        12,
        13,
        14,
        15,
        16,
        17,
        18,
        19,
        20,
        21,
        22,
        23,
        24,
        25,
        26,
        27,
        28,
        29,
        30,
        31,
        32,
        33,
        34,
        35,
        36,
        37,
        38,
        39,
        40,
        41,
        42,
        43,
        44,
        45,
        46,
        47,
        48,
        49,
        50,
        51,
        52,
        53,
        54,
        55,
        56,
        57,
        58,
        59,
        60,
        61,
        62,
        63,
        64,
        65,
        66,
        67,
        68,
        69,
        70,
        71,
        72,
        73,
        74,
        75,
        76,
        77,
        78,
        79,
        80,
        81,
        82,
        83,
        84,
        85,
        86,
        87,
        88,
        89,
        90,
        91,
        92,
        93,
        94,
        95,
        96,
        97,
        98,
        99
    ],
    "means": [
        2154.809523809524,
        2178.095238095238,
        2145.6666666666665,
        2159.8571428571427,
        2119.8571428571427,
        2146.714285714286,
        2156.3809523809523,
        2141.714285714286,
        2143.4285714285716,
        2190.0476190476193,
        2150.2380952380954,
        2168.0,
        2125.4761904761904,
        2177.5714285714284,
        2166.8571428571427,
        2139.904761904762,
        2122.3333333333335,
        2150.9523809523807,
        2181.3333333333335,
        2138.3809523809523,
        2143.7619047619046,
        2140.8571428571427,
        2147.1428571428573,
        2157.714285714286,
        2147.4285714285716,
        2167.6190476190477,
        2150.1428571428573,
        2145.8571428571427,
        2170.0476190476193,
        2119.190476190476,
        2174.809523809524,
        2163.0,
        2141.0476190476193,
        2140.714285714286,
        2153.8571428571427,
        2177.6666666666665,
        2184.095238095238,
        2170.714285714286,
        2167.8571428571427,
        2152.190476190476,
        2166.6190476190477,
        2150.2380952380954,
        2086.285714285714,
        2128.9523809523807,
        2163.2380952380954,
        2134.904761904762,
        2136.2380952380954,
        2139.5714285714284,
        2152.190476190476,
        2168.714285714286,
        2125.095238095238,
        2134.7619047619046,
        2157.6190476190477,
        2157.3809523809523,
        2122.7619047619046,
        2146.9523809523807,
        2154.1428571428573,
        2158.3809523809523,
        2146.095238095238,
        2152.9523809523807,
        2176.904761904762,
        2139.3809523809523,
        2171.6666666666665,
        2129.904761904762,
        2142.4285714285716,
        2133.809523809524,
        2181.809523809524,
        2131.4285714285716,
        2151.6666666666665,
        2167.6190476190477,
        2158.1428571428573,
        2137.7619047619046,
        2148.6190476190477,
        2141.4761904761904,
        2156.8571428571427,
        2154.285714285714,
        2162.714285714286,
        2125.190476190476,
        2136.4761904761904,
        2157.285714285714,
        2119.904761904762,
        2171.7619047619046,
        2136.4285714285716,
        2131.6190476190477,
        2128.4285714285716,
        2139.190476190476,
        2166.3333333333335,
        2134.1428571428573,
        2130.2380952380954,
        2174.095238095238,
        2139.190476190476,
        2147.285714285714,
        2159.285714285714,
        2154.7619047619046,
        2173.6666666666665,
        2175.6666666666665,
        2116.6190476190477,
        2175.5238095238096,
        2151.6190476190477
    ],
    "opt": 2285,
    "stdevs": [
        69.12074945003958,
        83.56001821440042,
        66.94299873298984,
        74.49594793345072,
        78.99082871073175,
        86.70153667949049,
        93.10642972553416,
        83.05370772787292,
        71.29186918748097,
        93.05271224545702,
        98.5760063349257,
        91.57406578180048,
        90.59781299137889,
        82.22418334365268,
        72.59298517486823,
        82.4268245530282,
        65.83842656608991,
        83.27434647023867,
        63.878853594189806,
        80.5336227863429,
        74.53851977135858,
        90.96482088948332,
        93.99203903182729,
        92.45083267653696,
        77.9820317695786,
        85.245011690659,
        90.95539760641748,
        84.23000580286707,
        79.72421284264075,
        83.87156794347564,
        80.99771839680132,
        99.11465222515936,
        85.89444030485005,
        92.94142695018952,
        78.8804313437724,
        77.14941183205316,
        73.19244350920437,
        83.93032419648986,
        84.69513153731121,
        94.23103272460018,
        86.28660779522659,
        98.59967389200625,
        57.60302807611259,
        76.96782023335416,
        82.12180544596676,
        89.59533616789743,
        97.37502601596562,
        84.92605827512342,
        92.06448001659284,
        69.62083901024029,
        73.23472033836511,
        69.59057459571919,
        91.12287684663634,
        73.64100578092551,
        98.57117552302464,
        78.42586805413984,
        85.90209583023695,
        84.50217026825614,
        85.64817556331403,
        84.75369141587156,
        80.28396315098692,
        88.20186597231225,
        92.39425530138988,
        106.46703257320226,
        87.43028320764326,
        76.34546735391386,
        78.08397131270745,
        99.81915620550112,
        90.65493621594722,
        91.36920195426706,
        84.91973000556283,
        84.73370317361763,
        72.5786773032753,
        84.30535149235446,
        81.2616501328451,
        97.06067952679952,
        68.76470776505637,
        72.73279148304498,
        76.73368853975482,
        80.65100764413056,
        92.27283806186374,
        79.2548059302308,
        90.6067228813211,
        86.36769468271837,
        89.19511593962415,
        99.30262503009916,
        98.21809227832543,
        77.83455329784343,
        78.81014242312239,
        85.14128580631629,
        92.2066101584702,
        89.68470850025388,
        80.83560204404448,
        85.3373723533916,
        70.64891960440613,
        81.19250102209084,
        86.28826339133829,
        80.31225906993342,
        82.811591200678
    ]
}