{
    "agg": 2243,
    "iters": [
        1,
        2,
        3,
        4,
        5,
        6,
        7,
        8,
        9,
        10,
        11,
        12,
        13,
        14,
        15,
        16,
        17,
        18,
        19,
        20,
        21,
        22,
        23,
        24,
        25,
        26,
        27,
        28,
        29,
        30,
        31,
        32,
        33,
        34,
        35,
        36,
        37,
        38,
        39,
        40,
        41,
        42,
        43,
        44,
        45,
        46,
        47,
        48,
        49,
        50,
        51,
        52,
        53,
        54,
        55,
        56,
        57,
        58,
        59,
        60,
        61,
        62,
        63,
        64,
        65,
        66,
        67,
        68,
        69,
        70,
        71,
        72,
        73,
        74,
        75,
        76,
        77,
        78,
        79,
        80,
        81,
        82,
        83,
        84,
        85,
        86,
        87,
        88,
        89,
        90,
        91,
        92,
        93,
        94,
        95,
        96,
        97,
        98,
        99,
        100,
        101,
        102,
        103,
        104,
        105,
        106,
        107,
        108,
        109,
        110,
        111,
        112,
        113,
        114,
        115,
        116,
        117,
        118,
        119,
        120,
        121,
        122
    ],
    "means": [
        2157.25,
        2125.9166666666665,
        2135.5,
        2184.0,
        2169.0,
        2180.75,
        2149.25,
        2159.8333333333335,
        2167.0,
        2157.5833333333335,
        2107.5833333333335,
        2183.5833333333335,
        2186.8333333333335,
        2104.25,
        2131.1666666666665,
        2174.0,
        2133.8333333333335,
        2129.5833333333335,
        2183.9166666666665,
        2187.9166666666665,
        2181.0,
        2169.0,
        2159.25,
        2135.4166666666665,
        2162.5,
        2138.5,
        2124.3333333333335,
        2123.25,
        2166.0833333333335,
        2180.0833333333335,
        2176.0,
        2187.4166666666665,
        2114.9166666666665,
        2104.25,
        2176.9166666666665,
        2145.0,
        2171.0833333333335,
        2175.0833333333335,
        2163.5,
        2145.5833333333335,
        2165.5,
        2192.3333333333335,
        2152.6666666666665,
        2156.5833333333335,
        2185.4166666666665,
        2164.5,
        2150.6666666666665,
        2130.75,
        2160.8333333333335,
        2156.75,
        2164.0,
        2194.0,
        2188.8333333333335,
        2174.6666666666665,
        2149.0,
        2138.25,
        2129.3333333333335,
        2171.8333333333335,
        2171.0833333333335,
        2170.6666666666665,
        2121.5,
        2126.6666666666665,
        2175.25,
        2136.0,
        2152.0,
        2105.6666666666665,
        2140.3333333333335,
        2121.5833333333335,
        2132.5833333333335,
        2202.3333333333335,
        2130.5833333333335,
        2163.9166666666665,
        2154.3333333333335,
        2141.9166666666665,
        2139.3333333333335,
        2086.75,
        2134.9166666666665,
        2139.8333333333335,
        2155.8333333333335,
        2114.5,
        2150.75,
        2163.8333333333335,
        2136.5,
        2204.5,
        2144.0833333333335,
        2131.75,
        2101.5833333333335,
        2151.0,
        2203.3333333333335,
        2196.8333333333335,
        2148.75,
        2151.75,
        2129.3333333333335,
        2142.4166666666665,
        2140.0,
        2135.5833333333335,
        2143.9166666666665,
        2138.4166666666665,
        2127.75,
        2118.6666666666665,
        2174.8333333333335,
        2160.1666666666665,
        2152.5833333333335,
        2138.3333333333335,
        2161.5833333333335,
        2163.4166666666665,
        2100.9166666666665,
        2135.9166666666665,
        2162.75,
        2139.4166666666665,
        2173.0833333333335,
        2151.6666666666665,
        2160.0,
        2166.75,
        2154.0833333333335,
        2112.5833333333335,
        2142.5,
        2180.1666666666665,
        2149.0,
        2135.5,
        2167.0833333333335,
        2191.25
    ],
    "opt": 2261,
    "stdevs": [
        75.34821939944345,
        84.15309296487892,
        86.58088703634307,
        65.2725056972689,
        84.01091198965366,
        94.5278838932372,
        74.31815054211185,
        78.00943675108942,
        89.43433345198028,
        97.84891272887104,
        87.33122611961632,
        88.98076415096068,
        83.33849983984325,
        78.83646047356515,
        86.11700696662005,
        90.2551937563706,
        70.09259748519969,
        74.62847795729337,
        87.24625907293803,
        74.71664064242242,
        97.26852865478467,
        99.42082276867356,
        93.13621297146811,
        90.03097460812523,
        80.80893102456766,
        78.55624312130344,
        81.46710310848722,
        68.1066871410828,
        69.2621329122599,
        90.07909333222419,
        85.77198454818061,
        57.43903773180358,
        78.21280621199801,
        83.34679058008173,
        89.37324201845254,
        66.17275370825467,
        98.59551911161526,
        58.990759634219174,
        93.38049403738806,
        74.45855484018534,
        69.62219473702334,
        90.36807450028405,
        74.14999812691988,
        87.35030846476096,
        93.56856517489669,
        66.56262715167824,
        88.36320249716822,
        52.24003094690252,
        87.12905498295171,
        91.5897783598148,
        89.5414243055507,
        73.030815413769,
        82.92751185355932,
        68.51561054890256,
        92.12401062336211,
        83.34479087901455,
        84.36461870291886,
        61.089870045877674,
        73.32286857151428,
        93.95418505255041,
        72.7226466331729,
        81.96069518711731,
        71.0423875818749,
        108.98317913023703,
        64.35966645863438,
        73.66742081061946,
        100.40030987114643,
        61.20247589399922,
        92.408926637107,
        85.33789050331369,
        104.62190523764875,
        81.03338646645729,
        86.2924613676588,
        86.49610620651596,
        69.50219820664347,
        64.65436953524487,
        84.8444246187626,
        87.60596757958648,
        93.60184589822764,
        75.96106458794092,
        73.90435823864968,
        91.67136351603422,
        84.50986135751654,
        66.39590850848165,
        104.19649572908978,
        79.3873678028606,
        70.62513520144384,
        91.46219619784632,
        70.94872953212216,
        79.63754697935447,
        93.99567809213357,
        80.56894045888072,
        95.73777844833366,
        88.88237389319038,
        86.58136828055638,
        68.81915713585055,
        72.87941905793583,
        86.763527603609,
        79.48597884742524,
        93.60140074925279,
        76.41098670275689,
        90.56658078759271,
        87.18128462513552,
        90.4040313752041,
        76.04544511160562,
        82.5847628534196,
        64.81571097264064,
        85.80060055474877,
        88.41486017633008,
        73.0244917057893,
        95.15115898167272,
        80.10860683402808,
        79.61155694998057,
        86.02821727007172,
        83.39210427585789,
        67.38627250577244,
        96.78541556798042,
        65.44060071715587,
        84.60594935739843,
        79.37936339712817,
        72.94685089539888,
        100.2481296583632
    ]
}