{
    "agg": 2224,
    "iters": [
        1,
        2,
        3,
        4,
        5,
        6,
        7,
        8,
        9,
        10,
        11,
        12,
        13,
        14,
        15,
        16,
        17,
        18,
        19,
        20,
        21,
        22,
        23,
        24,
        25,
        26,
        27,
        28,
        29,
        30,
        31,
        32,
        33,
        34,
        35,
        36,
        37,
        38,
        39,
        40,
        41,
        42,
        43,
        44,
        45,
        46,
        47,
        48,
        49,
        50,
        51,
        52,
        53,
        54,
        55,
        56,
        57,
        58,
        59,
        60,
        61,
        62,
        63,
        64,
        65,
        66,
        67,
        68,
        69,
        70,
        71,
        72,
        73,
        74,
        75,
        76,
        77,
        78,
        79,
        80,
        81,
        82,
        83,
        84,
        85,
        86,
        87,
        88,
        89,
        90,
        91,
        92,
        93,
        94,
        95,
        96,
        97,
        98,
        99,
        100
    ],
    "means": [
        2136.1176470588234,
        2119.0,
        2171.5882352941176,
        2141.3529411764707,
        2167.5882352941176,
        2125.0,
        2149.0,
        2174.705882352941,
        2114.4117647058824,
        2123.235294117647,
        2131.3529411764707,
        2166.3529411764707,
        2149.470588235294,
        2125.705882352941,
        2132.0,
        2154.764705882353,
        2137.294117647059,
        2126.5882352941176,
        2189.529411764706,
        2150.705882352941,
        2137.705882352941,
        2168.0,
        2154.764705882353,
        2136.823529411765,
        2133.0588235294117,
        2132.823529411765,
        2145.3529411764707,
        2159.235294117647,
        2189.1176470588234,
        2121.294117647059,
        2140.4117647058824,
        2130.176470588235,
        2147.529411764706,
        2150.529411764706,
        2156.6470588235293,
        2134.764705882353,
        2093.529411764706,
        2121.529411764706,
        2139.9411764705883,
        2123.8823529411766,
        2145.705882352941,
        2165.9411764705883,
        2171.235294117647,
        2138.9411764705883,
        2162.823529411765,
        2132.176470588235,
        2170.0588235294117,
        2159.9411764705883,
        2167.1176470588234,
        2120.0588235294117,
        2121.6470588235293,
        2153.3529411764707,
        2155.4117647058824,
        2145.529411764706,
        2208.705882352941,
        2161.0588235294117,
        2157.6470588235293,
        2146.470588235294,
        2147.3529411764707,
        2116.4117647058824,
        2174.0,
        2124.1176470588234,
        2118.9411764705883,
        2168.0,
        2165.705882352941,
        2139.4117647058824,
        2113.0,
        2146.529411764706,
        2135.235294117647,
        2136.294117647059,
        2139.0,
        2146.8823529411766,
        2145.3529411764707,
        2111.470588235294,
        2117.3529411764707,
        2172.764705882353,
        2120.823529411765,
        2161.764705882353,
        2119.705882352941,
        2145.4117647058824,
        2139.0588235294117,
        2174.764705882353,
        2178.764705882353,
        2133.8823529411766,
        2145.9411764705883,
        2135.8823529411766,
        2155.3529411764707,
        2127.764705882353,
        2159.0588235294117,
        2179.5882352941176,
        2142.764705882353,
        2160.823529411765,
        2163.470588235294,
        2127.294117647059,
        2184.8823529411766,
        2162.1176470588234,
        2174.0588235294117,
        2128.764705882353,
        2118.176470588235,
        2145.764705882353
    ],
    "opt": 2290,
    "stdevs": [
        72.60439328219356,
        81.05481079455541,
        88.31098714105165,
        98.71464589856407,
        73.886286894142,
        72.1998859376645,
        79.82333434455337,
        71.19547631521868,
        86.65418683990873,
        77.28596966634005,
        84.20908234966707,
        92.61872582638148,
        76.58222620322692,
        84.17612118150033,
        87.76439047412178,
        84.05847363365206,
        84.87205921848579,
        73.82416217211832,
        84.44149916958438,
        76.1899829033298,
        76.12587463489228,
        83.21269699496868,
        77.7307036102017,
        80.91479563249935,
        79.49729598674506,
        91.83952455177561,
        72.19494945384753,
        89.62177349136215,
        91.87580002240952,
        78.19490332863387,
        83.2367698892244,
        96.90094110762419,
        84.80088626552606,
        83.14418210134151,
        71.03680999103508,
        69.6525236329805,
        52.970710716127144,
        71.12881243545058,
        75.39969619866655,
        80.98139390730164,
        59.873164671252056,
        96.72670449943902,
        84.64564851868516,
        84.61711034608662,
        74.32934286721944,
        93.11045641293789,
        81.13421747742896,
        89.81777014550092,
        78.35130717250439,
        87.8296952250308,
        76.65963058832018,
        89.05050858689565,
        91.2978698440565,
        88.27771529271155,
        75.63283188877415,
        84.62823238295229,
        88.52911862370853,
        84.53549038686708,
        101.38391865546387,
        76.38144125030666,
        97.95917517006765,
        97.61140383771533,
        68.92405930846712,
        79.73633019484392,
        92.53029056087675,
        82.43147515898168,
        74.84100794743638,
        76.59297898022862,
        86.47510992579426,
        88.64255033618903,
        109.01268139937827,
        74.98853430236258,
        90.27144762357233,
        78.50898610766782,
        76.53291577636276,
        83.40512709008658,
        94.19706208364627,
        97.33842081156837,
        60.74707904464829,
        79.59977743357106,
        82.06702467978468,
        68.0627127873428,
        61.75999982071463,
        92.7754292731465,
        91.72431237664776,
        80.1967304254622,
        85.99585569800345,
        91.74486965093163,
        85.50298968851756,
        90.94087207924098,
        97.85074433079171,
        82.81178894060466,
        91.07793537086073,
        89.22724768871785,
        87.7442019890714,
        71.18896341505983,
        81.4836472863513,
        66.69820476617899,
        84.19112381195374,
        81.80358787742367
    ]
}