{
    "agg": 2274,
    "iters": [
        1,
        2,
        3,
        4,
        5,
        6,
        7,
        8,
        9,
        10,
        11,
        12,
        13,
        14,
        15,
        16,
        17,
        18,
        19,
        20,
        21,
        22,
        23,
        24,
        25,
        26,
        27,
        28,
        29,
        30,
        31,
        32,
        33,
        34,
        35,
        36,
        37,
        38,
        39,
        40,
        41,
        42,
        43,
        44,
        45,
        46,
        47,
        48,
        49,
        50,
        51,
        52,
        53,
        54,
        55,
        56,
        57,
        58,
        59,
        60,
        61,
        62,
        63,
        64,
        65,
        66,
        67,
        68,
        69,
        70,
        71,
        72,
        73,
        74,
        75,
        76,
        77,
        78,
        79,
        80,
        81,
        82,
        83,
        84,
        85,
        86,
        87,
        88,
        89,
        90,
        91,
        92,
        93,
        94,
        95,
        96,
        97,
        98,
        99,
        100,
        101,
        102,
        103,
        104,
        105,
        106
    ],
    "means": [
        2130.785714285714,
        2146.714285714286,
        2170.8571428571427,
        2164.214285714286,
        2146.9285714285716,
        2131.4285714285716,
        2164.3571428571427,
        2118.8571428571427,
        2147.8571428571427,
        2130.3571428571427,
        2183.714285714286,
        2148.3571428571427,
        2141.785714285714,
        2145.0714285714284,
        2124.1428571428573,
        2167.0,
        2157.4285714285716,
        2118.0714285714284,
        2143.4285714285716,
        2183.214285714286,
        2120.5,
        2145.0714285714284,
        2145.4285714285716,
        2148.214285714286,
        2151.5714285714284,
        2156.6428571428573,
        2155.5,
        2120.5714285714284,
        2175.785714285714,
        2156.714285714286,
        2149.5714285714284,
        2174.214285714286,
        2146.8571428571427,
        2161.785714285714,
        2144.4285714285716,
        2122.285714285714,
        2150.1428571428573,
        2145.6428571428573,
        2170.4285714285716,
        2124.785714285714,
        2145.3571428571427,
        2141.3571428571427,
        2161.0714285714284,
        2165.9285714285716,
        2107.8571428571427,
        2156.0,
        2138.214285714286,
        2154.0,
        2160.8571428571427,
        2158.3571428571427,
        2131.285714285714,
        2145.5,
        2136.5,
        2172.0,
        2152.0,
        2203.3571428571427,
        2166.285714285714,
        2153.785714285714,
        2152.214285714286,
        2143.1428571428573,
        2147.714285714286,
        2190.785714285714,
        2169.9285714285716,
        2138.3571428571427,
        2155.5714285714284,
        2176.714285714286,
        2176.4285714285716,
        2198.0714285714284,
        2119.6428571428573,
        2109.0714285714284,
        2134.5714285714284,
        2117.0,
        2124.9285714285716,
        2121.4285714285716,
        2128.0,
        2124.3571428571427,
        2174.5,
        2106.4285714285716,
        2159.4285714285716,
        2109.5714285714284,
        2137.8571428571427,
        2152.214285714286,
        2115.5,
        2142.8571428571427,
        2146.714285714286,
        2124.214285714286,
        2139.5,
        2180.0,
        2137.6428571428573,
        2126.1428571428573,
        2145.214285714286,
        2152.0,
        2169.285714285714,
        2162.285714285714,
        2144.6428571428573,
        2149.4285714285716,
        2191.8571428571427,
        2173.8571428571427,
        2143.5714285714284,
        2151.214285714286,
        2154.6428571428573,
        2138.9285714285716,
        2161.6428571428573,
        2152.714285714286,
        2130.3571428571427,
        2127.3571428571427
    ],
    "opt": 2253,
    "stdevs": [
        69.1232631622964,
        98.22599930148591,
        78.07583963489523,
        88.90699680920875,
        80.03522821296907,
        88.99013932992342,
        94.76859571975243,
        67.89577847476143,
        91.07991557093233,
        83.49645599224739,
        79.5203734644045,
        81.83136592395114,
        86.4730995094747,
        100.73477501815938,
        76.30845033046297,
        83.00860540587688,
        94.09320173235099,
        81.74303315505092,
        92.19909690115058,
        94.21948431449725,
        87.4575407187478,
        70.76971132353393,
        87.36108506465261,
        85.99682599743232,
        96.78969417225774,
        89.26814112777393,
        75.55485235433734,
        91.83581178674588,
        77.49670829085818,
        79.30270088305276,
        90.32142151047817,
        72.58313319559716,
        83.0067614654348,
        65.96446940959804,
        89.0984321536855,
        84.21183202532303,
        88.60011056334375,
        81.59009668796219,
        80.19237075015684,
        80.75463593187574,
        68.93227229146959,
        88.04836912812439,
        78.23633087886826,
        66.37820671372955,
        57.48522436598959,
        96.76702508012295,
        84.40648127740342,
        81.5492839593685,
        87.77394434638589,
        86.97668582758841,
        73.28947358779097,
        101.11503350145318,
        82.80247580839597,
        87.73417643248106,
        98.43707199453438,
        80.0219676471558,
        78.0891693344662,
        69.94607981604582,
        73.43138543801919,
        69.84969285427628,
        95.46834072944105,
        65.22727143438938,
        76.855582830689,
        71.90530195319113,
        109.9446057182007,
        77.4840339050832,
        64.22028416286543,
        66.00158470577406,
        81.4455182866411,
        90.42950236487638,
        96.98137839349388,
        83.27150087000268,
        85.98792630007863,
        94.56797576778476,
        90.60905032059435,
        92.15794450124135,
        81.24631859791732,
        84.46192234688134,
        74.21177639096129,
        80.92034380065576,
        87.46742833997214,
        82.93644603931767,
        80.31255906056751,
        88.40237322513879,
        72.3270632725583,
        71.60524578890708,
        86.2461179250571,
        80.97706906455502,
        87.37898336953731,
        86.55209590831669,
        73.74296922557487,
        70.27497014279997,
        83.43126218752826,
        75.76790554188548,
        97.8479922728961,
        98.86261339116325,
        69.38181847353006,
        77.55814145608731,
        55.21608756993393,
        77.22247875126644,
        94.5913067153766,
        64.03287580355476,
        87.45334032896558,
        85.59241335825153,
        75.26677045478885,
        74.63397076289547
    ]
}