{
    "agg": 2212,
    "iters": [
        1,
        2,
        3,
        4,
        5,
        6,
        7,
        8,
        9,
        10,
        11,
        12,
        13,
        14,
        15,
        16,
        17,
        18,
        19,
        20,
        21,
        22,
        23,
        24,
        25,
        26,
        27,
        28,
        29,
        30,
        31,
        32,
        33,
        34,
        35,
        36,
        37,
        38,
        39,
        40,
        41,
        42,
        43,
        44,
        45,
        46,
        47,
        48,
        49,
        50,
        51,
        52,
        53,
        54,
        55,
        56,
        57,
        58,
        59,
        60,
        61,
        62,
        63,
        64,
        65,
        66,
        67,
        68,
        69,
        70,
        71,
        72,
        73,
        74,
        75,
        76,
        77,
        78,
        79,
        80,
        81,
        82,
        83,
        84,
        85,
        86,
        87,
        88,
        89,
        90,
        91,
        92,
        93,
        94,
        95,
        96,
        97,
        98,
        99,
        100,
        101,
        102,
        103,
        104,
        105,
        106,
        107,
        108,
        109,
        110,
        111,
        112,
        113,
        114,
        115,
        116,
        117,
        118,
        119,
        120,
        121,
        122,
        123,
        124,
        125,
        126,
        127,
        128,
        129,
        130,
        131,
        132,
        133,
        134,
        135,
        136,
        137,
        138,
        139,
        140,
        141,
        142,
        143,
        144,
        145,
        146
    ],
    "means": [
        2164.46875,
        2163.625,
        2168.6875,
        2177.21875,
        2110.40625,
        2158.0625,
        2144.3125,
        2152.34375,
        2151.0,
        2147.90625,
        2128.15625,
        2141.8125,
        2131.03125,
        2123.25,
        2137.46875,
        2146.1875,
        2145.625,
        2147.625,
        2128.375,
        2137.75,
        2117.4375,
        2164.71875,
        2156.625,
        2154.75,
        2125.71875,
        2152.65625,
        2143.90625,
        2131.9375,
        2143.84375,
        2143.0625,
        2152.34375,
        2147.1875,
        2158.625,
        2123.5,
        2125.96875,
        2170.78125,
        2114.59375,
        2164.15625,
        2166.09375,
        2166.4375,
        2137.03125,
        2117.09375,
        2147.96875,
        2148.4375,
        2158.875,
        2169.0,
        2160.625,
        2170.84375,
        2135.0,
        2151.65625,
        2147.9375,
        2125.5625,
        2150.875,
        2157.3125,
        2184.375,
        2138.71875,
        2178.84375,
        2151.375,
        2140.90625,
        2150.3125,
        2150.25,
        2173.5,
        2110.40625,
        2097.625,
        2166.03125,
        2154.90625,
        2146.375,
        2170.03125,
        2165.1875,
        2150.53125,
        2154.4375,
        2165.6875,
        2108.25,
        2131.09375,
        2151.96875,
        2153.28125,
        2153.84375,
        2175.28125,
        2134.34375,
        2145.5625,
        2182.0,
        2144.375,
        2148.25,
        2138.0,
        2152.84375,
        2128.15625,
        2160.09375,
        2138.90625,
        2152.875,
        2131.84375,
        2155.8125,
        2162.0625,
        2153.5625,
        2152.9375,
        2158.875,
        2130.71875,
        2140.9375,
        2164.28125,
        2159.6875,
        2145.40625,
        2163.21875,
        2179.5,
        2171.125,
        2145.78125,
        2138.6875,
        2139.875,
        2152.3125,
        2131.21875,
        2116.9375,
        2111.5,
        2153.25,
        2145.1875,
        2147.4375,
        2133.96875,
        2138.09375,
        2130.84375,
        2125.0625,
        2160.59375,
        2182.0,
        2168.53125,
        2139.71875,
        2168.1875,
        2128.15625,
        2131.6875,
        2158.03125,
        2169.5625,
        2154.71875,
        2150.3125,
        2151.1875,
        2118.1875,
        2141.46875,
        2132.90625,
        2147.25,
        2147.875,
        2155.9375,
        2143.75,
        2146.84375,
        2172.8125,
        2159.03125,
        2170.03125,
        2156.75,
        2160.9375,
        2162.21875,
        2164.53125,
        2140.53125,
        2155.0
    ],
    "opt": 2213,