{
    "agg": 2221,
    "iters": [
        1,
        2,
        3,
        4,
        5,
        6,
        7,
        8,
        9,
        10,
        11,
        12,
        13,
        14,
        15,
        16,
        17,
        18,
        19,
        20,
        21,
        22,
        23,
        24,
        25,
        26,
        27,
        28,
        29,
        30,
        31,
        32,
        33,
        34,
        35,
        36,
        37,
        38,
        39,
        40,
        41,
        42,
        43,
        44,
        45,
        46,
        47,
        48,
        49,
        50,
        51,
        52,
        53,
        54,
        55,
        56,
        57,
        58,
        59,
        60,
        61,
        62,
        63,
        64,
        65,
        66,
        67,
        68,
        69,
        70,
        71,
        72,
        73,
        74,
        75,
        76,
        77,
        78,
        79,
        80,
        81,
        82,
        83,
        84,
        85,
        86,
        87,
        88,
        89,
        90,
        91,
        92,
        93,
        94,
        95,
        96,
        97,
        98,
        99,
        100,
        101,
        102,
        103,
        104,
        105,
        106,
        107,
        108,
        109,
        110,
        111,
        112,
        113
    ],
    "means": [
        2128.904761904762,
        2141.285714285714,
        2132.5476190476193,
        2140.7380952380954,
        2149.595238095238,
        2155.285714285714,
        2167.190476190476,
        2194.904761904762,
        2141.0238095238096,
        2139.0,
        2145.3333333333335,
        2180.6666666666665,
        2140.5,
        2138.6428571428573,
        2158.2380952380954,
        2164.0,
        2154.1190476190477,
        2167.4761904761904,
        2140.0714285714284,
        2130.095238095238,
        2160.9761904761904,
        2172.5,
        2148.4523809523807,
        2149.6190476190477,
        2166.214285714286,
        2162.714285714286,
        2160.6428571428573,
        2141.1666666666665,
        2149.6428571428573,
        2149.8333333333335,
        2156.904761904762,
        2157.4285714285716,
        2132.7380952380954,
        2152.904761904762,
        2143.9761904761904,
        2146.404761904762,
        2141.3809523809523,
        2145.4285714285716,
        2137.9523809523807,
        2148.5714285714284,
        2153.5476190476193,
        2135.904761904762,
        2151.904761904762,
        2145.285714285714,
        2154.714285714286,
        2160.095238095238,
        2163.3333333333335,
        2157.7619047619046,
        2162.595238095238,
        2146.6190476190477,
        2155.785714285714,
        2139.6666666666665,
        2113.2380952380954,
        2153.690476190476,
        2148.190476190476,
        2157.5238095238096,
        2132.9761904761904,
        2156.690476190476,
        2149.1428571428573,
        2165.1190476190477,
        2159.0476190476193,
        2158.095238095238,
        2157.4761904761904,
        2137.6428571428573,
        2153.690476190476,
        2164.190476190476,
        2158.4523809523807,
        2139.3333333333335,
        2143.2380952380954,
        2146.214285714286,
        2151.404761904762,
        2142.404761904762,
        2139.595238095238,
        2143.595238095238,
        2152.5,
        2152.214285714286,
        2123.0238095238096,
        2158.4523809523807,
        2168.6428571428573,
        2151.285714285714,
        2148.4523809523807,
        2174.809523809524,
        2156.904761904762,
        2119.309523809524,
        2165.904761904762,
        2149.3571428571427,
        2168.9523809523807,
        2153.7380952380954,
        2145.214285714286,
        2145.190476190476,
        2145.7619047619046,
        2141.9523809523807,
        2141.6666666666665,
        2168.1190476190477,
        2167.4761904761904,
        2141.0714285714284,
        2157.7380952380954,
        2152.6190476190477,
        2150.9285714285716,
        2161.9523809523807,
        2151.4285714285716,
        2118.9523809523807,
        2125.309523809524,
        2139.4761904761904,
        2168.6428571428573,
        2156.8571428571427,
        2160.190476190476,
        2139.809523809524,
        2128.5238095238096,
        2153.6190476190477,
        2133.0714285714284,
        2142.0714285714284,
        2151.809523809524
    ],
    "opt": 2205,
    "stdevs": [
        93.15011170501941,
        82.79184619223301,
        77.40653423290641,
        79.45500659217365,
        93.45970853892818,
        95.30509548019873,
        86.3250330892985,
        80.34325453174543,
        84.99173295798724,
        88.93443277681223,
        74.2882630820376,
        82.5032947875032,
        93.9607947623952,
        94.40511018971364,
        82.01649355720775,
        82.20300075625788,
        95.15381091909195,
        95.68082807792794,
        93.57436382164641,
        87.28683136478959,
        93.28948496232117,
        74.4187796319233,
        78.32052652583133,
        95.50341613958668,
        87.15190234087063,
        79.26546287912647,
        87.86050129082369,
        91.31471395195292,
        91.54645488144554,
        72.3229913607359,
        83.34432580560556,
        84.81384176596436,
        79.83645769524261,
        87.019923696711,
        88.37002510958385,
        87.4534051513282,
        86.02794462403381,
        90.1094949960068,
        86.98794453446448,
        85.51222214429012,
        85.65189859207037,
        83.4214228291994,
        83.73080718924402,
        80.97744709964319,
        89.35011011112827,
        100.03875666194138,
        87.65426310950221,
        86.23992267528159,
        81.60008739602273,
        77.03120962464388,
        86.39679659909291,
        88.52028733483228,
        73.91043792636545,
        74.83712094409975,
        83.60087664590438,
        89.9294003769301,
        90.86423365062899,
        78.80853473699591,
        87.33776018276113,
        80.5449304901581,
        88.04137349401142,
        83.31032335385731,
        87.40497918017901,
        77.99384024168998,
        91.40998384964462,
        81.64389520094424,
        82.53980349502737,
        82.66935479500384,
        84.13390956819389,
        87.75006056551585,
        79.76544768250805,
        83.81244921842416,
        84.613986101536,
        91.88866439333488,
        89.80779741308923,
        82.82584589546502,
        79.5497712113193,
        84.99389400504361,
        93.86662813562134,
        94.31287487584575,
        87.94484266558173,
        87.57180403347874,
        93.2528078279708,
        88.76976321742671,
        89.18942109054817,
        81.69799829353268,
        70.0914207035057,
        83.66317376236051,
        88.30130660584429,
        86.79401946020795,
        77.65822849843241,
        81.09017684063434,
        87.2232130163117,
        90.86232452529809,
        84.37451603959634,
        84.0907652642137,
        83.93820275706508,
        85.33685420032342,
        86.50251657697399,
        74.87225704680904,
        74.75870481474534,
        87.57689203289067,
        82.10547458553602,
        82.87317852490553,
        77.527820330318,
        85.57802661580708,
        94.09752744467738,
        76.96759927312584,
        84.85063574003159,
        89.73743508835,
        88.93373478986177,
        86.51435137130302,
        83.70590185007953
    ]
}