{
    "agg": 2213,
    "iters": [
        1,
        2,
        3,
        4,
        5,
        6,
        7,
        8,
        9,
        10,
        11,
        12,
        13,
        14,
        15,
        16,
        17,
        18,
        19,
        20,
        21,
        22,
        23,
        24,
        25,
        26,
        27,
        28,
        29,
        30,
        31,
        32,
        33,
        34,
        35,
        36,
        37,
        38,
        39,
        40,
        41,
        42,
        43,
        44,
        45,
        46,
        47,
        48,
        49,
        50,
        51,
        52,
        53,
        54,
        55,
        56,
        57,
        58,
        59,
        60,
        61,
        62,
        63,
        64,
        65,
        66,
        67,
        68,
        69,
        70,
        71,
        72,
        73,
        74,
        75,
        76,
        77,
        78,
        79,
        80,
        81,
        82,
        83,
        84,
        85,
        86,
        87,
        88,
        89,
        90,
        91,
        92,
        93,
        94,
        95,
        96,
        97,
        98,
        99,
        100,
        101,
        102,
        103,
        104,
        105,
        106,
        107,
        108,
        109,
        110,
        111,
        112,
        113,
        114,
        115,
        116,
        117,
        118,
        119,
        120,
        121,
        122,
        123,
        124,
        125,
        126,
        127,
        128,
        129,
        130,
        131,
        132,
        133,
        134,
        135,
        136,
        137,
        138,
        139,
        140,
        141,
        142,
        143,
        144,
        145,
        146,
        147,
        148
    ],
    "means": [
        2152.0,
        2197.153846153846,
        2132.076923076923,
        2131.923076923077,
        2190.6153846153848,
        2160.769230769231,
        2186.0,
        2152.4615384615386,
        2124.769230769231,
        2177.923076923077,
        2178.3076923076924,
        2136.3076923076924,
        2186.6153846153848,
        2152.6923076923076,
        2173.4615384615386,
        2180.0,
        2153.923076923077,
        2158.0,
        2161.153846153846,
        2150.846153846154,
        2161.3846153846152,
        2138.923076923077,
        2179.923076923077,
        2150.923076923077,
        2129.0,
        2189.5384615384614,
        2141.5384615384614,
        2177.5384615384614,
        2179.4615384615386,
        2148.4615384615386,
        2141.6923076923076,
        2171.846153846154,
        2130.230769230769,
        2119.076923076923,
        2152.4615384615386,
        2154.5384615384614,
        2162.076923076923,
        2204.5384615384614,
        2135.5384615384614,
        2125.076923076923,
        2114.3076923076924,
        2152.6923076923076,
        2170.230769230769,
        2175.6153846153848,
        2157.153846153846,
        2185.3846153846152,
        2123.846153846154,
        2134.0,
        2119.769230769231,
        2150.076923076923,
        2138.769230769231,
        2127.923076923077,
        2155.769230769231,
        2134.846153846154,
        2156.6923076923076,
        2128.6153846153848,
        2148.3076923076924,
        2166.230769230769,
        2136.0,
        2138.923076923077,
        2155.4615384615386,
        2156.0,
        2117.076923076923,
        2145.923076923077,
        2143.4615384615386,
        2092.230769230769,
        2179.6923076923076,
        2182.4615384615386,
        2148.3076923076924,
        2131.3846153846152,
        2142.4615384615386,
        2144.6923076923076,
        2135.230769230769,
        2105.230769230769,
        2172.6923076923076,
        2184.153846153846,
        2166.076923076923,
        2198.6923076923076,
        2128.6923076923076,
        2128.230769230769,
        2143.230769230769,
        2142.230769230769,
        2208.3076923076924,
        2176.230769230769,
        2186.6923076923076,
        2115.4615384615386,
        2144.076923076923,
        2159.076923076923,
        2160.076923076923,
        2120.153846153846,
        2161.230769230769,
        2142.6923076923076,
        2173.5384615384614,
        2145.153846153846,
        2176.923076923077,
        2119.3846153846152,
        2166.4615384615386,
        2175.6153846153848,
        2176.076923076923,
        2122.3846153846152,
        2149.846153846154,
        2140.5384615384614,
        2153.153846153846,
        2144.3846153846152,
        2123.6923076923076,
        2119.153846153846,
        2138.230769230769,
        2186.076923076923,
        2182.6153846153848,
        2159.076923076923,
        2136.6923076923076,
        2128.3076923076924,
        2178.076923076923,
        2127.769230769231,
        2166.230769230769,
        2146.4615384615386,
        2141.6923076923076,
        2147.4615384615386,
        2164.769230769231,
        2180.6923076923076,
        2149.0,
        2136.6153846153848,
        2185.769230769231,
        2165.153846153846,
        2124.3846153846152,
        2161.923076923077,
        2130.769230769231,
        2165.6153846153848,
        2120.769230769231,
        2140.923076923077,
        2128.846153846154,
        2173.4615384615386,
        2099.153846153846,
        2135.846153846154,
        2118.6153846153848,
        2117.6923076923076,
        2138.153846153846,
        2188.230769230769,
        2160.076923076923,
        2169.846153846154,
        2156.5384615384614,
        2148.153846153846,
        2141.230769230769,
        2176.0,
        2121.3846153846152,
        2168.5384615384614,
        2136.769230769231,
        2148.076923076923
    ],
    "opt": 2240,