{
    "agg": 2133,
    "iters": [
        1,
        2,
        3,
        4,
        5,
        6,
        7,
        8,
        9,
        10,
        11,
        12,
        13,
        14,
        15,
        16,
        17,
        18,
        19,
        20,
        21,
        22,
        23,
        24,
        25,
        26,
        27,
        28,
        29,
        30,
        31,
        32,
        33,
        34,
        35,
        36,
        37,
        38,
        39,
        40,
        41,
        42,
        43,
        44,
        45,
        46,
        47,
        48,
        49,
        50,
        51,
        52,
        53,
        54,
        55,
        56,
        57,
        58,
        59,
        60,
        61,
        62,
        63,
        64,
        65,
        66,
        67,
        68,
        69,
        70,
        71,
        72,
        73,
        74,
        75,
        76,
        77,
        78,
        79,
        80,
        81,
        82,
        83,
        84,
        85,
        86,
        87,
        88,
        89,
        90,
        91,
        92,
        93,
        94,
        95,
        96,
        97,
        98,
        99,
        100,
        101,
        102,
        103,
        104,
        105,
        106,
        107,
        108,
        109,
        110,
        111,
        112,
        113,
        114,
        115,
        116,
        117,
        118,
        119,
        120,
        121,
        122,
        123,
        124,
        125,
        126,
        127,
        128,
        129,
        130,
        131,
        132
    ],
    "means": [
        2179.3333333333335,
        2114.1666666666665,
        2190.6666666666665,
        2148.9166666666665,
        2158.75,
        2171.5,
        2118.0,
        2117.0833333333335,
        2117.75,
        2157.1666666666665,
        2191.3333333333335,
        2147.8333333333335,
        2177.5833333333335,
        2140.5,
        2168.1666666666665,
        2148.5833333333335,
        2106.5,
        2187.8333333333335,
        2133.9166666666665,
        2150.3333333333335,
        2152.4166666666665,
        2188.0,
        2171.5,
        2111.5,
        2117.0,
        2154.3333333333335,
        2138.0833333333335,
        2132.4166666666665,
        2162.1666666666665,
        2166.9166666666665,
        2133.3333333333335,
        2104.8333333333335,
        2116.75,
        2126.75,
        2153.6666666666665,
        2151.5833333333335,
        2166.9166666666665,
        2181.4166666666665,
        2170.8333333333335,
        2132.8333333333335,
        2156.25,
        2175.1666666666665,
        2118.8333333333335,
        2135.5833333333335,
        2150.9166666666665,
        2220.8333333333335,
        2146.8333333333335,
        2125.75,
        2133.6666666666665,
        2147.0833333333335,
        2138.1666666666665,
        2187.1666666666665,
        2185.5833333333335,
        2158.1666666666665,
        2113.9166666666665,
        2165.6666666666665,
        2126.5,
        2188.8333333333335,
        2136.9166666666665,
        2150.3333333333335,
        2114.4166666666665,
        2092.5833333333335,
        2125.0,
        2139.75,
        2118.0833333333335,
        2136.75,
        2135.6666666666665,
        2125.6666666666665,
        2156.4166666666665,
        2165.75,
        2190.5833333333335,
        2147.3333333333335,
        2168.0,
        2137.4166666666665,
        2134.0,
        2204.0,
        2117.5,
        2151.75,
        2106.5833333333335,
        2193.4166666666665,
        2167.5833333333335,
        2140.1666666666665,
        2136.5833333333335,
        2163.8333333333335,
        2171.0833333333335,
        2128.6666666666665,
        2129.25,
        2120.25,
        2131.5833333333335,
        2085.8333333333335,
        2131.5833333333335,
        2146.75,
        2181.0,
        2166.0833333333335,
        2179.0,
        2166.8333333333335,
        2206.0,
        2117.1666666666665,
        2172.5833333333335,
        2147.3333333333335,
        2170.25,
        2125.0833333333335,
        2156.75,
        2183.1666666666665,
        2125.5833333333335,
        2150.25,
        2135.6666666666665,
        2125.0,
        2109.6666666666665,
        2155.25,
        2155.1666666666665,
        2164.25,
        2069.8333333333335,
        2123.9166666666665,
        2140.0,
        2137.8333333333335,
        2139.5,
        2133.0,
        2125.4166666666665,
        2158.5833333333335,
        2130.0833333333335,
        2091.8333333333335,
        2167.25,
        2163.75,
        2167.1666666666665,
        2119.6666666666665,
        2130.5,
        2108.9166666666665,
        2139.5,
        2141.4166666666665,
        2156.75,
        2156.0833333333335
    ],
    "opt": 2283,