{
    "agg": 2115,
    "iters": [
        1,
        2,
        3,
        4,
        5,
        6,
        7,
        8,
        9,
        10,
        11,
        12,
        13,
        14,
        15,
        16,
        17,
        18,
        19,
        20,
        21,
        22,
        23,
        24,
        25,
        26,
        27,
        28,
        29,
        30,
        31,
        32,
        33,
        34,
        35,
        36,
        37,
        38,
        39,
        40,
        41,
        42,
        43,
        44,
        45,
        46,
        47,
        48,
        49,
        50,
        51,
        52,
        53,
        54,
        55,
        56,
        57,
        58,
        59,
        60,
        61,
        62,
        63,
        64,
        65,
        66,
        67,
        68,
        69,
        70,
        71,
        72,
        73,
        74,
        75,
        76,
        77,
        78,
        79,
        80,
        81,
        82,
        83,
        84,
        85,
        86,
        87,
        88,
        89,
        90,
        91,
        92,
        93,
        94,
        95,
        96,
        97,
        98,
        99,
        100,
        101,
        102,
        103,
        104,
        105,
        106,
        107,
        108
    ],
    "means": [
        2183.8260869565215,
        2178.2608695652175,
        2128.478260869565,
        2172.1304347826085,
        2170.4347826086955,
        2193.0434782608695,
        2128.217391304348,
        2153.7391304347825,
        2155.391304347826,
        2149.5652173913045,
        2179.391304347826,
        2142.1304347826085,
        2125.6521739130435,
        2162.3478260869565,
        2151.3478260869565,
        2171.086956521739,
        2124.304347826087,
        2153.695652173913,
        2156.304347826087,
        2110.1304347826085,
        2161.0,
        2139.9565217391305,
        2130.1739130434785,
        2145.304347826087,
        2175.6521739130435,
        2161.6521739130435,
        2153.8695652173915,
        2157.7391304347825,
        2144.5652173913045,
        2151.782608695652,
        2143.5652173913045,
        2159.7391304347825,
        2165.521739130435,
        2176.521739130435,
        2147.391304347826,
        2178.7391304347825,
        2150.5652173913045,
        2142.6521739130435,
        2130.478260869565,
        2128.0434782608695,
        2136.913043478261,
        2152.1304347826085,
        2161.7391304347825,
        2135.1304347826085,
        2157.0,
        2128.695652173913,
        2133.1304347826085,
        2154.086956521739,
        2167.782608695652,
        2165.3478260869565,
        2177.2608695652175,
        2108.086956521739,
        2166.9565217391305,
        2156.0434782608695,
        2177.695652173913,
        2111.8695652173915,
        2154.478260869565,
        2140.2608695652175,
        2144.521739130435,
        2158.913043478261,
        2140.9565217391305,
        2154.2608695652175,
        2168.1739130434785,
        2126.7391304347825,
        2171.4347826086955,
        2135.0434782608695,
        2171.521739130435,
        2126.1739130434785,
        2168.8695652173915,
        2141.5652173913045,
        2138.0434782608695,
        2166.7391304347825,
        2143.695652173913,
        2173.304347826087,
        2180.0,
        2135.2608695652175,
        2137.5652173913045,
        2178.3478260869565,
        2144.0,
        2115.608695652174,
        2166.0434782608695,
        2142.608695652174,
        2123.8695652173915,
        2151.478260869565,
        2162.7391304347825,
        2140.9565217391305,
        2175.0,
        2131.478260869565,
        2143.0,
        2129.0,
        2111.478260869565,
        2172.3478260869565,
        2147.782608695652,
        2123.2608695652175,
        2154.086956521739,
        2175.913043478261,
        2168.782608695652,
        2177.5652173913045,
        2153.5652173913045,
        2147.217391304348,
        2145.8260869565215,
        2151.9565217391305,
        2156.7391304347825,
        2152.608695652174,
        2143.0,
        2157.3478260869565,
        2162.2608695652175,
        2148.8260869565215
    ],
    "opt": 2214,
    "stdevs": [
        86.58429025793708,
        84.24354827125228,
        95.25566036597527,
        88.29855695695446,
        97.94800132765944,
        98.70574550955662,
        89.88057609078894,
        76.85854731190298,
        73.58918820069839,
        90.01730562458123,
        93.95453994650575,
        94.60182200094204,
        83.36384822527255,
        74.10134581636045,
        81.2182292108346,
        78.60573772811192,
        88.61270631363678,
        100.88453786927117,
        73.00174791392129,
        100.34562200879867,
        79.18662601178582,
        99.1505128408187,
        85.08136881521536,
        76.33190385621074,
        82.75243787064505,
        87.59670864158835,
        76.2229591954197,
        90.883689353746,
        79.80891640660346,
        94.13909991244415,
        78.60734896884172,
        72.53737710659743,
        90.16307427208112,
        89.45043299052732,
        85.13811751983019,
        78.19107999348905,
        85.37122317673486,
        83.91797687683008,
        78.97102912115103,
        86.4067621452363,
        88.50001868998982,
        93.57735899886397,
        93.21000944165503,
        89.3718681289277,
        91.80224492850402,
        82.4792120226607,
        83.57100825974337,
        82.40510381169058,
        107.5218709892122,
        83.6559250718198,
        96.15531701652387,
        84.75843579587419,
        96.58493818165374,
        92.00636946801188,
        83.61684601572907,
        93.27253398221332,
        94.18708005426933,
        87.46637485158877,
        86.12421240390427,
        68.06257545592703,
        88.89000445634777,
        75.83174589972447,
        85.30490182863139,
        85.0259384419808,
        90.25944541056246,
        86.73972975711006,
        76.88267151695577,
        91.41574984361665,
        94.54987381769158,
        79.97761974287151,
        95.551706130364,
        66.50283903145682,
        75.32909524076378,
        90.35698995246754,
        84.16081913967372,
        95.73978201413152,
        88.77564593912714,
        73.61451221272597,
        87.3951545766598,
        92.42046598606439,
        92.91720403290775,
        84.5811877174232,
        91.36943849622429,
        75.64842569425291,
        90.79083337722379,
        97.2122188870575,
        85.82540416450132,
        78.09240321858258,
        104.35516278555652,
        75.02637217498345,
        84.23252989568579,
        96.28066251088516,
        79.10255122678416,
        89.0032815180597,
        87.75009626823817,
        75.60993323486484,
        85.22908083090925,
        99.38455224506845,
        78.20365058028415,
        92.31041983755688,
        79.25832951640837,
        80.38952898549908,
        83.34538791199174,
        81.36591484337085,
        78.64504738545759,
        90.02251346222627,
        81.12481922874177,
        80.16214664199873
    ]
}