{
    "agg": 2176,
    "iters": [
        1,
        2,
        3,
        4,
        5,
        6,
        7,
        8,
        9,
        10,
        11,
        12,
        13,
        14,
        15,
        16,
        17,
        18,
        19,
        20,
        21,
        22,
        23,
        24,
        25,
        26,
        27,
        28,
        29,
        30,
        31,
        32,
        33,
        34,
        35,
        36,
        37,
        38,
        39,
        40,
        41,
        42,
        43,
        44,
        45,
        46,
        47,
        48,
        49,
        50,
        51,
        52,
        53,
        54,
        55,
        56,
        57,
        58,
        59,
        60,
        61,
        62,
        63,
        64,
        65,
        66,
        67,
        68,
        69,
        70,
        71,
        72,
        73,
        74,
        75,
        76,
        77,
        78,
        79,
        80,
        81,
        82,
        83,
        84,
        85,
        86,
        87,
        88,
        89,
        90,
        91,
        92,
        93,
        94,
        95,
        96,
        97,
        98,
        99,
        100,
        101,
        102,
        103,
        104,
        105,
        106,
        107,
        108,
        109,
        110,
        111,
        112,
        113,
        114,
        115
    ],
    "means": [
        2102.913043478261,
        2192.086956521739,
        2112.086956521739,
        2176.8695652173915,
        2133.782608695652,
        2140.913043478261,
        2137.3478260869565,
        2163.695652173913,
        2154.1304347826085,
        2139.913043478261,
        2160.0,
        2137.0434782608695,
        2174.1739130434785,
        2169.782608695652,
        2147.1739130434785,
        2161.8260869565215,
        2132.3478260869565,
        2170.304347826087,
        2126.521739130435,
        2164.913043478261,
        2120.086956521739,
        2176.6521739130435,
        2155.0434782608695,
        2166.1304347826085,
        2158.8260869565215,
        2150.217391304348,
        2182.695652173913,
        2160.782608695652,
        2154.5652173913045,
        2144.1739130434785,
        2167.1739130434785,
        2180.6521739130435,
        2136.0434782608695,
        2154.217391304348,
        2110.2608695652175,
        2146.391304347826,
        2149.217391304348,
        2156.1739130434785,
        2138.478260869565,
        2126.6521739130435,
        2151.8260869565215,
        2143.3478260869565,
        2149.0,
        2147.9565217391305,
        2125.391304347826,
        2167.695652173913,
        2145.9565217391305,
        2157.782608695652,
        2163.2608695652175,
        2149.0,
        2153.478260869565,
        2135.0,
        2133.9565217391305,
        2175.3478260869565,
        2170.695652173913,
        2151.086956521739,
        2161.217391304348,
        2128.782608695652,
        2152.086956521739,
        2168.608695652174,
        2164.217391304348,
        2167.391304347826,
        2134.0,
        2177.7391304347825,
        2135.782608695652,
        2137.086956521739,
        2125.304347826087,
        2138.478260869565,
        2169.2608695652175,
        2134.608695652174,
        2111.1739130434785,
        2137.8260869565215,
        2158.7391304347825,
        2169.608695652174,
        2116.8260869565215,
        2151.9565217391305,
        2160.217391304348,
        2127.304347826087,
        2163.2608695652175,
        2132.0434782608695,
        2176.217391304348,
        2172.217391304348,
        2176.0434782608695,
        2120.086956521739,
        2157.086956521739,
        2128.5652173913045,
        2139.913043478261,
        2137.0,
        2172.304347826087,
        2151.086956521739,
        2146.7391304347825,
        2157.086956521739,
        2153.0,
        2167.913043478261,
        2153.5652173913045,
        2141.6521739130435,
        2172.1739130434785,
        2137.8260869565215,
        2145.608695652174,
        2156.9565217391305,
        2152.0434782608695,
        2121.1739130434785,
        2146.217391304348,
        2141.6521739130435,
        2140.217391304348,
        2147.1739130434785,
        2150.1739130434785,
        2156.6521739130435,
        2120.2608695652175,
        2152.608695652174,
        2151.5652173913045,
        2159.1739130434785,
        2169.1739130434785,
        2150.782608695652,
        2143.521739130435
    ],
    "opt": 2287,
    "stdevs": [
        60.93183150650602,
        82.65744556982477,
        88.08094747519776,
        77.47779729525102,
        72.88940790333706,
        95.01391799350435,
        77.0548131812967,
        86.39667605452377,
        81.04497106294488,
        81.23070368507233,
        86.74049252499239,
        90.25638759082472,
        91.83712054923677,
        89.71886356921398,
        84.19834356209826,
        80.87491800891645,
        74.08726270604214,
        77.02988397092825,
        71.6700589751199,
        92.97775004688337,
        91.3240351445613,
        85.83432408382018,
        95.4105446095153,
        86.79325978029183,
        94.73792325188154,
        96.57750054016728,
        78.34063567834838,
        77.77501360347546,
        84.89421862169132,
        92.06125190371569,
        88.93556640424917,
        84.91100645389402,
        88.23608561860054,
        92.69958797419766,
        84.12941241935822,
        92.09340208176876,
        88.37516694369036,
        93.9114532876642,
        82.34807860022806,
        74.65433893191378,
        67.29277509763038,
        94.43728477748431,
        78.11696915245251,
        90.99903404211142,
        76.70992177221065,
        91.02910895284312,
        66.65777508442694,
        92.67707212435303,
        85.75101337533002,
        87.05070985900414,
        78.56200517963497,
        86.02628516407317,
        74.06488240247874,
        71.81232103055743,
        77.37735585097047,
        74.29431076789373,
        82.27734461364784,
        89.67184450842154,
        94.72656899384637,
        91.4452742642024,
        78.13864852423995,
        70.9976969194346,
        94.2904854806354,
        81.0787150491821,
        83.01647637497298,
        78.39305262223748,
        81.2143887351136,
        79.66062229735286,
        92.1653605548222,
        95.16883812715477,
        77.34656743116493,
        85.13551967760017,
        62.455004597260704,
        87.84756517396671,
        74.86837851910107,
        79.0594043361614,
        98.3692937781506,
        87.22007885234598,
        75.60435770239492,
        90.1869933073209,
        85.98784369176799,
        72.16464057775418,
        76.62697802872528,
        74.38262597716606,
        78.64665782084712,
        93.24154051240603,
        103.00566174539536,
        85.59205570612264,
        87.38790821867484,
        85.8273864489085,
        77.27152430752918,
        76.39366752920904,
        90.01014435582537,
        98.05894990236551,
        64.9098546058512,
        77.18617171469093,
        80.3744779813533,
        87.24361303340704,
        95.23871113312421,
        91.46321582347335,
        87.4655103509102,
        71.54545661989278,
        89.58210056155635,
        87.64831340704845,
        98.82481492706485,
        74.73992715259394,
        85.38692098906272,
        81.88890071610129,
        86.52128031340003,
        87.80003918511296,
        84.975610867731,
        87.0520345010675,
        80.53389897855492,
        88.92495933760503,
        83.93831563569782
    ]
}