{
    "agg": 2248,
    "iters": [
        1,
        2,
        3,
        4,
        5,
        6,
        7,
        8,
        9,
        10,
        11,
        12,
        13,
        14,
        15,
        16,
        17,
        18,
        19,
        20,
        21,
        22,
        23,
        24,
        25,
        26,
        27,
        28,
        29,
        30,
        31,
        32,
        33,
        34,
        35,
        36,
        37,
        38,
        39,
        40,
        41,
        42,
        43,
        44,
        45,
        46,
        47,
        48,
        49,
        50,
        51,
        52,
        53,
        54,
        55,
        56,
        57,
        58,
        59,
        60,
        61,
        62,
        63,
        64,
        65,
        66,
        67,
        68,
        69,
        70,
        71,
        72,
        73,
        74,
        75,
        76,
        77,
        78,
        79,
        80,
        81,
        82,
        83,
        84,
        85,
        86,
        87,
        88,
        89,
        90,
        91,
        92,
        93,
        94,
        95,
        96,
        97,
        98,
        99,
        100,
        101,
        102,
        103
    ],
    "means": [
        2171.6666666666665,
        2149.757575757576,
        2146.757575757576,
        2121.060606060606,
        2141.212121212121,
        2129.060606060606,
        2162.757575757576,
        2134.2727272727275,
        2167.212121212121,
        2164.0,
        2150.3939393939395,
        2148.6363636363635,
        2166.0,
        2134.5151515151515,
        2154.060606060606,
        2148.5757575757575,
        2137.3636363636365,
        2130.4242424242425,
        2132.969696969697,
        2158.969696969697,
        2142.848484848485,
        2130.3636363636365,
        2144.6060606060605,
        2122.5151515151515,
        2148.4848484848485,
        2157.6060606060605,
        2132.7272727272725,
        2151.181818181818,
        2124.030303030303,
        2144.212121212121,
        2130.909090909091,
        2115.4545454545455,
        2162.060606060606,
        2128.2727272727275,
        2157.212121212121,
        2134.3939393939395,
        2132.6060606060605,
        2148.6666666666665,
        2174.3333333333335,
        2142.181818181818,
        2137.5757575757575,
        2163.4242424242425,
        2160.6060606060605,
        2143.939393939394,
        2138.242424242424,
        2168.151515151515,
        2140.181818181818,
        2168.242424242424,
        2150.6060606060605,
        2154.5151515151515,
        2134.3636363636365,
        2134.060606060606,
        2139.151515151515,
        2158.3030303030305,
        2156.818181818182,
        2140.878787878788,
        2171.3333333333335,
        2156.3030303030305,
        2156.969696969697,
        2153.6060606060605,
        2149.5151515151515,
        2134.787878787879,
        2147.4848484848485,
        2132.2727272727275,
        2116.757575757576,
        2135.090909090909,
        2186.787878787879,
        2129.0,
        2151.121212121212,
        2137.757575757576,
        2152.121212121212,
        2164.3333333333335,
        2136.818181818182,
        2129.4848484848485,
        2154.848484848485,
        2164.6363636363635,
        2156.181818181818,
        2137.757575757576,
        2136.121212121212,
        2139.4545454545455,
        2152.6666666666665,
        2132.969696969697,
        2154.030303030303,
        2143.0,
        2151.4242424242425,
        2202.121212121212,
        2149.757575757576,
        2125.848484848485,
        2136.878787878788,
        2136.878787878788,
        2127.3030303030305,
        2141.909090909091,
        2139.6060606060605,
        2149.3636363636365,
        2134.5454545454545,
        2159.787878787879,
        2130.6060606060605,
        2158.242424242424,
        2167.939393939394,
        2148.4545454545455,
        2141.3636363636365,
        2189.939393939394,
        2123.5151515151515
    ],
    "opt": 2230,
    "stdevs": [
        91.45579050099352,
        94.05737459303853,
        92.62404632577554,
        86.71302002615832,
        85.52644729210697,
        94.153304837132,
        85.23018042177964,
        75.17022005735433,
        63.11209727756785,
        94.01515029423973,
        85.46164810371016,
        95.54970725477828,
        91.7242243539477,
        85.15836271399631,
        98.80220197335788,
        81.3376912529823,
        90.133509788407,
        81.33955402304898,
        73.74792646226692,
        89.09357860358412,
        92.88184779180197,
        85.58313986528599,
        80.475834654069,
        82.39267443610882,
        86.047246082082,
        90.67087982432695,
        78.9024225642114,
        67.13056231474764,
        83.23223619687516,
        75.8606208283992,
        88.93728251068657,
        70.94987172307404,
        72.81688923051058,
        90.78755512342678,
        95.23233394616449,
        63.8577678025438,
        94.86735217514821,
        83.60356185926264,
        74.55104684616163,
        83.14079133958856,
        87.98864606611066,
        87.73722139642601,
        83.10086583582023,
        86.43334772894482,
        93.34719495648629,
        76.00921842502463,
        87.9312591521818,
        76.24284578579808,
        72.0647601830378,
        92.37969119990153,
        87.36056186057323,
        86.19320770326479,
        79.88557013557663,
        87.59669457181688,
        91.31711464450268,
        86.86832863445045,
        69.27532538408396,
        79.5927074657368,
        100.9072435903344,
        75.6879316243487,
        89.40717929688604,
        89.87660145688562,
        74.5252128221662,
        78.18868891585385,
        89.7670487911266,
        79.24888437657106,
        83.56153877333236,
        98.05595186917364,
        81.93447403196288,
        88.94193894453818,
        87.57706825065137,
        84.70578910010052,
        87.39164877425128,
        78.0714983930799,
        82.80979345248791,
        79.5981643544312,
        90.9393585976323,
        87.04823821273598,
        91.80669995216319,
        77.72371071051337,
        85.04140405732024,
        83.35084113606767,
        93.64455196128276,
        84.74632377831733,
        95.07095605405543,
        76.78492496291877,
        78.17386616829698,
        89.92492532481754,
        74.38627992415674,
        83.72493114658536,
        91.1257821510216,
        93.27358378719501,
        91.26748546258406,
        77.96223568393525,
        89.3529233074177,
        80.78169518720588,
        86.19109825158576,
        81.30340866648652,
        83.36809192459572,
        90.68964422825759,
        86.12035911120859,
        77.67841219312359,
        85.30662030230295
    ]
}