{
    "agg": 2141,
    "iters": [
        1,
        2,
        3,
        4,
        5,
        6,
        7,
        8,
        9,
        10,
        11,
        12,
        13,
        14,
        15,
        16,
        17,
        18,
        19,
        20,
        21,
        22,
        23,
        24,
        25,
        26,
        27,
        28,
        29,
        30,
        31,
        32,
        33,
        34,
        35,
        36,
        37,
        38,
        39,
        40,
        41,
        42,
        43,
        44,
        45,
        46,
        47,
        48,
        49,
        50,
        51,
        52,
        53,
        54,
        55,
        56,
        57,
        58,
        59,
        60,
        61,
        62,
        63,
        64,
        65,
        66,
        67,
        68,
        69,
        70,
        71,
        72,
        73,
        74,
        75,
        76,
        77,
        78,
        79,
        80,
        81,
        82,
        83,
        84,
        85,
        86,
        87,
        88,
        89,
        90,
        91,
        92,
        93,
        94,
        95,
        96,
        97,
        98,
        99,
        100,
        101,
        102,
        103,
        104
    ],
    "means": [
        2133.0967741935483,
        2125.1935483870966,
        2129.8387096774195,
        2132.8709677419356,
        2129.967741935484,
        2123.967741935484,
        2140.3548387096776,
        2169.483870967742,
        2150.0,
        2164.0967741935483,
        2154.483870967742,
        2171.5806451612902,
        2160.9032258064517,
        2155.7419354838707,
        2121.451612903226,
        2132.2903225806454,
        2128.2903225806454,
        2155.6774193548385,
        2155.483870967742,
        2163.516129032258,
        2181.7741935483873,
        2146.5806451612902,
        2143.4193548387098,
        2128.2903225806454,
        2126.6451612903224,
        2164.548387096774,
        2171.3870967741937,
        2142.4193548387098,
        2157.8709677419356,
        2114.8709677419356,
        2171.9032258064517,
        2168.6129032258063,
        2130.2903225806454,
        2163.7741935483873,
        2120.967741935484,
        2151.8064516129034,
        2117.0967741935483,
        2165.1290322580644,
        2156.2580645161293,
        2152.3870967741937,
        2143.451612903226,
        2153.483870967742,
        2144.516129032258,
        2149.8387096774195,
        2146.7096774193546,
        2120.967741935484,
        2166.6451612903224,
        2163.451612903226,
        2167.3548387096776,
        2157.0967741935483,
        2165.032258064516,
        2165.6774193548385,
        2125.064516129032,
        2143.3225806451615,
        2145.4193548387098,
        2156.7741935483873,
        2154.2903225806454,
        2160.4193548387098,
        2136.7096774193546,
        2166.0967741935483,
        2136.3870967741937,
        2116.9032258064517,
        2162.8709677419356,
        2128.1612903225805,
        2143.3548387096776,
        2132.2580645161293,
        2149.967741935484,
        2149.6774193548385,
        2130.4193548387098,
        2163.935483870968,
        2145.1935483870966,
        2130.6774193548385,
        2132.2258064516127,
        2160.9032258064517,
        2164.8387096774195,
        2112.967741935484,
        2144.3870967741937,
        2115.7419354838707,
        2167.6451612903224,
        2145.7419354838707,
        2160.032258064516,
        2157.1612903225805,
        2162.032258064516,
        2170.3548387096776,
        2132.6774193548385,
        2148.1290322580644,
        2184.2903225806454,
        2165.064516129032,
        2174.516129032258,
        2126.3870967741937,
        2141.7741935483873,
        2142.2903225806454,
        2135.6774193548385,
        2145.8709677419356,
        2145.032258064516,
        2133.2580645161293,
        2158.1290322580644,
        2167.2258064516127,
        2142.967741935484,
        2137.032258064516,
        2169.4193548387098,
        2157.1612903225805,
        2146.548387096774,
        2138.8387096774195
    ],
    "opt": 2284,
    "stdevs": [
        87.06184484780833,
        89.39416858907258,
        86.9750044828207,
        85.56406463655168,
        80.02317562329445,
        73.12361776844952,
        88.60006130744867,
        75.52263961682635,
        80.01169269389278,
        81.94071611437204,
        82.20622022134411,
        90.87700805557012,
        94.7970173883293,
        78.4400193046379,
        77.87037977167981,
        88.16597015540819,
        85.12199728904736,
        81.68206937790204,
        82.57816276510862,
        92.86301773276035,
        98.47505322781299,
        78.68834983390977,
        85.72189624802965,
        76.32113542655905,
        87.50798982400693,
        74.8166958724422,
        84.71572098432415,
        84.31346052315857,
        90.53630244467574,
        94.06406256804674,
        86.89123896543893,
        93.8051093660904,
        83.45645708348876,
        79.13635014752838,
        87.75607096762786,
        78.19843219071831,
        80.72708097347135,
        77.4095692740407,
        88.13075613484241,
        75.34337628242973,
        85.87306412699988,
        93.71950978343766,
        94.4470737495573,
        94.49836891379303,
        75.22490731493859,
        84.31258424839723,
        83.82298875803,
        86.34583080495864,
        82.23159599456096,
        89.71796484205727,
        87.36297431977644,
        81.86195583233464,
        80.30302910121377,
        83.59132039244967,
        95.45469257751364,
        82.85148379048573,
        88.37683010776037,
        81.06778294638279,
        74.20381415655001,
        79.87302618640926,
        86.40888448173448,
        77.57259028669677,
        91.62959866045676,
        88.38226970572246,
        81.42938693881987,
        98.06481324233428,
        74.2061139429498,
        80.39595042633164,
        91.34082724698968,
        93.74086982943338,
        73.15622671217938,
        90.02594145731416,
        79.6231890673368,
        77.40565739043747,
        91.91128147758138,
        75.8544803239975,
        89.35455921698457,
        82.8753310670896,
        89.32743262023358,
        86.72052543508816,
        82.26098666536409,
        89.13494545665506,
        85.8128059737863,
        78.58939778576259,
        96.68318301137607,
        83.94150879668221,
        76.12095364462343,
        78.33671552317864,
        83.2992549119533,
        81.61027663757551,
        99.13584999071674,
        95.99435250471336,
        91.25659926530959,
        85.50523165864742,
        84.92215937531064,
        84.8197206763188,
        76.81932801794085,
        87.0597531833719,
        91.1388461743834,
        87.9015152245518,
        94.89069235893456,
        85.42950188244957,
        85.3134027626781,
        77.30045978004293
    ]
}