{
    "agg": 2127,
    "iters": [
        1,
        2,
        3,
        4,
        5,
        6,
        7,
        8,
        9,
        10,
        11,
        12,
        13,
        14,
        15,
        16,
        17,
        18,
        19,
        20,
        21,
        22,
        23,
        24,
        25,
        26,
        27,
        28,
        29,
        30,
        31,
        32,
        33,
        34,
        35,
        36,
        37,
        38,
        39,
        40,
        41,
        42,
        43,
        44,
        45,
        46,
        47,
        48,
        49,
        50,
        51,
        52,
        53,
        54,
        55,
        56,
        57,
        58,
        59,
        60,
        61,
        62,
        63,
        64,
        65,
        66,
        67,
        68,
        69,
        70,
        71,
        72,
        73,
        74,
        75,
        76,
        77,
        78,
        79,
        80,
        81,
        82,
        83,
        84,
        85,
        86,
        87,
        88,
        89,
        90,
        91,
        92,
        93,
        94,
        95,
        96,
        97,
        98,
        99,
        100,
        101,
        102,
        103,
        104,
        105,
        106,
        107,
        108,
        109,
        110,
        111,
        112,
        113,
        114,
        115,
        116,
        117,
        118,
        119,
        120,
        121,
        122,
        123,
        124,
        125,
        126,
        127,
        128,
        129,
        130,
        131,
        132,
        133,
        134,
        135
    ],
    "means": [
        2140.714285714286,
        2145.5142857142855,
        2151.8285714285716,
        2171.3714285714286,
        2160.3142857142857,
        2133.8285714285716,
        2150.457142857143,
        2161.8,
        2155.714285714286,
        2158.6857142857143,
        2165.4285714285716,
        2155.657142857143,
        2174.885714285714,
        2141.3142857142857,
        2140.1714285714284,
        2159.542857142857,
        2152.0,
        2160.9714285714285,
        2131.542857142857,
        2161.0857142857144,
        2138.942857142857,
        2116.6285714285714,
        2162.4285714285716,
        2170.6,
        2152.2,
        2164.2571428571428,
        2146.2,
        2141.5714285714284,
        2160.2285714285713,
        2138.657142857143,
        2151.457142857143,
        2140.2,
        2142.7428571428572,
        2150.885714285714,
        2131.1428571428573,
        2160.1428571428573,
        2148.8,
        2150.0857142857144,
        2116.457142857143,
        2160.714285714286,
        2148.0285714285715,
        2150.6285714285714,
        2131.457142857143,
        2123.2,
        2176.6285714285714,
        2162.457142857143,
        2152.942857142857,
        2143.285714285714,
        2141.2571428571428,
        2174.2,
        2144.714285714286,
        2155.7714285714287,
        2175.0857142857144,
        2168.9714285714285,
        2142.6285714285714,
        2172.9142857142856,
        2175.8,
        2152.1714285714284,
        2159.8571428571427,
        2167.285714285714,
        2176.9142857142856,
        2138.3142857142857,
        2176.3142857142857,
        2134.6285714285714,
        2133.6,
        2151.2285714285713,
        2143.7428571428572,
        2164.4857142857145,
        2143.9714285714285,
        2160.6857142857143,
        2166.0,
        2123.3142857142857,
        2139.6857142857143,
        2137.057142857143,
        2153.0285714285715,
        2154.4857142857145,
        2138.657142857143,
        2166.3714285714286,
        2137.057142857143,
        2131.0,
        2115.885714285714,
        2143.8571428571427,
        2168.457142857143,
        2138.9142857142856,
        2160.8285714285716,
        2154.2285714285713,
        2139.4285714285716,
        2137.057142857143,
        2165.057142857143,
        2152.542857142857,
        2139.0,
        2149.714285714286,
        2163.6857142857143,
        2133.5714285714284,
        2124.8,
        2172.2285714285713,
        2147.0857142857144,
        2138.2285714285713,
        2138.942857142857,
        2148.2,
        2170.4857142857145,
        2144.6285714285714,
        2166.657142857143,
        2148.057142857143,
        2144.2285714285713,
        2155.3714285714286,
        2170.1428571428573,
        2155.0285714285715,
        2153.6285714285714,
        2158.114285714286,
        2157.0857142857144,
        2175.3714285714286,
        2134.4285714285716,
        2170.2,
        2149.0857142857144,
        2152.2,
        2121.5714285714284,
        2141.3142857142857,
        2152.6285714285714,
        2157.285714285714,
        2170.6285714285714,
        2152.542857142857,
        2146.8571428571427,
        2133.0285714285715,
        2151.6857142857143,
        2167.457142857143,
        2141.7428571428572,
        2166.4,
        2189.942857142857,
        2154.114285714286,
        2143.4857142857145,
        2168.0285714285715,
        2144.342857142857,
        2143.2571428571428,
        2180.3142857142857
    ],
    "opt": 2223,