{
    "agg": 2219,
    "iters": [
        1,
        2,
        3,
        4,
        5,
        6,
        7,
        8,
        9,
        10,
        11,
        12,
        13,
        14,
        15,
        16,
        17,
        18,
        19,
        20,
        21,
        22,
        23,
        24,
        25,
        26,
        27,
        28,
        29,
        30,
        31,
        32,
        33,
        34,
        35,
        36,
        37,
        38,
        39,
        40,
        41,
        42,
        43,
        44,
        45,
        46,
        47,
        48,
        49,
        50,
        51,
        52,
        53,
        54,
        55,
        56,
        57,
        58,
        59,
        60,
        61,
        62,
        63,
        64,
        65,
        66,
        67,
        68,
        69,
        70,
        71,
        72,
        73,
        74,
        75,
        76,
        77,
        78,
        79,
        80,
        81,
        82,
        83,
        84,
        85,
        86,
        87,
        88,
        89,
        90,
        91,
        92,
        93,
        94,
        95,
        96,
        97,
        98,
        99,
        100,
        101,
        102,
        103,
        104,
        105,
        106,
        107,
        108,
        109,
        110,
        111,
        112,
        113,
        114,
        115,
        116,
        117,
        118,
        119,
        120,
        121,
        122,
        123,
        124,
        125,
        126,
        127
    ],
    "means": [
        2135.9761904761904,
        2161.4523809523807,
        2171.6190476190477,
        2152.5,
        2157.809523809524,
        2140.9761904761904,
        2128.714285714286,
        2147.1666666666665,
        2155.690476190476,
        2140.9523809523807,
        2140.8571428571427,
        2146.8333333333335,
        2140.7619047619046,
        2149.4285714285716,
        2165.309523809524,
        2141.690476190476,
        2144.595238095238,
        2121.785714285714,
        2142.3571428571427,
        2172.809523809524,
        2155.214285714286,
        2141.1666666666665,
        2168.190476190476,
        2131.2380952380954,
        2155.5,
        2151.190476190476,
        2120.1666666666665,
        2138.5,
        2163.9761904761904,
        2124.8333333333335,
        2164.690476190476,
        2151.9523809523807,
        2151.785714285714,
        2142.095238095238,
        2155.6428571428573,
        2147.5714285714284,
        2149.9761904761904,
        2179.5714285714284,
        2153.5238095238096,
        2180.904761904762,
        2140.6190476190477,
        2127.904761904762,
        2164.9285714285716,
        2152.8571428571427,
        2144.5,
        2131.2619047619046,
        2133.904761904762,
        2151.285714285714,
        2154.785714285714,
        2157.9285714285716,
        2135.1190476190477,
        2158.5714285714284,
        2157.214285714286,
        2163.595238095238,
        2154.6428571428573,
        2130.5238095238096,
        2149.4523809523807,
        2158.904761904762,
        2145.5714285714284,
        2181.6190476190477,
        2125.1428571428573,
        2132.714285714286,
        2150.4523809523807,
        2149.4523809523807,
        2134.9761904761904,
        2171.2380952380954,
        2125.904761904762,
        2130.690476190476,
        2134.7380952380954,
        2170.404761904762,
        2145.190476190476,
        2160.1666666666665,
        2140.1190476190477,
        2151.904761904762,
        2147.0,
        2156.690476190476,
        2145.5,
        2143.1428571428573,
        2150.214285714286,
        2153.285714285714,
        2148.9523809523807,
        2139.3809523809523,
        2137.9285714285716,
        2157.690476190476,
        2143.809523809524,
        2166.095238095238,
        2149.6428571428573,
        2146.4285714285716,
        2135.9761904761904,
        2144.690476190476,
        2170.3809523809523,
        2131.6428571428573,
        2160.7619047619046,
        2138.1666666666665,
        2158.3333333333335,
        2152.0238095238096,
        2139.190476190476,
        2129.404761904762,
        2150.714285714286,
        2140.214285714286,
        2158.5714285714284,
        2145.3333333333335,
        2129.8571428571427,
        2157.1666666666665,
        2148.1666666666665,
        2138.595238095238,
        2136.1190476190477,
        2143.0476190476193,
        2151.0476190476193,
        2148.809523809524,
        2141.6190476190477,
        2155.4523809523807,
        2157.095238095238,
        2153.0714285714284,
        2147.7619047619046,
        2131.904761904762,
        2153.6428571428573,
        2173.285714285714,
        2150.0,
        2143.904761904762,
        2144.9285714285716,
        2156.404761904762,
        2160.809523809524,
        2131.8333333333335,
        2149.190476190476,
        2144.7380952380954,
        2153.309523809524
    ],
    "opt": 2284,