{
    "agg": 2125,
    "iters": [
        1,
        2,
        3,
        4,
        5,
        6,
        7,
        8,
        9,
        10,
        11,
        12,
        13,
        14,
        15,
        16,
        17,
        18,
        19,
        20,
        21,
        22,
        23,
        24,
        25,
        26,
        27,
        28,
        29,
        30,
        31,
        32,
        33,
        34,
        35,
        36,
        37,
        38,
        39,
        40,
        41,
        42,
        43,
        44,
        45,
        46,
        47,
        48,
        49,
        50,
        51,
        52,
        53,
        54,
        55,
        56,
        57,
        58,
        59,
        60,
        61,
        62,
        63,
        64,
        65,
        66,
        67,
        68,
        69,
        70,
        71,
        72,
        73,
        74,
        75,
        76,
        77,
        78,
        79,
        80,
        81,
        82,
        83,
        84,
        85,
        86,
        87,
        88,
        89,
        90,
        91,
        92,
        93,
        94,
        95,
        96,
        97,
        98,
        99,
        100,
        101,
        102,
        103,
        104,
        105,
        106,
        107,
        108,
        109,
        110,
        111,
        112,
        113,
        114,
        115,
        116,
        117
    ],
    "means": [
        2165.4883720930234,
        2146.7906976744184,
        2173.3953488372094,
        2144.6511627906975,
        2161.6744186046512,
        2143.1627906976746,
        2149.3255813953488,
        2151.8837209302324,
        2153.860465116279,
        2116.720930232558,
        2175.7441860465115,
        2157.6511627906975,
        2117.0232558139537,
        2170.4651162790697,
        2147.0232558139537,
        2142.0697674418607,
        2161.906976744186,
        2180.139534883721,
        2141.3488372093025,
        2157.813953488372,
        2155.5813953488373,
        2156.2558139534885,
        2134.953488372093,
        2157.813953488372,
        2154.6976744186045,
        2124.046511627907,
        2156.6279069767443,
        2128.0232558139537,
        2169.4883720930234,
        2147.3488372093025,
        2151.186046511628,
        2148.5348837209303,
        2135.046511627907,
        2153.186046511628,
        2161.0,
        2160.9767441860463,
        2122.3488372093025,
        2137.906976744186,
        2179.9302325581393,
        2149.4418604651164,
        2152.813953488372,
        2141.5116279069766,
        2160.5116279069766,
        2162.046511627907,
        2150.4418604651164,
        2164.8837209302324,
        2144.093023255814,
        2143.7441860465115,
        2178.5116279069766,
        2134.093023255814,
        2147.8837209302324,
        2148.767441860465,
        2146.1627906976746,
        2168.3953488372094,
        2165.4418604651164,
        2149.139534883721,
        2125.0697674418607,
        2170.186046511628,
        2149.813953488372,
        2160.8837209302324,
        2143.9767441860463,
        2123.0232558139537,
        2141.5813953488373,
        2151.720930232558,
        2166.6511627906975,
        2156.953488372093,
        2135.9302325581393,
        2139.139534883721,
        2150.046511627907,
        2139.6744186046512,
        2136.860465116279,
        2129.813953488372,
        2140.186046511628,
        2143.6511627906975,
        2162.0232558139537,
        2146.813953488372,
        2134.093023255814,
        2158.4883720930234,
        2145.906976744186,
        2135.8837209302324,
        2122.232558139535,
        2144.139534883721,
        2159.3255813953488,
        2121.720930232558,
        2145.2558139534885,
        2161.4418604651164,
        2135.139534883721,
        2145.8837209302324,
        2175.1627906976746,
        2133.7906976744184,
        2126.0232558139537,
        2147.7906976744184,
        2164.860465116279,
        2114.1162790697676,
        2141.3255813953488,
        2155.093023255814,
        2150.093023255814,
        2138.0232558139537,
        2146.3488372093025,
        2165.8837209302324,
        2167.720930232558,
        2137.186046511628,
        2131.7906976744184,
        2149.5813953488373,
        2167.767441860465,
        2133.3023255813955,
        2171.3720930232557,
        2137.860465116279,
        2141.0697674418607,
        2157.767441860465,
        2173.139534883721,
        2173.186046511628,
        2158.3023255813955,
        2172.1162790697676,
        2148.4883720930234,
        2154.0,
        2168.1162790697676
    ],
    "opt": 2296,
    "stdevs": [
        76.45316915664193,
        73.62524786219103,
        87.357096471598,
        89.3407075947557,
        89.41300070140485,
        82.81302285874308,
        79.9903252668089,
        76.93374053473747,
        85.1435399221887,
        82.44810223361945,
        84.71157440569127,
        93.0315984631104,
        97.77108726857212,
        85.7460688195659,
        90.07399758288996,
        84.97123873154858,
        84.10729967310677,
        95.57234722068952,
        91.39891702603286,
        76.65969979553809,
        87.8188496368597,
        83.14126197588132,
        85.84869152566316,
        85.03111764578225,
        76.73316340855949,
        88.56608450778754,
        90.03410807327126,
        80.64031202992332,
        84.19920236406796,
        93.18920082182649,
        79.72285010306628,
        79.75787453642351,
        91.87072653902331,
        91.25921573442845,
        82.07823834185481,
        89.72736181994387,
        82.01357905743845,
        97.25244397084211,
        85.91244741523866,
        85.19861946844777,
        86.71371121268484,
        92.28529376984791,
        81.43120140625581,
        89.67459350557101,
        84.32200251515957,
        86.31532492198149,
        84.96779525440688,
        91.52635737373645,
        79.1992988261842,
        76.20407544295605,
        90.28332903938438,
        80.2985236069501,
        87.5349578627074,
        85.80105152900495,
        85.90538395169133,
        79.87856521732859,
        75.84543503880103,
        91.57517075235744,
        91.2961589690906,
        82.31736918704101,
        81.59072233284262,
        80.18394212961962,
        81.5695544428587,
        89.17068179709025,
        85.94667998808039,
        90.39189958777874,
        93.0529719977838,
        83.12937000797734,
        92.8173884792625,
        94.20702608721317,
        76.52711372231013,
        91.92065734730484,
        85.69775330531853,
        91.73036415468023,
        93.26742953815919,
        75.99640622285065,
        86.15124989401943,
        87.88850550370907,
        87.58539061395719,
        78.04089843162458,
        81.70333095293459,
        92.82932109844187,
        92.17746305051696,
        87.18633496016352,
        77.66088866983588,
        76.93588461000964,
        89.46782750197526,
        83.22628422652713,
        80.325190879863,
        88.67986797032447,
        78.74081367522744,
        95.01323240513075,
        76.57784651273404,
        81.44885948701845,
        89.1063438167166,
        91.07594938278824,
        89.55310596810332,
        90.5814520703169,
        88.4315222449263,
        94.43127421011206,
        74.55833538833102,
        93.62449883467654,
        66.91318851457962,
        94.72511824199523,
        76.36565562196269,
        86.98797962501965,
        82.18754029255399,
        90.04355054712417,
        86.18433337069196,
        81.85689077820221,
        86.8035958411082,
        90.0651587938198,
        86.4110067503841,
        86.52979304164026,
        85.8433868978508,
        85.78664719645653,
        89.42821190110588
    ]
}