{
    "agg": 2130,
    "iters": [
        1,
        2,
        3,
        4,
        5,
        6,
        7,
        8,
        9,
        10,
        11,
        12,
        13,
        14,
        15,
        16,
        17,
        18,
        19,
        20,
        21,
        22,
        23,
        24,
        25,
        26,
        27,
        28,
        29,
        30,
        31,
        32,
        33,
        34,
        35,
        36,
        37,
        38,
        39,
        40,
        41,
        42,
        43,
        44,
        45,
        46,
        47,
        48,
        49,
        50,
        51,
        52,
        53,
        54,
        55,
        56,
        57,
        58,
        59,
        60,
        61,
        62,
        63,
        64,
        65,
        66,
        67,
        68,
        69,
        70,
        71,
        72,
        73,
        74,
        75,
        76,
        77,
        78,
        79,
        80,
        81,
        82,
        83,
        84,
        85,
        86,
        87,
        88,
        89,
        90,
        91,
        92,
        93,
        94,
        95,
        96,
        97,
        98,
        99,
        100,
        101,
        102,
        103,
        104,
        105,
        106,
        107,
        108,
        109,
        110,
        111,
        112,
        113,
        114,
        115,
        116,
        117,
        118,
        119,
        120,
        121,
        122,
        123,
        124,
        125,
        126
    ],
    "means": [
        2162.2820512820513,
        2165.2820512820513,
        2155.7179487179487,
        2169.7179487179487,
        2140.358974358974,
        2133.871794871795,
        2161.0,
        2123.7948717948716,
        2176.4871794871797,
        2174.7179487179487,
        2172.3333333333335,
        2153.897435897436,
        2156.25641025641,
        2151.4102564102564,
        2129.102564102564,
        2157.5897435897436,
        2185.4615384615386,
        2136.4871794871797,
        2147.230769230769,
        2140.051282051282,
        2149.025641025641,
        2143.897435897436,
        2141.6666666666665,
        2151.4615384615386,
        2150.871794871795,
        2139.948717948718,
        2141.3846153846152,
        2172.4615384615386,
        2149.1794871794873,
        2172.0,
        2159.7179487179487,
        2144.1794871794873,
        2173.769230769231,
        2137.3076923076924,
        2136.3333333333335,
        2159.051282051282,
        2143.769230769231,
        2154.4615384615386,
        2157.974358974359,
        2144.6153846153848,
        2153.641025641026,
        2151.5641025641025,
        2138.2051282051284,
        2154.2051282051284,
        2129.5897435897436,
        2131.102564102564,
        2150.3076923076924,
        2134.076923076923,
        2144.025641025641,
        2152.6666666666665,
        2143.4358974358975,
        2166.4871794871797,
        2153.0,
        2166.871794871795,
        2154.5641025641025,
        2161.25641025641,
        2170.6666666666665,
        2131.0,
        2174.025641025641,
        2121.153846153846,
        2162.7948717948716,
        2169.153846153846,
        2167.1794871794873,
        2146.74358974359,
        2163.358974358974,
        2156.102564102564,
        2127.4615384615386,
        2154.3333333333335,
        2139.6923076923076,
        2150.769230769231,
        2127.2820512820513,
        2140.974358974359,
        2142.3333333333335,
        2158.128205128205,
        2172.4102564102564,
        2153.3846153846152,
        2168.6666666666665,
        2160.5384615384614,
        2137.230769230769,
        2156.769230769231,
        2164.897435897436,
        2163.6153846153848,
        2166.8205128205127,
        2135.6153846153848,
        2159.051282051282,
        2146.025641025641,
        2167.25641025641,
        2160.2820512820513,
        2148.7948717948716,
        2137.948717948718,
        2159.4102564102564,
        2165.641025641026,
        2156.923076923077,
        2130.948717948718,
        2154.4358974358975,
        2135.5384615384614,
        2153.0,
        2171.974358974359,
        2150.846153846154,
        2162.3333333333335,
        2156.358974358974,
        2161.2051282051284,
        2160.4358974358975,
        2149.5128205128203,
        2161.025641025641,
        2147.923076923077,
        2164.128205128205,
        2136.5641025641025,
        2147.230769230769,
        2140.3846153846152,
        2144.025641025641,
        2166.025641025641,
        2124.5128205128203,
        2147.128205128205,
        2141.230769230769,
        2143.3333333333335,
        2148.102564102564,
        2147.4102564102564,
        2125.6923076923076,
        2149.3846153846152,
        2143.25641025641,
        2125.025641025641,
        2163.846153846154,
        2158.3333333333335,
        2158.4358974358975,
        2159.128205128205
    ],
    "opt": 2290,