{
    "agg": 2207,
    "iters": [
        1,
        2,
        3,
        4,
        5,
        6,
        7,
        8,
        9,
        10,
        11,
        12,
        13,
        14,
        15,
        16,
        17,
        18,
        19,
        20,
        21,
        22,
        23,
        24,
        25,
        26,
        27,
        28,
        29,
        30,
        31,
        32,
        33,
        34,
        35,
        36,
        37,
        38,
        39,
        40,
        41,
        42,
        43,
        44,
        45,
        46,
        47,
        48,
        49,
        50,
        51,
        52,
        53,
        54,
        55,
        56,
        57,
        58,
        59,
        60,
        61,
        62,
        63,
        64,
        65,
        66,
        67,
        68,
        69,
        70,
        71,
        72,
        73,
        74,
        75,
        76,
        77,
        78,
        79,
        80,
        81,
        82,
        83,
        84,
        85,
        86,
        87,
        88,
        89,
        90,
        91,
        92,
        93,
        94,
        95,
        96,
        97,
        98,
        99,
        100,
        101,
        102,
        103,
        104,
        105
    ],
    "means": [
        2182.4,
        2140.657142857143,
        2145.2571428571428,
        2135.885714285714,
        2151.0,
        2140.5142857142855,
        2160.8285714285716,
        2134.9714285714285,
        2153.057142857143,
        2157.0,
        2151.6857142857143,
        2139.8571428571427,
        2179.657142857143,
        2136.4857142857145,
        2154.7428571428572,
        2136.2571428571428,
        2145.0,
        2159.7714285714287,
        2176.0857142857144,
        2163.7714285714287,
        2150.7714285714287,
        2159.8571428571427,
        2166.9714285714285,
        2146.6857142857143,
        2158.8571428571427,
        2153.2571428571428,
        2130.285714285714,
        2164.9714285714285,
        2147.057142857143,
        2133.4857142857145,
        2135.542857142857,
        2162.114285714286,
        2170.885714285714,
        2128.6,
        2157.2571428571428,
        2156.5142857142855,
        2146.2571428571428,
        2131.114285714286,
        2151.6857142857143,
        2156.2571428571428,
        2158.0285714285715,
        2142.942857142857,
        2132.8571428571427,
        2153.9714285714285,
        2120.6285714285714,
        2137.6857142857143,
        2137.342857142857,
        2145.114285714286,
        2150.6285714285714,
        2180.4857142857145,
        2147.2,
        2160.9714285714285,
        2145.7714285714287,
        2151.4285714285716,
        2140.457142857143,
        2149.885714285714,
        2158.285714285714,
        2168.7428571428572,
        2162.542857142857,
        2122.057142857143,
        2163.5142857142855,
        2160.942857142857,
        2150.8,
        2147.0857142857144,
        2164.5142857142855,
        2159.2571428571428,
        2141.7714285714287,
        2157.3142857142857,
        2148.4285714285716,
        2153.285714285714,
        2141.8285714285716,
        2158.5142857142855,
        2168.6,
        2144.4857142857145,
        2151.0,
        2176.6285714285714,
        2140.885714285714,
        2138.5714285714284,
        2141.8571428571427,
        2141.457142857143,
        2170.6,
        2155.8,
        2157.942857142857,
        2151.8,
        2146.4,
        2174.2285714285713,
        2142.0,
        2126.3714285714286,
        2134.4857142857145,
        2144.714285714286,
        2144.7428571428572,
        2109.8571428571427,
        2123.2571428571428,
        2155.942857142857,
        2129.714285714286,
        2164.942857142857,
        2127.1714285714284,
        2148.1428571428573,
        2176.1428571428573,
        2130.4857142857145,
        2149.057142857143,
        2152.4,
        2146.6,
        2160.8,
        2169.9142857142856
    ],
    "opt": 2208,
    "stdevs": [
        71.84952529915759,
        82.25324756320492,
        81.77437351190962,
        89.0039393762422,
        81.49145441613582,
        95.752469995317,
        90.34109513055371,
        72.62604244220063,
        83.1294834604917,
        88.82181199296875,
        95.4043339622237,
        76.3136920338463,
        68.02392136264285,
        93.37738221970073,
        95.83030920990137,
        78.31305049320336,
        83.59870128861367,
        95.31903893595167,
        86.47423115044865,
        89.73837711108115,
        85.56303798596538,
        101.29169839263879,
        80.88704141818859,
        88.83846381529358,
        85.16878799759682,
        94.5897435869066,
        87.01381546417012,
        85.34685054505047,
        73.22253472693181,
        82.00883974254462,
        92.81112705986524,
        97.51300907456148,
        76.30756241443342,
        82.22589095204225,
        92.43942970002199,
        86.8763888451604,
        93.17582238730722,
        88.88958525804324,
        85.38275885800412,
        92.44746550095908,
        97.14451259093646,
        90.51091263556262,
        90.67465951163544,
        93.68350539808739,
        80.78687507060457,
        92.07101961562728,
        92.13218542852837,
        88.32982716697084,
        101.39571298750703,
        82.061082277105,
        88.62402125189955,
        84.66926773014623,
        80.3897952707523,
        92.9381624566374,
        76.61903637278321,
        91.61808038297475,
        96.68463356369998,
        81.72893974496877,
        86.19060036823467,
        80.26881367616936,
        90.48894847393447,
        84.71125506503772,
        88.54822737598178,
        82.57892205246408,
        69.42102251729615,
        83.55608650383726,
        91.49116607294803,
        67.58434790417567,
        77.13227440638609,
        77.75035927471293,
        92.61856824456676,
        81.02323174024012,
        75.69759384739857,
        84.55746023641352,
        95.24914697780763,
        74.822489252625,
        93.48086784503674,
        79.31862894654184,
        79.08626135236055,
        89.95470061795162,
        85.69354034664957,
        86.90349327188834,
        91.59505378322031,
        87.94829649937999,
        71.8296397238434,
        83.25626041301149,
        86.17391053644286,
        84.91376658176247,
        86.2257407468729,
        76.58779142864982,
        80.63899902197018,
        86.99331431031858,
        96.21414890222535,
        81.18829713595879,
        85.61761214962773,
        87.73562327718847,
        92.22627010759561,
        78.06559251484535,
        92.05251385009781,
        72.67043864640713,
        90.56487583326042,
        80.8964770555554,
        95.49545987712116,
        96.26742513881392,
        75.26310856059617
    ]
}