{
    "agg": 2267,
    "iters": [
        1,
        2,
        3,
        4,
        5,
        6,
        7,
        8,
        9,
        10,
        11,
        12,
        13,
        14,
        15,
        16,
        17,
        18,
        19,
        20,
        21,
        22,
        23,
        24,
        25,
        26,
        27,
        28,
        29,
        30,
        31,
        32,
        33,
        34,
        35,
        36,
        37,
        38,
        39,
        40,
        41,
        42,
        43,
        44,
        45,
        46,
        47,
        48,
        49,
        50,
        51,
        52,
        53,
        54,
        55,
        56,
        57,
        58,
        59,
        60,
        61,
        62,
        63,
        64,
        65,
        66,
        67,
        68,
        69,
        70,
        71,
        72,
        73,
        74,
        75,
        76,
        77,
        78,
        79,
        80,
        81,
        82,
        83,
        84,
        85,
        86,
        87,
        88,
        89,
        90,
        91,
        92,
        93,
        94,
        95,
        96,
        97,
        98,
        99,
        100
    ],
    "means": [
        2176.159090909091,
        2144.568181818182,
        2138.568181818182,
        2154.2954545454545,
        2156.068181818182,
        2156.2954545454545,
        2150.8636363636365,
        2131.909090909091,
        2162.1136363636365,
        2140.2727272727275,
        2173.090909090909,
        2145.8636363636365,
        2133.9772727272725,
        2184.5227272727275,
        2139.181818181818,
        2127.2272727272725,
        2175.7727272727275,
        2152.3636363636365,
        2162.431818181818,
        2165.4545454545455,
        2137.8863636363635,
        2182.2727272727275,
        2154.0,
        2139.8636363636365,
        2142.2045454545455,
        2173.681818181818,
        2136.090909090909,
        2150.181818181818,
        2169.0,
        2168.7727272727275,
        2111.5,
        2155.181818181818,
        2140.068181818182,
        2129.6136363636365,
        2146.659090909091,
        2137.659090909091,
        2167.659090909091,
        2134.931818181818,
        2167.0454545454545,
        2161.2954545454545,
        2165.6363636363635,
        2147.9772727272725,
        2146.340909090909,
        2157.181818181818,
        2160.4772727272725,
        2144.3863636363635,
        2143.340909090909,
        2141.5227272727275,
        2131.5454545454545,
        2124.2272727272725,
        2153.840909090909,
        2131.568181818182,
        2157.659090909091,
        2168.590909090909,
        2159.090909090909,
        2150.090909090909,
        2127.409090909091,
        2137.318181818182,
        2150.2272727272725,
        2147.159090909091,
        2135.159090909091,
        2138.068181818182,
        2163.2045454545455,
        2167.431818181818,
        2158.1363636363635,
        2141.8863636363635,
        2153.4772727272725,
        2155.659090909091,
        2151.590909090909,
        2131.7272727272725,
        2151.409090909091,
        2140.659090909091,
        2144.1363636363635,
        2148.5454545454545,
        2164.1136363636365,
        2116.6136363636365,
        2160.409090909091,
        2176.2045454545455,
        2145.840909090909,
        2144.6363636363635,
        2138.3863636363635,
        2143.6363636363635,
        2147.6136363636365,
        2157.568181818182,
        2152.0227272727275,
        2156.318181818182,
        2138.4545454545455,
        2141.75,
        2161.9772727272725,
        2148.318181818182,
        2130.8863636363635,
        2158.7272727272725,
        2157.181818181818,
        2140.909090909091,
        2153.2272727272725,
        2158.909090909091,
        2151.431818181818,
        2122.7954545454545,
        2150.2727272727275,
        2144.7954545454545
    ],
    "opt": 2276,
    "stdevs": [
        85.73212593512055,
        91.2833744016333,
        80.81246464592427,
        102.00413974341134,
        91.47712027090627,
        92.3512512947306,
        86.54651689569523,
        87.21233706040212,
        88.5042926306379,
        89.73480211569981,
        98.27993834446445,
        92.43464298162512,
        78.59432336555392,
        74.39895179991193,
        82.09647116966963,
        92.29199306262204,
        85.01760877402334,
        90.01921282529608,
        76.5730185471455,
        87.58514157546009,
        80.00148177863245,
        85.42018167866729,
        86.2962655886421,
        81.20445322234795,
        83.10277851865521,
        86.21004284654605,
        87.96843911876428,
        88.40898574427024,
        93.85264078233591,
        81.97335033588206,
        74.83360329302727,
        93.23876308783146,
        88.47506010357144,
        98.81162424925957,
        84.16783643460633,
        89.45667899802325,
        87.86067048091184,
        84.39824366097822,
        84.27982464964676,
        85.43221117711732,
        85.6382696178554,
        90.15932580119274,
        89.47979537857547,
        88.80757357324285,
        84.56291058796072,
        86.01406225123122,
        84.12840380303362,
        83.46732856643088,
        74.58413630544871,
        81.40997918402756,
        82.48689790776643,
        84.6093691693755,
        90.29722214136092,
        89.51061851225407,
        86.79411851193872,
        86.60564179129813,
        85.91970833860957,
        88.48543093415608,
        74.95934159637466,
        90.14481863338725,
        81.70427361188814,
        90.44119076838444,
        89.5761685904172,
        82.23950547231287,
        88.34374776176887,
        87.52148201470074,
        89.81862750625528,
        91.18137349207252,
        90.77727944155365,
        87.0136780356356,
        86.4989012494111,
        80.49447840516149,
        87.7640408111667,
        82.26245541100711,
        88.58129699708597,
        89.29043924924053,
        91.2362861878725,
        89.7214324110148,
        91.87465353844833,
        86.74363767842544,
        81.9648527527309,
        79.9366484698667,
        74.29432130173846,
        83.29667616616271,
        83.9005061845072,
        82.70340564804526,
        89.28642738794335,
        89.32299027075331,
        87.96086129543474,
        92.96865863076279,
        80.83772069261269,
        79.57796738144285,
        74.24905041549896,
        79.7455664717533,
        79.9732522433605,
        82.1887567465112,
        78.0784563835612,
        96.55370138977644,
        91.66772100570716,
        95.37404343508261
    ]
}