{
    "agg": 2239,
    "iters": [
        1,
        2,
        3,
        4,
        5,
        6,
        7,
        8,
        9,
        10,
        11,
        12,
        13,
        14,
        15,
        16,
        17,
        18,
        19,
        20,
        21,
        22,
        23,
        24,
        25,
        26,
        27,
        28,
        29,
        30,
        31,
        32,
        33,
        34,
        35,
        36,
        37,
        38,
        39,
        40,
        41,
        42,
        43,
        44,
        45,
        46,
        47,
        48,
        49,
        50,
        51,
        52,
        53,
        54,
        55,
        56,
        57,
        58,
        59,
        60,
        61,
        62,
        63,
        64,
        65,
        66,
        67,
        68,
        69,
        70,
        71,
        72,
        73,
        74,
        75,
        76,
        77,
        78,
        79,
        80,
        81,
        82,
        83,
        84,
        85,
        86,
        87,
        88,
        89,
        90,
        91,
        92,
        93,
        94,
        95,
        96,
        97,
        98,
        99,
        100,
        101,
        102,
        103,
        104,
        105,
        106,
        107,
        108,
        109,
        110,
        111,
        112,
        113,
        114,
        115,
        116,
        117
    ],
    "means": [
        2163.529411764706,
        2149.823529411765,
        2131.823529411765,
        2123.9411764705883,
        2120.4117647058824,
        2169.0588235294117,
        2152.1176470588234,
        2156.764705882353,
        2180.1176470588234,
        2158.0588235294117,
        2171.705882352941,
        2133.3529411764707,
        2158.294117647059,
        2131.1176470588234,
        2138.0,
        2148.8823529411766,
        2163.8823529411766,
        2148.4117647058824,
        2155.823529411765,
        2116.3529411764707,
        2123.470588235294,
        2148.3529411764707,
        2116.6470588235293,
        2139.3529411764707,
        2150.8823529411766,
        2102.294117647059,
        2153.0588235294117,
        2147.470588235294,
        2141.1176470588234,
        2152.764705882353,
        2183.176470588235,
        2154.5882352941176,
        2126.0,
        2159.3529411764707,
        2148.529411764706,
        2171.0588235294117,
        2167.764705882353,
        2164.0588235294117,
        2196.4117647058824,
        2120.3529411764707,
        2167.705882352941,
        2150.1176470588234,
        2168.235294117647,
        2128.294117647059,
        2133.9411764705883,
        2134.6470588235293,
        2148.529411764706,
        2122.5882352941176,
        2158.4117647058824,
        2196.1176470588234,
        2124.529411764706,
        2147.705882352941,
        2131.8823529411766,
        2171.6470588235293,
        2141.6470588235293,
        2144.235294117647,
        2156.8823529411766,
        2157.294117647059,
        2170.6470588235293,
        2135.0588235294117,
        2144.529411764706,
        2167.1176470588234,
        2119.9411764705883,
        2145.823529411765,
        2168.529411764706,
        2195.4117647058824,
        2142.294117647059,
        2120.9411764705883,
        2161.0588235294117,
        2162.705882352941,
        2143.0,
        2183.235294117647,
        2155.764705882353,
        2172.470588235294,
        2148.176470588235,
        2147.0588235294117,
        2136.705882352941,
        2146.6470588235293,
        2138.235294117647,
        2159.1176470588234,
        2128.470588235294,
        2142.0,
        2142.176470588235,
        2113.705882352941,
        2178.823529411765,
        2161.176470588235,
        2174.1176470588234,
        2143.4117647058824,
        2157.176470588235,
        2110.1176470588234,
        2145.529411764706,
        2139.294117647059,
        2133.0588235294117,
        2118.4117647058824,
        2146.235294117647,
        2168.5882352941176,
        2141.5882352941176,
        2165.5882352941176,
        2140.6470588235293,
        2154.764705882353,
        2133.764705882353,
        2164.235294117647,
        2158.9411764705883,
        2164.4117647058824,
        2148.6470588235293,
        2113.823529411765,
        2171.529411764706,
        2135.529411764706,
        2124.823529411765,
        2149.6470588235293,
        2140.176470588235,
        2167.470588235294,
        2131.6470588235293,
        2130.0,
        2168.235294117647,
        2166.235294117647,
        2138.0
    ],
    "opt": 2211,
    "stdevs": [
        66.85288294813851,
        97.10711810955597,
        93.09402918499228,
        71.87936837936124,
        73.09225341067628,
        84.43338522049432,
        89.15147872676901,
        82.3489915019248,
        81.5654788230912,
        92.32772229670928,
        82.7155044189436,
        67.84319392494517,
        72.44370204094987,
        76.79987925307694,
        78.66309397005165,
        85.93696893513166,
        78.60615329374755,
        79.69874072629003,
        76.31917135920054,
        75.81707178269563,
        73.08103290349838,
        94.04751063188947,
        75.43906085784862,
        87.98391642893041,
        76.18158056901339,
        90.8325963167035,
        82.88721648987524,
        75.58953992923097,
        99.30338679903011,
        81.56594546872863,
        75.45722223580228,
        81.6665089563715,
        75.42818945663406,
        104.00618826412126,
        91.42603416523868,
        68.73005215481909,
        91.444312473423,
        84.67965280169679,
        88.27167877273209,
        82.22990809594238,
        86.52015386152208,
        80.39818724393434,
        89.28113522612958,
        78.44200908268054,
        83.48403904391849,
        82.28711655036291,
        77.74552580056887,
        77.10120074103479,
        82.00506356211785,
        72.5152173506006,
        90.59289522009914,
        88.26615146708102,
        80.17912472409819,
        79.91608921161554,
        87.7690426305919,
        105.62003453654864,
        87.07392555817572,
        71.26402004962405,
        82.49131232436868,
        67.85145591071833,
        90.33474847480852,
        89.11716171485001,
        74.0837924548836,
        80.38161576037854,
        72.15108139669705,
        66.14250108536106,
        79.7885180490072,
        91.25431212259976,
        77.09083304642898,
        77.57559099574492,
        90.01437793649478,
        89.04561250991783,
        69.83301883085925,
        72.26920070294271,
        85.77003130404111,
        72.47674725547196,
        71.92705840018627,
        90.13254369275258,
        84.29606746236372,
        100.4863949544129,
        76.93933259168537,
        80.9066273734184,
        98.09793143715689,
        85.45983900666432,
        78.0958952706958,
        88.68001651285212,
        82.95419171974032,
        79.40518491259535,
        77.50919132905742,
        81.99274168230572,
        71.5674241102167,
        91.74437934755737,
        70.37502112693052,
        80.91830217137269,
        94.36071553712489,
        75.78767463313264,
        91.70673130950667,
        86.58016266717249,
        88.35286284949923,
        91.86789070486246,
        84.32676597740253,
        91.93253882876145,
        105.3238538359246,
        98.45336837277148,
        77.62348126881876,
        73.62243527470785,
        68.26860241812899,
        84.80019259624274,
        91.56690597533694,
        90.12862780589201,
        73.01751223799401,
        81.51947991453534,
        66.99511938015519,
        80.73631736199312,
        95.39794634105058,
        75.07371233485809,
        87.45418968876018
    ]
}