{
    "agg": 2161,
    "iters": [
        1,
        2,
        3,
        4,
        5,
        6,
        7,
        8,
        9,
        10,
        11,
        12,
        13,
        14,
        15,
        16,
        17,
        18,
        19,
        20,
        21,
        22,
        23,
        24,
        25,
        26,
        27,
        28,
        29,
        30,
        31,
        32,
        33,
        34,
        35,
        36,
        37,
        38,
        39,
        40,
        41,
        42,
        43,
        44,
        45,
        46,
        47,
        48,
        49,
        50,
        51,
        52,
        53,
        54,
        55,
        56,
        57,
        58,
        59,
        60,
        61,
        62,
        63,
        64,
        65,
        66,
        67,
        68,
        69,
        70,
        71,
        72,
        73,
        74,
        75,
        76,
        77,
        78,
        79,
        80,
        81,
        82,
        83,
        84,
        85,
        86,
        87,
        88,
        89,
        90,
        91,
        92,
        93,
        94,
        95,
        96,
        97,
        98,
        99,
        100,
        101,
        102,
        103,
        104,
        105,
        106,
        107,
        108,
        109,
        110,
        111,
        112,
        113,
        114,
        115,
        116,
        117,
        118,
        119,
        120,
        121,
        122,
        123,
        124,
        125,
        126,
        127,
        128,
        129,
        130,
        131,
        132,
        133
    ],
    "means": [
        2151.095238095238,
        2157.1428571428573,
        2128.6666666666665,
        2162.285714285714,
        2130.285714285714,
        2134.5238095238096,
        2134.285714285714,
        2155.904761904762,
        2147.904761904762,
        2135.190476190476,
        2178.809523809524,
        2114.5238095238096,
        2171.8571428571427,
        2128.095238095238,
        2122.4761904761904,
        2105.6190476190477,
        2140.190476190476,
        2124.3809523809523,
        2158.5714285714284,
        2138.7619047619046,
        2148.0,
        2111.9523809523807,
        2171.5714285714284,
        2169.4285714285716,
        2125.6666666666665,
        2172.7619047619046,
        2139.714285714286,
        2142.4285714285716,
        2111.190476190476,
        2156.8571428571427,
        2159.3809523809523,
        2105.095238095238,
        2147.5714285714284,
        2138.1428571428573,
        2134.4761904761904,
        2136.285714285714,
        2155.6190476190477,
        2177.714285714286,
        2193.809523809524,
        2172.0476190476193,
        2149.5238095238096,
        2136.5238095238096,
        2136.4285714285716,
        2158.9523809523807,
        2178.3809523809523,
        2166.4761904761904,
        2146.7619047619046,
        2171.809523809524,
        2136.1428571428573,
        2182.2380952380954,
        2171.7619047619046,
        2147.7619047619046,
        2160.7619047619046,
        2168.0,
        2203.0,
        2151.0,
        2154.3333333333335,
        2143.8571428571427,
        2126.4761904761904,
        2164.0476190476193,
        2152.8571428571427,
        2181.0,
        2138.904761904762,
        2144.904761904762,
        2139.904761904762,
        2139.190476190476,
        2149.4761904761904,
        2156.714285714286,
        2152.8571428571427,
        2153.0476190476193,
        2127.5238095238096,
        2161.4761904761904,
        2170.9523809523807,
        2131.095238095238,
        2147.285714285714,
        2163.190476190476,
        2138.1428571428573,
        2143.285714285714,
        2159.904761904762,
        2147.714285714286,
        2129.6666666666665,
        2157.4761904761904,
        2144.0476190476193,
        2143.7619047619046,
        2148.285714285714,
        2164.4761904761904,
        2132.4761904761904,
        2122.190476190476,
        2179.3333333333335,
        2153.8571428571427,
        2139.9523809523807,
        2150.6666666666665,
        2180.7619047619046,
        2160.4761904761904,
        2170.8571428571427,
        2149.1428571428573,
        2163.809523809524,
        2145.5714285714284,
        2170.714285714286,
        2146.2380952380954,
        2156.4761904761904,
        2149.6666666666665,
        2126.5714285714284,
        2158.5714285714284,
        2125.6666666666665,
        2149.904761904762,
        2130.8571428571427,
        2124.5714285714284,
        2141.0,
        2163.3809523809523,
        2157.6190476190477,
        2145.4285714285716,
        2183.5238095238096,
        2159.190476190476,
        2134.1428571428573,
        2142.2380952380954,
        2172.6190476190477,
        2148.2380952380954,
        2133.0,
        2151.095238095238,
        2129.0476190476193,
        2125.2380952380954,
        2165.8571428571427,
        2147.0,
        2160.4761904761904,
        2147.0476190476193,
        2155.6190476190477,
        2136.6190476190477,
        2161.4285714285716,
        2177.9523809523807,
        2126.5714285714284,
        2146.9523809523807,
        2131.6666666666665
    ],
    "opt": 2244,