{
    "agg": 2121,
    "iters": [
        1,
        2,
        3,
        4,
        5,
        6,
        7,
        8,
        9,
        10,
        11,
        12,
        13,
        14,
        15,
        16,
        17,
        18,
        19,
        20,
        21,
        22,
        23,
        24,
        25,
        26,
        27,
        28,
        29,
        30,
        31,
        32,
        33,
        34,
        35,
        36,
        37,
        38,
        39,
        40,
        41,
        42,
        43,
        44,
        45,
        46,
        47,
        48,
        49,
        50,
        51,
        52,
        53,
        54,
        55,
        56,
        57,
        58,
        59,
        60,
        61,
        62,
        63,
        64,
        65,
        66,
        67,
        68,
        69,
        70,
        71,
        72,
        73,
        74,
        75,
        76,
        77,
        78,
        79,
        80,
        81,
        82,
        83,
        84,
        85,
        86,
        87,
        88,
        89,
        90,
        91,
        92,
        93,
        94,
        95,
        96,
        97,
        98,
        99,
        100,
        101,
        102,
        103,
        104,
        105,
        106,
        107,
        108,
        109,
        110,
        111,
        112,
        113,
        114,
        115,
        116
    ],
    "means": [
        2173.530612244898,
        2119.530612244898,
        2138.9795918367345,
        2155.3061224489797,
        2148.816326530612,
        2148.7755102040815,
        2123.714285714286,
        2127.3673469387754,
        2162.530612244898,
        2145.0,
        2126.8571428571427,
        2174.4489795918366,
        2160.204081632653,
        2151.918367346939,
        2157.081632653061,
        2163.7755102040815,
        2172.4285714285716,
        2152.591836734694,
        2171.7755102040815,
        2142.3061224489797,
        2163.285714285714,
        2143.795918367347,
        2137.6530612244896,
        2143.1020408163267,
        2150.0204081632655,
        2142.6530612244896,
        2144.0,
        2172.6326530612246,
        2154.5102040816328,
        2149.591836734694,
        2145.6938775510203,
        2151.8979591836733,
        2137.530612244898,
        2160.122448979592,
        2156.6938775510203,
        2162.6326530612246,
        2141.5102040816328,
        2133.591836734694,
        2168.5510204081634,
        2164.4897959183672,
        2170.734693877551,
        2155.1020408163267,
        2157.1428571428573,
        2123.3469387755104,
        2155.469387755102,
        2153.877551020408,
        2148.7551020408164,
        2160.469387755102,
        2175.938775510204,
        2152.122448979592,
        2154.2448979591836,
        2164.0,
        2155.5510204081634,
        2148.469387755102,
        2156.7551020408164,
        2152.183673469388,
        2141.9591836734694,
        2142.3061224489797,
        2161.5714285714284,
        2145.061224489796,
        2144.5714285714284,
        2139.7755102040815,
        2157.0204081632655,
        2145.2448979591836,
        2159.8979591836733,
        2138.326530612245,
        2123.530612244898,
        2154.530612244898,
        2168.387755102041,
        2142.734693877551,
        2165.673469387755,
        2137.2244897959185,
        2154.6530612244896,
        2153.9795918367345,
        2159.2244897959185,
        2138.4285714285716,
        2125.8979591836733,
        2146.387755102041,
        2153.122448979592,
        2135.122448979592,
        2170.285714285714,
        2144.3061224489797,
        2144.8571428571427,
        2129.0,
        2147.3469387755104,
        2151.4285714285716,
        2173.4489795918366,
        2160.285714285714,
        2148.7755102040815,
        2142.183673469388,
        2150.326530612245,
        2141.612244897959,
        2145.714285714286,
        2179.326530612245,
        2132.265306122449,
        2142.8979591836733,
        2160.673469387755,
        2156.877551020408,
        2149.5102040816328,
        2135.9795918367345,
        2145.612244897959,
        2136.877551020408,
        2144.918367346939,
        2176.734693877551,
        2136.8979591836733,
        2154.8367346938776,
        2147.6938775510203,
        2143.2448979591836,
        2157.3469387755104,
        2162.4285714285716,
        2152.5714285714284,
        2145.7755102040815,
        2145.0,
        2154.061224489796,
        2163.734693877551,
        2152.4489795918366
    ],
    "opt": 2284,
    "stdevs": [
        79.29616457276913,
        89.47810176542372,
        90.88577486770298,
        83.55181798767894,
        75.5952361822119,
        84.93917759223841,
        97.48155241492869,
        76.85148515489006,
        82.76055997502831,
        89.09018590445187,
        76.4332441829243,
        78.94148213075039,
        90.0865750472757,
        87.02869260255468,
        82.92210181105527,
        81.72184413247881,
        85.99572841788392,
        85.56938188998778,
        80.44677929046681,
        90.96135175741414,
        80.13687270755541,
        87.18827378369807,
        92.81879450347265,
        87.02738131114761,
        85.01248162762022,
        90.55239796020417,
        87.02075755185058,
        77.67243985719406,
        80.96462378125389,
        80.64280485063392,
        86.7076260284827,
        89.78665072769054,
        88.6202865338374,
        86.2454098519632,
        77.73298201618064,
        87.656261375143,
        89.03911601982021,
        84.79793951273814,
        80.87810460860972,
        78.50571861374426,
        84.02763770555303,
        86.96380783628376,
        86.42514751187284,
        95.17986217734449,
        81.93827991819018,
        87.72443697728752,
        84.82503736377072,
        83.00875342108877,
        85.47428498922346,
        88.19080257775536,
        92.48420286779589,
        97.88435492342742,
        79.02519908735125,
        83.99103500284805,
        90.35316888206192,
        90.38165640812882,
        77.65122419989123,
        84.76069653324784,
        80.71163080336547,
        76.69004888837028,
        96.85461437913328,
        80.03475400867731,
        79.16902347120634,
        79.69957125131006,
        91.96411121158683,
        84.28241827819424,
        92.72630387456086,
        86.20504792284648,
        84.40398876504729,
        87.0971251218898,
        90.28941849433399,
        82.78747448051632,
        85.78867034764357,
        93.40530286827956,
        79.9186487664679,
        94.43797230057885,
        93.41792095213178,
        90.94241648080722,
        85.44950356385122,
        84.57761383102172,
        85.0709187942025,
        81.28614212331108,
        89.87565105778775,
        92.06984926053232,
        85.80841284582009,
        92.49114684605202,
        82.2033469760253,
        91.75544247885134,
        86.88610074281566,
        86.84461222332625,
        94.9655980149164,
        79.21781296450187,
        78.73126599323778,
        86.8398450245146,
        85.17874974769093,
        95.80065290944465,
        89.90684243445978,
        92.215725927242,
        85.52458113027723,
        84.84186726286575,
        89.65234812056994,
        87.93658026728433,
        90.05187546567514,
        88.45632509547345,
        84.85503722687207,
        88.30243645118365,
        80.46781688571123,
        84.11642335507861,
        86.90941824926009,
        79.60130241986481,
        87.32743917379611,
        92.24264039137402,
        82.4918054062564,
        81.08861571454175,
        88.87730031127506,
        84.32857535502272
    ]
}