{
    "agg": 2257,
    "iters": [
        1,
        2,
        3,
        4,
        5,
        6,
        7,
        8,
        9,
        10,
        11,
        12,
        13,
        14,
        15,
        16,
        17,
        18,
        19,
        20,
        21,
        22,
        23,
        24,
        25,
        26,
        27,
        28,
        29,
        30,
        31,
        32,
        33,
        34,
        35,
        36,
        37,
        38,
        39,
        40,
        41,
        42,
        43,
        44,
        45,
        46,
        47,
        48,
        49,
        50,
        51,
        52,
        53,
        54,
        55,
        56,
        57,
        58,
        59,
        60,
        61,
        62,
        63,
        64,
        65,
        66,
        67,
        68,
        69,
        70,
        71,
        72,
        73,
        74,
        75,
        76,
        77,
        78,
        79,
        80,
        81,
        82,
        83,
        84,
        85,
        86,
        87,
        88,
        89,
        90,
        91,
        92,
        93,
        94,
        95,
        96,
        97,
        98,
        99,
        100,
        101,
        102,
        103,
        104,
        105,
        106,
        107,
        108,
        109,
        110,
        111,
        112,
        113,
        114,
        115,
        116,
        117,
        118,
        119,
        120
    ],
    "means": [
        2165.2608695652175,
        2136.086956521739,
        2151.3260869565215,
        2142.217391304348,
        2142.304347826087,
        2148.282608695652,
        2143.9565217391305,
        2110.5434782608695,
        2153.304347826087,
        2144.608695652174,
        2125.413043478261,
        2146.6739130434785,
        2142.2608695652175,
        2159.6739130434785,
        2158.6304347826085,
        2161.413043478261,
        2163.978260869565,
        2131.7608695652175,
        2160.7391304347825,
        2177.6521739130435,
        2158.0652173913045,
        2152.521739130435,
        2131.9565217391305,
        2165.891304347826,
        2152.913043478261,
        2164.6521739130435,
        2168.2608695652175,
        2131.913043478261,
        2144.2608695652175,
        2147.9565217391305,
        2159.1304347826085,
        2157.2391304347825,
        2163.5652173913045,
        2163.1521739130435,
        2175.804347826087,
        2130.108695652174,
        2161.8260869565215,
        2147.913043478261,
        2155.2608695652175,
        2155.413043478261,
        2175.108695652174,
        2128.7608695652175,
        2150.6521739130435,
        2134.1304347826085,
        2143.891304347826,
        2150.8260869565215,
        2136.021739130435,
        2143.6739130434785,
        2158.1304347826085,
        2155.021739130435,
        2160.2608695652175,
        2152.217391304348,
        2154.2391304347825,
        2148.4565217391305,
        2159.6739130434785,
        2150.913043478261,
        2148.8695652173915,
        2165.717391304348,
        2132.5434782608695,
        2149.4565217391305,
        2160.0434782608695,
        2137.8478260869565,
        2144.304347826087,
        2119.7391304347825,
        2145.7391304347825,
        2151.8260869565215,
        2131.8260869565215,
        2158.0434782608695,
        2136.5652173913045,
        2163.1739130434785,
        2165.6739130434785,
        2136.8260869565215,
        2137.086956521739,
        2142.695652173913,
        2160.3478260869565,
        2160.717391304348,
        2123.521739130435,
        2144.304347826087,
        2173.5434782608695,
        2138.3695652173915,
        2139.108695652174,
        2166.1739130434785,
        2145.086956521739,
        2136.7391304347825,
        2144.521739130435,
        2141.9565217391305,
        2154.413043478261,
        2132.021739130435,
        2157.282608695652,
        2169.1739130434785,
        2161.717391304348,
        2138.0434782608695,
        2142.608695652174,
        2159.021739130435,
        2150.0,
        2156.9565217391305,
        2131.717391304348,
        2148.1304347826085,
        2148.5652173913045,
        2161.3478260869565,
        2159.8695652173915,
        2159.195652173913,
        2159.978260869565,
        2137.195652173913,
        2158.8260869565215,
        2146.782608695652,
        2138.2391304347825,
        2124.804347826087,
        2156.8478260869565,
        2145.717391304348,
        2164.521739130435,
        2164.0,
        2138.8260869565215,
        2133.4347826086955,
        2151.6521739130435,
        2142.8695652173915,
        2129.782608695652,
        2147.978260869565,
        2166.0,
        2140.217391304348
    ],
    "opt": 2262,