{
    "agg": 2129,
    "iters": [
        1,
        2,
        3,
        4,
        5,
        6,
        7,
        8,
        9,
        10,
        11,
        12,
        13,
        14,
        15,
        16,
        17,
        18,
        19,
        20,
        21,
        22,
        23,
        24,
        25,
        26,
        27,
        28,
        29,
        30,
        31,
        32,
        33,
        34,
        35,
        36,
        37,
        38,
        39,
        40,
        41,
        42,
        43,
        44,
        45,
        46,
        47,
        48,
        49,
        50,
        51,
        52,
        53,
        54,
        55,
        56,
        57,
        58,
        59,
        60,
        61,
        62,
        63,
        64,
        65,
        66,
        67,
        68,
        69,
        70,
        71,
        72,
        73,
        74,
        75,
        76,
        77,
        78,
        79,
        80,
        81,
        82,
        83,
        84,
        85,
        86,
        87,
        88,
        89,
        90,
        91,
        92,
        93,
        94,
        95,
        96,
        97,
        98,
        99,
        100,
        101,
        102,
        103,
        104,
        105,
        106,
        107,
        108,
        109,
        110,
        111,
        112,
        113,
        114,
        115,
        116,
        117,
        118,
        119,
        120,
        121,
        122,
        123,
        124,
        125,
        126,
        127,
        128,
        129,
        130,
        131,
        132,
        133,
        134,
        135,
        136,
        137,
        138,
        139,
        140,
        141,
        142,
        143,
        144,
        145,
        146,
        147,
        148
    ],
    "means": [
        2150.8636363636365,
        2159.8636363636365,
        2149.659090909091,
        2122.25,
        2129.5454545454545,
        2138.840909090909,
        2136.7045454545455,
        2159.159090909091,
        2120.568181818182,
        2148.090909090909,
        2177.931818181818,
        2162.431818181818,
        2178.9772727272725,
        2150.409090909091,
        2154.7954545454545,
        2140.568181818182,
        2146.840909090909,
        2156.840909090909,
        2124.4772727272725,
        2155.25,
        2139.568181818182,
        2142.681818181818,
        2155.4772727272725,
        2148.5454545454545,
        2146.568181818182,
        2125.2272727272725,
        2152.7045454545455,
        2163.568181818182,
        2157.7727272727275,
        2147.0227272727275,
        2134.340909090909,
        2121.9772727272725,
        2164.159090909091,
        2148.909090909091,
        2130.409090909091,
        2151.7727272727275,
        2153.9772727272725,
        2154.318181818182,
        2134.7272727272725,
        2156.5227272727275,
        2140.25,
        2165.5227272727275,
        2161.1363636363635,
        2144.068181818182,
        2157.0227272727275,
        2143.840909090909,
        2160.0454545454545,
        2140.8863636363635,
        2154.2954545454545,
        2141.0454545454545,
        2150.840909090909,
        2136.909090909091,
        2144.159090909091,
        2141.0454545454545,
        2144.409090909091,
        2158.7954545454545,
        2140.431818181818,
        2152.090909090909,
        2176.6136363636365,
        2147.2272727272725,
        2167.5,
        2141.659090909091,
        2135.25,
        2139.7045454545455,
        2158.6363636363635,
        2137.6363636363635,
        2162.590909090909,
        2151.75,
        2124.8863636363635,
        2153.7045454545455,
        2145.159090909091,
        2166.7954545454545,
        2134.6363636363635,
        2153.75,
        2150.409090909091,
        2144.909090909091,
        2161.75,
        2157.818181818182,
        2182.3863636363635,
        2156.5454545454545,
        2166.431818181818,
        2126.409090909091,
        2157.340909090909,
        2154.7727272727275,
        2163.0227272727275,
        2125.8863636363635,
        2149.7954545454545,
        2151.75,
        2145.0,
        2149.590909090909,
        2154.2045454545455,
        2119.3636363636365,
        2157.840909090909,
        2146.0,
        2147.590909090909,
        2148.8636363636365,
        2134.3863636363635,
        2141.318181818182,
        2163.340909090909,
        2158.681818181818,
        2132.909090909091,
        2156.931818181818,
        2157.318181818182,
        2165.3863636363635,
        2153.659090909091,
        2157.931818181818,
        2157.681818181818,
        2153.0,
        2153.25,
        2160.8863636363635,
        2150.7045454545455,
        2147.7954545454545,
        2172.5227272727275,
        2141.568181818182,
        2146.840909090909,
        2159.9545454545455,
        2169.0454545454545,
        2163.4545454545455,
        2153.3863636363635,
        2153.5227272727275,
        2148.590909090909,
        2130.25,
        2165.5454545454545,
        2150.5454545454545,
        2179.3863636363635,
        2148.431818181818,
        2137.5454545454545,
        2145.181818181818,
        2145.181818181818,
        2137.5454545454545,
        2161.840909090909,
        2127.2727272727275,
        2148.409090909091,
        2143.068181818182,
        2131.6363636363635,
        2147.3636363636365,
        2160.068181818182,
        2139.340909090909,
        2139.5,
        2148.7045454545455,
        2141.2727272727275,
        2176.25,
        2161.2954545454545,
        2137.2045454545455,
        2151.159090909091,
        2141.590909090909,
        2125.5454545454545,
        2145.7954545454545
    ],
    "opt": 2216,