{
    "agg": 2228,
    "iters": [
        1,
        2,
        3,
        4,
        5,
        6,
        7,
        8,
        9,
        10,
        11,
        12,
        13,
        14,
        15,
        16,
        17,
        18,
        19,
        20,
        21,
        22,
        23,
        24,
        25,
        26,
        27,
        28,
        29,
        30,
        31,
        32,
        33,
        34,
        35,
        36,
        37,
        38,
        39,
        40,
        41,
        42,
        43,
        44,
        45,
        46,
        47,
        48,
        49,
        50,
        51,
        52,
        53,
        54,
        55,
        56,
        57,
        58,
        59,
        60,
        61,
        62,
        63,
        64,
        65,
        66,
        67,
        68,
        69,
        70,
        71,
        72,
        73,
        74,
        75,
        76,
        77,
        78,
        79,
        80,
        81,
        82,
        83,
        84,
        85,
        86,
        87,
        88,
        89,
        90,
        91,
        92,
        93,
        94,
        95,
        96,
        97,
        98,
        99,
        100,
        101,
        102,
        103,
        104,
        105,
        106,
        107,
        108,
        109,
        110,
        111,
        112,
        113,
        114,
        115,
        116,
        117,
        118,
        119
    ],
    "means": [
        2143.877551020408,
        2146.4489795918366,
        2155.7755102040815,
        2127.591836734694,
        2139.4897959183672,
        2146.4897959183672,
        2155.5102040816328,
        2150.5510204081634,
        2157.265306122449,
        2157.0,
        2163.0,
        2158.1020408163267,
        2153.1632653061224,
        2142.4897959183672,
        2156.9795918367345,
        2140.7551020408164,
        2134.1428571428573,
        2149.714285714286,
        2149.469387755102,
        2143.673469387755,
        2132.877551020408,
        2130.2244897959185,
        2136.7755102040815,
        2145.734693877551,
        2157.408163265306,
        2146.938775510204,
        2152.122448979592,
        2150.9795918367345,
        2185.204081632653,
        2155.4489795918366,
        2147.0,
        2144.612244897959,
        2150.591836734694,
        2153.530612244898,
        2157.3469387755104,
        2145.469387755102,
        2159.3469387755104,
        2133.1632653061224,
        2144.1020408163267,
        2154.8571428571427,
        2155.734693877551,
        2119.7551020408164,
        2137.938775510204,
        2161.877551020408,
        2162.591836734694,
        2149.3469387755104,
        2142.469387755102,
        2151.5510204081634,
        2157.530612244898,
        2150.9795918367345,
        2145.6530612244896,
        2118.714285714286,
        2129.0408163265306,
        2173.530612244898,
        2139.877551020408,
        2163.3673469387754,
        2166.4489795918366,
        2134.3469387755104,
        2140.0408163265306,
        2155.1632653061224,
        2158.387755102041,
        2157.2448979591836,
        2163.877551020408,
        2155.9795918367345,
        2158.877551020408,
        2171.4285714285716,
        2159.6530612244896,
        2140.612244897959,
        2142.795918367347,
        2158.7755102040815,
        2149.591836734694,
        2131.612244897959,
        2157.8979591836733,
        2145.6938775510203,
        2174.938775510204,
        2164.3469387755104,
        2158.9591836734694,
        2155.3469387755104,
        2181.1020408163267,
        2134.3469387755104,
        2156.9795918367345,
        2156.469387755102,
        2176.4489795918366,
        2150.9591836734694,
        2136.2244897959185,
        2162.5714285714284,
        2156.530612244898,
        2176.714285714286,
        2145.734693877551,
        2150.816326530612,
        2157.6938775510203,
        2131.734693877551,
        2158.387755102041,
        2158.5102040816328,
        2137.5714285714284,
        2147.204081632653,
        2128.938775510204,
        2150.7551020408164,
        2143.081632653061,
        2153.877551020408,
        2155.673469387755,
        2157.3061224489797,
        2137.673469387755,
        2141.612244897959,
        2137.8367346938776,
        2158.5102040816328,
        2163.5714285714284,
        2124.612244897959,
        2137.7551020408164,
        2152.8367346938776,
        2152.4285714285716,
        2162.591836734694,
        2134.3673469387754,
        2145.3061224489797,
        2165.061224489796,
        2158.0,
        2155.6326530612246,
        2142.204081632653,
        2166.734693877551
    ],
    "opt": 2240,
    "stdevs": [
        72.19153454047519,
        81.26400946084709,
        84.39732690082666,
        99.81532301641518,
        84.02189278578106,
        87.84288442928266,
        91.50646736349353,
        87.07867923039363,
        91.838761882388,
        83.47185765518917,
        78.63633682584505,
        94.41662878833068,
        81.30751576545688,
        94.17571991977195,
        81.7768216739848,
        80.15916070791755,
        87.61418205952266,
        84.8698884126972,
        75.03688944230149,
        85.65435708686013,
        81.11157159779191,
        76.94028039452853,
        87.88542292960308,
        84.11114500886436,
        86.03082465316695,
        94.8055815465428,
        89.05894233780812,
        95.09189750584417,
        76.22950834502312,
        86.10649818434734,
        74.75046924977276,
        87.3930404753826,
        82.50662765396781,
        78.36156441251141,
        78.04225726617814,
        88.24712564916457,
        81.89678696456107,
        79.96130363578182,
        91.17246382049996,
        88.67666559139536,
        84.2083847466568,
        80.46206625871747,
        90.43396692620992,
        82.58369475205416,
        78.91765751753519,
        81.09972470835991,
        83.65456232378685,
        86.52404672820194,
        79.5577320966344,
        91.40457046490738,
        87.93818585486758,
        86.98791846678292,
        87.72939822898208,
        84.3360871365438,
        83.04182193281206,
        91.81229606805287,
        90.46322090050442,
        85.66440239427156,
        88.1848613005595,
        81.45071050886543,
        83.56857536680869,
        95.13417605446014,
        90.00399824521658,
        88.27288159068559,
        90.80246167953666,
        79.73450844355092,
        90.7887323361238,
        83.40161411997717,
        85.1205578640987,
        89.05564994993298,
        91.68533552148692,
        75.76866411853499,
        87.93695443338223,
        84.81124397963256,
        85.11274831088018,
        89.00711987581717,
        74.41196940795443,
        90.77681782203102,
        78.1989208386207,
        84.51024597232204,
        85.84691876274822,
        86.73678268793309,
        87.5158437491294,
        89.81726555162066,
        87.88913826372229,
        91.11195176870069,
        76.18160419676461,
        81.21978244999484,
        88.20425634373427,
        89.9754328078204,
        95.12767019109111,
        87.94102279489597,
        83.09075842581268,
        91.68204205105943,
        85.10185973650779,
        92.70162352272175,
        84.17290469156278,
        83.30532251713251,
        86.49804450654878,
        89.28711602398215,
        92.27009769573063,
        90.98916824559846,
        86.66647016712203,
        78.99052289487221,
        83.98404779013289,
        79.8843864719456,
        87.33304772243893,
        90.35391102668204,
        87.0893349950931,
        89.73529029334922,
        93.95157241464176,
        79.8621052297549,
        88.08268237160806,
        82.11892920602527,
        89.4813646459909,
        89.95962813327738,
        85.99304525214103,
        83.76667780132436,
        90.59142985780608
    ]
}