{
    "agg": 2199,
    "iters": [
        1,
        2,
        3,
        4,
        5,
        6,
        7,
        8,
        9,
        10,
        11,
        12,
        13,
        14,
        15,
        16,
        17,
        18,
        19,
        20,
        21,
        22,
        23,
        24,
        25,
        26,
        27,
        28,
        29,
        30,
        31,
        32,
        33,
        34,
        35,
        36,
        37,
        38,
        39,
        40,
        41,
        42,
        43,
        44,
        45,
        46,
        47,
        48,
        49,
        50,
        51,
        52,
        53,
        54,
        55,
        56,
        57,
        58,
        59,
        60,
        61,
        62,
        63,
        64,
        65,
        66,
        67,
        68,
        69,
        70,
        71,
        72,
        73,
        74,
        75,
        76,
        77,
        78,
        79,
        80,
        81,
        82,
        83,
        84,
        85,
        86,
        87,
        88,
        89,
        90,
        91,
        92,
        93,
        94,
        95,
        96,
        97,
        98,
        99,
        100,
        101,
        102,
        103,
        104,
        105,
        106,
        107,
        108,
        109,
        110,
        111,
        112,
        113,
        114,
        115,
        116,
        117,
        118,
        119,
        120,
        121,
        122,
        123,
        124,
        125,
        126,
        127,
        128,
        129,
        130,
        131,
        132,
        133,
        134,
        135
    ],
    "means": [
        2146.684210526316,
        2152.0263157894738,
        2165.7368421052633,
        2152.2894736842104,
        2124.7894736842104,
        2144.2894736842104,
        2148.5,
        2145.7894736842104,
        2151.8684210526317,
        2140.6315789473683,
        2149.6315789473683,
        2148.7105263157896,
        2151.6052631578946,
        2155.7368421052633,
        2143.7894736842104,
        2189.9736842105262,
        2155.2631578947367,
        2151.5789473684213,
        2143.5526315789475,
        2177.2368421052633,
        2124.5526315789475,
        2144.9736842105262,
        2155.6052631578946,
        2147.4473684210525,
        2123.7631578947367,
        2148.3947368421054,
        2138.684210526316,
        2165.315789473684,
        2155.7631578947367,
        2160.5263157894738,
        2137.4210526315787,
        2142.5789473684213,
        2153.2368421052633,
        2149.9473684210525,
        2164.8684210526317,
        2163.9736842105262,
        2148.157894736842,
        2148.3684210526317,
        2136.7105263157896,
        2143.4736842105262,
        2158.9736842105262,
        2149.4736842105262,
        2158.7894736842104,
        2166.7631578947367,
        2144.0526315789475,
        2140.3947368421054,
        2134.0526315789475,
        2155.6315789473683,
        2123.2894736842104,
        2160.6315789473683,
        2139.9473684210525,
        2175.0263157894738,
        2159.3684210526317,
        2151.815789473684,
        2161.6315789473683,
        2169.7105263157896,
        2135.5263157894738,
        2135.4210526315787,
        2157.2631578947367,
        2153.842105263158,
        2133.4736842105262,
        2149.7631578947367,
        2141.157894736842,
        2148.6315789473683,
        2137.1315789473683,
        2135.184210526316,
        2147.1052631578946,
        2171.3947368421054,
        2141.842105263158,
        2130.9473684210525,
        2164.0526315789475,
        2140.4210526315787,
        2154.0526315789475,
        2156.9473684210525,
        2120.9210526315787,
        2151.0526315789475,
        2155.6315789473683,
        2147.657894736842,
        2146.5263157894738,
        2155.315789473684,
        2143.3684210526317,
        2148.157894736842,
        2178.5263157894738,
        2152.9736842105262,
        2164.8684210526317,
        2140.9736842105262,
        2166.9736842105262,
        2149.7894736842104,
        2140.2105263157896,
        2164.4473684210525,
        2147.184210526316,
        2153.657894736842,
        2149.315789473684,
        2135.7105263157896,
        2156.4736842105262,
        2156.2105263157896,
        2156.3947368421054,
        2156.2894736842104,
        2128.4210526315787,
        2155.7368421052633,
        2147.0526315789475,
        2148.0526315789475,
        2154.342105263158,
        2149.315789473684,
        2161.5526315789475,
        2146.3947368421054,
        2160.7105263157896,
        2145.9736842105262,
        2131.657894736842,
        2154.9210526315787,
        2144.7894736842104,
        2144.5526315789475,
        2118.4210526315787,
        2132.2894736842104,
        2152.6052631578946,
        2143.9473684210525,
        2173.815789473684,
        2150.2631578947367,
        2155.184210526316,
        2148.4210526315787,
        2156.0,
        2144.9473684210525,
        2170.684210526316,
        2145.1315789473683,
        2151.342105263158,
        2168.8684210526317,
        2154.184210526316,
        2151.184210526316,
        2155.842105263158,
        2134.0,
        2137.657894736842,
        2156.0789473684213,
        2150.342105263158,
        2158.0,
        2129.184210526316
    ],
    "opt": 2203,