{
    "agg": 2177,
    "iters": [
        1,
        2,
        3,
        4,
        5,
        6,
        7,
        8,
        9,
        10,
        11,
        12,
        13,
        14,
        15,
        16,
        17,
        18,
        19,
        20,
        21,
        22,
        23,
        24,
        25,
        26,
        27,
        28,
        29,
        30,
        31,
        32,
        33,
        34,
        35,
        36,
        37,
        38,
        39,
        40,
        41,
        42,
        43,
        44,
        45,
        46,
        47,
        48,
        49,
        50,
        51,
        52,
        53,
        54,
        55,
        56,
        57,
        58,
        59,
        60,
        61,
        62,
        63,
        64,
        65,
        66,
        67,
        68,
        69,
        70,
        71,
        72,
        73,
        74,
        75,
        76,
        77,
        78,
        79,
        80,
        81,
        82,
        83,
        84,
        85,
        86,
        87,
        88,
        89,
        90,
        91,
        92,
        93,
        94,
        95,
        96,
        97,
        98,
        99,
        100,
        101,
        102,
        103,
        104,
        105,
        106,
        107,
        108,
        109,
        110,
        111,
        112,
        113,
        114,
        115,
        116,
        117,
        118,
        119,
        120,
        121,
        122,
        123,
        124,
        125,
        126,
        127,
        128,
        129,
        130,
        131,
        132,
        133,
        134,
        135
    ],
    "means": [
        2154.5384615384614,
        2189.3846153846152,
        2175.846153846154,
        2182.5384615384614,
        2125.923076923077,
        2149.769230769231,
        2170.846153846154,
        2152.769230769231,
        2131.6923076923076,
        2139.846153846154,
        2168.230769230769,
        2149.846153846154,
        2120.153846153846,
        2168.153846153846,
        2160.3076923076924,
        2175.4615384615386,
        2150.5384615384614,
        2181.769230769231,
        2144.153846153846,
        2157.923076923077,
        2157.3076923076924,
        2125.846153846154,
        2122.6923076923076,
        2143.5384615384614,
        2140.6923076923076,
        2165.769230769231,
        2165.5384615384614,
        2145.769230769231,
        2151.076923076923,
        2145.6153846153848,
        2151.3846153846152,
        2148.3076923076924,
        2130.846153846154,
        2131.0,
        2151.3076923076924,
        2125.230769230769,
        2131.3076923076924,
        2193.153846153846,
        2156.076923076923,
        2139.923076923077,
        2140.6153846153848,
        2137.0,
        2191.6153846153848,
        2207.769230769231,
        2176.769230769231,
        2167.0,
        2185.6923076923076,
        2121.6153846153848,
        2167.4615384615386,
        2127.4615384615386,
        2144.153846153846,
        2157.3076923076924,
        2111.076923076923,
        2144.230769230769,
        2148.3076923076924,
        2134.6923076923076,
        2180.923076923077,
        2092.6923076923076,
        2153.0,
        2139.846153846154,
        2195.769230769231,
        2163.076923076923,
        2122.0,
        2207.846153846154,
        2147.769230769231,
        2110.0,
        2145.769230769231,
        2164.0,
        2155.4615384615386,
        2120.923076923077,
        2102.3076923076924,
        2147.076923076923,
        2150.4615384615386,
        2145.769230769231,
        2144.3846153846152,
        2175.6153846153848,
        2125.076923076923,
        2199.6923076923076,
        2135.769230769231,
        2135.3846153846152,
        2166.6923076923076,
        2120.076923076923,
        2129.923076923077,
        2167.3846153846152,
        2137.3076923076924,
        2181.5384615384614,
        2168.230769230769,
        2163.3076923076924,
        2148.3076923076924,
        2166.230769230769,
        2166.769230769231,
        2186.5384615384614,
        2155.230769230769,
        2138.230769230769,
        2108.769230769231,
        2141.5384615384614,
        2151.0,
        2191.923076923077,
        2146.846153846154,
        2190.3076923076924,
        2167.6153846153848,
        2168.769230769231,
        2183.846153846154,
        2131.6923076923076,
        2155.923076923077,
        2152.769230769231,
        2133.4615384615386,
        2166.769230769231,
        2140.6923076923076,
        2201.0,
        2168.5384615384614,
        2149.076923076923,
        2151.3076923076924,
        2181.4615384615386,
        2181.153846153846,
        2145.3076923076924,
        2145.3076923076924,
        2154.076923076923,
        2124.769230769231,
        2142.6923076923076,
        2161.0,
        2182.769230769231,
        2132.5384615384614,
        2172.6923076923076,
        2155.076923076923,
        2132.769230769231,
        2137.3846153846152,
        2140.769230769231,
        2157.4615384615386,
        2135.230769230769,
        2177.923076923077,
        2121.4615384615386,
        2125.3846153846152,
        2140.230769230769,
        2170.5384615384614
    ],
    "opt": 2268,