{
    "agg": 2130,
    "iters": [
        1,
        2,
        3,
        4,
        5,
        6,
        7,
        8,
        9,
        10,
        11,
        12,
        13,
        14,
        15,
        16,
        17,
        18,
        19,
        20,
        21,
        22,
        23,
        24,
        25,
        26,
        27,
        28,
        29,
        30,
        31,
        32,
        33,
        34,
        35,
        36,
        37,
        38,
        39,
        40,
        41,
        42,
        43,
        44,
        45,
        46,
        47,
        48,
        49,
        50,
        51,
        52,
        53,
        54,
        55,
        56,
        57,
        58,
        59,
        60,
        61,
        62,
        63,
        64,
        65,
        66,
        67,
        68,
        69,
        70,
        71,
        72,
        73,
        74,
        75,
        76,
        77,
        78,
        79,
        80,
        81,
        82,
        83,
        84,
        85,
        86,
        87,
        88,
        89,
        90,
        91,
        92,
        93,
        94,
        95,
        96,
        97,
        98,
        99,
        100,
        101,
        102,
        103,
        104,
        105,
        106,
        107,
        108,
        109,
        110,
        111,
        112,
        113,
        114,
        115,
        116,
        117,
        118,
        119,
        120,
        121,
        122,
        123
    ],
    "means": [
        2118.108108108108,
        2156.891891891892,
        2128.5135135135133,
        2151.675675675676,
        2149.864864864865,
        2112.2702702702704,
        2154.9189189189187,
        2136.6486486486488,
        2129.4324324324325,
        2149.5135135135133,
        2173.837837837838,
        2134.9189189189187,
        2138.891891891892,
        2150.7297297297296,
        2163.324324324324,
        2132.7297297297296,
        2140.7027027027025,
        2163.945945945946,
        2148.5675675675675,
        2137.2702702702704,
        2148.6216216216217,
        2139.4324324324325,
        2146.945945945946,
        2154.5135135135133,
        2141.5675675675675,
        2173.5135135135133,
        2137.3783783783783,
        2143.4324324324325,
        2147.054054054054,
        2112.0,
        2149.4594594594596,
        2175.7027027027025,
        2150.675675675676,
        2154.027027027027,
        2163.027027027027,
        2145.5405405405404,
        2159.891891891892,
        2170.3783783783783,
        2124.3513513513512,
        2153.864864864865,
        2155.4324324324325,
        2143.4054054054054,
        2133.972972972973,
        2153.5405405405404,
        2152.027027027027,
        2130.6486486486488,
        2163.4864864864867,
        2161.108108108108,
        2114.4054054054054,
        2155.5945945945946,
        2122.6486486486488,
        2164.108108108108,
        2154.027027027027,
        2161.5135135135133,
        2160.4864864864867,
        2149.135135135135,
        2156.837837837838,
        2143.4594594594596,
        2168.5945945945946,
        2169.7027027027025,
        2153.945945945946,
        2147.324324324324,
        2127.5945945945946,
        2158.7027027027025,
        2143.2972972972975,
        2134.5135135135133,
        2137.0810810810813,
        2145.675675675676,
        2151.3783783783783,
        2157.2972972972975,
        2132.0,
        2132.7567567567567,
        2135.864864864865,
        2137.4594594594596,
        2133.135135135135,
        2147.864864864865,
        2122.324324324324,
        2155.3513513513512,
        2165.864864864865,
        2152.4594594594596,
        2155.5135135135133,
        2134.135135135135,
        2127.4054054054054,
        2172.2432432432433,
        2130.2702702702704,
        2147.3783783783783,
        2155.2432432432433,
        2143.945945945946,
        2138.162162162162,
        2169.2972972972975,
        2139.189189189189,
        2157.0,
        2151.135135135135,
        2159.4054054054054,
        2162.5135135135133,
        2133.6486486486488,
        2159.3783783783783,
        2137.2972972972975,
        2160.4594594594596,
        2150.135135135135,
        2140.189189189189,
        2163.135135135135,
        2168.864864864865,
        2142.6486486486488,
        2149.7567567567567,
        2157.2162162162163,
        2135.891891891892,
        2141.4864864864867,
        2153.837837837838,
        2168.891891891892,
        2176.027027027027,
        2155.6216216216217,
        2157.135135135135,
        2177.135135135135,
        2163.7837837837837,
        2139.7837837837837,
        2136.324324324324,
        2133.027027027027,
        2153.3513513513512,
        2147.4594594594596,
        2138.2162162162163,
        2163.027027027027,
        2118.4864864864867
    ],
    "opt": 2250,