{
    "agg": 2157,
    "iters": [
        1,
        2,
        3,
        4,
        5,
        6,
        7,
        8,
        9,
        10,
        11,
        12,
        13,
        14,
        15,
        16,
        17,
        18,
        19,
        20,
        21,
        22,
        23,
        24,
        25,
        26,
        27,
        28,
        29,
        30,
        31,
        32,
        33,
        34,
        35,
        36,
        37,
        38,
        39,
        40,
        41,
        42,
        43,
        44,
        45,
        46,
        47,
        48,
        49,
        50,
        51,
        52,
        53,
        54,
        55,
        56,
        57,
        58,
        59,
        60,
        61,
        62,
        63,
        64,
        65,
        66,
        67,
        68,
        69,
        70,
        71,
        72,
        73,
        74,
        75,
        76,
        77,
        78,
        79,
        80,
        81,
        82,
        83,
        84,
        85,
        86,
        87,
        88,
        89,
        90,
        91,
        92,
        93,
        94,
        95,
        96,
        97,
        98,
        99,
        100,
        101,
        102,
        103,
        104,
        105,
        106,
        107,
        108,
        109,
        110,
        111,
        112,
        113,
        114,
        115,
        116,
        117,
        118,
        119,
        120,
        121
    ],
    "means": [
        2150.464285714286,
        2123.214285714286,
        2165.5714285714284,
        2132.1428571428573,
        2137.035714285714,
        2166.8214285714284,
        2154.785714285714,
        2153.214285714286,
        2143.964285714286,
        2109.285714285714,
        2141.0,
        2130.714285714286,
        2166.214285714286,
        2118.1428571428573,
        2155.1428571428573,
        2102.3928571428573,
        2136.964285714286,
        2156.785714285714,
        2160.5,
        2126.6071428571427,
        2159.785714285714,
        2142.25,
        2156.6428571428573,
        2138.8571428571427,
        2160.0,
        2160.1428571428573,
        2160.0714285714284,
        2179.464285714286,
        2168.8928571428573,
        2173.214285714286,
        2131.5,
        2138.8571428571427,
        2141.5,
        2167.75,
        2160.1428571428573,
        2134.8928571428573,
        2163.035714285714,
        2159.1428571428573,
        2127.714285714286,
        2153.0714285714284,
        2158.9285714285716,
        2130.6785714285716,
        2137.8214285714284,
        2173.6071428571427,
        2155.6428571428573,
        2157.1428571428573,
        2160.285714285714,
        2167.1071428571427,
        2119.535714285714,
        2155.8571428571427,
        2182.1785714285716,
        2151.25,
        2136.035714285714,
        2140.1071428571427,
        2151.714285714286,
        2163.1071428571427,
        2140.6071428571427,
        2123.4285714285716,
        2149.0714285714284,
        2170.214285714286,
        2134.8928571428573,
        2154.6428571428573,
        2153.214285714286,
        2153.3928571428573,
        2130.3214285714284,
        2161.3214285714284,
        2138.1428571428573,
        2168.9285714285716,
        2146.8928571428573,
        2151.8928571428573,
        2142.3214285714284,
        2155.0714285714284,
        2162.1071428571427,
        2113.3928571428573,
        2155.4285714285716,
        2151.6428571428573,
        2168.785714285714,
        2150.964285714286,
        2179.214285714286,
        2197.9285714285716,
        2148.6428571428573,
        2146.964285714286,
        2162.714285714286,
        2154.964285714286,
        2155.6428571428573,
        2111.0714285714284,
        2124.75,
        2146.6071428571427,
        2133.464285714286,
        2149.3571428571427,
        2176.5,
        2134.5,
        2156.535714285714,
        2149.535714285714,
        2163.8214285714284,
        2149.75,
        2159.6785714285716,
        2159.3571428571427,
        2156.214285714286,
        2154.1428571428573,
        2154.4285714285716,
        2147.285714285714,
        2146.4285714285716,
        2141.0,
        2174.25,
        2170.535714285714,
        2143.214285714286,
        2169.0714285714284,
        2182.3214285714284,
        2176.1428571428573,
        2149.3214285714284,
        2151.535714285714,
        2170.6071428571427,
        2128.3571428571427,
        2159.535714285714,
        2106.3214285714284,
        2148.4285714285716,
        2163.4285714285716,
        2167.5,
        2146.535714285714,
        2142.285714285714
    ],
    "opt": 2227,
    "stdevs": [
        84.14591159869569,
        73.19560737349961,
        76.12603673768754,
        81.70623087173527,
        81.7170563341483,
        85.67924134794369,
        89.78957827803258,
        89.94258372621358,
        88.25226915045347,
        79.40531519761542,
        76.88488612390418,
        89.5751309328245,
        97.20573070366095,
        82.24993021521759,
        84.9923165795063,
        72.32680756010689,
        97.24985572624522,
        88.76830078631558,
        90.21660442671136,
        82.1328798288456,
        77.29736511072822,
        92.91417891181702,
        90.19233982587049,
        99.5373993911385,
        81.61232399932885,
        80.13948299492503,
        80.39586368687871,
        82.02503195578127,
        87.77094348591773,
        82.46053477827056,
        83.37244320346073,
        89.4158480223222,
        103.11072412010027,
        87.58776210994645,
        87.10900982009113,
        85.28035248759332,
        88.24579396810492,
        64.80339182355145,
        72.11045948644994,
        84.10577038613283,
        94.48201966943935,
        95.03647930115669,
        104.50839117760168,
        77.66564752915183,
        79.85800536206851,
        85.76201052318906,
        89.93086914118976,
        84.19210146432735,
        75.63704786811871,
        76.07830284164667,
        88.48246540232404,
        90.61244986991893,
        90.83441848568555,
        68.87428469201502,
        70.83071223641879,
        75.15143724778763,
        70.42084679457714,
        81.85240574675012,
        88.79749375944787,
        91.7723725711989,
        86.0777635487297,
        92.40099500303566,
        81.88073083230665,
        95.97817433656253,
        85.99088555166288,
        80.29323649306095,
        68.93356754654351,
        86.03775274819294,
        92.0036254276794,
        91.37690364861442,
        80.83274335292093,
        85.74335816486169,
        97.14214154148192,
        81.44469608518509,
        78.11549534020057,
        93.59457183806666,
        90.979729745091,
        79.50897619714624,
        88.84792671544257,
        91.81733752068699,
        77.15902608329404,
        91.34177660337696,
        87.8801363639528,
        86.18107272434224,
        93.15203175673713,
        83.93829730880917,
        83.35150397134844,
        101.86592704057983,
        83.73533225196482,
        81.60847920131228,
        66.35806550181265,
        95.56803859031533,
        90.5007822155845,
        89.74188468795904,
        80.2638744443372,
        97.80579335747814,
        81.61672341387104,
        80.23857919876656,
        82.40551175344365,
        78.86141292786728,
        73.5927153670935,
        94.53149782814538,
        89.42372191323915,
        83.5459668172472,
        87.16061733538672,
        92.36901232976084,
        90.6178621397322,
        88.02026088651755,
        92.19469057048651,
        76.80155982684684,
        68.79423437813281,
        84.50929033580405,
        78.73116068790874,
        89.88850803940969,
        79.89657696174524,
        61.42303754143332,
        86.54620094469303,
        87.47670243777914,
        67.66593361085452,
        82.60771416021333,
        88.85938214909199
    ]
}