{
    "agg": 2125,
    "iters": [
        1,
        2,
        3,
        4,
        5,
        6,
        7,
        8,
        9,
        10,
        11,
        12,
        13,
        14,
        15,
        16,
        17,
        18,
        19,
        20,
        21,
        22,
        23,
        24,
        25,
        26,
        27,
        28,
        29,
        30,
        31,
        32,
        33,
        34,
        35,
        36,
        37,
        38,
        39,
        40,
        41,
        42,
        43,
        44,
        45,
        46,
        47,
        48,
        49,
        50,
        51,
        52,
        53,
        54,
        55,
        56,
        57,
        58,
        59,
        60,
        61,
        62,
        63,
        64,
        65,
        66,
        67,
        68,
        69,
        70,
        71,
        72,
        73,
        74,
        75,
        76,
        77,
        78,
        79,
        80,
        81,
        82,
        83,
        84,
        85,
        86,
        87,
        88,
        89,
        90,
        91,
        92,
        93,
        94,
        95,
        96,
        97,
        98,
        99,
        100,
        101
    ],
    "means": [
        2136.1739130434785,
        2151.478260869565,
        2127.6304347826085,
        2140.5434782608695,
        2129.6304347826085,
        2136.086956521739,
        2153.4565217391305,
        2178.1304347826085,
        2159.717391304348,
        2160.4565217391305,
        2155.521739130435,
        2150.086956521739,
        2147.413043478261,
        2164.413043478261,
        2146.6739130434785,
        2130.891304347826,
        2156.304347826087,
        2156.4565217391305,
        2152.913043478261,
        2140.0,
        2156.086956521739,
        2152.304347826087,
        2126.891304347826,
        2164.0652173913045,
        2135.391304347826,
        2141.8695652173915,
        2147.9347826086955,
        2165.521739130435,
        2175.0434782608695,
        2164.8695652173915,
        2140.8478260869565,
        2148.2391304347825,
        2140.6739130434785,
        2164.086956521739,
        2147.413043478261,
        2162.4565217391305,
        2144.5652173913045,
        2135.9347826086955,
        2142.804347826087,
        2133.108695652174,
        2132.6304347826085,
        2158.6521739130435,
        2155.2391304347825,
        2134.608695652174,
        2152.086956521739,
        2167.6739130434785,
        2134.913043478261,
        2177.1739130434785,
        2146.717391304348,
        2138.6739130434785,
        2143.1304347826085,
        2164.413043478261,
        2149.304347826087,
        2168.217391304348,
        2161.6304347826085,
        2158.195652173913,
        2169.5652173913045,
        2166.391304347826,
        2137.5434782608695,
        2159.521739130435,
        2149.3695652173915,
        2127.0,
        2158.6304347826085,
        2141.0,
        2139.1521739130435,
        2142.2608695652175,
        2154.9347826086955,
        2132.478260869565,
        2147.195652173913,
        2172.891304347826,
        2142.5652173913045,
        2140.1304347826085,
        2150.282608695652,
        2165.6521739130435,
        2156.608695652174,
        2141.608695652174,
        2141.717391304348,
        2165.3260869565215,
        2145.804347826087,
        2143.6739130434785,
        2140.3695652173915,
        2151.0,
        2144.695652173913,
        2158.782608695652,
        2135.021739130435,
        2149.3695652173915,
        2165.3478260869565,
        2143.717391304348,
        2152.391304347826,
        2176.391304347826,
        2145.2391304347825,
        2139.978260869565,
        2135.7608695652175,
        2145.1304347826085,
        2148.7391304347825,
        2140.021739130435,
        2156.9347826086955,
        2153.9347826086955,
        2139.195652173913,
        2167.2608695652175,
        2159.282608695652
    ],
    "opt": 2270,
    "stdevs": [
        90.09712255884615,
        80.32318933409898,
        95.92147120922093,
        84.72941753958511,
        86.27165353787298,
        86.84364412851322,
        92.95597520887044,
        72.62668353078317,
        82.79273835083298,
        78.85476647988601,
        82.94805580719067,
        87.16147585571241,
        78.81998645426351,
        81.98397937003263,
        88.83865549846558,
        86.22877262685269,
        84.58951254895798,
        88.44224510004528,
        81.68519265713273,
        84.0041406846943,
        82.14907607169356,
        84.05067559545807,
        92.428639515285,
        76.96876898369744,
        84.15887621709764,
        97.02613020877018,
        81.52924313289253,
        78.29702063586893,
        83.12482926343738,
        72.41174799462482,
        86.26878305654202,
        87.05949609384045,
        87.51994911666566,
        80.17638871967571,
        82.82920512217912,
        83.6880092501281,
        89.58252260004473,
        84.64642630272294,
        90.2478759391665,
        98.32625998504419,
        90.98431749618032,
        76.03066240477511,
        86.01445398824568,
        82.15321800595189,
        74.45069161560278,
        86.67456734139793,
        79.1006035504255,
        84.19705260457036,
        88.41347109720088,
        96.61039064376185,
        86.91890490707846,
        95.21681804473056,
        89.39333443812225,
        72.41334042464534,
        93.0073299345277,
        84.91750973360722,
        91.05174166228426,
        84.44022281314432,
        79.0089996309554,
        83.50051786625008,
        84.77088268966459,
        87.09190547921202,
        88.91088814226156,
        84.00388189788043,
        75.39172120139509,
        74.65265503377414,
        89.53852757670809,
        86.4243170114087,
        86.34677798304305,
        75.64080686716706,
        84.33078043810912,
        87.39455974901416,
        91.12238856363747,
        94.51344909848278,
        85.62848933185262,
        91.18911983652187,
        84.38799189341694,
        84.55254459643167,
        76.12593101171738,
        84.45350002987908,
        80.07316184363553,
        90.37049345309852,
        93.9856301609378,
        85.21913263527004,
        75.42675373886988,
        81.55242610835553,
        79.2599513410048,
        86.1055123831217,
        85.80981961160936,
        77.65236866424773,
        85.16408325993257,
        91.65400181742932,
        89.3184787304515,
        79.99853495822994,
        86.76064895987989,
        84.02833091865759,
        93.67854428702097,
        88.51023084414126,
        86.00420100083518,
        79.26741607632842,
        78.03557244685113
    ]
}