{
    "agg": 2273,
    "iters": [
        1,
        2,
        3,
        4,
        5,
        6,
        7,
        8,
        9,
        10,
        11,
        12,
        13,
        14,
        15,
        16,
        17,
        18,
        19,
        20,
        21,
        22,
        23,
        24,
        25,
        26,
        27,
        28,
        29,
        30,
        31,
        32,
        33,
        34,
        35,
        36,
        37,
        38,
        39,
        40,
        41,
        42,
        43,
        44,
        45,
        46,
        47,
        48,
        49,
        50,
        51,
        52,
        53,
        54,
        55,
        56,
        57,
        58,
        59,
        60,
        61,
        62,
        63,
        64,
        65,
        66,
        67,
        68,
        69,
        70,
        71,
        72,
        73,
        74,
        75,
        76,
        77,
        78,
        79,
        80,
        81,
        82,
        83,
        84,
        85,
        86,
        87,
        88,
        89,
        90,
        91,
        92,
        93,
        94,
        95,
        96,
        97,
        98,
        99,
        100,
        101,
        102,
        103,
        104,
        105,
        106,
        107,
        108,
        109,
        110,
        111,
        112,
        113,
        114,
        115,
        116,
        117,
        118,
        119,
        120
    ],
    "means": [
        2140.7916666666665,
        2168.0,
        2146.875,
        2167.0208333333335,
        2128.4583333333335,
        2158.5,
        2159.25,
        2152.8125,
        2156.125,
        2178.7083333333335,
        2125.0625,
        2155.7083333333335,
        2161.0833333333335,
        2166.3333333333335,
        2141.875,
        2149.6666666666665,
        2159.1875,
        2164.5208333333335,
        2168.75,
        2147.3125,
        2133.5625,
        2141.0833333333335,
        2147.3958333333335,
        2162.5208333333335,
        2162.625,
        2162.5625,
        2156.625,
        2164.8958333333335,
        2153.0625,
        2150.75,
        2156.3333333333335,
        2153.8125,
        2140.9583333333335,
        2134.8541666666665,
        2150.5,
        2148.7291666666665,
        2149.8125,
        2144.5833333333335,
        2168.5,
        2165.0833333333335,
        2164.25,
        2149.7291666666665,
        2156.5625,
        2144.625,
        2143.2916666666665,
        2139.8125,
        2137.4583333333335,
        2141.125,
        2169.2291666666665,
        2150.1041666666665,
        2121.1041666666665,
        2125.0833333333335,
        2162.9791666666665,
        2138.4166666666665,
        2155.4791666666665,
        2125.0833333333335,
        2130.9791666666665,
        2145.8958333333335,
        2161.125,
        2171.5208333333335,
        2160.4375,
        2163.7291666666665,
        2135.0208333333335,
        2153.2083333333335,
        2154.75,
        2147.125,
        2165.8125,
        2170.1875,
        2157.0625,
        2163.6041666666665,
        2139.4375,
        2147.4166666666665,
        2146.5,
        2158.4375,
        2149.2291666666665,
        2135.7708333333335,
        2156.0208333333335,
        2168.2708333333335,
        2158.9583333333335,
        2158.625,
        2147.625,
        2142.0416666666665,
        2132.6875,
        2136.7916666666665,
        2170.4791666666665,
        2162.1875,
        2151.5208333333335,
        2174.0625,
        2150.6041666666665,
        2151.7916666666665,
        2142.5625,
        2159.9166666666665,
        2161.0833333333335,
        2149.1041666666665,
        2172.0208333333335,
        2153.5833333333335,
        2142.375,
        2136.0,
        2148.8958333333335,
        2166.6666666666665,
        2146.5833333333335,
        2177.6041666666665,
        2165.5833333333335,
        2169.2916666666665,
        2162.2708333333335,
        2144.0416666666665,
        2130.5625,
        2141.8958333333335,
        2142.0833333333335,
        2140.5625,
        2159.6458333333335,
        2149.125,
        2142.7083333333335,
        2158.6875,
        2142.3125,
        2143.5208333333335,
        2153.2083333333335,
        2132.0833333333335,
        2153.2291666666665,
        2151.8958333333335
    ],
    "opt": 2296,
    "stdevs": [
        89.17351025139448,
        89.55422007551253,
        88.99171894994875,
        80.28944762112611,
        85.66114403404978,
        79.5201756369623,
        92.82521658112807,
        91.08801975973569,
        85.54594891051241,
        74.32921092828998,
        95.17361465807282,
        89.72224694702102,
        78.36874199719057,
        95.28189171552425,
        86.22176470203642,
        86.66971148497547,
        89.41911061820062,
        85.78873993307953,
        84.62946197000979,
        87.53384018243078,
        88.48090807484968,
        87.46876426600653,
        89.42588634900721,
        90.65892803601247,
        84.88610629347224,
        74.35665915314289,
        77.38610582656295,
        89.32460457588877,
        85.09098225086291,
        84.52625331812597,
        78.56163539257285,
        84.61743719283474,
        87.64415704363235,
        81.10306960470457,
        85.83584138730549,
        90.8067406600719,
        91.2550583643632,
        83.85573756292543,
        85.84215165057316,
        86.14349301536876,
        79.53759593215442,
        84.48218243692308,
        84.27779122491286,
        83.93713545465639,
        94.66034860078544,
        82.8373547606996,
        86.27788397897163,
        86.27031765522446,
        89.6382171991327,
        78.85224568333838,
        78.82529193923455,
        77.73776252389969,
        86.47337971483222,
        88.16717863745494,
        83.69338623395252,
        82.59006027092822,
        79.00777640611643,
        75.56129950337599,
        88.21886254273137,
        77.90431887453708,
        89.3504118275344,
        86.55531458344362,
        86.20384987133052,
        89.33876499345374,
        90.78465821198351,
        84.66739459988912,
        95.87462652035035,
        74.33473174600148,
        87.20650927778652,
        98.10533021183008,
        82.92941432577868,
        91.00774539687389,
        85.73238400200164,
        88.38478994572539,
        82.71216143533886,
        78.5250065221618,
        90.32960237913274,
        90.37831127712863,
        98.0046679018686,
        89.46289384431961,
        90.99739579607026,
        84.87023387043435,
        82.70659895326773,
        96.55783205186182,
        93.29210166267501,
        80.12559314653049,
        95.42688946328958,
        83.11999515008408,
        86.46548916170093,
        86.86218930326103,
        92.71459482600353,
        87.2214216169909,
        94.97298592523853,
        79.75306670784238,
        91.44431128272672,
        90.88862995752305,
        75.87424491661625,
        76.83450830627255,
        86.46753716071072,
        78.92674170112151,
        83.83735079836963,
        88.87907036701922,
        79.6612184329503,
        81.07942565095593,
        85.16325977774818,
        91.7371603943692,
        94.37533802367722,
        70.72400570272366,
        88.91073082342511,
        81.62819831661524,
        94.88556475726723,
        86.10159333601209,
        88.62325652571238,
        84.09150676742965,
        87.98133235948407,
        88.42534270580401,
        84.73019885036398,
        85.6470064988977,
        78.21344715566642,
        91.66543323033801
    ]
}