{
    "agg": 2194,
    "iters": [
        1,
        2,
        3,
        4,
        5,
        6,
        7,
        8,
        9,
        10,
        11,
        12,
        13,
        14,
        15,
        16,
        17,
        18,
        19,
        20,
        21,
        22,
        23,
        24,
        25,
        26,
        27,
        28,
        29,
        30,
        31,
        32,
        33,
        34,
        35,
        36,
        37,
        38,
        39,
        40,
        41,
        42,
        43,
        44,
        45,
        46,
        47,
        48,
        49,
        50,
        51,
        52,
        53,
        54,
        55,
        56,
        57,
        58,
        59,
        60,
        61,
        62,
        63,
        64,
        65,
        66,
        67,
        68,
        69,
        70,
        71,
        72,
        73,
        74,
        75,
        76,
        77,
        78,
        79,
        80,
        81,
        82,
        83,
        84,
        85,
        86,
        87,
        88,
        89,
        90,
        91,
        92,
        93,
        94,
        95,
        96,
        97,
        98,
        99,
        100,
        101,
        102,
        103,
        104,
        105,
        106,
        107,
        108,
        109,
        110,
        111,
        112,
        113,
        114,
        115,
        116,
        117,
        118,
        119,
        120,
        121,
        122,
        123,
        124,
        125,
        126,
        127,
        128,
        129,
        130,
        131,
        132,
        133,
        134,
        135,
        136,
        137,
        138,
        139,
        140,
        141,
        142,
        143,
        144,
        145,
        146,
        147,
        148,
        149
    ],
    "means": [
        2169.75,
        2147.25,
        2172.777777777778,
        2175.1111111111113,
        2147.1388888888887,
        2152.6388888888887,
        2162.3333333333335,
        2181.3055555555557,
        2155.3055555555557,
        2152.5,
        2146.8611111111113,
        2137.3611111111113,
        2155.3333333333335,
        2143.3333333333335,
        2142.5833333333335,
        2144.8888888888887,
        2151.4444444444443,
        2144.8888888888887,
        2133.5,
        2147.6388888888887,
        2164.3611111111113,
        2146.8055555555557,
        2134.9444444444443,
        2155.3333333333335,
        2141.6944444444443,
        2155.6944444444443,
        2134.0555555555557,
        2157.0,
        2138.9444444444443,
        2125.0555555555557,
        2159.6111111111113,
        2163.1388888888887,
        2152.3333333333335,
        2126.8611111111113,
        2138.3055555555557,
        2153.75,
        2170.6111111111113,
        2134.5833333333335,
        2156.277777777778,
        2159.1388888888887,
        2129.6944444444443,
        2154.777777777778,
        2130.9166666666665,
        2151.722222222222,
        2152.1944444444443,
        2149.9444444444443,
        2144.25,
        2166.1388888888887,
        2163.222222222222,
        2157.6944444444443,
        2170.5,
        2148.1111111111113,
        2149.8888888888887,
        2166.972222222222,
        2160.0,
        2193.8333333333335,
        2127.8333333333335,
        2138.0833333333335,
        2167.1388888888887,
        2166.5833333333335,
        2140.3888888888887,
        2147.25,
        2148.6944444444443,
        2142.8611111111113,
        2166.5833333333335,
        2175.277777777778,
        2129.0,
        2143.777777777778,
        2159.9444444444443,
        2152.3055555555557,
        2149.3055555555557,
        2171.6666666666665,
        2148.1388888888887,
        2154.1111111111113,
        2153.25,
        2153.3611111111113,
        2151.472222222222,
        2167.0,
        2133.0833333333335,
        2156.527777777778,
        2171.4166666666665,
        2136.3333333333335,
        2152.472222222222,
        2106.777777777778,
        2141.6944444444443,
        2162.6666666666665,
        2143.25,
        2143.6388888888887,
        2175.472222222222,
        2155.5555555555557,
        2176.8888888888887,
        2141.027777777778,
        2129.1944444444443,
        2152.1666666666665,
        2133.5833333333335,
        2140.1666666666665,
        2136.1944444444443,
        2138.9444444444443,
        2148.4444444444443,
        2125.6111111111113,
        2142.722222222222,
        2191.277777777778,
        2159.1111111111113,
        2127.6111111111113,
        2180.6944444444443,
        2152.3055555555557,
        2121.6111111111113,
        2158.722222222222,
        2154.9444444444443,
        2139.8333333333335,
        2158.8333333333335,
        2163.75,
        2161.222222222222,
        2136.8888888888887,
        2160.5,
        2144.1666666666665,
        2165.3888888888887,
        2147.6666666666665,
        2174.1666666666665,
        2134.25,
        2125.1388888888887,
        2142.0,
        2158.4166666666665,
        2157.6388888888887,
        2179.527777777778,
        2141.5555555555557,
        2141.722222222222,
        2141.527777777778,
        2163.8055555555557,
        2165.472222222222,
        2143.4444444444443,
        2164.4166666666665,
        2152.972222222222,
        2161.0,
        2163.6666666666665,
        2153.25,
        2156.527777777778,
        2140.0555555555557,
        2146.277777777778,
        2161.4444444444443,
        2152.6944444444443,
        2144.9166666666665,
        2147.6388888888887,
        2136.722222222222,
        2190.722222222222,
        2137.8888888888887,
        2139.1666666666665,
        2164.1944444444443,
        2140.777777777778
    ],
    "opt": 2289,