{
    "agg": 2150,
    "iters": [
        1,
        2,
        3,
        4,
        5,
        6,
        7,
        8,
        9,
        10,
        11,
        12,
        13,
        14,
        15,
        16,
        17,
        18,
        19,
        20,
        21,
        22,
        23,
        24,
        25,
        26,
        27,
        28,
        29,
        30,
        31,
        32,
        33,
        34,
        35,
        36,
        37,
        38,
        39,
        40,
        41,
        42,
        43,
        44,
        45,
        46,
        47,
        48,
        49,
        50,
        51,
        52,
        53,
        54,
        55,
        56,
        57,
        58,
        59,
        60,
        61,
        62,
        63,
        64,
        65,
        66,
        67,
        68,
        69,
        70,
        71,
        72,
        73,
        74,
        75,
        76,
        77,
        78,
        79,
        80,
        81,
        82,
        83,
        84,
        85,
        86,
        87,
        88,
        89,
        90,
        91,
        92,
        93,
        94,
        95,
        96,
        97,
        98,
        99,
        100,
        101,
        102,
        103,
        104,
        105,
        106,
        107,
        108,
        109,
        110,
        111,
        112,
        113,
        114,
        115,
        116,
        117,
        118,
        119,
        120,
        121,
        122,
        123,
        124,
        125,
        126,
        127,
        128,
        129,
        130,
        131,
        132,
        133,
        134,
        135,
        136,
        137,
        138,
        139,
        140,
        141,
        142,
        143,
        144
    ],
    "means": [
        2180.157894736842,
        2169.315789473684,
        2134.157894736842,
        2159.4210526315787,
        2105.3684210526317,
        2171.1052631578946,
        2166.2105263157896,
        2130.7368421052633,
        2138.2105263157896,
        2148.7894736842104,
        2131.7368421052633,
        2117.0526315789475,
        2153.9473684210525,
        2153.2631578947367,
        2169.315789473684,
        2135.7894736842104,
        2129.1052631578946,
        2173.8947368421054,
        2154.1052631578946,
        2152.1052631578946,
        2159.0526315789475,
        2165.9473684210525,
        2163.0526315789475,
        2125.0,
        2120.6315789473683,
        2168.4210526315787,
        2153.2631578947367,
        2146.7368421052633,
        2151.2105263157896,
        2132.0,
        2176.8947368421054,
        2145.9473684210525,
        2148.842105263158,
        2148.0526315789475,
        2156.3684210526317,
        2159.157894736842,
        2190.4736842105262,
        2127.7894736842104,
        2154.1052631578946,
        2124.9473684210525,
        2189.4736842105262,
        2147.5789473684213,
        2122.1052631578946,
        2172.3684210526317,
        2176.684210526316,
        2161.842105263158,
        2176.3684210526317,
        2160.684210526316,
        2139.2105263157896,
        2172.7894736842104,
        2153.2631578947367,
        2125.0,
        2146.2631578947367,
        2139.6315789473683,
        2145.8947368421054,
        2161.8947368421054,
        2153.9473684210525,
        2151.3684210526317,
        2159.7894736842104,
        2106.684210526316,
        2138.684210526316,
        2068.7894736842104,
        2138.2105263157896,
        2128.842105263158,
        2126.5263157894738,
        2183.8947368421054,
        2135.8947368421054,
        2150.157894736842,
        2182.157894736842,
        2117.684210526316,
        2151.0,
        2152.2105263157896,
        2131.7894736842104,
        2131.8947368421054,
        2172.0,
        2146.2631578947367,
        2123.8947368421054,
        2143.684210526316,
        2156.7894736842104,
        2154.842105263158,
        2156.0526315789475,
        2141.842105263158,
        2143.0526315789475,
        2171.842105263158,
        2157.9473684210525,
        2137.7894736842104,
        2169.6315789473683,
        2094.5263157894738,
        2186.315789473684,
        2160.4736842105262,
        2122.4736842105262,
        2117.2631578947367,
        2120.4736842105262,
        2126.6315789473683,
        2136.0526315789475,
        2195.1052631578946,
        2131.7368421052633,
        2153.1052631578946,
        2171.6315789473683,
        2148.842105263158,
        2139.4736842105262,
        2160.2631578947367,
        2130.9473684210525,
        2151.9473684210525,
        2144.5789473684213,
        2150.9473684210525,
        2148.3684210526317,
        2154.315789473684,
        2168.5789473684213,
        2155.4210526315787,
        2159.9473684210525,
        2177.4210526315787,
        2164.2105263157896,
        2147.7894736842104,
        2127.9473684210525,
        2167.5789473684213,
        2146.684210526316,
        2148.3684210526317,
        2146.2105263157896,
        2182.3684210526317,
        2161.2631578947367,
        2136.0526315789475,
        2144.8947368421054,
        2164.0526315789475,
        2126.0526315789475,
        2162.6315789473683,
        2143.842105263158,
        2144.1052631578946,
        2154.315789473684,
        2132.8947368421054,
        2152.7894736842104,
        2149.2631578947367,
        2158.1052631578946,
        2114.8947368421054,
        2109.315789473684,
        2149.7368421052633,
        2171.3684210526317,
        2136.2105263157896,
        2142.5263157894738,
        2170.7368421052633,
        2151.5263157894738,
        2154.315789473684,
        2144.842105263158,
        2150.2105263157896
    ],
    "opt": 2205,