{
    "agg": 2267,
    "iters": [
        1,
        2,
        3,
        4,
        5,
        6,
        7,
        8,
        9,
        10,
        11,
        12,
        13,
        14,
        15,
        16,
        17,
        18,
        19,
        20,
        21,
        22,
        23,
        24,
        25,
        26,
        27,
        28,
        29,
        30,
        31,
        32,
        33,
        34,
        35,
        36,
        37,
        38,
        39,
        40,
        41,
        42,
        43,
        44,
        45,
        46,
        47,
        48,
        49,
        50,
        51,
        52,
        53,
        54,
        55,
        56,
        57,
        58,
        59,
        60,
        61,
        62,
        63,
        64,
        65,
        66,
        67,
        68,
        69,
        70,
        71,
        72,
        73,
        74,
        75,
        76,
        77,
        78,
        79,
        80,
        81,
        82,
        83,
        84,
        85,
        86,
        87,
        88,
        89,
        90,
        91,
        92,
        93,
        94,
        95,
        96,
        97,
        98,
        99,
        100,
        101,
        102,
        103,
        104,
        105,
        106,
        107,
        108,
        109,
        110,
        111,
        112,
        113,
        114,
        115,
        116,
        117,
        118,
        119,
        120,
        121,
        122,
        123,
        124,
        125
    ],
    "means": [
        2151.4102564102564,
        2163.153846153846,
        2136.6923076923076,
        2143.076923076923,
        2170.74358974359,
        2155.3846153846152,
        2159.8205128205127,
        2174.051282051282,
        2139.7179487179487,
        2144.4871794871797,
        2171.846153846154,
        2144.4615384615386,
        2153.871794871795,
        2163.871794871795,
        2160.4871794871797,
        2156.153846153846,
        2162.871794871795,
        2131.051282051282,
        2131.25641025641,
        2151.948717948718,
        2158.4615384615386,
        2157.6923076923076,
        2125.1794871794873,
        2154.25641025641,
        2143.769230769231,
        2147.2051282051284,
        2127.3846153846152,
        2170.5641025641025,
        2163.4102564102564,
        2134.897435897436,
        2140.153846153846,
        2160.6923076923076,
        2148.25641025641,
        2165.5641025641025,
        2159.846153846154,
        2181.6923076923076,
        2157.5128205128203,
        2165.5128205128203,
        2178.74358974359,
        2138.6153846153848,
        2142.6153846153848,
        2166.0,
        2173.102564102564,
        2153.871794871795,
        2141.4102564102564,
        2138.4358974358975,
        2144.6666666666665,
        2135.7179487179487,
        2137.5897435897436,
        2164.897435897436,
        2144.153846153846,
        2135.846153846154,
        2154.3333333333335,
        2163.641025641026,
        2136.4871794871797,
        2159.358974358974,
        2170.74358974359,
        2144.076923076923,
        2146.5641025641025,
        2158.025641025641,
        2140.4871794871797,
        2148.3846153846152,
        2137.871794871795,
        2151.3076923076924,
        2162.1794871794873,
        2158.5128205128203,
        2188.974358974359,
        2154.8205128205127,
        2137.8205128205127,
        2138.5384615384614,
        2136.4358974358975,
        2138.3076923076924,
        2133.25641025641,
        2165.5128205128203,
        2132.4615384615386,
        2151.74358974359,
        2165.5384615384614,
        2147.769230769231,
        2120.6923076923076,
        2142.076923076923,
        2155.7948717948716,
        2154.3076923076924,
        2138.2051282051284,
        2173.4358974358975,
        2153.2820512820513,
        2132.25641025641,
        2164.923076923077,
        2142.025641025641,
        2145.5897435897436,
        2155.102564102564,
        2166.74358974359,
        2171.846153846154,
        2164.051282051282,
        2145.974358974359,
        2142.5641025641025,
        2141.153846153846,
        2130.3846153846152,
        2151.3333333333335,
        2163.5641025641025,
        2144.051282051282,
        2157.7948717948716,
        2149.153846153846,
        2177.4358974358975,
        2152.974358974359,
        2153.5897435897436,
        2147.4102564102564,
        2130.102564102564,
        2139.6153846153848,
        2169.6153846153848,
        2139.358974358974,
        2140.4358974358975,
        2142.3333333333335,
        2179.8205128205127,
        2165.4871794871797,
        2141.230769230769,
        2147.7179487179487,
        2162.974358974359,
        2176.8205128205127,
        2159.4615384615386,
        2151.5897435897436,
        2140.6923076923076,
        2153.923076923077,
        2132.4871794871797,
        2134.0,
        2134.128205128205
    ],
    "opt": 2279,