{
    "agg": 2207,
    "iters": [
        1,
        2,
        3,
        4,
        5,
        6,
        7,
        8,
        9,
        10,
        11,
        12,
        13,
        14,
        15,
        16,
        17,
        18,
        19,
        20,
        21,
        22,
        23,
        24,
        25,
        26,
        27,
        28,
        29,
        30,
        31,
        32,
        33,
        34,
        35,
        36,
        37,
        38,
        39,
        40,
        41,
        42,
        43,
        44,
        45,
        46,
        47,
        48,
        49,
        50,
        51,
        52,
        53,
        54,
        55,
        56,
        57,
        58,
        59,
        60,
        61,
        62,
        63,
        64,
        65,
        66,
        67,
        68,
        69,
        70,
        71,
        72,
        73,
        74,
        75,
        76,
        77,
        78,
        79,
        80,
        81,
        82,
        83,
        84,
        85,
        86,
        87,
        88,
        89,
        90,
        91,
        92,
        93,
        94,
        95,
        96,
        97,
        98,
        99,
        100,
        101,
        102,
        103,
        104,
        105,
        106,
        107,
        108,
        109,
        110,
        111,
        112,
        113,
        114,
        115,
        116,
        117,
        118,
        119,
        120,
        121,
        122,
        123,
        124,
        125,
        126,
        127,
        128,
        129,
        130,
        131,
        132,
        133,
        134,
        135,
        136,
        137,
        138
    ],
    "means": [
        2151.0,
        2195.4285714285716,
        2161.6190476190477,
        2152.0,
        2169.5714285714284,
        2110.190476190476,
        2134.3809523809523,
        2134.5714285714284,
        2182.4285714285716,
        2183.4285714285716,
        2167.9523809523807,
        2179.904761904762,
        2177.714285714286,
        2155.0,
        2139.7619047619046,
        2156.9523809523807,
        2156.2380952380954,
        2154.8571428571427,
        2133.9523809523807,
        2103.714285714286,
        2138.285714285714,
        2136.809523809524,
        2187.1428571428573,
        2163.1428571428573,
        2179.0476190476193,
        2140.904761904762,
        2142.1428571428573,
        2128.8571428571427,
        2130.809523809524,
        2160.714285714286,
        2164.2380952380954,
        2154.095238095238,
        2108.3809523809523,
        2147.904761904762,
        2116.3809523809523,
        2125.714285714286,
        2152.190476190476,
        2174.7619047619046,
        2116.5238095238096,
        2130.3333333333335,
        2124.095238095238,
        2137.285714285714,
        2159.285714285714,
        2160.3809523809523,
        2162.9523809523807,
        2140.095238095238,
        2174.190476190476,
        2146.6190476190477,
        2159.6190476190477,
        2118.285714285714,
        2142.1428571428573,
        2144.714285714286,
        2162.5238095238096,
        2120.8571428571427,
        2151.4285714285716,
        2187.6666666666665,
        2148.5238095238096,
        2173.7619047619046,
        2168.7619047619046,
        2162.6666666666665,
        2143.190476190476,
        2165.714285714286,
        2163.095238095238,
        2180.6190476190477,
        2140.4285714285716,
        2101.5714285714284,
        2128.0476190476193,
        2149.1428571428573,
        2113.904761904762,
        2143.4761904761904,
        2163.0,
        2156.904761904762,
        2183.6190476190477,
        2161.8571428571427,
        2131.9523809523807,
        2121.095238095238,
        2140.9523809523807,
        2157.809523809524,
        2161.095238095238,
        2166.3333333333335,
        2143.7619047619046,
        2148.1428571428573,
        2120.0476190476193,
        2142.095238095238,
        2128.3333333333335,
        2168.5238095238096,
        2124.5238095238096,
        2163.0476190476193,
        2156.809523809524,
        2178.6666666666665,
        2154.6190476190477,
        2121.9523809523807,
        2176.9523809523807,
        2148.285714285714,
        2129.5714285714284,
        2143.095238095238,
        2131.285714285714,
        2136.0476190476193,
        2145.095238095238,
        2181.4285714285716,
        2145.095238095238,
        2158.2380952380954,
        2144.095238095238,
        2170.9523809523807,
        2153.6190476190477,
        2146.1428571428573,
        2159.714285714286,
        2173.0476190476193,
        2134.285714285714,
        2134.5714285714284,
        2153.285714285714,
        2171.285714285714,
        2143.4285714285716,
        2132.5238095238096,
        2162.1428571428573,
        2160.1428571428573,
        2169.4761904761904,
        2144.7619047619046,
        2144.0,
        2159.714285714286,
        2169.3809523809523,
        2111.0476190476193,
        2164.809523809524,
        2144.4285714285716,
        2134.3333333333335,
        2172.3809523809523,
        2140.6666666666665,
        2121.6190476190477,
        2140.3333333333335,
        2161.9523809523807,
        2146.0476190476193,
        2177.3809523809523,
        2173.1428571428573,
        2152.4761904761904,
        2169.6190476190477,
        2165.5238095238096,
        2147.0476190476193,
        2171.8571428571427
    ],
    "opt": 2285,