{
    "agg": 2260,
    "iters": [
        1,
        2,
        3,
        4,
        5,
        6,
        7,
        8,
        9,
        10,
        11,
        12,
        13,
        14,
        15,
        16,
        17,
        18,
        19,
        20,
        21,
        22,
        23,
        24,
        25,
        26,
        27,
        28,
        29,
        30,
        31,
        32,
        33,
        34,
        35,
        36,
        37,
        38,
        39,
        40,
        41,
        42,
        43,
        44,
        45,
        46,
        47,
        48,
        49,
        50,
        51,
        52,
        53,
        54,
        55,
        56,
        57,
        58,
        59,
        60,
        61,
        62,
        63,
        64,
        65,
        66,
        67,
        68,
        69,
        70,
        71,
        72,
        73,
        74,
        75,
        76,
        77,
        78,
        79,
        80,
        81,
        82,
        83,
        84,
        85,
        86,
        87,
        88,
        89,
        90,
        91,
        92,
        93,
        94,
        95,
        96,
        97,
        98,
        99,
        100,
        101,
        102,
        103,
        104,
        105,
        106,
        107,
        108,
        109,
        110,
        111,
        112,
        113,
        114,
        115,
        116,
        117,
        118,
        119,
        120,
        121,
        122,
        123,
        124,
        125,
        126,
        127,
        128,
        129,
        130,
        131,
        132,
        133,
        134,
        135,
        136,
        137,
        138,
        139,
        140,
        141,
        142,
        143,
        144,
        145,
        146
    ],
    "means": [
        2116.5454545454545,
        2153.4545454545455,
        2153.8636363636365,
        2155.8636363636365,
        2108.181818181818,
        2168.7272727272725,
        2121.4545454545455,
        2152.4545454545455,
        2191.818181818182,
        2163.6363636363635,
        2145.1363636363635,
        2155.090909090909,
        2175.681818181818,
        2157.0,
        2130.681818181818,
        2162.2272727272725,
        2134.5,
        2168.1363636363635,
        2144.909090909091,
        2178.0,
        2134.818181818182,
        2124.0454545454545,
        2145.3636363636365,
        2158.5454545454545,
        2138.0,
        2130.5,
        2173.5,
        2135.5,
        2125.818181818182,
        2143.8636363636365,
        2173.681818181818,
        2180.090909090909,
        2114.9545454545455,
        2123.8636363636365,
        2144.181818181818,
        2132.6363636363635,
        2154.590909090909,
        2152.409090909091,
        2170.7727272727275,
        2177.8636363636365,
        2180.6363636363635,
        2187.9545454545455,
        2133.7727272727275,
        2154.3636363636365,
        2157.590909090909,
        2155.590909090909,
        2124.7272727272725,
        2160.318181818182,
        2143.5454545454545,
        2174.5454545454545,
        2144.2727272727275,
        2154.2727272727275,
        2141.818181818182,
        2148.7272727272725,
        2160.1363636363635,
        2134.1363636363635,
        2146.909090909091,
        2163.590909090909,
        2172.681818181818,
        2142.0454545454545,
        2162.4545454545455,
        2159.7727272727275,
        2115.090909090909,
        2099.090909090909,
        2127.409090909091,
        2200.2727272727275,
        2163.090909090909,
        2173.0454545454545,
        2125.318181818182,
        2142.2727272727275,
        2135.8636363636365,
        2141.2272727272725,
        2143.090909090909,
        2114.6363636363635,
        2168.681818181818,
        2155.3636363636365,
        2146.8636363636365,
        2149.181818181818,
        2133.1363636363635,
        2153.3636363636365,
        2133.7272727272725,
        2166.8636363636365,
        2175.681818181818,
        2153.181818181818,
        2177.5,
        2135.0454545454545,
        2155.5,
        2137.2727272727275,
        2164.9545454545455,
        2162.9545454545455,
        2138.8636363636365,
        2143.0454545454545,
        2174.5454545454545,
        2134.909090909091,
        2183.9545454545455,
        2121.7727272727275,
        2155.6363636363635,
        2165.318181818182,
        2156.5454545454545,
        2128.5,
        2180.181818181818,
        2135.0,
        2176.0454545454545,
        2150.818181818182,
        2149.0454545454545,
        2148.5,
        2152.681818181818,
        2151.0454545454545,
        2139.4545454545455,
        2141.6363636363635,
        2157.181818181818,
        2186.4545454545455,
        2159.409090909091,
        2140.590909090909,
        2149.8636363636365,
        2155.7272727272725,
        2136.6363636363635,
        2182.9545454545455,
        2124.0454545454545,
        2156.3636363636365,
        2147.318181818182,
        2158.409090909091,
        2178.318181818182,
        2167.7272727272725,
        2141.409090909091,
        2144.818181818182,
        2130.5454545454545,
        2134.4545454545455,
        2148.9545454545455,
        2117.681818181818,
        2163.3636363636365,
        2152.318181818182,
        2154.1363636363635,
        2131.1363636363635,
        2160.2727272727275,
        2147.818181818182,
        2085.5454545454545,
        2127.7727272727275,
        2158.7272727272725,
        2123.5,
        2167.181818181818,
        2153.4545454545455,
        2168.7727272727275,
        2142.4545454545455,
        2156.0,
        2147.0
    ],
    "opt": 2216,