{
    "agg": 2279,
    "iters": [
        1,
        2,
        3,
        4,
        5,
        6,
        7,
        8,
        9,
        10,
        11,
        12,
        13,
        14,
        15,
        16,
        17,
        18,
        19,
        20,
        21,
        22,
        23,
        24,
        25,
        26,
        27,
        28,
        29,
        30,
        31,
        32,
        33,
        34,
        35,
        36,
        37,
        38,
        39,
        40,
        41,
        42,
        43,
        44,
        45,
        46,
        47,
        48,
        49,
        50,
        51,
        52,
        53,
        54,
        55,
        56,
        57,
        58,
        59,
        60,
        61,
        62,
        63,
        64,
        65,
        66,
        67,
        68,
        69,
        70,
        71,
        72,
        73,
        74,
        75,
        76,
        77,
        78,
        79,
        80,
        81,
        82,
        83,
        84,
        85,
        86,
        87,
        88,
        89,
        90,
        91,
        92,
        93,
        94,
        95,
        96,
        97,
        98,
        99,
        100,
        101,
        102,
        103,
        104,
        105,
        106,
        107,
        108,
        109,
        110,
        111,
        112,
        113,
        114,
        115,
        116,
        117,
        118,
        119,
        120,
        121,
        122,
        123,
        124,
        125,
        126,
        127,
        128,
        129,
        130
    ],
    "means": [
        2158.1052631578946,
        2161.8947368421054,
        2171.2105263157896,
        2154.6315789473683,
        2159.4736842105262,
        2142.0526315789475,
        2118.0526315789475,
        2158.0526315789475,
        2147.4736842105262,
        2192.842105263158,
        2156.2105263157896,
        2170.2631578947367,
        2103.5263157894738,
        2150.0,
        2170.2631578947367,
        2125.7894736842104,
        2132.6315789473683,
        2158.315789473684,
        2142.4736842105262,
        2138.4736842105262,
        2146.6315789473683,
        2109.9473684210525,
        2149.5263157894738,
        2161.4210526315787,
        2160.9473684210525,
        2160.7894736842104,
        2112.5263157894738,
        2133.684210526316,
        2161.6315789473683,
        2123.157894736842,
        2113.9473684210525,
        2135.2105263157896,
        2159.2105263157896,
        2140.4736842105262,
        2163.2105263157896,
        2146.2105263157896,
        2174.0526315789475,
        2135.157894736842,
        2158.6315789473683,
        2141.4736842105262,
        2106.684210526316,
        2134.2105263157896,
        2201.5263157894738,
        2157.9473684210525,
        2151.684210526316,
        2177.1052631578946,
        2116.684210526316,
        2178.2631578947367,
        2142.6315789473683,
        2146.4210526315787,
        2144.6315789473683,
        2109.0,
        2151.157894736842,
        2129.2631578947367,
        2136.684210526316,
        2138.7894736842104,
        2147.7368421052633,
        2128.2105263157896,
        2157.7368421052633,
        2126.2631578947367,
        2148.6315789473683,
        2154.4210526315787,
        2119.315789473684,
        2170.8947368421054,
        2142.0,
        2133.315789473684,
        2190.315789473684,
        2174.3684210526317,
        2138.8947368421054,
        2148.5263157894738,
        2153.2631578947367,
        2163.0,
        2193.0,
        2149.842105263158,
        2125.7894736842104,
        2131.3684210526317,
        2168.8947368421054,
        2161.5263157894738,
        2172.1052631578946,
        2148.684210526316,
        2107.5789473684213,
        2175.842105263158,
        2177.2631578947367,
        2149.5263157894738,
        2172.7894736842104,
        2163.7894736842104,
        2162.5263157894738,
        2149.842105263158,
        2141.4736842105262,
        2151.5789473684213,
        2154.0,
        2174.842105263158,
        2118.4736842105262,
        2155.6315789473683,
        2137.5789473684213,
        2129.5789473684213,
        2178.3684210526317,
        2167.6315789473683,
        2143.7894736842104,
        2111.4736842105262,
        2150.5263157894738,
        2155.684210526316,
        2148.1052631578946,
        2149.4210526315787,
        2167.2105263157896,
        2142.7368421052633,
        2123.6315789473683,
        2166.8947368421054,
        2183.7368421052633,
        2140.8947368421054,
        2134.4210526315787,
        2129.315789473684,
        2181.157894736842,
        2188.0,
        2084.2105263157896,
        2160.7894736842104,
        2180.157894736842,
        2135.315789473684,
        2111.4736842105262,
        2138.1052631578946,
        2122.7368421052633,
        2139.2631578947367,
        2150.2105263157896,
        2103.0526315789475,
        2144.8947368421054,
        2133.7894736842104,
        2171.4210526315787,
        2167.0,
        2138.842105263158,
        2147.5263157894738
    ],
    "opt": 2267,