{
    "agg": 2222,
    "iters": [
        1,
        2,
        3,
        4,
        5,
        6,
        7,
        8,
        9,
        10,
        11,
        12,
        13,
        14,
        15,
        16,
        17,
        18,
        19,
        20,
        21,
        22,
        23,
        24,
        25,
        26,
        27,
        28,
        29,
        30,
        31,
        32,
        33,
        34,
        35,
        36,
        37,
        38,
        39,
        40,
        41,
        42,
        43,
        44,
        45,
        46,
        47,
        48,
        49,
        50,
        51,
        52,
        53,
        54,
        55,
        56,
        57,
        58,
        59,
        60,
        61,
        62,
        63,
        64,
        65,
        66,
        67,
        68,
        69,
        70,
        71,
        72,
        73,
        74,
        75,
        76,
        77,
        78,
        79,
        80,
        81,
        82,
        83,
        84,
        85,
        86,
        87,
        88,
        89,
        90,
        91,
        92,
        93,
        94,
        95,
        96,
        97,
        98,
        99,
        100,
        101,
        102,
        103,
        104
    ],
    "means": [
        2095.6153846153848,
        2112.5384615384614,
        2128.6153846153848,
        2170.153846153846,
        2145.6153846153848,
        2128.3846153846152,
        2151.153846153846,
        2147.076923076923,
        2141.6153846153848,
        2173.6153846153848,
        2133.0,
        2162.4615384615386,
        2159.3076923076924,
        2158.3846153846152,
        2144.0,
        2150.846153846154,
        2153.6923076923076,
        2165.3076923076924,
        2166.230769230769,
        2099.846153846154,
        2176.3076923076924,
        2141.3076923076924,
        2161.3846153846152,
        2138.076923076923,
        2133.4615384615386,
        2170.076923076923,
        2160.153846153846,
        2140.6923076923076,
        2132.076923076923,
        2155.4615384615386,
        2178.3846153846152,
        2151.153846153846,
        2147.5384615384614,
        2128.230769230769,
        2157.153846153846,
        2120.6923076923076,
        2171.3846153846152,
        2143.6153846153848,
        2151.4615384615386,
        2109.153846153846,
        2178.3846153846152,
        2126.076923076923,
        2162.923076923077,
        2146.0,
        2129.153846153846,
        2166.4615384615386,
        2166.5384615384614,
        2117.6923076923076,
        2147.076923076923,
        2162.153846153846,
        2164.5384615384614,
        2142.230769230769,
        2117.153846153846,
        2192.6923076923076,
        2172.3846153846152,
        2121.076923076923,
        2161.769230769231,
        2159.3076923076924,
        2150.769230769231,
        2161.769230769231,
        2169.846153846154,
        2147.769230769231,
        2171.923076923077,
        2128.5384615384614,
        2134.4615384615386,
        2197.923076923077,
        2169.923076923077,
        2156.769230769231,
        2153.076923076923,
        2123.153846153846,
        2158.6923076923076,
        2124.6153846153848,
        2161.3846153846152,
        2165.153846153846,
        2136.769230769231,
        2187.769230769231,
        2174.769230769231,
        2159.4615384615386,
        2137.6923076923076,
        2130.6923076923076,
        2114.153846153846,
        2108.076923076923,
        2135.0,
        2173.4615384615386,
        2133.3076923076924,
        2136.230769230769,
        2119.0,
        2109.4615384615386,
        2168.153846153846,
        2146.769230769231,
        2138.6153846153848,
        2169.3076923076924,
        2157.3846153846152,
        2174.153846153846,
        2153.076923076923,
        2149.923076923077,
        2153.3076923076924,
        2123.153846153846,
        2165.5384615384614,
        2204.153846153846,
        2199.153846153846,
        2195.769230769231,
        2124.923076923077,
        2174.846153846154
    ],
    "opt": 2266,
    "stdevs": [
        68.95989744497378,
        73.78827860284855,
        83.30161921183532,
        79.13362229491833,
        89.81223016043268,
        66.65818486478202,
        82.2097188282656,
        93.96436438963406,
        88.04591325119347,
        69.4987974013701,
        82.55906976220118,
        95.2402754047446,
        79.92437253706649,
        78.87627942303885,
        93.15413199473392,
        95.967018496217,
        77.09273597965247,
        101.86218790819186,
        87.205463701584,
        78.78192505883777,
        53.91501091873083,
        95.9081167780148,
        80.79083960025177,
        75.51817054749299,
        74.1014018185843,
        109.85897361089916,
        80.99273106401031,
        83.26637941467374,
        95.72272581099219,
        93.63892631117712,
        86.37711454522987,
        93.83196614066279,
        71.44079354436455,
        91.93154129037362,
        75.38704862635036,
        79.00183504722155,
        74.99696246314397,
        75.87290837217242,
        89.57044102451123,
        66.98202532005382,
        77.3071182527481,
        86.54519631913236,
        90.73923885208438,
        76.3896891954969,
        89.43312598622862,
        65.37185395826577,
        89.53951889410051,
        86.81047846658623,
        80.63828212690731,
        95.16936009342353,
        84.89415616801483,
        75.50257646765729,
        77.67867359424301,
        81.20191795327214,
        94.31660141128468,
        85.50705012630114,
        76.48343596054875,
        79.68532787966642,
        85.97508927783304,
        82.6420956675916,
        63.32437391211181,
        103.80911020207593,
        85.16180214379389,
        91.83230149371808,
        86.03095631101041,
        67.26007106570222,
        82.37481087963494,
        90.46304289696161,
        102.13525085618393,
        88.03307608624783,
        103.27140092262093,
        82.63500698068722,
        91.39057219642807,
        82.4722295021376,
        76.93669110294401,
        81.90816043326897,
        88.22013885393903,
        76.43862835847752,
        102.4149813375312,
        59.85930249071197,
        50.18097425832617,
        68.18691678981955,
        87.13914602077972,
        72.93370581416374,
        91.25651472245661,
        84.78947126778078,
        105.45214007384509,
        73.35961515776016,
        87.36998794150888,
        81.59482812244512,
        95.14809385013244,
        89.02841777543637,
        85.65901853057447,
        85.22084085466612,
        86.5389743574549,
        93.54592581553935,
        99.65662941812877,
        82.12358993412695,
        77.61603262670708,
        55.84297511614585,
        65.74056955341275,
        89.45489094953332,
        90.90778213151503,
        81.35283660493124
    ]
}