{
    "agg": 2130,
    "iters": [
        1,
        2,
        3,
        4,
        5,
        6,
        7,
        8,
        9,
        10,
        11,
        12,
        13,
        14,
        15,
        16,
        17,
        18,
        19,
        20,
        21,
        22,
        23,
        24,
        25,
        26,
        27,
        28,
        29,
        30,
        31,
        32,
        33,
        34,
        35,
        36,
        37,
        38,
        39,
        40,
        41,
        42,
        43,
        44,
        45,
        46,
        47,
        48,
        49,
        50,
        51,
        52,
        53,
        54,
        55,
        56,
        57,
        58,
        59,
        60,
        61,
        62,
        63,
        64,
        65,
        66,
        67,
        68,
        69,
        70,
        71,
        72,
        73,
        74,
        75,
        76,
        77,
        78,
        79,
        80,
        81,
        82,
        83,
        84,
        85,
        86,
        87,
        88,
        89,
        90,
        91,
        92,
        93,
        94,
        95,
        96,
        97,
        98,
        99,
        100,
        101,
        102,
        103,
        104,
        105,
        106,
        107,
        108,
        109,
        110,
        111,
        112,
        113,
        114,
        115,
        116,
        117,
        118,
        119,
        120,
        121,
        122,
        123,
        124,
        125,
        126,
        127,
        128,
        129,
        130,
        131,
        132,
        133,
        134,
        135,
        136,
        137,
        138,
        139,
        140,
        141,
        142,
        143,
        144,
        145,
        146,
        147,
        148,
        149
    ],
    "means": [
        2152.5714285714284,
        2139.714285714286,
        2124.0476190476193,
        2175.1428571428573,
        2134.4761904761904,
        2157.2380952380954,
        2184.4761904761904,
        2156.809523809524,
        2143.4761904761904,
        2149.1428571428573,
        2127.6666666666665,
        2109.809523809524,
        2126.285714285714,
        2174.190476190476,
        2159.0476190476193,
        2135.095238095238,
        2154.9523809523807,
        2145.2380952380954,
        2124.3809523809523,
        2165.4285714285716,
        2172.3333333333335,
        2156.0476190476193,
        2132.9523809523807,
        2159.6666666666665,
        2136.714285714286,
        2121.1428571428573,
        2150.6190476190477,
        2123.2380952380954,
        2186.2380952380954,
        2120.6190476190477,
        2172.0476190476193,
        2146.190476190476,
        2136.6666666666665,
        2135.9523809523807,
        2154.7619047619046,
        2132.190476190476,
        2164.714285714286,
        2151.3333333333335,
        2156.3809523809523,
        2159.4761904761904,
        2158.095238095238,
        2153.4285714285716,
        2132.2380952380954,
        2127.904761904762,
        2170.809523809524,
        2153.8571428571427,
        2140.809523809524,
        2147.8571428571427,
        2144.4285714285716,
        2128.095238095238,
        2159.1428571428573,
        2133.904761904762,
        2123.3333333333335,
        2145.095238095238,
        2141.5714285714284,
        2181.3809523809523,
        2165.4761904761904,
        2164.095238095238,
        2163.9523809523807,
        2169.809523809524,
        2114.190476190476,
        2160.3809523809523,
        2118.714285714286,
        2133.5238095238096,
        2152.5714285714284,
        2155.5714285714284,
        2158.3333333333335,
        2148.904761904762,
        2102.904761904762,
        2133.3333333333335,
        2126.285714285714,
        2156.190476190476,
        2141.285714285714,
        2152.6190476190477,
        2116.3333333333335,
        2140.7619047619046,
        2164.7619047619046,
        2149.7619047619046,
        2131.7619047619046,
        2138.3809523809523,
        2141.190476190476,
        2144.4761904761904,
        2145.285714285714,
        2148.285714285714,
        2131.0476190476193,
        2126.5714285714284,
        2161.4285714285716,
        2153.0,
        2175.7619047619046,
        2184.904761904762,
        2164.0476190476193,
        2135.2380952380954,
        2141.0,
        2132.285714285714,
        2150.0,
        2151.904761904762,
        2137.5238095238096,
        2166.3809523809523,
        2146.285714285714,
        2153.6190476190477,
        2190.6666666666665,
        2143.4761904761904,
        2130.5238095238096,
        2154.809523809524,
        2115.0,
        2142.3333333333335,
        2144.3809523809523,
        2169.7619047619046,
        2160.4285714285716,
        2149.2380952380954,
        2175.5714285714284,
        2151.0,
        2160.7619047619046,
        2184.0476190476193,
        2124.6666666666665,
        2166.4285714285716,
        2183.0476190476193,
        2160.809523809524,
        2127.6190476190477,
        2117.5238095238096,
        2149.2380952380954,
        2150.9523809523807,
        2128.0,
        2141.0476190476193,
        2152.809523809524,
        2123.0,
        2134.3333333333335,
        2156.285714285714,
        2152.5714285714284,
        2141.190476190476,
        2171.5238095238096,
        2145.2380952380954,
        2157.6666666666665,
        2129.190476190476,
        2163.7619047619046,
        2127.1428571428573,
        2155.904761904762,
        2135.285714285714,
        2126.904761904762,
        2110.8571428571427,
        2143.5714285714284,
        2185.3333333333335,
        2161.3333333333335,
        2128.190476190476,
        2161.7619047619046,
        2139.904761904762,
        2193.3809523809523,
        2167.5238095238096,
        2158.7619047619046
    ],
    "opt": 2279,