{
    "agg": 2173,
    "iters": [
        1,
        2,
        3,
        4,
        5,
        6,
        7,
        8,
        9,
        10,
        11,
        12,
        13,
        14,
        15,
        16,
        17,
        18,
        19,
        20,
        21,
        22,
        23,
        24,
        25,
        26,
        27,
        28,
        29,
        30,
        31,
        32,
        33,
        34,
        35,
        36,
        37,
        38,
        39,
        40,
        41,
        42,
        43,
        44,
        45,
        46,
        47,
        48,
        49,
        50,
        51,
        52,
        53,
        54,
        55,
        56,
        57,
        58,
        59,
        60,
        61,
        62,
        63,
        64,
        65,
        66,
        67,
        68,
        69,
        70,
        71,
        72,
        73,
        74,
        75,
        76,
        77,
        78,
        79,
        80,
        81,
        82,
        83,
        84,
        85,
        86,
        87,
        88,
        89,
        90,
        91,
        92,
        93,
        94,
        95,
        96,
        97,
        98,
        99,
        100,
        101,
        102,
        103,
        104,
        105,
        106,
        107,
        108,
        109,
        110,
        111,
        112,
        113,
        114,
        115,
        116,
        117,
        118,
        119,
        120,
        121,
        122,
        123,
        124
    ],
    "means": [
        2192.8,
        2171.9333333333334,
        2127.4,
        2179.8,
        2143.733333333333,
        2137.266666666667,
        2119.3333333333335,
        2134.4666666666667,
        2174.9333333333334,
        2191.9333333333334,
        2149.4666666666667,
        2169.733333333333,
        2148.866666666667,
        2143.0666666666666,
        2179.266666666667,
        2155.3333333333335,
        2131.9333333333334,
        2158.6666666666665,
        2145.133333333333,
        2168.5333333333333,
        2150.4666666666667,
        2106.4666666666667,
        2163.866666666667,
        2147.266666666667,
        2167.2,
        2122.0,
        2162.6,
        2154.0666666666666,
        2140.6666666666665,
        2181.6,
        2151.4666666666667,
        2141.6,
        2115.733333333333,
        2171.0666666666666,
        2161.9333333333334,
        2120.6,
        2152.866666666667,
        2143.0666666666666,
        2130.6666666666665,
        2137.133333333333,
        2155.8,
        2166.4,
        2152.6666666666665,
        2148.0666666666666,
        2152.4,
        2139.9333333333334,
        2148.6666666666665,
        2157.866666666667,
        2129.6666666666665,
        2150.5333333333333,
        2157.9333333333334,
        2105.5333333333333,
        2124.0,
        2177.8,
        2180.6666666666665,
        2104.4666666666667,
        2147.0666666666666,
        2189.2,
        2126.5333333333333,
        2188.3333333333335,
        2153.133333333333,
        2157.5333333333333,
        2151.6666666666665,
        2177.133333333333,
        2164.133333333333,
        2182.6666666666665,
        2135.0,
        2132.0,
        2164.8,
        2186.2,
        2147.733333333333,
        2139.2,
        2135.4666666666667,
        2182.9333333333334,
        2160.5333333333333,
        2160.6666666666665,
        2193.733333333333,
        2124.266666666667,
        2145.6666666666665,
        2204.733333333333,
        2136.0666666666666,
        2186.3333333333335,
        2148.8,
        2136.3333333333335,
        2157.4,
        2172.0666666666666,
        2163.9333333333334,
        2188.733333333333,
        2153.4666666666667,
        2182.4,
        2122.3333333333335,
        2160.6666666666665,
        2148.733333333333,
        2172.133333333333,
        2126.6666666666665,
        2121.0,
        2163.3333333333335,
        2151.133333333333,
        2174.6,
        2136.0,
        2149.0666666666666,
        2160.0666666666666,
        2111.9333333333334,
        2122.5333333333333,
        2165.133333333333,
        2153.6,
        2164.0,
        2169.0,
        2175.3333333333335,
        2166.9333333333334,
        2119.266666666667,
        2191.6666666666665,
        2178.733333333333,
        2161.3333333333335,
        2162.6666666666665,
        2142.8,
        2144.733333333333,
        2132.9333333333334,
        2107.133333333333,
        2169.0666666666666,
        2155.2,
        2175.866666666667,
        2179.4666666666667,
        2184.266666666667
    ],
    "opt": 2285,