{
    "agg": 2293,
    "iters": [
        1,
        2,
        3,
        4,
        5,
        6,
        7,
        8,
        9,
        10,
        11,
        12,
        13,
        14,
        15,
        16,
        17,
        18,
        19,
        20,
        21,
        22,
        23,
        24,
        25,
        26,
        27,
        28,
        29,
        30,
        31,
        32,
        33,
        34,
        35,
        36,
        37,
        38,
        39,
        40,
        41,
        42,
        43,
        44,
        45,
        46,
        47,
        48,
        49,
        50,
        51,
        52,
        53,
        54,
        55,
        56,
        57,
        58,
        59,
        60,
        61,
        62,
        63,
        64,
        65,
        66,
        67,
        68,
        69,
        70,
        71,
        72,
        73,
        74,
        75,
        76,
        77,
        78,
        79,
        80,
        81,
        82,
        83,
        84,
        85,
        86,
        87,
        88,
        89,
        90,
        91,
        92,
        93,
        94,
        95,
        96,
        97,
        98,
        99,
        100,
        101,
        102,
        103,
        104,
        105,
        106,
        107,
        108
    ],
    "means": [
        2114.7894736842104,
        2173.5789473684213,
        2119.8947368421054,
        2136.4210526315787,
        2151.0526315789475,
        2152.7368421052633,
        2129.8947368421054,
        2154.8947368421054,
        2143.4736842105262,
        2151.684210526316,
        2168.7894736842104,
        2177.7368421052633,
        2131.2631578947367,
        2139.842105263158,
        2193.7368421052633,
        2152.684210526316,
        2131.842105263158,
        2144.157894736842,
        2179.4736842105262,
        2115.842105263158,
        2134.0,
        2173.1052631578946,
        2177.6315789473683,
        2139.684210526316,
        2168.7368421052633,
        2121.2105263157896,
        2155.842105263158,
        2162.684210526316,
        2173.315789473684,
        2196.9473684210525,
        2146.9473684210525,
        2145.2105263157896,
        2162.9473684210525,
        2166.0,
        2199.315789473684,
        2159.315789473684,
        2167.2105263157896,
        2161.315789473684,
        2141.315789473684,
        2151.6315789473683,
        2180.9473684210525,
        2144.2105263157896,
        2138.4210526315787,
        2168.7368421052633,
        2136.8947368421054,
        2150.4736842105262,
        2141.8947368421054,
        2192.8947368421054,
        2153.8947368421054,
        2224.4736842105262,
        2161.8947368421054,
        2161.7368421052633,
        2138.9473684210525,
        2145.157894736842,
        2164.0,
        2160.157894736842,
        2156.7894736842104,
        2143.0526315789475,
        2158.7894736842104,
        2154.5263157894738,
        2158.6315789473683,
        2146.157894736842,
        2168.684210526316,
        2188.5263157894738,
        2156.5789473684213,
        2153.9473684210525,
        2159.684210526316,
        2120.2631578947367,
        2111.4210526315787,
        2167.5789473684213,
        2122.842105263158,
        2151.842105263158,
        2146.9473684210525,
        2172.5789473684213,
        2168.157894736842,
        2139.6315789473683,
        2162.157894736842,
        2174.315789473684,
        2184.684210526316,
        2150.684210526316,
        2168.3684210526317,
        2147.7368421052633,
        2153.9473684210525,
        2162.315789473684,
        2150.8947368421054,
        2135.4736842105262,
        2137.1052631578946,
        2155.315789473684,
        2150.0526315789475,
        2171.8947368421054,
        2151.842105263158,
        2138.2631578947367,
        2135.6315789473683,
        2132.0,
        2133.6315789473683,
        2112.4210526315787,
        2155.2105263157896,
        2153.5263157894738,
        2122.157894736842,
        2168.5263157894738,
        2168.2105263157896,
        2102.4736842105262,
        2133.3684210526317,
        2123.842105263158,
        2129.5263157894738,
        2149.4736842105262,
        2166.5789473684213,
        2142.3684210526317
    ],
    "opt": 2285,
    "stdevs": [
        75.85275136207437,
        78.09192679445754,
        70.26408436211588,
        96.33183645442165,
        70.66710221298207,
        94.846048168522,
        85.06214120885984,
        81.64228441119293,
        76.69239200657228,
        85.16859603570157,
        84.57857072591604,
        81.15601745388366,
        79.07680617120438,
        96.6400065124468,
        78.27807524276456,
        85.6934884411811,
        79.09771648703016,
        80.61165069111794,
        89.55525693292009,
        80.15462895514074,
        93.96751958438674,
        69.1793205615074,
        79.06507015464894,
        88.35398458925201,
        75.10963362786369,
        75.69508010666593,
        77.9272691666941,
        98.252120711854,
        82.14944829976449,
        72.82818546646587,
        88.57911936687807,
        84.15998483300369,
        71.07703284703119,
        91.0344064510487,
        81.97242966007981,
        72.14463005261973,
        78.53164226326288,
        86.05937523873848,
        83.00986157748713,
        83.92302897443446,
        71.86571811679902,
        85.43176960368858,
        75.73173970596454,
        92.64069931177694,
        95.3811714492751,
        81.55874113084167,
        76.43428187654659,
        71.77075693655834,
        92.11885613982456,
        56.40116499454938,
        82.1640814960445,
        98.50185256353686,
        84.44897162703798,
        80.01004092112092,
        67.09302261942389,
        82.96623483010215,
        80.28343143439304,
        95.17876459545427,
        76.93851198222372,
        91.82097479738702,
        85.07532917567248,
        85.55593009555349,
        85.76961345836754,
        66.88904278221754,
        93.3608256567658,
        95.66964743555405,
        83.09921313933563,
        82.89552213496034,
        84.84866763180179,
        90.05396965999637,
        79.43369506297275,
        81.2450893465955,
        95.09080075281538,
        79.77093243813728,
        83.45453420742574,
        79.88360646413913,
        76.85890227374941,
        71.66593012140571,
        85.6302041102068,
        69.06522670755672,
        99.77090100315125,
        72.60045099560018,
        77.90241782898082,
        102.84482569261884,
        95.72102817801878,
        71.2655289973259,
        79.08815516933394,
        82.41937216812111,
        84.02472924475116,
        77.33923545471744,
        83.10124652804694,
        92.93961939445198,
        75.65100655142513,
        101.86058583852943,
        86.07965131894491,
        88.2128501138454,
        80.82963171313406,
        87.6934663719101,
        82.69173137426215,
        84.39778521729399,
        76.27138454048799,
        84.53611400246122,
        88.05154622290154,
        86.2378981031662,
        70.01456120810467,
        78.18828046591169,
        86.73997183929356,
        93.65851214655785
    ]
}