{
    "agg": 2227,
    "iters": [
        1,
        2,
        3,
        4,
        5,
        6,
        7,
        8,
        9,
        10,
        11,
        12,
        13,
        14,
        15,
        16,
        17,
        18,
        19,
        20,
        21,
        22,
        23,
        24,
        25,
        26,
        27,
        28,
        29,
        30,
        31,
        32,
        33,
        34,
        35,
        36,
        37,
        38,
        39,
        40,
        41,
        42,
        43,
        44,
        45,
        46,
        47,
        48,
        49,
        50,
        51,
        52,
        53,
        54,
        55,
        56,
        57,
        58,
        59,
        60,
        61,
        62,
        63,
        64,
        65,
        66,
        67,
        68,
        69,
        70,
        71,
        72,
        73,
        74,
        75,
        76,
        77,
        78,
        79,
        80,
        81,
        82,
        83,
        84,
        85,
        86,
        87,
        88,
        89,
        90,
        91,
        92,
        93,
        94,
        95,
        96,
        97,
        98,
        99,
        100,
        101,
        102,
        103,
        104,
        105,
        106,
        107,
        108,
        109,
        110,
        111,
        112,
        113,
        114,
        115,
        116,
        117,
        118
    ],
    "means": [
        2154.151515151515,
        2121.6969696969695,
        2162.3333333333335,
        2145.030303030303,
        2170.2727272727275,
        2149.848484848485,
        2144.4545454545455,
        2148.151515151515,
        2150.121212121212,
        2149.5454545454545,
        2153.6969696969695,
        2140.939393939394,
        2146.878787878788,
        2155.6969696969695,
        2129.909090909091,
        2156.4545454545455,
        2180.5757575757575,
        2142.030303030303,
        2136.5454545454545,
        2158.878787878788,
        2146.030303030303,
        2133.6363636363635,
        2142.060606060606,
        2151.151515151515,
        2163.181818181818,
        2157.5757575757575,
        2176.090909090909,
        2155.6666666666665,
        2159.6060606060605,
        2144.878787878788,
        2143.121212121212,
        2113.5151515151515,
        2164.0,
        2177.848484848485,
        2159.787878787879,
        2137.818181818182,
        2143.242424242424,
        2157.121212121212,
        2155.030303030303,
        2138.030303030303,
        2167.4848484848485,
        2147.6060606060605,
        2141.181818181818,
        2131.939393939394,
        2166.0,
        2147.242424242424,
        2126.6666666666665,
        2139.181818181818,
        2161.6666666666665,
        2156.787878787879,
        2175.212121212121,
        2159.3939393939395,
        2132.848484848485,
        2149.242424242424,
        2175.151515151515,
        2149.090909090909,
        2177.6060606060605,
        2134.181818181818,
        2147.848484848485,
        2145.6666666666665,
        2155.969696969697,
        2150.3636363636365,
        2145.6969696969695,
        2158.878787878788,
        2148.6060606060605,
        2157.4545454545455,
        2130.030303030303,
        2184.787878787879,
        2152.6060606060605,
        2137.6363636363635,
        2130.6666666666665,
        2127.090909090909,
        2141.969696969697,
        2148.6060606060605,
        2127.848484848485,
        2151.212121212121,
        2142.030303030303,
        2148.909090909091,
        2148.030303030303,
        2149.5151515151515,
        2167.757575757576,
        2140.5757575757575,
        2170.7272727272725,
        2180.969696969697,
        2130.181818181818,
        2164.060606060606,
        2137.0,
        2153.181818181818,
        2143.4545454545455,
        2153.7272727272725,
        2157.121212121212,
        2172.5151515151515,
        2152.181818181818,
        2138.6666666666665,
        2189.5757575757575,
        2161.878787878788,
        2146.5151515151515,
        2144.060606060606,
        2138.4848484848485,
        2153.848484848485,
        2122.4848484848485,
        2142.242424242424,
        2152.242424242424,
        2170.4242424242425,
        2141.212121212121,
        2141.5151515151515,
        2150.6363636363635,
        2163.969696969697,
        2150.090909090909,
        2115.5757575757575,
        2134.030303030303,
        2160.6666666666665,
        2128.5757575757575,
        2143.969696969697,
        2138.6969696969695,
        2161.5151515151515,
        2151.242424242424,
        2152.4242424242425
    ],
    "opt": 2276,
    "stdevs": [
        94.44097762772299,
        80.2275116601587,
        80.67355342503652,
        78.33087740127533,
        95.6012148798402,
        93.70104660070747,
        84.36396290427922,
        81.02304992356457,
        91.61340300770392,
        83.52321067681179,
        71.76919439107935,
        80.59285606130074,
        94.11010881063173,
        81.82038156414399,
        92.67844822740732,
        83.56564862940989,
        84.93956150860778,
        90.10784274496086,
        90.52275485205645,
        75.40627639489225,
        79.28792366623125,
        87.3310726685727,
        91.42042056675515,
        86.08597577408904,
        90.13775805397673,
        84.10096036025384,
        74.97933599630154,
        93.56659163775858,
        96.64177507962994,
        92.0048607331741,
        93.92994087334536,
        82.84784198726447,
        100.2944150836411,
        76.83438356428921,
        90.13752374238794,
        82.06333642116316,
        88.49209185794952,
        81.43886257754771,
        85.19584740502138,
        83.56506622894263,
        87.79180648319696,
        84.98446895326848,
        81.57519473892916,
        91.83019223378169,
        94.14141522521349,
        70.86052467883238,
        86.80234135463435,
        85.33621723776952,
        90.777005053398,
        83.13652793639292,
        73.0519771685047,
        84.34918023130572,
        87.94251607765128,
        79.8236808119337,
        80.45029378710552,
        95.50483523737952,
        77.27281045747156,
        89.86200010772563,
        90.45511902767237,
        74.1148439990944,
        88.81048424611468,
        68.4100020074232,
        73.79434356596998,
        94.7544698156552,
        74.66285409392593,
        98.17704814450853,
        90.8800357609314,
        77.87587543192268,
        76.00396297241005,
        80.28049998403068,
        85.2584899057572,
        86.89853492378813,
        84.15227354226631,
        94.44188188604748,
        79.98375638580063,
        80.89602663792265,
        87.5876997205225,
        92.87801176204475,
        90.08934449099552,
        93.9158621552876,
        71.58975307708639,
        82.59504361937637,
        93.89074008857403,
        85.2545155112601,
        80.41952670516093,
        72.93456568980145,
        81.6036243996032,
        101.08725740079917,
        83.13081728438104,
        90.685361060889,
        90.88279417644817,
        74.55854775382136,
        100.07435252380029,
        92.7370563268083,
        84.09915875449622,
        88.70337275394157,
        93.12263703314757,
        90.62307532549795,
        93.4092076481858,
        73.20172262094665,
        82.44010542541052,
        86.39901455071794,
        83.53588606574851,
        85.85436234412896,
        95.94308842596521,
        86.99255322087134,
        80.42870668799874,
        79.16323176541326,
        90.88066222162017,
        88.40267043238906,
        86.14627618131948,
        88.18873241663317,
        85.23089150566432,
        95.06695721676185,
        93.02736151701424,
        79.81878005344022,
        93.05717704821942,
        75.88629065433732
    ]
}