{
    "agg": 2295,
    "iters": [
        1,
        2,
        3,
        4,
        5,
        6,
        7,
        8,
        9,
        10,
        11,
        12,
        13,
        14,
        15,
        16,
        17,
        18,
        19,
        20,
        21,
        22,
        23,
        24,
        25,
        26,
        27,
        28,
        29,
        30,
        31,
        32,
        33,
        34,
        35,
        36,
        37,
        38,
        39,
        40,
        41,
        42,
        43,
        44,
        45,
        46,
        47,
        48,
        49,
        50,
        51,
        52,
        53,
        54,
        55,
        56,
        57,
        58,
        59,
        60,
        61,
        62,
        63,
        64,
        65,
        66,
        67,
        68,
        69,
        70,
        71,
        72,
        73,
        74,
        75,
        76,
        77,
        78,
        79,
        80,
        81,
        82,
        83,
        84,
        85,
        86,
        87,
        88,
        89,
        90,
        91,
        92,
        93,
        94,
        95,
        96,
        97,
        98,
        99,
        100,
        101,
        102,
        103,
        104,
        105,
        106,
        107,
        108,
        109,
        110,
        111,
        112,
        113,
        114,
        115
    ],
    "means": [
        2140.5714285714284,
        2128.5102040816328,
        2167.4285714285716,
        2139.204081632653,
        2162.469387755102,
        2143.795918367347,
        2148.918367346939,
        2149.387755102041,
        2152.2448979591836,
        2164.5102040816328,
        2156.734693877551,
        2140.0204081632655,
        2149.816326530612,
        2153.8979591836733,
        2153.1632653061224,
        2150.714285714286,
        2136.0204081632655,
        2153.4897959183672,
        2157.0408163265306,
        2167.877551020408,
        2149.387755102041,
        2168.1428571428573,
        2142.122448979592,
        2172.081632653061,
        2129.4285714285716,
        2146.8367346938776,
        2140.204081632653,
        2157.0,
        2137.734693877551,
        2132.2244897959185,
        2159.9591836734694,
        2155.0408163265306,
        2144.795918367347,
        2169.8367346938776,
        2158.183673469388,
        2141.7551020408164,
        2150.0,
        2138.9795918367345,
        2140.673469387755,
        2146.387755102041,
        2165.877551020408,
        2144.9795918367345,
        2144.408163265306,
        2149.326530612245,
        2155.877551020408,
        2143.4489795918366,
        2144.714285714286,
        2170.795918367347,
        2164.6530612244896,
        2151.3061224489797,
        2142.5102040816328,
        2152.3469387755104,
        2138.387755102041,
        2154.1632653061224,
        2147.204081632653,
        2144.816326530612,
        2168.4897959183672,
        2146.8979591836733,
        2124.6530612244896,
        2100.061224489796,
        2163.183673469388,
        2162.265306122449,
        2145.714285714286,
        2139.877551020408,
        2127.081632653061,
        2175.7755102040815,
        2131.3061224489797,
        2144.877551020408,
        2146.469387755102,
        2158.1632653061224,
        2154.1020408163267,
        2156.6326530612246,
        2154.4489795918366,
        2177.285714285714,
        2150.285714285714,
        2132.877551020408,
        2142.6326530612246,
        2148.591836734694,
        2157.591836734694,
        2166.9795918367345,
        2152.061224489796,
        2146.5510204081634,
        2148.6530612244896,
        2140.0408163265306,
        2156.5714285714284,
        2136.5714285714284,
        2138.061224489796,
        2127.6530612244896,
        2147.918367346939,
        2163.8979591836733,
        2144.8367346938776,
        2149.4489795918366,
        2145.183673469388,
        2135.122448979592,
        2162.1428571428573,
        2146.612244897959,
        2154.3061224489797,
        2143.816326530612,
        2156.326530612245,
        2143.3673469387754,
        2165.081632653061,
        2123.9591836734694,
        2178.1632653061224,
        2134.0408163265306,
        2147.877551020408,
        2131.4285714285716,
        2154.3061224489797,
        2144.183673469388,
        2158.8571428571427,
        2149.3469387755104,
        2133.0,
        2184.0204081632655,
        2139.9795918367345,
        2178.877551020408,
        2158.8571428571427
    ],
    "opt": 2221,
    "stdevs": [
        91.41227533341818,
        74.12788796011753,
        87.59787528874224,
        90.20271492177295,
        82.56131970765762,
        85.52072898064593,
        85.45767223762428,
        88.23410796991233,
        79.56143323019421,
        82.6339660482075,
        94.92183153762525,
        86.47861356378833,
        89.92370314052698,
        94.41900640943683,
        86.44931201878619,
        78.47500577006824,
        82.49093699036088,
        84.83985452772112,
        85.3633193661725,
        74.71377564782495,
        85.04880143525057,
        97.35984169825977,
        78.37316092378929,
        75.37195839050594,
        80.89120938088415,
        83.30135774153189,
        83.69940862245348,
        84.73656657126081,
        76.95447249608814,
        78.17673992663047,
        88.54238214588709,
        93.01611867857898,
        78.52881431180421,
        88.11155891157286,
        87.09147746898151,
        91.39408515051612,
        88.90696811606972,
        94.43267546644948,
        87.29901412705178,
        77.51018796143883,
        95.09536194468295,
        82.84026670399187,
        79.76442825591964,
        83.71316131743723,
        84.69022367333336,
        86.68216896989895,
        80.39367423586795,
        73.82715047057945,
        81.98072222882351,
        76.8988745125124,
        80.31725929571226,
        97.35136258292101,
        80.6812362998907,
        84.98123368799546,
        91.47520676515593,
        90.7217485050401,
        86.88254385369342,
        87.5489938398248,
        82.83436904275024,
        81.06772380792854,
        93.46868371537718,
        90.87236519161661,
        90.18620194025338,
        89.39995723257462,
        84.73460048754242,
        86.246979315604,
        91.04925872040928,
        87.50221750031189,
        82.30235497432035,
        86.26024859283075,
        96.16827193231306,
        83.41357347518473,
        89.68085392202316,
        87.12599368449237,
        88.66722929594907,
        85.70324515872893,
        97.26687333343921,
        73.49050150129689,
        87.52373867311819,
        87.19728740302446,
        81.9214178377147,
        82.89901927597185,
        89.8657845084701,
        75.86614398672997,
        87.75057415941005,
        92.6470149964644,
        83.2047899335632,
        84.20445259941827,
        88.6321995975374,
        84.48916000943774,
        86.86168854147698,
        81.49422446657032,
        89.32848654799096,
        84.02007356191399,
        95.5869088466467,
        87.66350701578948,
        80.19216819656792,
        82.50260935128615,
        86.55808189316913,
        86.92706158509218,
        88.98402441683606,
        77.44094766235635,
        87.47439204022606,
        89.75043838985047,
        89.02983509397085,
        87.54613943865398,
        92.18729915655912,
        80.37683529358286,
        88.22073429292954,
        91.18036644652611,
        89.55171804092667,
        87.33713467770141,
        88.53074867557538,
        76.22700594158756,
        84.43884394842777
    ]
}