{
    "agg": 2112,
    "iters": [
        1,
        2,
        3,
        4,
        5,
        6,
        7,
        8,
        9,
        10,
        11,
        12,
        13,
        14,
        15,
        16,
        17,
        18,
        19,
        20,
        21,
        22,
        23,
        24,
        25,
        26,
        27,
        28,
        29,
        30,
        31,
        32,
        33,
        34,
        35,
        36,
        37,
        38,
        39,
        40,
        41,
        42,
        43,
        44,
        45,
        46,
        47,
        48,
        49,
        50,
        51,
        52,
        53,
        54,
        55,
        56,
        57,
        58,
        59,
        60,
        61,
        62,
        63,
        64,
        65,
        66,
        67,
        68,
        69,
        70,
        71,
        72,
        73,
        74,
        75,
        76,
        77,
        78,
        79,
        80,
        81,
        82,
        83,
        84,
        85,
        86,
        87,
        88,
        89,
        90,
        91,
        92,
        93,
        94,
        95,
        96,
        97,
        98,
        99,
        100,
        101,
        102,
        103,
        104,
        105,
        106,
        107,
        108,
        109,
        110,
        111,
        112,
        113,
        114,
        115,
        116,
        117,
        118,
        119,
        120,
        121,
        122,
        123,
        124,
        125,
        126,
        127,
        128,
        129,
        130,
        131,
        132,
        133,
        134,
        135,
        136,
        137,
        138,
        139,
        140
    ],
    "means": [
        2155.78125,
        2172.09375,
        2165.34375,
        2140.71875,
        2128.875,
        2178.8125,
        2176.125,
        2151.78125,
        2169.5,
        2158.5625,
        2165.9375,
        2145.6875,
        2139.84375,
        2139.21875,
        2152.34375,
        2140.09375,
        2167.9375,
        2155.0,
        2159.0,
        2154.375,
        2140.34375,
        2147.8125,
        2138.15625,
        2136.65625,
        2144.59375,
        2161.40625,
        2181.625,
        2183.28125,
        2125.8125,
        2148.96875,
        2123.84375,
        2147.25,
        2153.78125,
        2146.5,
        2160.53125,
        2159.125,
        2137.65625,
        2154.84375,
        2151.8125,
        2143.34375,
        2137.75,
        2130.25,
        2168.46875,
        2186.09375,
        2143.9375,
        2187.84375,
        2155.8125,
        2155.625,
        2151.09375,
        2173.78125,
        2155.3125,
        2140.40625,
        2127.40625,
        2148.71875,
        2149.0625,
        2156.5,
        2136.6875,
        2172.40625,
        2150.0625,
        2173.5625,
        2152.5625,
        2138.15625,
        2154.46875,
        2141.3125,
        2158.96875,
        2163.375,
        2139.84375,
        2127.125,
        2175.53125,
        2150.15625,
        2143.96875,
        2168.0,
        2151.9375,
        2171.71875,
        2135.65625,
        2182.96875,
        2144.25,
        2151.46875,
        2128.3125,
        2160.375,
        2181.84375,
        2166.5625,
        2137.84375,
        2142.875,
        2126.0,
        2133.53125,
        2134.8125,
        2124.65625,
        2150.125,
        2128.5625,
        2143.65625,
        2145.65625,
        2150.90625,
        2151.65625,
        2174.5,
        2129.21875,
        2174.3125,
        2112.75,
        2158.375,
        2149.84375,
        2151.71875,
        2170.0625,
        2133.8125,
        2168.25,
        2148.28125,
        2140.15625,
        2156.71875,
        2135.90625,
        2134.875,
        2131.125,
        2137.96875,
        2123.46875,
        2144.5625,
        2126.15625,
        2124.4375,
        2167.40625,
        2135.1875,
        2156.90625,
        2148.15625,
        2163.21875,
        2147.59375,
        2127.40625,
        2168.8125,
        2157.84375,
        2112.375,
        2153.53125,
        2140.28125,
        2171.5,
        2167.4375,
        2123.28125,
        2153.625,
        2174.625,
        2156.53125,
        2169.75,
        2126.6875,
        2163.90625,
        2148.6875,
        2159.90625,
        2169.8125,
        2148.90625
    ],
    "opt": 2230,