{
    "agg": 2147,
    "iters": [
        1,
        2,
        3,
        4,
        5,
        6,
        7,
        8,
        9,
        10,
        11,
        12,
        13,
        14,
        15,
        16,
        17,
        18,
        19,
        20,
        21,
        22,
        23,
        24,
        25,
        26,
        27,
        28,
        29,
        30,
        31,
        32,
        33,
        34,
        35,
        36,
        37,
        38,
        39,
        40,
        41,
        42,
        43,
        44,
        45,
        46,
        47,
        48,
        49,
        50,
        51,
        52,
        53,
        54,
        55,
        56,
        57,
        58,
        59,
        60,
        61,
        62,
        63,
        64,
        65,
        66,
        67,
        68,
        69,
        70,
        71,
        72,
        73,
        74,
        75,
        76,
        77,
        78,
        79,
        80,
        81,
        82,
        83,
        84,
        85,
        86,
        87,
        88,
        89,
        90,
        91,
        92,
        93,
        94,
        95,
        96,
        97,
        98,
        99,
        100,
        101,
        102,
        103,
        104,
        105,
        106,
        107,
        108
    ],
    "means": [
        2141.595744680851,
        2146.978723404255,
        2142.3617021276596,
        2152.7659574468084,
        2181.0425531914893,
        2163.68085106383,
        2154.553191489362,
        2147.7021276595747,
        2136.255319148936,
        2166.4893617021276,
        2148.851063829787,
        2150.425531914894,
        2164.6382978723404,
        2168.808510638298,
        2126.255319148936,
        2151.7021276595747,
        2121.3617021276596,
        2128.8936170212764,
        2163.7021276595747,
        2137.872340425532,
        2127.8936170212764,
        2138.744680851064,
        2146.7021276595747,
        2160.446808510638,
        2165.808510638298,
        2123.531914893617,
        2156.468085106383,
        2137.531914893617,
        2127.574468085106,
        2140.404255319149,
        2131.468085106383,
        2156.0851063829787,
        2153.723404255319,
        2160.872340425532,
        2157.2978723404253,
        2170.872340425532,
        2161.4893617021276,
        2159.659574468085,
        2155.6170212765956,
        2149.0851063829787,
        2109.9148936170213,
        2139.148936170213,
        2137.978723404255,
        2162.31914893617,
        2159.255319148936,
        2177.425531914894,
        2163.872340425532,
        2135.872340425532,
        2166.0851063829787,
        2154.340425531915,
        2158.021276595745,
        2153.425531914894,
        2145.744680851064,
        2156.021276595745,
        2132.127659574468,
        2151.978723404255,
        2136.340425531915,
        2137.7872340425533,
        2147.2127659574467,
        2124.404255319149,
        2159.468085106383,
        2172.191489361702,
        2164.872340425532,
        2158.6382978723404,
        2159.31914893617,
        2138.723404255319,
        2135.4893617021276,
        2157.8297872340427,
        2140.574468085106,
        2127.0851063829787,
        2145.5106382978724,
        2145.68085106383,
        2152.659574468085,
        2157.0,
        2163.2978723404253,
        2132.2340425531916,
        2151.5106382978724,
        2148.2127659574467,
        2157.8297872340427,
        2155.063829787234,
        2137.0,
        2164.063829787234,
        2140.6382978723404,
        2159.723404255319,
        2150.3617021276596,
        2132.6382978723404,
        2142.4893617021276,
        2151.276595744681,
        2152.68085106383,
        2147.0851063829787,
        2168.5106382978724,
        2162.6382978723404,
        2168.340425531915,
        2155.8297872340427,
        2175.723404255319,
        2157.127659574468,
        2154.0425531914893,
        2144.872340425532,
        2145.6382978723404,
        2164.425531914894,
        2164.872340425532,
        2147.021276595745,
        2153.7872340425533,
        2151.8297872340427,
        2147.3829787234044,
        2161.68085106383,
        2134.595744680851,
        2136.31914893617
    ],
    "opt": 2217,
    "stdevs": [
        84.80958887337553,
        73.84558050467497,
        84.6053228877034,
        91.02471321335022,
        75.04975865605616,
        92.99304627011011,
        92.70332650522066,
        86.60841561330824,
        86.73325899784642,
        78.4181026485392,
        81.96132422722947,
        79.2219464222499,
        71.39355282052297,
        85.05158342125473,
        96.3350686428886,
        87.89861541126655,
        80.36205983505245,
        78.98349788393134,
        73.38035997128672,
        86.3968126434531,
        76.53819350912693,
        89.17505330125194,
        91.97800729120141,
        86.55260570106589,
        80.54855501374979,
        89.90748224935614,
        91.76910226419203,
        80.80021357245572,
        90.64209361745438,
        78.38629373635449,
        82.4393654842125,
        92.44039592871057,
        81.82433236595611,
        86.1153647350958,
        93.30980539421947,
        70.11984179724983,
        92.1808750046009,
        88.7480959569789,
        84.64306865879963,
        94.79627198595676,
        76.18729155969154,
        81.47470008651406,
        83.64298227273277,
        83.95138065671884,
        82.53805520372428,
        84.71874486263384,
        85.41578333925516,
        86.25065328677081,
        82.68186396812787,
        94.2773808290681,
        81.17370116036616,
        81.01503529509819,
        94.333150709443,
        92.04543035607001,
        89.93913237751562,
        87.94328185769632,
        89.62410309251676,
        81.0893744305687,
        91.63849794227006,
        89.1254577319792,
        87.6826606658327,
        87.19546111012508,
        76.89412921210803,
        82.2402876712606,
        75.44763052917686,
        82.2879485314674,
        90.41108770744681,
        79.1452527168516,
        80.71798678531638,
        84.53749760659129,
        87.57340321499677,
        92.8327497198714,
        94.76292402639172,
        80.28592521254296,
        82.23420494878134,
        94.1047883028813,
        94.60958350548816,
        90.24197640297689,
        86.69519095080929,
        87.71797269812441,
        91.77701932725721,
        85.12704004624418,
        83.49886622543175,
        101.87616640818433,
        92.53830156576913,
        90.24940042988554,
        84.79308290245858,
        92.61030275107133,
        78.54558410410105,
        90.53407252973032,
        93.16169250639668,
        72.77491546203964,
        86.84230672959347,
        92.7511700101546,
        84.17527360385226,
        78.45465339419492,
        86.82189091708025,
        87.39872364355448,
        85.40801335963114,
        87.37805963494571,
        95.62751696507334,
        92.57831402740892,
        78.87208501413627,
        77.22316903705094,
        86.38719201547586,
        88.60169211749965,
        91.69831655209381,
        78.0829091232392
    ]
}