{
    "agg": 2142,
    "iters": [
        1,
        2,
        3,
        4,
        5,
        6,
        7,
        8,
        9,
        10,
        11,
        12,
        13,
        14,
        15,
        16,
        17,
        18,
        19,
        20,
        21,
        22,
        23,
        24,
        25,
        26,
        27,
        28,
        29,
        30,
        31,
        32,
        33,
        34,
        35,
        36,
        37,
        38,
        39,
        40,
        41,
        42,
        43,
        44,
        45,
        46,
        47,
        48,
        49,
        50,
        51,
        52,
        53,
        54,
        55,
        56,
        57,
        58,
        59,
        60,
        61,
        62,
        63,
        64,
        65,
        66,
        67,
        68,
        69,
        70,
        71,
        72,
        73,
        74,
        75,
        76,
        77,
        78,
        79,
        80,
        81,
        82,
        83,
        84,
        85,
        86,
        87,
        88,
        89,
        90,
        91,
        92,
        93,
        94,
        95,
        96,
        97,
        98,
        99,
        100,
        101,
        102,
        103,
        104,
        105,
        106,
        107,
        108,
        109,
        110,
        111,
        112,
        113,
        114,
        115,
        116,
        117,
        118,
        119,
        120,
        121,
        122,
        123,
        124,
        125,
        126,
        127,
        128,
        129,
        130,
        131,
        132,
        133,
        134,
        135,
        136,
        137,
        138,
        139,
        140,
        141
    ],
    "means": [
        2141.4615384615386,
        2175.1153846153848,
        2150.6153846153848,
        2142.8846153846152,
        2133.423076923077,
        2136.076923076923,
        2147.153846153846,
        2167.230769230769,
        2138.1923076923076,
        2148.0384615384614,
        2156.3846153846152,
        2170.5384615384614,
        2129.076923076923,
        2196.269230769231,
        2149.153846153846,
        2135.9615384615386,
        2164.423076923077,
        2184.8076923076924,
        2149.153846153846,
        2130.153846153846,
        2159.3076923076924,
        2165.6923076923076,
        2180.769230769231,
        2150.0,
        2120.3076923076924,
        2170.076923076923,
        2158.730769230769,
        2139.269230769231,
        2153.8076923076924,
        2185.576923076923,
        2146.230769230769,
        2146.846153846154,
        2148.346153846154,
        2108.423076923077,
        2133.8076923076924,
        2149.730769230769,
        2153.3846153846152,
        2151.730769230769,
        2155.1153846153848,
        2127.423076923077,
        2172.1153846153848,
        2114.8076923076924,
        2141.1923076923076,
        2184.576923076923,
        2152.653846153846,
        2174.153846153846,
        2144.576923076923,
        2138.1923076923076,
        2118.1153846153848,
        2121.923076923077,
        2170.5,
        2132.846153846154,
        2149.269230769231,
        2148.9615384615386,
        2142.769230769231,
        2157.6153846153848,
        2144.0384615384614,
        2124.653846153846,
        2142.9615384615386,
        2099.846153846154,
        2142.769230769231,
        2118.769230769231,
        2104.846153846154,
        2170.076923076923,
        2151.5384615384614,
        2134.4615384615386,
        2183.6153846153848,
        2209.230769230769,
        2164.1923076923076,
        2158.3076923076924,
        2140.5384615384614,
        2165.769230769231,
        2137.730769230769,
        2167.076923076923,
        2144.730769230769,
        2161.730769230769,
        2160.4615384615386,
        2189.5384615384614,
        2161.8846153846152,
        2147.576923076923,
        2164.9615384615386,
        2175.076923076923,
        2159.5384615384614,
        2150.423076923077,
        2150.230769230769,
        2176.269230769231,
        2170.6153846153848,
        2142.0,
        2158.8076923076924,
        2159.576923076923,
        2166.8846153846152,
        2158.1153846153848,
        2130.653846153846,
        2216.5384615384614,
        2165.230769230769,
        2178.346153846154,
        2152.769230769231,
        2131.6153846153848,
        2165.576923076923,
        2161.8076923076924,
        2178.730769230769,
        2152.153846153846,
        2150.6923076923076,
        2132.423076923077,
        2147.6923076923076,
        2149.4615384615386,
        2153.4615384615386,
        2103.9615384615386,
        2165.346153846154,
        2153.6923076923076,
        2119.5384615384614,
        2125.5,
        2126.423076923077,
        2149.846153846154,
        2123.653846153846,
        2147.1153846153848,
        2132.6153846153848,
        2144.1923076923076,
        2155.1923076923076,
        2162.3076923076924,
        2145.3076923076924,
        2151.076923076923,
        2130.269230769231,
        2145.076923076923,
        2164.3846153846152,
        2147.769230769231,
        2137.153846153846,
        2140.8846153846152,
        2177.230769230769,
        2185.4615384615386,
        2178.576923076923,
        2137.0,
        2166.076923076923,
        2156.346153846154,
        2151.653846153846,
        2152.730769230769,
        2148.5,
        2166.1153846153848,
        2140.846153846154,
        2163.346153846154,
        2155.5384615384614
    ],
    "opt": 2231,