{
    "agg": 2299,
    "iters": [
        1,
        2,
        3,
        4,
        5,
        6,
        7,
        8,
        9,
        10,
        11,
        12,
        13,
        14,
        15,
        16,
        17,
        18,
        19,
        20,
        21,
        22,
        23,
        24,
        25,
        26,
        27,
        28,
        29,
        30,
        31,
        32,
        33,
        34,
        35,
        36,
        37,
        38,
        39,
        40,
        41,
        42,
        43,
        44,
        45,
        46,
        47,
        48,
        49,
        50,
        51,
        52,
        53,
        54,
        55,
        56,
        57,
        58,
        59,
        60,
        61,
        62,
        63,
        64,
        65,
        66,
        67,
        68,
        69,
        70,
        71,
        72,
        73,
        74,
        75,
        76,
        77,
        78,
        79,
        80,
        81,
        82,
        83,
        84,
        85,
        86,
        87,
        88,
        89,
        90,
        91,
        92,
        93,
        94,
        95,
        96,
        97,
        98,
        99,
        100,
        101,
        102,
        103,
        104,
        105,
        106,
        107,
        108,
        109,
        110,
        111,
        112,
        113,
        114,
        115,
        116,
        117,
        118,
        119,
        120,
        121,
        122,
        123,
        124,
        125,
        126,
        127,
        128,
        129,
        130,
        131,
        132,
        133
    ],
    "means": [
        2161.5,
        2128.5,
        2151.8333333333335,
        2125.4166666666665,
        2177.6666666666665,
        2154.6666666666665,
        2161.5416666666665,
        2169.1666666666665,
        2157.6666666666665,
        2164.3333333333335,
        2179.625,
        2177.875,
        2146.9166666666665,
        2136.0,
        2143.625,
        2135.25,
        2140.8333333333335,
        2192.9166666666665,
        2167.7083333333335,
        2156.0416666666665,
        2142.1666666666665,
        2163.0833333333335,
        2167.4166666666665,
        2144.25,
        2146.4583333333335,
        2156.875,
        2167.25,
        2181.0416666666665,
        2177.0416666666665,
        2158.25,
        2163.7083333333335,
        2127.8333333333335,
        2152.0,
        2143.5833333333335,
        2125.875,
        2152.25,
        2132.25,
        2165.5416666666665,
        2140.2916666666665,
        2109.25,
        2157.6666666666665,
        2116.125,
        2172.25,
        2141.7083333333335,
        2134.75,
        2120.625,
        2163.0833333333335,
        2137.1666666666665,
        2196.6666666666665,
        2164.0,
        2137.8333333333335,
        2158.7916666666665,
        2137.875,
        2115.2916666666665,
        2116.625,
        2131.5833333333335,
        2184.4166666666665,
        2165.7083333333335,
        2144.875,
        2116.9583333333335,
        2152.5416666666665,
        2151.875,
        2146.0416666666665,
        2117.7916666666665,
        2143.75,
        2185.75,
        2121.2083333333335,
        2134.9583333333335,
        2150.375,
        2149.9583333333335,
        2169.9166666666665,
        2148.125,
        2159.1666666666665,
        2151.2916666666665,
        2176.375,
        2155.1666666666665,
        2154.8333333333335,
        2118.0,
        2140.125,
        2158.875,
        2147.5833333333335,
        2159.75,
        2181.7916666666665,
        2175.2083333333335,
        2113.8333333333335,
        2133.375,
        2139.375,
        2162.8333333333335,
        2157.5833333333335,
        2133.4166666666665,
        2135.875,
        2112.9166666666665,
        2169.0,
        2158.0,
        2129.2916666666665,
        2177.7083333333335,
        2183.5833333333335,
        2138.1666666666665,
        2125.375,
        2121.0416666666665,
        2181.4166666666665,
        2133.9583333333335,
        2133.3333333333335,
        2153.625,
        2135.5,
        2147.0833333333335,
        2172.4583333333335,
        2141.0833333333335,
        2134.5416666666665,
        2154.375,
        2149.5,
        2164.3333333333335,
        2119.1666666666665,
        2142.0416666666665,
        2186.1666666666665,
        2120.75,
        2137.0833333333335,
        2154.0416666666665,
        2143.7916666666665,
        2121.2916666666665,
        2125.7916666666665,
        2104.625,
        2152.9166666666665,
        2169.1666666666665,
        2157.125,
        2147.8333333333335,
        2154.0,
        2143.5,
        2169.0,
        2185.0833333333335,
        2150.5,
        2119.125,
        2170.625
    ],
    "opt": 2276,