{
    "agg": 2225,
    "iters": [
        1,
        2,
        3,
        4,
        5,
        6,
        7,
        8,
        9,
        10,
        11,
        12,
        13,
        14,
        15,
        16,
        17,
        18,
        19,
        20,
        21,
        22,
        23,
        24,
        25,
        26,
        27,
        28,
        29,
        30,
        31,
        32,
        33,
        34,
        35,
        36,
        37,
        38,
        39,
        40,
        41,
        42,
        43,
        44,
        45,
        46,
        47,
        48,
        49,
        50,
        51,
        52,
        53,
        54,
        55,
        56,
        57,
        58,
        59,
        60,
        61,
        62,
        63,
        64,
        65,
        66,
        67,
        68,
        69,
        70,
        71,
        72,
        73,
        74,
        75,
        76,
        77,
        78,
        79,
        80,
        81,
        82,
        83,
        84,
        85,
        86,
        87,
        88,
        89,
        90,
        91,
        92,
        93,
        94,
        95,
        96,
        97,
        98,
        99,
        100,
        101,
        102,
        103,
        104,
        105,
        106,
        107,
        108,
        109,
        110,
        111,
        112,
        113,
        114,
        115,
        116,
        117,
        118,
        119,
        120,
        121,
        122,
        123,
        124,
        125,
        126,
        127,
        128,
        129,
        130,
        131,
        132,
        133,
        134,
        135,
        136,
        137,
        138,
        139,
        140,
        141,
        142
    ],
    "means": [
        2131.8823529411766,
        2153.9411764705883,
        2153.764705882353,
        2108.0588235294117,
        2143.470588235294,
        2124.235294117647,
        2181.1176470588234,
        2173.5882352941176,
        2150.1176470588234,
        2131.294117647059,
        2144.294117647059,
        2133.0588235294117,
        2144.5882352941176,
        2178.176470588235,
        2126.529411764706,
        2208.5882352941176,
        2099.8823529411766,
        2138.294117647059,
        2135.5882352941176,
        2172.0588235294117,
        2162.9411764705883,
        2184.0588235294117,
        2131.4117647058824,
        2143.9411764705883,
        2117.294117647059,
        2126.4117647058824,
        2155.8823529411766,
        2162.0588235294117,
        2152.6470588235293,
        2153.529411764706,
        2176.176470588235,
        2181.5882352941176,
        2160.764705882353,
        2148.3529411764707,
        2160.235294117647,
        2143.3529411764707,
        2158.5882352941176,
        2140.0,
        2148.529411764706,
        2140.823529411765,
        2161.9411764705883,
        2122.470588235294,
        2168.764705882353,
        2164.0588235294117,
        2186.823529411765,
        2155.1176470588234,
        2185.8823529411766,
        2158.1176470588234,
        2141.6470588235293,
        2165.529411764706,
        2168.705882352941,
        2143.5882352941176,
        2160.0588235294117,
        2145.235294117647,
        2126.4117647058824,
        2155.764705882353,
        2144.3529411764707,
        2180.764705882353,
        2152.1176470588234,
        2134.8823529411766,
        2182.3529411764707,
        2174.294117647059,
        2135.4117647058824,
        2169.235294117647,
        2151.1176470588234,
        2160.1176470588234,
        2112.1176470588234,
        2149.4117647058824,
        2155.705882352941,
        2134.9411764705883,
        2119.294117647059,
        2130.0,
        2165.764705882353,
        2160.9411764705883,
        2149.176470588235,
        2146.764705882353,
        2153.235294117647,
        2132.9411764705883,
        2178.3529411764707,
        2135.5882352941176,
        2097.0,
        2178.176470588235,
        2162.235294117647,
        2127.235294117647,
        2135.705882352941,
        2127.9411764705883,
        2161.4117647058824,
        2143.764705882353,
        2137.176470588235,
        2149.294117647059,
        2140.529411764706,
        2139.764705882353,
        2137.9411764705883,
        2147.0,
        2127.176470588235,
        2151.470588235294,
        2117.9411764705883,
        2165.235294117647,
        2116.0588235294117,
        2203.5882352941176,
        2143.3529411764707,
        2171.4117647058824,
        2144.6470588235293,
        2156.4117647058824,
        2121.8823529411766,
        2152.3529411764707,
        2147.3529411764707,
        2187.176470588235,
        2135.5882352941176,
        2143.6470588235293,
        2117.5882352941176,
        2135.764705882353,
        2166.0588235294117,
        2160.294117647059,
        2110.0,
        2141.470588235294,
        2134.529411764706,
        2136.5882352941176,
        2180.705882352941,
        2116.6470588235293,
        2201.5882352941176,
        2129.764705882353,
        2138.470588235294,
        2138.529411764706,
        2173.470588235294,
        2156.705882352941,
        2122.1176470588234,
        2160.0,
        2147.529411764706,
        2143.8823529411766,
        2161.294117647059,
        2190.1176470588234,
        2109.0588235294117,
        2146.0588235294117,
        2119.176470588235,
        2127.529411764706,
        2143.0588235294117,
        2142.6470588235293,
        2146.6470588235293,
        2116.6470588235293,
        2168.529411764706,
        2135.5882352941176
    ],
    "opt": 2215,