{
    "agg": 2138,
    "iters": [
        1,
        2,
        3,
        4,
        5,
        6,
        7,
        8,
        9,
        10,
        11,
        12,
        13,
        14,
        15,
        16,
        17,
        18,
        19,
        20,
        21,
        22,
        23,
        24,
        25,
        26,
        27,
        28,
        29,
        30,
        31,
        32,
        33,
        34,
        35,
        36,
        37,
        38,
        39,
        40,
        41,
        42,
        43,
        44,
        45,
        46,
        47,
        48,
        49,
        50,
        51,
        52,
        53,
        54,
        55,
        56,
        57,
        58,
        59,
        60,
        61,
        62,
        63,
        64,
        65,
        66,
        67,
        68,
        69,
        70,
        71,
        72,
        73,
        74,
        75,
        76,
        77,
        78,
        79,
        80,
        81,
        82,
        83,
        84,
        85,
        86,
        87,
        88,
        89,
        90,
        91,
        92,
        93,
        94,
        95,
        96,
        97,
        98,
        99,
        100,
        101,
        102
    ],
    "means": [
        2154.4883720930234,
        2185.6279069767443,
        2163.0697674418607,
        2139.3720930232557,
        2151.6976744186045,
        2128.6976744186045,
        2133.6976744186045,
        2146.6279069767443,
        2140.1162790697676,
        2157.232558139535,
        2161.5581395348836,
        2175.4186046511627,
        2143.186046511628,
        2146.0232558139537,
        2139.4651162790697,
        2156.953488372093,
        2147.5348837209303,
        2121.5116279069766,
        2137.6511627906975,
        2172.3255813953488,
        2172.5581395348836,
        2139.093023255814,
        2158.139534883721,
        2155.953488372093,
        2134.0232558139537,
        2144.5581395348836,
        2163.0232558139537,
        2152.9767441860463,
        2146.7441860465115,
        2157.279069767442,
        2154.3023255813955,
        2136.813953488372,
        2163.4883720930234,
        2143.6046511627906,
        2161.3953488372094,
        2158.9767441860463,
        2146.720930232558,
        2159.4186046511627,
        2169.279069767442,
        2139.6511627906975,
        2148.6976744186045,
        2144.5813953488373,
        2145.279069767442,
        2149.232558139535,
        2132.9767441860463,
        2151.6511627906975,
        2141.3255813953488,
        2162.3720930232557,
        2140.2558139534885,
        2149.8837209302324,
        2155.9767441860463,
        2170.5348837209303,
        2150.3953488372094,
        2141.3255813953488,
        2154.7906976744184,
        2152.279069767442,
        2140.0697674418607,
        2147.093023255814,
        2154.5116279069766,
        2149.4418604651164,
        2156.186046511628,
        2138.2558139534885,
        2176.0,
        2138.5348837209303,
        2152.3953488372094,
        2164.906976744186,
        2125.3023255813955,
        2121.953488372093,
        2148.3488372093025,
        2161.5813953488373,
        2136.2093023255816,
        2148.3720930232557,
        2126.8837209302324,
        2178.139534883721,
        2160.046511627907,
        2162.4651162790697,
        2140.953488372093,
        2137.8372093023254,
        2182.953488372093,
        2135.186046511628,
        2151.139534883721,
        2144.3953488372094,
        2127.8837209302324,
        2158.9767441860463,
        2159.139534883721,
        2140.767441860465,
        2162.3023255813955,
        2147.2558139534885,
        2139.767441860465,
        2143.9302325581393,
        2165.232558139535,
        2136.860465116279,
        2143.8372093023254,
        2144.5581395348836,
        2141.9767441860463,
        2138.7906976744184,
        2145.4651162790697,
        2149.7906976744184,
        2156.6279069767443,
        2150.3255813953488,
        2149.7441860465115,
        2116.279069767442
    ],
    "opt": 2275,
    "stdevs": [
        87.78153964246174,
        81.83449640949712,
        87.57306460397491,
        83.61429255142369,
        71.08217808356254,
        77.11288460001906,
        80.05653086492417,
        76.52876743066273,
        92.7580521928948,
        87.64007716800609,
        74.03497046904674,
        82.76479213202708,
        83.77329757563272,
        88.49950423513565,
        75.77732029768609,
        81.8117389337627,
        84.71219369057917,
        81.93882349060388,
        84.36875970954524,
        75.0942728222898,
        90.0414122619146,
        88.18474633522945,
        94.85327258831873,
        76.4165309914124,
        92.87563286512427,
        90.358537086684,
        90.4293347064225,
        89.82993968504198,
        91.11278291427602,
        75.54001729605413,
        78.06572510681072,
        90.05767036375454,
        77.96909706640137,
        86.81178237867273,
        93.81380359951592,
        95.53435723683648,
        89.34420650687973,
        90.16425129732121,
        89.04984900850194,
        86.0640334139943,
        80.9146937769048,
        97.86826279836218,
        74.22415001632753,
        84.17888958400115,
        95.44448974119886,
        92.67344109665093,
        87.94282522402217,
        92.23504435542469,
        81.53558019840767,
        85.0841469403865,
        86.73468992226411,
        85.6470173083902,
        86.9814574024548,
        97.58329082336687,
        82.58654604646777,
        79.82082422858096,
        76.40053431836694,
        81.00784169721669,
        81.21472317345308,
        91.996790218421,
        88.94896781339064,
        77.81973595051096,
        89.50431976063476,
        88.58115418162754,
        86.28566388641958,
        84.79079972949248,
        93.3300058640932,
        87.71941353592757,
        76.77901957882196,
        83.85098425685712,
        86.61638443736625,
        92.65264545372001,
        80.10986911948318,
        77.63737453936128,
        82.01076318708986,
        91.70994438666443,
        87.12352991342492,
        87.8531889091929,
        82.05357112486261,
        92.87206900165948,
        90.38048291974835,
        86.82517573352433,
        81.90300823686333,
        87.61025966576061,
        93.24500894314356,
        69.31352336566724,
        87.55769788949428,
        93.9487967974381,
        91.62051085720375,
        79.30054557096625,
        95.0049783785657,
        85.55335106735116,
        93.96756744615075,
        81.49284526323038,
        89.08670675040263,
        89.37081312737472,
        88.50866436031528,
        79.38178519310009,
        82.84281087833698,
        92.80129332755352,
        90.86281328624469,
        69.88872404023324
    ]
}