{
    "agg": 2145,
    "iters": [
        1,
        2,
        3,
        4,
        5,
        6,
        7,
        8,
        9,
        10,
        11,
        12,
        13,
        14,
        15,
        16,
        17,
        18,
        19,
        20,
        21,
        22,
        23,
        24,
        25,
        26,
        27,
        28,
        29,
        30,
        31,
        32,
        33,
        34,
        35,
        36,
        37,
        38,
        39,
        40,
        41,
        42,
        43,
        44,
        45,
        46,
        47,
        48,
        49,
        50,
        51,
        52,
        53,
        54,
        55,
        56,
        57,
        58,
        59,
        60,
        61,
        62,
        63,
        64,
        65,
        66,
        67,
        68,
        69,
        70,
        71,
        72,
        73,
        74,
        75,
        76,
        77,
        78,
        79,
        80,
        81,
        82,
        83,
        84,
        85,
        86,
        87,
        88,
        89,
        90,
        91,
        92,
        93,
        94,
        95,
        96,
        97,
        98,
        99,
        100,
        101,
        102,
        103,
        104,
        105,
        106,
        107,
        108,
        109,
        110,
        111,
        112,
        113,
        114,
        115,
        116,
        117,
        118,
        119,
        120,
        121,
        122,
        123,
        124,
        125,
        126,
        127,
        128,
        129,
        130
    ],
    "means": [
        2145.5135135135133,
        2165.0810810810813,
        2129.2432432432433,
        2181.2702702702704,
        2144.4864864864867,
        2161.7837837837837,
        2126.108108108108,
        2156.837837837838,
        2150.7567567567567,
        2162.2162162162163,
        2127.2972972972975,
        2147.189189189189,
        2132.864864864865,
        2144.972972972973,
        2161.6216216216217,
        2140.7567567567567,
        2157.0810810810813,
        2139.810810810811,
        2123.3513513513512,
        2154.2432432432433,
        2151.054054054054,
        2143.5135135135133,
        2150.972972972973,
        2144.135135135135,
        2155.4594594594596,
        2153.972972972973,
        2147.2432432432433,
        2156.7567567567567,
        2157.4864864864867,
        2150.4864864864867,
        2145.675675675676,
        2150.4594594594596,
        2171.2432432432433,
        2174.891891891892,
        2162.2972972972975,
        2152.675675675676,
        2178.2162162162163,
        2139.891891891892,
        2143.2162162162163,
        2157.189189189189,
        2166.189189189189,
        2139.162162162162,
        2130.4864864864867,
        2165.6216216216217,
        2154.810810810811,
        2138.675675675676,
        2156.2972972972975,
        2156.5675675675675,
        2166.189189189189,
        2135.945945945946,
        2144.9189189189187,
        2179.6486486486488,
        2127.4324324324325,
        2178.891891891892,
        2140.108108108108,
        2129.054054054054,
        2142.0810810810813,
        2140.5405405405404,
        2163.7567567567567,
        2135.945945945946,
        2161.5405405405404,
        2177.2162162162163,
        2160.945945945946,
        2139.4324324324325,
        2170.2432432432433,
        2151.108108108108,
        2167.810810810811,
        2152.054054054054,
        2131.0810810810813,
        2153.2432432432433,
        2141.7027027027025,
        2143.2162162162163,
        2141.162162162162,
        2159.2432432432433,
        2148.162162162162,
        2161.324324324324,
        2156.0810810810813,
        2142.2702702702704,
        2128.7837837837837,
        2149.3783783783783,
        2137.3513513513512,
        2157.6216216216217,
        2148.7837837837837,
        2137.864864864865,
        2146.6216216216217,
        2124.2972972972975,
        2153.3783783783783,
        2157.6486486486488,
        2133.5945945945946,
        2140.3783783783783,
        2146.9189189189187,
        2160.2432432432433,
        2154.162162162162,
        2153.162162162162,
        2143.2972972972975,
        2158.864864864865,
        2113.027027027027,
        2164.2162162162163,
        2149.135135135135,
        2157.3783783783783,
        2155.2162162162163,
        2120.7027027027025,
        2134.3513513513512,
        2150.0,
        2163.675675675676,
        2165.837837837838,
        2171.4054054054054,
        2150.837837837838,
        2163.027027027027,
        2161.5675675675675,
        2147.891891891892,
        2152.5945945945946,
        2153.324324324324,
        2145.0810810810813,
        2140.0,
        2136.6216216216217,
        2136.2702702702704,
        2154.675675675676,
        2145.5675675675675,
        2140.4594594594596,
        2155.7297297297296,
        2124.2702702702704,
        2170.2432432432433,
        2162.5135135135133,
        2146.2972972972975,
        2139.675675675676,
        2162.945945945946,
        2144.5675675675675,
        2149.864864864865,
        2148.2162162162163
    ],
    "opt": 2280,