{
    "agg": 2124,
    "iters": [
        1,
        2,
        3,
        4,
        5,
        6,
        7,
        8,
        9,
        10,
        11,
        12,
        13,
        14,
        15,
        16,
        17,
        18,
        19,
        20,
        21,
        22,
        23,
        24,
        25,
        26,
        27,
        28,
        29,
        30,
        31,
        32,
        33,
        34,
        35,
        36,
        37,
        38,
        39,
        40,
        41,
        42,
        43,
        44,
        45,
        46,
        47,
        48,
        49,
        50,
        51,
        52,
        53,
        54,
        55,
        56,
        57,
        58,
        59,
        60,
        61,
        62,
        63,
        64,
        65,
        66,
        67,
        68,
        69,
        70,
        71,
        72,
        73,
        74,
        75,
        76,
        77,
        78,
        79,
        80,
        81,
        82,
        83,
        84,
        85,
        86,
        87,
        88,
        89,
        90,
        91,
        92,
        93,
        94,
        95,
        96,
        97,
        98,
        99,
        100,
        101,
        102,
        103,
        104,
        105,
        106,
        107,
        108,
        109,
        110,
        111,
        112,
        113,
        114,
        115,
        116,
        117,
        118,
        119,
        120,
        121,
        122,
        123,
        124,
        125
    ],
    "means": [
        2168.818181818182,
        2155.2272727272725,
        2147.2272727272725,
        2154.5454545454545,
        2185.090909090909,
        2135.090909090909,
        2147.5454545454545,
        2141.9545454545455,
        2158.0,
        2147.5,
        2139.7727272727275,
        2174.6363636363635,
        2169.5454545454545,
        2155.318181818182,
        2166.181818181818,
        2152.409090909091,
        2144.409090909091,
        2155.0454545454545,
        2154.6363636363635,
        2173.909090909091,
        2145.681818181818,
        2114.818181818182,
        2174.409090909091,
        2138.681818181818,
        2158.5454545454545,
        2160.590909090909,
        2155.181818181818,
        2155.5,
        2161.0,
        2159.7727272727275,
        2169.5,
        2151.5454545454545,
        2131.590909090909,
        2174.8636363636365,
        2150.7272727272725,
        2164.409090909091,
        2156.681818181818,
        2163.6363636363635,
        2123.7727272727275,
        2151.5454545454545,
        2165.818181818182,
        2142.7727272727275,
        2153.909090909091,
        2163.681818181818,
        2146.409090909091,
        2186.0,
        2138.1363636363635,
        2153.7727272727275,
        2159.818181818182,
        2136.6363636363635,
        2127.409090909091,
        2142.090909090909,
        2133.818181818182,
        2153.409090909091,
        2168.7272727272725,
        2156.6363636363635,
        2131.6363636363635,
        2163.0454545454545,
        2129.8636363636365,
        2141.181818181818,
        2157.409090909091,
        2147.2727272727275,
        2134.909090909091,
        2097.681818181818,
        2159.909090909091,
        2134.0,
        2122.090909090909,
        2122.2727272727275,
        2183.0,
        2159.2727272727275,
        2142.318181818182,
        2184.4545454545455,
        2126.7727272727275,
        2132.909090909091,
        2149.090909090909,
        2165.909090909091,
        2131.090909090909,
        2156.090909090909,
        2149.1363636363635,
        2133.818181818182,
        2144.590909090909,
        2151.2272727272725,
        2167.2272727272725,
        2167.6363636363635,
        2103.090909090909,
        2169.5454545454545,
        2128.818181818182,
        2109.318181818182,
        2134.9545454545455,
        2143.6363636363635,
        2122.090909090909,
        2153.4545454545455,
        2172.1363636363635,
        2165.181818181818,
        2166.8636363636365,
        2164.5454545454545,
        2150.909090909091,
        2154.681818181818,
        2139.590909090909,
        2138.7272727272725,
        2135.7727272727275,
        2148.818181818182,
        2166.681818181818,
        2150.1363636363635,
        2138.7272727272725,
        2149.1363636363635,
        2144.318181818182,
        2165.1363636363635,
        2175.2272727272725,
        2170.6363636363635,
        2144.7727272727275,
        2154.0,
        2132.1363636363635,
        2158.5454545454545,
        2159.681818181818,
        2130.818181818182,
        2145.6363636363635,
        2176.2272727272725,
        2122.681818181818,
        2154.681818181818,
        2154.4545454545455,
        2173.0,
        2151.9545454545455,
        2135.181818181818,
        2147.8636363636365
    ],
    "opt": 2270,