{
    "agg": 2266,
    "iters": [
        1,
        2,
        3,
        4,
        5,
        6,
        7,
        8,
        9,
        10,
        11,
        12,
        13,
        14,
        15,
        16,
        17,
        18,
        19,
        20,
        21,
        22,
        23,
        24,
        25,
        26,
        27,
        28,
        29,
        30,
        31,
        32,
        33,
        34,
        35,
        36,
        37,
        38,
        39,
        40,
        41,
        42,
        43,
        44,
        45,
        46,
        47,
        48,
        49,
        50,
        51,
        52,
        53,
        54,
        55,
        56,
        57,
        58,
        59,
        60,
        61,
        62,
        63,
        64,
        65,
        66,
        67,
        68,
        69,
        70,
        71,
        72,
        73,
        74,
        75,
        76,
        77,
        78,
        79,
        80,
        81,
        82,
        83,
        84,
        85,
        86,
        87,
        88,
        89,
        90,
        91,
        92,
        93,
        94,
        95,
        96,
        97,
        98,
        99,
        100,
        101,
        102,
        103,
        104,
        105,
        106,
        107,
        108,
        109
    ],
    "means": [
        2125.5714285714284,
        2190.714285714286,
        2156.0,
        2146.5714285714284,
        2155.714285714286,
        2139.4285714285716,
        2135.8571428571427,
        2160.6428571428573,
        2150.214285714286,
        2177.0,
        2133.4285714285716,
        2157.4285714285716,
        2143.9285714285716,
        2157.214285714286,
        2116.8571428571427,
        2137.714285714286,
        2128.8571428571427,
        2151.8571428571427,
        2156.8571428571427,
        2080.5,
        2193.3571428571427,
        2151.6428571428573,
        2116.8571428571427,
        2151.214285714286,
        2107.8571428571427,
        2120.6428571428573,
        2116.285714285714,
        2154.0714285714284,
        2149.785714285714,
        2168.8571428571427,
        2116.285714285714,
        2165.214285714286,
        2136.5,
        2145.5,
        2176.214285714286,
        2124.0714285714284,
        2194.6428571428573,
        2157.3571428571427,
        2145.5714285714284,
        2147.1428571428573,
        2157.5,
        2138.9285714285716,
        2156.3571428571427,
        2182.285714285714,
        2149.714285714286,
        2177.8571428571427,
        2153.0,
        2169.714285714286,
        2178.714285714286,
        2109.1428571428573,
        2153.0714285714284,
        2142.214285714286,
        2162.5,
        2175.9285714285716,
        2138.5,
        2121.214285714286,
        2099.785714285714,
        2179.8571428571427,
        2175.3571428571427,
        2186.714285714286,
        2167.0714285714284,
        2135.1428571428573,
        2157.785714285714,
        2171.1428571428573,
        2152.8571428571427,
        2175.5,
        2130.3571428571427,
        2137.4285714285716,
        2134.0714285714284,
        2121.8571428571427,
        2138.214285714286,
        2147.785714285714,
        2145.214285714286,
        2098.1428571428573,
        2122.5714285714284,
        2146.0,
        2112.785714285714,
        2185.5714285714284,
        2158.5,
        2161.5714285714284,
        2155.5714285714284,
        2181.6428571428573,
        2143.4285714285716,
        2120.0,
        2166.3571428571427,
        2130.5,
        2167.714285714286,
        2163.0714285714284,
        2149.8571428571427,
        2124.9285714285716,
        2134.714285714286,
        2175.1428571428573,
        2173.4285714285716,
        2137.8571428571427,
        2154.285714285714,
        2104.5,
        2172.0,
        2159.6428571428573,
        2177.6428571428573,
        2145.4285714285716,
        2175.0714285714284,
        2124.1428571428573,
        2181.214285714286,
        2133.785714285714,
        2137.0714285714284,
        2138.8571428571427,
        2151.714285714286,
        2159.4285714285716,
        2150.785714285714
    ],
    "opt": 2232,
    "stdevs": [
        70.64773202882259,
        60.84691396262846,
        82.8544334532386,
        79.11629260210593,
        93.81016436812969,
        69.40019996442402,
        78.72634079324325,
        82.09629114891953,
        88.79847052369166,
        57.66281297335398,
        73.02320011545673,
        79.955982788491,
        80.36209508549794,
        86.58371553541906,
        79.87388017802739,
        76.22188340761518,
        92.15891332976128,
        83.16923980041895,
        67.77047096408492,
        77.4705012984205,
        85.99718196616939,
        82.02752773381901,
        62.18848899326391,
        90.87210680906638,
        90.12281869193613,
        75.3009268989216,
        61.80779952103661,
        103.96322446334727,
        74.97921480691316,
        84.50093587212692,
        99.9810186066968,
        93.5171325567281,
        84.13488320208552,
        81.75114678094737,
        75.31664450023986,
        82.87293568703691,
        61.63557315017863,
        85.19608235699334,
        90.51259919063698,
        101.1793719397509,
        84.75911244731827,
        74.099801701792,
        100.79442100693096,
        45.148055758531946,
        64.54171250486947,
        68.83713402232958,
        102.11967768960383,
        79.97537886430922,
        89.41191081683897,
        89.95622518191608,
        68.86992323598605,
        90.14050823292376,
        78.94188640114592,
        75.72267473741107,
        83.9700201602589,
        81.75763710192336,
        98.13560484745335,
        72.5424576593963,
        100.00971891546851,
        86.35593169421259,
        89.7221618471747,
        96.10474727597796,
        80.99486630242029,
        74.53940198968323,
        81.9763529865753,
        78.24389524338076,
        78.05822656641564,
        73.458165242649,
        72.33796107331818,
        80.23880174904438,
        80.38939035490102,
        83.81116408026914,
        95.19917359442373,
        85.32363358987703,
        103.52826686860128,
        68.5523783061432,
        84.37685750033982,
        96.27840158750507,
        106.69499251872803,
        91.6660977100463,
        85.58514080452642,
        62.987081603925674,
        73.5553380462767,
        96.23334735348836,
        77.46391523325752,
        79.04858361431008,
        95.73432626017586,
        81.38310133973434,
        102.83055211842243,
        71.64542083434651,
        96.57745120695955,
        86.8865081938643,
        74.353128751264,
        72.74501175128007,
        77.71966893120113,
        76.4962650815618,
        86.96058220333427,
        78.35141273487685,
        75.37298411694921,
        90.69864882102259,
        77.90787992945283,
        99.04606225882779,
        78.97303208006115,
        86.62990128078391,
        92.06245107512173,
        79.84704766244126,
        93.81092578116031,
        73.48247049050376,
        88.26678599679543
    ]
}