{
    "agg": 2125,
    "iters": [
        1,
        2,
        3,
        4,
        5,
        6,
        7,
        8,
        9,
        10,
        11,
        12,
        13,
        14,
        15,
        16,
        17,
        18,
        19,
        20,
        21,
        22,
        23,
        24,
        25,
        26,
        27,
        28,
        29,
        30,
        31,
        32,
        33,
        34,
        35,
        36,
        37,
        38,
        39,
        40,
        41,
        42,
        43,
        44,
        45,
        46,
        47,
        48,
        49,
        50,
        51,
        52,
        53,
        54,
        55,
        56,
        57,
        58,
        59,
        60,
        61,
        62,
        63,
        64,
        65,
        66,
        67,
        68,
        69,
        70,
        71,
        72,
        73,
        74,
        75,
        76,
        77,
        78,
        79,
        80,
        81,
        82,
        83,
        84,
        85,
        86,
        87,
        88,
        89,
        90,
        91,
        92,
        93,
        94,
        95,
        96,
        97,
        98,
        99,
        100,
        101,
        102,
        103,
        104,
        105,
        106,
        107,
        108,
        109,
        110,
        111,
        112,
        113,
        114,
        115,
        116,
        117
    ],
    "means": [
        2158.1111111111113,
        2128.4444444444443,
        2172.027777777778,
        2150.5555555555557,
        2133.277777777778,
        2159.527777777778,
        2170.5,
        2158.1388888888887,
        2139.3055555555557,
        2143.5555555555557,
        2132.777777777778,
        2166.8333333333335,
        2161.3888888888887,
        2121.8055555555557,
        2132.4444444444443,
        2152.1111111111113,
        2146.1944444444443,
        2142.472222222222,
        2164.8333333333335,
        2160.3611111111113,
        2159.8888888888887,
        2161.527777777778,
        2166.777777777778,
        2130.3888888888887,
        2144.1944444444443,
        2141.8055555555557,
        2156.472222222222,
        2167.1944444444443,
        2164.0833333333335,
        2162.3611111111113,
        2130.5555555555557,
        2146.0555555555557,
        2140.6666666666665,
        2155.25,
        2155.6388888888887,
        2164.222222222222,
        2134.25,
        2157.8611111111113,
        2134.8055555555557,
        2130.5,
        2142.527777777778,
        2161.5555555555557,
        2160.8333333333335,
        2155.472222222222,
        2169.6111111111113,
        2166.6111111111113,
        2129.8055555555557,
        2165.3333333333335,
        2162.277777777778,
        2141.222222222222,
        2161.5,
        2158.3333333333335,
        2148.5833333333335,
        2172.5833333333335,
        2169.3333333333335,
        2152.472222222222,
        2141.777777777778,
        2158.0555555555557,
        2148.75,
        2156.4444444444443,
        2142.8333333333335,
        2167.6111111111113,
        2129.3888888888887,
        2165.9166666666665,
        2143.9166666666665,
        2150.3055555555557,
        2155.277777777778,
        2162.4166666666665,
        2138.5,
        2144.75,
        2171.277777777778,
        2150.3611111111113,
        2127.3611111111113,
        2158.0555555555557,
        2160.6944444444443,
        2148.75,
        2116.5,
        2151.0,
        2160.0,
        2172.1666666666665,
        2149.527777777778,
        2152.1388888888887,
        2172.0833333333335,
        2156.6388888888887,
        2156.3611111111113,
        2160.1111111111113,
        2175.0555555555557,
        2143.722222222222,
        2129.4166666666665,
        2140.1944444444443,
        2157.277777777778,
        2157.8055555555557,
        2096.5833333333335,
        2142.4444444444443,
        2152.777777777778,
        2145.1944444444443,
        2153.25,
        2146.6666666666665,
        2151.472222222222,
        2142.6666666666665,
        2141.5,
        2137.4444444444443,
        2175.222222222222,
        2147.6944444444443,
        2141.8055555555557,
        2146.8611111111113,
        2152.8888888888887,
        2166.0,
        2166.277777777778,
        2156.0833333333335,
        2118.3888888888887,
        2145.9444444444443,
        2136.6666666666665,
        2166.0555555555557,
        2193.777777777778,
        2156.972222222222,
        2136.3333333333335
    ],
    "opt": 2294,
    "stdevs": [
        87.34534833946917,
        83.17366184490952,
        79.14560636051024,
        89.2373378644601,
        89.87355658278749,
        71.11433911944243,
        86.0082360397344,
        83.69327358402153,
        84.40899749448926,
        86.0905351761364,
        91.92723907499133,
        91.7131700223886,
        84.55185055395752,
        72.83116680394934,
        78.13572395533743,
        96.50123136168257,
        91.03656757480736,
        102.92000294487384,
        78.00730022817663,
        89.12449244916343,
        82.63836134285395,
        79.89454372661471,
        84.73098315358344,
        92.34123846357949,
        92.27008045359871,
        92.64232877171706,
        74.36116299338248,
        76.93352810649971,
        84.33279808789302,
        92.41907955304521,
        86.6825127963614,
        87.9838825026886,
        91.34945113257234,
        90.45790150365221,
        87.5617727276571,
        87.42651235024988,
        86.16243542157903,
        86.22166290626149,
        76.05327790599767,
        88.48995548774009,
        68.69477018388869,
        78.6950670642507,
        87.39453962093717,
        95.63021550369919,
        83.59734105878468,
        88.3019685755702,
        75.72861613993177,
        82.14452034203026,
        92.16006941762646,
        88.44461892780109,
        76.47276203546811,
        80.16060268125622,
        85.34452237841629,
        84.80840334411313,
        85.24800421254578,
        91.53095593875183,
        91.59515729287314,
        85.49851994964736,
        77.15618179309347,
        90.43181730036676,
        92.05025801158844,
        66.91091829929046,
        90.74392473627758,
        86.94262955152286,
        83.42241072464348,
        79.17940930585863,
        77.25233225933164,
        86.29515726080268,
        67.33807739063143,
        89.11708122838554,
        83.84397252274645,
        84.4870643543133,
        83.536470005547,
        85.13843121138541,
        88.02645418169737,
        86.15630982245132,
        73.72565511558525,
        88.81472600619537,
        91.20520209335041,
        93.53623777861593,
        77.68257566358363,
        79.47122217709368,
        78.91605068397402,
        88.60184120791226,
        88.1010003656718,
        89.88133466403163,
        93.3737842236616,
        90.84559890003572,
        72.70846466081741,
        75.77885202073364,
        80.98786298339576,
        92.26044639571067,
        93.06669502148566,
        73.57024022601516,
        88.46408910811435,
        88.20425142324946,
        84.6254410787783,
        87.7547086422654,
        89.47826741453017,
        90.66850488332636,
        85.62790952072162,
        81.40346854623594,
        88.48418286498413,
        89.94715097842622,
        77.4190686546798,
        75.89764773758647,
        80.99923791746363,
        90.52930771609576,
        85.90001006050618,
        77.89108314392176,
        70.98406620024657,
        87.37687986992022,
        79.13982000934239,
        81.0150687096215,
        80.11072584280915,
        80.1971480897444,
        96.617228737368
    ]
}