{
    "agg": 2126,
    "iters": [
        1,
        2,
        3,
        4,
        5,
        6,
        7,
        8,
        9,
        10,
        11,
        12,
        13,
        14,
        15,
        16,
        17,
        18,
        19,
        20,
        21,
        22,
        23,
        24,
        25,
        26,
        27,
        28,
        29,
        30,
        31,
        32,
        33,
        34,
        35,
        36,
        37,
        38,
        39,
        40,
        41,
        42,
        43,
        44,
        45,
        46,
        47,
        48,
        49,
        50,
        51,
        52,
        53,
        54,
        55,
        56,
        57,
        58,
        59,
        60,
        61,
        62,
        63,
        64,
        65,
        66,
        67,
        68,
        69,
        70,
        71,
        72,
        73,
        74,
        75,
        76,
        77,
        78,
        79,
        80,
        81,
        82,
        83,
        84,
        85,
        86,
        87,
        88,
        89,
        90,
        91,
        92,
        93,
        94,
        95,
        96,
        97,
        98,
        99
    ],
    "means": [
        2142.974358974359,
        2137.025641025641,
        2162.230769230769,
        2173.897435897436,
        2135.8205128205127,
        2109.948717948718,
        2154.74358974359,
        2138.7179487179487,
        2131.4871794871797,
        2131.5641025641025,
        2132.7948717948716,
        2133.2820512820513,
        2164.7179487179487,
        2180.6153846153848,
        2168.5384615384614,
        2158.3076923076924,
        2129.4358974358975,
        2157.7948717948716,
        2164.102564102564,
        2164.230769230769,
        2129.358974358974,
        2124.128205128205,
        2147.5384615384614,
        2140.6153846153848,
        2155.3333333333335,
        2158.2051282051284,
        2128.7179487179487,
        2143.25641025641,
        2131.6666666666665,
        2140.4871794871797,
        2177.5897435897436,
        2147.3846153846152,
        2144.5641025641025,
        2142.076923076923,
        2148.2051282051284,
        2147.0,
        2145.4871794871797,
        2138.923076923077,
        2164.897435897436,
        2159.3846153846152,
        2153.2051282051284,
        2141.230769230769,
        2168.5128205128203,
        2156.153846153846,
        2136.230769230769,
        2166.2820512820513,
        2131.7948717948716,
        2155.846153846154,
        2139.128205128205,
        2143.076923076923,
        2127.948717948718,
        2146.5384615384614,
        2169.5897435897436,
        2145.230769230769,
        2167.74358974359,
        2146.641025641026,
        2171.5897435897436,
        2120.769230769231,
        2123.4615384615386,
        2164.25641025641,
        2147.871794871795,
        2151.923076923077,
        2131.4102564102564,
        2140.974358974359,
        2150.641025641026,
        2179.4358974358975,
        2141.3076923076924,
        2154.6923076923076,
        2165.3333333333335,
        2189.358974358974,
        2179.4615384615386,
        2158.3846153846152,
        2149.1794871794873,
        2183.4871794871797,
        2149.5641025641025,
        2147.641025641026,
        2136.6923076923076,
        2163.4358974358975,
        2153.769230769231,
        2140.5641025641025,
        2158.2820512820513,
        2140.102564102564,
        2170.358974358974,
        2158.4871794871797,
        2157.923076923077,
        2140.74358974359,
        2150.025641025641,
        2154.871794871795,
        2125.6666666666665,
        2151.128205128205,
        2160.6666666666665,
        2175.3846153846152,
        2142.3333333333335,
        2158.8205128205127,
        2167.641025641026,
        2135.3076923076924,
        2152.923076923077,
        2146.6153846153848,
        2175.6666666666665
    ],
    "opt": 2300,
    "stdevs": [
        99.54447200442809,
        95.72569978301574,
        83.04322678456624,
        99.71929702195851,
        82.33293007112032,
        83.58197226734922,
        88.92454823850068,
        80.1290461494325,
        99.05421250568614,
        90.51329265512072,
        88.10226560350614,
        77.23854116919925,
        86.92700997077324,
        73.93642986207482,
        79.12918556316339,
        100.45362594983533,
        96.12326351251903,
        78.11437357053373,
        81.06369602934595,
        88.97549692614501,
        92.50987117932188,
        69.08158665467343,
        82.08527340792408,
        86.68824644094445,
        80.73741335050259,
        74.09078958889991,
        87.27673309297265,
        88.61663846453875,
        79.9693317284446,
        99.20785530180143,
        82.90733719926551,
        88.84374511109317,
        88.02441236902725,
        90.90298706422804,
        82.73844469236637,
        85.90334461116525,
        94.13516517653719,
        93.42524355934155,
        80.88098089383223,
        85.01300515429912,
        70.05169500948219,
        73.42446372815574,
        71.28342555399098,
        84.31216065269024,
        91.69443724940575,
        83.42291043553821,
        83.72059131180899,
        90.35869786622035,
        82.31651841805959,
        87.46351169323144,
        87.47247148438822,
        85.86090306161597,
        65.18876651250147,
        87.74042764312259,
        72.97689059882393,
        91.8104198263555,
        70.44136239335303,
        83.18822079414527,
        74.90022291358639,
        86.16761184286986,
        87.316159836386,
        84.14620506255753,
        88.85474113974546,
        100.85060979678784,
        92.81481070458284,
        87.63671952332534,
        76.91058872988243,
        80.2432691789206,
        80.74948069479228,
        75.31829456635325,
        84.18259950352922,
        91.81743742119828,
        79.86169833703437,
        80.66704973257376,
        97.52285593296996,
        84.57085852566811,
        82.45469738174765,
        84.20877439871138,
        96.62761232438092,
        95.04784082085942,
        96.91284710632425,
        89.73545018032952,
        94.54167095871539,
        79.29848570833148,
        85.79264944169081,
        90.62170395738198,
        92.43139858890974,
        74.91984759357898,
        80.72185016472984,
        94.30370454892125,
        91.41882579316861,
        76.31500688681174,
        86.23501975693304,
        95.64594749142216,
        73.12352989694278,
        80.10958963248291,
        69.8266662071838,
        77.3014795309416,
        80.27463543372274
    ]
}