{
    "agg": 2203,
    "iters": [
        1,
        2,
        3,
        4,
        5,
        6,
        7,
        8,
        9,
        10,
        11,
        12,
        13,
        14,
        15,
        16,
        17,
        18,
        19,
        20,
        21,
        22,
        23,
        24,
        25,
        26,
        27,
        28,
        29,
        30,
        31,
        32,
        33,
        34,
        35,
        36,
        37,
        38,
        39,
        40,
        41,
        42,
        43,
        44,
        45,
        46,
        47,
        48,
        49,
        50,
        51,
        52,
        53,
        54,
        55,
        56,
        57,
        58,
        59,
        60,
        61,
        62,
        63,
        64,
        65,
        66,
        67,
        68,
        69,
        70,
        71,
        72,
        73,
        74,
        75,
        76,
        77,
        78,
        79,
        80,
        81,
        82,
        83,
        84,
        85,
        86,
        87,
        88,
        89,
        90,
        91,
        92,
        93,
        94,
        95,
        96,
        97,
        98,
        99,
        100,
        101,
        102,
        103,
        104,
        105,
        106,
        107,
        108,
        109,
        110,
        111,
        112,
        113,
        114,
        115,
        116,
        117,
        118,
        119,
        120,
        121,
        122,
        123,
        124,
        125,
        126,
        127,
        128,
        129,
        130,
        131,
        132,
        133,
        134,
        135,
        136,
        137,
        138
    ],
    "means": [
        2174.054054054054,
        2126.810810810811,
        2160.2162162162163,
        2149.4864864864867,
        2166.4864864864867,
        2165.135135135135,
        2155.5945945945946,
        2172.5945945945946,
        2130.189189189189,
        2141.3783783783783,
        2142.2432432432433,
        2122.864864864865,
        2123.054054054054,
        2168.5945945945946,
        2145.675675675676,
        2150.9189189189187,
        2153.135135135135,
        2159.5675675675675,
        2169.945945945946,
        2157.189189189189,
        2158.324324324324,
        2153.6216216216217,
        2166.0810810810813,
        2152.7027027027025,
        2144.189189189189,
        2130.027027027027,
        2145.2432432432433,
        2164.5135135135133,
        2157.135135135135,
        2141.6486486486488,
        2144.2972972972975,
        2166.6486486486488,
        2132.7297297297296,
        2148.7027027027025,
        2145.135135135135,
        2143.108108108108,
        2158.027027027027,
        2154.2702702702704,
        2159.4054054054054,
        2155.2972972972975,
        2154.5135135135133,
        2149.2432432432433,
        2159.972972972973,
        2169.5945945945946,
        2152.972972972973,
        2152.0,
        2145.135135135135,
        2164.2972972972975,
        2165.7027027027025,
        2114.3783783783783,
        2149.3513513513512,
        2155.4594594594596,
        2164.2162162162163,
        2138.6486486486488,
        2155.5675675675675,
        2161.864864864865,
        2138.5405405405404,
        2150.2162162162163,
        2154.6486486486488,
        2145.0810810810813,
        2154.2162162162163,
        2152.0810810810813,
        2129.3783783783783,
        2158.0810810810813,
        2147.0810810810813,
        2136.108108108108,
        2152.7837837837837,
        2138.9189189189187,
        2180.5405405405404,
        2131.5675675675675,
        2151.810810810811,
        2157.864864864865,
        2164.2972972972975,
        2144.2972972972975,
        2146.2972972972975,
        2151.5675675675675,
        2159.0810810810813,
        2142.9189189189187,
        2162.972972972973,
        2130.891891891892,
        2174.108108108108,
        2150.4594594594596,
        2118.945945945946,
        2152.9189189189187,
        2121.4864864864867,
        2148.5405405405404,
        2163.2972972972975,
        2144.675675675676,
        2161.135135135135,
        2152.4324324324325,
        2163.7567567567567,
        2136.891891891892,
        2131.7567567567567,
        2147.864864864865,
        2145.9189189189187,
        2164.027027027027,
        2152.675675675676,
        2175.0,
        2144.6216216216217,
        2146.0,
        2147.162162162162,
        2174.027027027027,
        2147.972972972973,
        2142.324324324324,
        2157.9189189189187,
        2130.7027027027025,
        2149.5135135135133,
        2146.891891891892,
        2163.108108108108,
        2151.189189189189,
        2144.027027027027,
        2156.891891891892,
        2129.891891891892,
        2165.108108108108,
        2135.7297297297296,
        2132.7297297297296,
        2136.054054054054,
        2119.4324324324325,
        2150.7027027027025,
        2147.4594594594596,
        2146.0810810810813,
        2135.054054054054,
        2154.0,
        2142.3513513513512,
        2148.7837837837837,
        2163.4864864864867,
        2152.7837837837837,
        2149.891891891892,
        2150.7297297297296,
        2142.3783783783783,
        2138.2432432432433,
        2164.324324324324,
        2143.7297297297296,
        2172.4594594594596,
        2153.6486486486488,
        2151.4324324324325,
        2177.108108108108,
        2170.2972972972975
    ],
    "opt": 2224,