{
    "agg": 2180,
    "iters": [
        1,
        2,
        3,
        4,
        5,
        6,
        7,
        8,
        9,
        10,
        11,
        12,
        13,
        14,
        15,
        16,
        17,
        18,
        19,
        20,
        21,
        22,
        23,
        24,
        25,
        26,
        27,
        28,
        29,
        30,
        31,
        32,
        33,
        34,
        35,
        36,
        37,
        38,
        39,
        40,
        41,
        42,
        43,
        44,
        45,
        46,
        47,
        48,
        49,
        50,
        51,
        52,
        53,
        54,
        55,
        56,
        57,
        58,
        59,
        60,
        61,
        62,
        63,
        64,
        65,
        66,
        67,
        68,
        69,
        70,
        71,
        72,
        73,
        74,
        75,
        76,
        77,
        78,
        79,
        80,
        81,
        82,
        83,
        84,
        85,
        86,
        87,
        88,
        89,
        90,
        91,
        92,
        93,
        94,
        95,
        96,
        97,
        98,
        99,
        100,
        101,
        102,
        103,
        104,
        105,
        106,
        107,
        108,
        109,
        110,
        111,
        112,
        113,
        114,
        115,
        116,
        117,
        118,
        119,
        120,
        121,
        122,
        123,
        124,
        125,
        126,
        127,
        128,
        129,
        130,
        131,
        132,
        133,
        134,
        135,
        136,
        137,
        138
    ],
    "means": [
        2151.4285714285716,
        2150.285714285714,
        2132.535714285714,
        2153.214285714286,
        2149.1785714285716,
        2147.035714285714,
        2125.3571428571427,
        2143.9285714285716,
        2099.25,
        2129.3928571428573,
        2164.214285714286,
        2159.785714285714,
        2155.8571428571427,
        2167.464285714286,
        2175.75,
        2144.1428571428573,
        2170.5,
        2142.25,
        2160.6071428571427,
        2159.214285714286,
        2140.964285714286,
        2157.8928571428573,
        2137.1428571428573,
        2119.8571428571427,
        2137.5,
        2178.785714285714,
        2120.25,
        2205.6785714285716,
        2132.714285714286,
        2142.0714285714284,
        2133.464285714286,
        2160.035714285714,
        2139.6428571428573,
        2131.6071428571427,
        2128.3571428571427,
        2147.8928571428573,
        2128.8571428571427,
        2162.25,
        2163.25,
        2114.8214285714284,
        2145.4285714285716,
        2156.535714285714,
        2141.8214285714284,
        2170.25,
        2120.3214285714284,
        2195.035714285714,
        2129.5714285714284,
        2140.3214285714284,
        2172.9285714285716,
        2159.714285714286,
        2169.1785714285716,
        2133.3928571428573,
        2151.3214285714284,
        2129.6785714285716,
        2153.964285714286,
        2159.8214285714284,
        2144.25,
        2132.964285714286,
        2123.6785714285716,
        2132.035714285714,
        2149.285714285714,
        2136.3928571428573,
        2124.25,
        2167.1785714285716,
        2181.785714285714,
        2175.8571428571427,
        2145.535714285714,
        2156.1428571428573,
        2123.0,
        2158.1785714285716,
        2153.285714285714,
        2176.3571428571427,
        2136.8214285714284,
        2134.214285714286,
        2154.0,
        2168.1071428571427,
        2131.0714285714284,
        2146.6428571428573,
        2137.5714285714284,
        2134.4285714285716,
        2136.6071428571427,
        2146.5714285714284,
        2163.25,
        2139.75,
        2126.285714285714,
        2168.785714285714,
        2148.25,
        2127.8571428571427,
        2113.3571428571427,
        2144.8928571428573,
        2177.714285714286,
        2131.3928571428573,
        2119.8928571428573,
        2152.0,
        2142.035714285714,
        2159.714285714286,
        2129.0714285714284,
        2124.964285714286,
        2137.035714285714,
        2161.1428571428573,
        2149.535714285714,
        2153.3928571428573,
        2132.8928571428573,
        2149.1785714285716,
        2161.3214285714284,
        2145.1071428571427,
        2157.285714285714,
        2125.3214285714284,
        2167.5714285714284,
        2125.3571428571427,
        2154.3571428571427,
        2171.5714285714284,
        2133.535714285714,
        2142.8214285714284,
        2165.1428571428573,
        2172.285714285714,
        2146.3214285714284,
        2119.6428571428573,
        2149.0714285714284,
        2147.3928571428573,
        2167.8214285714284,
        2168.3928571428573,
        2113.5714285714284,
        2146.25,
        2147.8214285714284,
        2150.964285714286,
        2151.5714285714284,
        2154.3214285714284,
        2183.1785714285716,
        2174.6071428571427,
        2166.785714285714,
        2178.464285714286,
        2161.4285714285716,
        2148.0,
        2169.1785714285716,
        2159.3928571428573,
        2131.464285714286,
        2157.285714285714
    ],
    "opt": 2261,