{
    "agg": 2120,
    "iters": [
        1,
        2,
        3,
        4,
        5,
        6,
        7,
        8,
        9,
        10,
        11,
        12,
        13,
        14,
        15,
        16,
        17,
        18,
        19,
        20,
        21,
        22,
        23,
        24,
        25,
        26,
        27,
        28,
        29,
        30,
        31,
        32,
        33,
        34,
        35,
        36,
        37,
        38,
        39,
        40,
        41,
        42,
        43,
        44,
        45,
        46,
        47,
        48,
        49,
        50,
        51,
        52,
        53,
        54,
        55,
        56,
        57,
        58,
        59,
        60,
        61,
        62,
        63,
        64,
        65,
        66,
        67,
        68,
        69,
        70,
        71,
        72,
        73,
        74,
        75,
        76,
        77,
        78,
        79,
        80,
        81,
        82,
        83,
        84,
        85,
        86,
        87,
        88,
        89,
        90,
        91,
        92,
        93,
        94,
        95,
        96,
        97,
        98,
        99,
        100,
        101,
        102,
        103,
        104,
        105,
        106,
        107,
        108,
        109,
        110,
        111,
        112,
        113,
        114,
        115,
        116,
        117,
        118,
        119
    ],
    "means": [
        2169.0851063829787,
        2153.553191489362,
        2126.425531914894,
        2136.936170212766,
        2142.2340425531916,
        2141.021276595745,
        2151.340425531915,
        2156.68085106383,
        2160.0,
        2151.127659574468,
        2157.7659574468084,
        2134.1063829787236,
        2148.2127659574467,
        2161.8297872340427,
        2142.68085106383,
        2156.7021276595747,
        2165.404255319149,
        2145.808510638298,
        2157.7659574468084,
        2133.744680851064,
        2151.723404255319,
        2148.6382978723404,
        2162.936170212766,
        2169.1063829787236,
        2149.808510638298,
        2145.0,
        2141.021276595745,
        2152.9148936170213,
        2157.936170212766,
        2142.872340425532,
        2136.0,
        2142.936170212766,
        2149.0851063829787,
        2134.5106382978724,
        2153.1063829787236,
        2126.255319148936,
        2168.808510638298,
        2134.2340425531916,
        2159.7872340425533,
        2139.021276595745,
        2165.8936170212764,
        2139.0,
        2149.744680851064,
        2164.659574468085,
        2174.4893617021276,
        2159.468085106383,
        2143.446808510638,
        2162.531914893617,
        2153.9148936170213,
        2151.574468085106,
        2154.276595744681,
        2151.276595744681,
        2154.8936170212764,
        2149.148936170213,
        2156.595744680851,
        2156.936170212766,
        2157.31914893617,
        2175.3617021276596,
        2132.340425531915,
        2143.936170212766,
        2142.276595744681,
        2125.6382978723404,
        2157.340425531915,
        2130.3617021276596,
        2142.7659574468084,
        2156.531914893617,
        2157.404255319149,
        2134.574468085106,
        2141.723404255319,
        2140.276595744681,
        2156.425531914894,
        2141.340425531915,
        2146.1063829787236,
        2160.936170212766,
        2154.553191489362,
        2159.4893617021276,
        2153.723404255319,
        2146.6170212765956,
        2149.574468085106,
        2147.255319148936,
        2123.0851063829787,
        2170.9148936170213,
        2133.808510638298,
        2153.723404255319,
        2159.255319148936,
        2132.659574468085,
        2136.68085106383,
        2158.68085106383,
        2158.723404255319,
        2144.8297872340427,
        2131.872340425532,
        2136.446808510638,
        2150.2340425531916,
        2156.7021276595747,
        2139.0,
        2169.468085106383,
        2159.425531914894,
        2143.9574468085107,
        2141.31914893617,
        2181.276595744681,
        2140.255319148936,
        2164.2978723404253,
        2161.3829787234044,
        2147.3829787234044,
        2139.255319148936,
        2127.340425531915,
        2135.7021276595747,
        2149.021276595745,
        2132.7021276595747,
        2163.0,
        2152.9574468085107,
        2175.6382978723404,
        2155.851063829787,
        2147.1702127659573,
        2135.1063829787236,
        2133.595744680851,
        2136.340425531915,
        2141.3829787234044,
        2161.255319148936
    ],
    "opt": 2265,
    "stdevs": [
        86.19074092229029,
        98.04033223696023,
        83.79908715311754,
        87.91253009119268,
        79.31950278434451,
        89.58521186894825,
        78.19622796467888,
        87.8453928078961,
        81.94030001139517,
        89.16124934008107,
        89.7450793449785,
        81.0479852723335,
        88.34842439087116,
        81.5880464620072,
        84.09951207462849,
        83.60619820594515,
        77.70064201231739,
        95.26885546276945,
        78.19811522078582,
        78.62284549295315,
        81.74498543476655,
        79.92534429661563,
        88.88323783656541,
        84.98291043286622,
        84.00345441171423,
        87.38080026710186,
        95.09670092085149,
        88.57520660426755,
        89.28305556411385,
        90.6040290826615,
        86.67105826298379,
        83.94385262688013,
        82.52551630865426,
        79.69619770967627,
        88.7169138908777,
        83.23344972159762,
        88.28764360132973,
        88.36606953667167,
        76.7360594228928,
        93.93807135253594,
        92.47477724948945,
        76.1230806277263,
        86.72835264524353,
        80.10346410437597,
        89.3541536832152,
        86.04844035671155,
        84.5938503148485,
        87.77166970450182,
        95.78318374755806,
        91.99531548685279,
        85.60938060741658,
        90.94765904784678,
        95.73594759224584,
        89.68668363961577,
        80.51474282191737,
        83.1746187388557,
        88.0142895513742,
        81.42152612332747,
        86.65664124670047,
        98.28343819601858,
        87.50700935515616,
        81.24966134971386,
        93.57720139593576,
        79.30024429999527,
        87.93644048122955,
        99.86988366014366,
        87.33224882035228,
        81.85762020984482,
        84.06322395943187,
        88.81745614500912,
        99.64100341168428,
        79.08688370575116,
        77.27685350036683,
        91.16373024943805,
        87.80510538896691,
        88.79617404553244,
        95.45717590084172,
        90.03345789240451,
        80.82677686732052,
        85.52677024858043,
        77.95111118917407,
        69.26201556016666,
        82.15544122767352,
        85.21155204065353,
        94.33360180314044,
        79.95431583783028,
        79.68157543061933,
        82.11307885120753,
        89.22162273170741,
        94.214178620557,
        81.10713089338354,
        85.3418179679207,
        86.19675976680367,
        86.03980150070998,
        80.7117276405567,
        84.57046691993953,
        82.20569548028844,
        91.65289689025016,
        87.49981310204447,
        79.44989110704738,
        78.84605741303108,
        83.71530145439797,
        82.25791126448138,
        92.05237944420541,
        82.81162116132148,
        91.05768024573115,
        92.42637435453221,
        91.667412098976,
        81.0213827551602,
        94.77857734427256,
        88.11669183937431,
        86.69619872692519,
        76.09232318574874,
        92.05070738316986,
        82.31238733139595,
        84.10951816365402,
        82.67528808170788,
        79.30027855159936,
        88.74646365986753
    ]
}