{
    "agg": 2254,
    "iters": [
        1,
        2,
        3,
        4,
        5,
        6,
        7,
        8,
        9,
        10,
        11,
        12,
        13,
        14,
        15,
        16,
        17,
        18,
        19,
        20,
        21,
        22,
        23,
        24,
        25,
        26,
        27,
        28,
        29,
        30,
        31,
        32,
        33,
        34,
        35,
        36,
        37,
        38,
        39,
        40,
        41,
        42,
        43,
        44,
        45,
        46,
        47,
        48,
        49,
        50,
        51,
        52,
        53,
        54,
        55,
        56,
        57,
        58,
        59,
        60,
        61,
        62,
        63,
        64,
        65,
        66,
        67,
        68,
        69,
        70,
        71,
        72,
        73,
        74,
        75,
        76,
        77,
        78,
        79,
        80,
        81,
        82,
        83,
        84,
        85,
        86,
        87,
        88,
        89,
        90,
        91,
        92,
        93,
        94,
        95,
        96,
        97,
        98,
        99,
        100,
        101,
        102,
        103,
        104,
        105,
        106,
        107,
        108,
        109,
        110,
        111,
        112,
        113,
        114,
        115,
        116,
        117,
        118,
        119,
        120,
        121,
        122,
        123,
        124,
        125,
        126,
        127,
        128,
        129,
        130,
        131,
        132,
        133,
        134,
        135,
        136,
        137,
        138,
        139,
        140
    ],
    "means": [
        2156.4444444444443,
        2145.777777777778,
        2145.1666666666665,
        2133.6944444444443,
        2130.8055555555557,
        2147.1666666666665,
        2144.3055555555557,
        2131.6944444444443,
        2145.0,
        2175.5,
        2130.972222222222,
        2150.3055555555557,
        2152.027777777778,
        2140.0555555555557,
        2163.027777777778,
        2157.0555555555557,
        2136.4444444444443,
        2149.1111111111113,
        2145.4166666666665,
        2134.722222222222,
        2140.5,
        2130.0,
        2142.75,
        2158.4166666666665,
        2128.3333333333335,
        2158.6111111111113,
        2132.0,
        2154.027777777778,
        2143.3611111111113,
        2144.9166666666665,
        2139.8888888888887,
        2122.472222222222,
        2141.6111111111113,
        2144.25,
        2131.777777777778,
        2131.8055555555557,
        2144.722222222222,
        2164.3055555555557,
        2147.3888888888887,
        2158.3055555555557,
        2163.0555555555557,
        2138.9166666666665,
        2140.5,
        2143.25,
        2139.5,
        2160.527777777778,
        2144.3611111111113,
        2151.277777777778,
        2153.0,
        2175.9166666666665,
        2144.277777777778,
        2126.5555555555557,
        2147.25,
        2156.722222222222,
        2137.8055555555557,
        2152.1666666666665,
        2153.25,
        2137.0833333333335,
        2141.0,
        2158.25,
        2145.6666666666665,
        2145.277777777778,
        2145.527777777778,
        2120.0,
        2153.222222222222,
        2148.4444444444443,
        2163.6666666666665,
        2180.0833333333335,
        2170.972222222222,
        2160.4444444444443,
        2148.1666666666665,
        2145.6388888888887,
        2180.1666666666665,
        2143.0,
        2141.777777777778,
        2128.9444444444443,
        2122.25,
        2174.8611111111113,
        2156.3611111111113,
        2132.4166666666665,
        2146.6388888888887,
        2142.527777777778,
        2151.472222222222,
        2156.6111111111113,
        2198.9166666666665,
        2159.8611111111113,
        2154.3333333333335,
        2122.0833333333335,
        2149.027777777778,
        2130.8611111111113,
        2153.722222222222,
        2144.5,
        2135.222222222222,
        2130.3888888888887,
        2156.1388888888887,
        2155.5,
        2107.1944444444443,
        2138.6111111111113,
        2163.5555555555557,
        2165.6111111111113,
        2163.3611111111113,
        2138.0,
        2125.8611111111113,
        2165.8611111111113,
        2173.6111111111113,
        2156.1388888888887,
        2161.25,
        2174.8611111111113,
        2138.1111111111113,
        2161.027777777778,
        2149.5833333333335,
        2153.4166666666665,
        2176.3611111111113,
        2152.8888888888887,
        2148.5,
        2159.722222222222,
        2131.8888888888887,
        2140.5555555555557,
        2141.4166666666665,
        2167.5555555555557,
        2157.527777777778,
        2165.9166666666665,
        2149.1944444444443,
        2161.8055555555557,
        2156.6388888888887,
        2141.972222222222,
        2146.3611111111113,
        2156.3888888888887,
        2140.25,
        2134.0555555555557,
        2157.75,
        2174.5833333333335,
        2149.0,
        2158.0833333333335,
        2135.25,
        2143.0555555555557,
        2113.277777777778,
        2132.0833333333335,
        2156.472222222222,
        2156.0555555555557
    ],
    "opt": 2237,