{
    "agg": 2248,
    "iters": [
        1,
        2,
        3,
        4,
        5,
        6,
        7,
        8,
        9,
        10,
        11,
        12,
        13,
        14,
        15,
        16,
        17,
        18,
        19,
        20,
        21,
        22,
        23,
        24,
        25,
        26,
        27,
        28,
        29,
        30,
        31,
        32,
        33,
        34,
        35,
        36,
        37,
        38,
        39,
        40,
        41,
        42,
        43,
        44,
        45,
        46,
        47,
        48,
        49,
        50,
        51,
        52,
        53,
        54,
        55,
        56,
        57,
        58,
        59,
        60,
        61,
        62,
        63,
        64,
        65,
        66,
        67,
        68,
        69,
        70,
        71,
        72,
        73,
        74,
        75,
        76,
        77,
        78,
        79,
        80,
        81,
        82,
        83,
        84,
        85,
        86,
        87,
        88,
        89,
        90,
        91,
        92,
        93,
        94,
        95,
        96,
        97,
        98,
        99,
        100,
        101,
        102,
        103,
        104,
        105,
        106,
        107,
        108,
        109,
        110,
        111,
        112,
        113,
        114,
        115,
        116,
        117,
        118,
        119,
        120,
        121,
        122,
        123,
        124,
        125,
        126,
        127,
        128,
        129,
        130,
        131,
        132,
        133,
        134,
        135
    ],
    "means": [
        2145.4594594594596,
        2155.3783783783783,
        2153.864864864865,
        2137.162162162162,
        2148.135135135135,
        2153.4324324324325,
        2135.189189189189,
        2179.108108108108,
        2132.7837837837837,
        2123.945945945946,
        2145.162162162162,
        2181.324324324324,
        2169.5945945945946,
        2149.027027027027,
        2157.7837837837837,
        2173.5675675675675,
        2150.2972972972975,
        2128.810810810811,
        2159.6486486486488,
        2148.6486486486488,
        2160.2972972972975,
        2150.108108108108,
        2156.162162162162,
        2163.837837837838,
        2158.7297297297296,
        2160.5135135135133,
        2145.5135135135133,
        2158.0810810810813,
        2152.162162162162,
        2157.027027027027,
        2128.2702702702704,
        2147.6216216216217,
        2129.7837837837837,
        2141.162162162162,
        2187.4054054054054,
        2142.0810810810813,
        2182.5945945945946,
        2154.7567567567567,
        2137.162162162162,
        2139.7837837837837,
        2146.027027027027,
        2125.4864864864867,
        2160.972972972973,
        2156.0810810810813,
        2163.4324324324325,
        2179.3783783783783,
        2145.2432432432433,
        2125.108108108108,
        2150.945945945946,
        2143.162162162162,
        2144.4054054054054,
        2163.6216216216217,
        2147.5675675675675,
        2134.837837837838,
        2137.7567567567567,
        2147.0810810810813,
        2141.2432432432433,
        2147.4594594594596,
        2144.4054054054054,
        2159.945945945946,
        2133.3783783783783,
        2139.5405405405404,
        2149.2702702702704,
        2151.891891891892,
        2144.324324324324,
        2166.7567567567567,
        2168.972972972973,
        2181.2972972972975,
        2157.675675675676,
        2120.6486486486488,
        2140.7567567567567,
        2186.0810810810813,
        2149.135135135135,
        2166.7027027027025,
        2158.891891891892,
        2151.9189189189187,
        2172.5135135135133,
        2163.7567567567567,
        2137.972972972973,
        2133.4054054054054,
        2144.675675675676,
        2157.7837837837837,
        2164.5945945945946,
        2174.810810810811,
        2160.108108108108,
        2135.7567567567567,
        2129.810810810811,
        2146.972972972973,
        2138.4594594594596,
        2150.5675675675675,
        2146.0,
        2143.108108108108,
        2165.054054054054,
        2155.7297297297296,
        2147.162162162162,
        2145.2432432432433,
        2136.2702702702704,
        2154.972972972973,
        2141.135135135135,
        2151.5945945945946,
        2154.864864864865,
        2130.5405405405404,
        2155.891891891892,
        2159.3783783783783,
        2143.837837837838,
        2143.189189189189,
        2138.7837837837837,
        2169.4054054054054,
        2155.7297297297296,
        2154.675675675676,
        2143.324324324324,
        2142.6216216216217,
        2177.3513513513512,
        2159.810810810811,
        2146.7567567567567,
        2145.0,
        2164.5945945945946,
        2153.7027027027025,
        2132.4324324324325,
        2133.0,
        2168.675675675676,
        2147.6216216216217,
        2145.2432432432433,
        2163.027027027027,
        2166.0810810810813,
        2166.6216216216217,
        2173.5135135135133,
        2129.324324324324,
        2162.2432432432433,
        2141.2432432432433,
        2162.9189189189187,
        2161.2972972972975,
        2151.891891891892,
        2133.7567567567567,
        2162.5135135135133
    ],
    "opt": 2219,