{
    "agg": 2172,
    "iters": [
        1,
        2,
        3,
        4,
        5,
        6,
        7,
        8,
        9,
        10,
        11,
        12,
        13,
        14,
        15,
        16,
        17,
        18,
        19,
        20,
        21,
        22,
        23,
        24,
        25,
        26,
        27,
        28,
        29,
        30,
        31,
        32,
        33,
        34,
        35,
        36,
        37,
        38,
        39,
        40,
        41,
        42,
        43,
        44,
        45,
        46,
        47,
        48,
        49,
        50,
        51,
        52,
        53,
        54,
        55,
        56,
        57,
        58,
        59,
        60,
        61,
        62,
        63,
        64,
        65,
        66,
        67,
        68,
        69,
        70,
        71,
        72,
        73,
        74,
        75,
        76,
        77,
        78,
        79,
        80,
        81,
        82,
        83,
        84,
        85,
        86,
        87,
        88,
        89,
        90,
        91,
        92,
        93,
        94,
        95,
        96,
        97,
        98,
        99,
        100,
        101,
        102,
        103,
        104,
        105,
        106,
        107,
        108,
        109,
        110,
        111,
        112,
        113,
        114,
        115,
        116,
        117,
        118,
        119,
        120,
        121,
        122,
        123,
        124,
        125,
        126,
        127,
        128,
        129,
        130,
        131,
        132,
        133,
        134,
        135,
        136,
        137,
        138,
        139,
        140,
        141,
        142,
        143,
        144,
        145,
        146
    ],
    "means": [
        2150.5510204081634,
        2119.3469387755104,
        2135.0204081632655,
        2165.530612244898,
        2151.265306122449,
        2153.326530612245,
        2131.6938775510203,
        2151.0204081632655,
        2140.1632653061224,
        2151.0408163265306,
        2143.8367346938776,
        2150.0408163265306,
        2150.0,
        2157.2244897959185,
        2128.6530612244896,
        2152.795918367347,
        2177.6530612244896,
        2137.387755102041,
        2146.5102040816328,
        2150.1428571428573,
        2148.1020408163267,
        2138.714285714286,
        2137.2244897959185,
        2160.1632653061224,
        2147.2448979591836,
        2169.6938775510203,
        2167.9591836734694,
        2158.877551020408,
        2158.2448979591836,
        2151.7755102040815,
        2138.469387755102,
        2141.9591836734694,
        2163.061224489796,
        2167.1428571428573,
        2162.612244897959,
        2141.3469387755104,
        2141.5714285714284,
        2157.7755102040815,
        2141.265306122449,
        2140.204081632653,
        2145.2244897959185,
        2132.938775510204,
        2162.877551020408,
        2141.0204081632655,
        2155.469387755102,
        2147.122448979592,
        2144.8571428571427,
        2155.2448979591836,
        2136.816326530612,
        2156.469387755102,
        2134.8367346938776,
        2162.0408163265306,
        2152.469387755102,
        2129.2244897959185,
        2155.387755102041,
        2156.9795918367345,
        2144.122448979592,
        2155.5714285714284,
        2129.591836734694,
        2161.4489795918366,
        2161.183673469388,
        2149.2448979591836,
        2149.183673469388,
        2159.0,
        2163.6938775510203,
        2118.938775510204,
        2145.0,
        2139.938775510204,
        2148.918367346939,
        2152.7551020408164,
        2168.4285714285716,
        2161.469387755102,
        2156.795918367347,
        2157.9591836734694,
        2169.9591836734694,
        2177.0204081632655,
        2146.3061224489797,
        2153.795918367347,
        2133.3061224489797,
        2172.8979591836733,
        2160.5714285714284,
        2150.4285714285716,
        2126.5714285714284,
        2151.6530612244896,
        2144.6530612244896,
        2155.612244897959,
        2155.408163265306,
        2150.285714285714,
        2159.204081632653,
        2148.326530612245,
        2157.3061224489797,
        2157.183673469388,
        2126.4285714285716,
        2142.0204081632655,
        2144.877551020408,
        2145.7755102040815,
        2160.081632653061,
        2147.4489795918366,
        2159.3469387755104,
        2127.673469387755,
        2163.8979591836733,
        2146.1020408163267,
        2162.408163265306,
        2136.4897959183672,
        2150.204081632653,
        2156.469387755102,
        2168.2448979591836,
        2159.0408163265306,
        2173.408163265306,
        2130.387755102041,
        2143.5510204081634,
        2141.081632653061,
        2127.6530612244896,
        2143.673469387755,
        2143.2244897959185,
        2145.061224489796,
        2141.795918367347,
        2154.7551020408164,
        2161.285714285714,
        2177.8367346938776,
        2143.734693877551,
        2149.714285714286,
        2136.5510204081634,
        2155.3673469387754,
        2147.795918367347,
        2155.6326530612246,
        2154.1020408163267,
        2151.8979591836733,
        2158.3469387755104,
        2120.918367346939,
        2165.6938775510203,
        2149.530612244898,
        2150.4489795918366,
        2142.5102040816328,
        2150.612244897959,
        2153.469387755102,
        2155.9795918367345,
        2133.0408163265306,
        2153.9591836734694,
        2154.6530612244896,
        2156.408163265306,
        2143.2448979591836,
        2127.408163265306,
        2127.5102040816328,
        2150.7755102040815,
        2148.6530612244896
    ],
    "opt": 2225,