{
    "agg": 2123,
    "iters": [
        1,
        2,
        3,
        4,
        5,
        6,
        7,
        8,
        9,
        10,
        11,
        12,
        13,
        14,
        15,
        16,
        17,
        18,
        19,
        20,
        21,
        22,
        23,
        24,
        25,
        26,
        27,
        28,
        29,
        30,
        31,
        32,
        33,
        34,
        35,
        36,
        37,
        38,
        39,
        40,
        41,
        42,
        43,
        44,
        45,
        46,
        47,
        48,
        49,
        50,
        51,
        52,
        53,
        54,
        55,
        56,
        57,
        58,
        59,
        60,
        61,
        62,
        63,
        64,
        65,
        66,
        67,
        68,
        69,
        70,
        71,
        72,
        73,
        74,
        75,
        76,
        77,
        78,
        79,
        80,
        81,
        82,
        83,
        84,
        85,
        86,
        87,
        88,
        89,
        90,
        91,
        92,
        93,
        94,
        95,
        96,
        97,
        98,
        99,
        100,
        101,
        102,
        103,
        104,
        105,
        106,
        107,
        108,
        109,
        110,
        111,
        112,
        113,
        114,
        115,
        116,
        117,
        118,
        119,
        120,
        121,
        122,
        123,
        124,
        125,
        126,
        127,
        128,
        129,
        130
    ],
    "means": [
        2163.102564102564,
        2131.846153846154,
        2160.0,
        2166.5128205128203,
        2157.7948717948716,
        2144.153846153846,
        2155.74358974359,
        2162.948717948718,
        2158.923076923077,
        2161.025641025641,
        2150.846153846154,
        2150.5641025641025,
        2177.974358974359,
        2151.4102564102564,
        2158.4871794871797,
        2160.6923076923076,
        2158.4102564102564,
        2151.076923076923,
        2145.923076923077,
        2153.3846153846152,
        2155.2820512820513,
        2149.871794871795,
        2140.5897435897436,
        2158.7948717948716,
        2151.74358974359,
        2150.641025641026,
        2144.230769230769,
        2164.846153846154,
        2130.3076923076924,
        2118.5897435897436,
        2153.358974358974,
        2151.4871794871797,
        2146.7948717948716,
        2149.8205128205127,
        2157.6923076923076,
        2144.3076923076924,
        2109.7948717948716,
        2175.948717948718,
        2137.5128205128203,
        2170.076923076923,
        2161.897435897436,
        2148.6666666666665,
        2130.7948717948716,
        2134.974358974359,
        2116.5128205128203,
        2164.4102564102564,
        2147.5384615384614,
        2139.641025641026,
        2152.3076923076924,
        2145.358974358974,
        2124.4358974358975,
        2163.948717948718,
        2144.7948717948716,
        2138.051282051282,
        2164.8205128205127,
        2132.25641025641,
        2131.2820512820513,
        2160.5641025641025,
        2135.846153846154,
        2142.5384615384614,
        2146.5897435897436,
        2147.4871794871797,
        2143.6923076923076,
        2134.7179487179487,
        2155.128205128205,
        2129.2820512820513,
        2162.769230769231,
        2162.076923076923,
        2147.051282051282,
        2139.230769230769,
        2133.4615384615386,
        2153.8205128205127,
        2163.3076923076924,
        2162.7179487179487,
        2142.1794871794873,
        2137.4871794871797,
        2137.0,
        2140.25641025641,
        2149.897435897436,
        2162.25641025641,
        2158.4358974358975,
        2110.7948717948716,
        2141.948717948718,
        2132.4871794871797,
        2169.7948717948716,
        2133.6153846153848,
        2138.846153846154,
        2151.6923076923076,
        2161.5384615384614,
        2140.5897435897436,
        2160.923076923077,
        2111.4615384615386,
        2124.974358974359,
        2165.3076923076924,
        2160.4615384615386,
        2146.871794871795,
        2173.5128205128203,
        2149.6153846153848,
        2152.4871794871797,
        2146.5384615384614,
        2136.2820512820513,
        2157.871794871795,
        2127.5128205128203,
        2132.6666666666665,
        2174.4615384615386,
        2133.102564102564,
        2167.923076923077,
        2151.948717948718,
        2129.4615384615386,
        2138.769230769231,
        2139.358974358974,
        2127.897435897436,
        2154.2820512820513,
        2150.025641025641,
        2152.076923076923,
        2137.6153846153848,
        2167.974358974359,
        2162.6923076923076,
        2139.025641025641,
        2151.3846153846152,
        2147.102564102564,
        2138.923076923077,
        2168.6153846153848,
        2144.948717948718,
        2144.6153846153848,
        2139.1794871794873,
        2160.974358974359,
        2162.2820512820513,
        2158.5897435897436,
        2150.897435897436
    ],
    "opt": 2203,