{
    "agg": 2275,
    "iters": [
        1,
        2,
        3,
        4,
        5,
        6,
        7,
        8,
        9,
        10,
        11,
        12,
        13,
        14,
        15,
        16,
        17,
        18,
        19,
        20,
        21,
        22,
        23,
        24,
        25,
        26,
        27,
        28,
        29,
        30,
        31,
        32,
        33,
        34,
        35,
        36,
        37,
        38,
        39,
        40,
        41,
        42,
        43,
        44,
        45,
        46,
        47,
        48,
        49,
        50,
        51,
        52,
        53,
        54,
        55,
        56,
        57,
        58,
        59,
        60,
        61,
        62,
        63,
        64,
        65,
        66,
        67,
        68,
        69,
        70,
        71,
        72,
        73,
        74,
        75,
        76,
        77,
        78,
        79,
        80,
        81,
        82,
        83,
        84,
        85,
        86,
        87,
        88,
        89,
        90,
        91,
        92,
        93,
        94,
        95,
        96,
        97,
        98,
        99,
        100,
        101,
        102
    ],
    "means": [
        2151.5945945945946,
        2145.675675675676,
        2136.2432432432433,
        2136.945945945946,
        2152.027027027027,
        2157.6486486486488,
        2124.675675675676,
        2172.891891891892,
        2159.135135135135,
        2164.0810810810813,
        2147.4054054054054,
        2158.6216216216217,
        2157.5675675675675,
        2133.135135135135,
        2154.3513513513512,
        2159.3513513513512,
        2163.189189189189,
        2156.891891891892,
        2163.2432432432433,
        2119.9189189189187,
        2138.108108108108,
        2165.7567567567567,
        2160.7027027027025,
        2151.7837837837837,
        2169.9189189189187,
        2146.5945945945946,
        2154.189189189189,
        2166.2432432432433,
        2162.108108108108,
        2166.2432432432433,
        2161.2972972972975,
        2169.027027027027,
        2144.3513513513512,
        2117.810810810811,
        2156.5945945945946,
        2124.5135135135133,
        2141.7567567567567,
        2167.5135135135133,
        2141.4864864864867,
        2140.162162162162,
        2149.2432432432433,
        2152.7567567567567,
        2133.864864864865,
        2159.864864864865,
        2147.0,
        2122.189189189189,
        2177.2702702702704,
        2179.2162162162163,
        2122.6486486486488,
        2147.135135135135,
        2151.0810810810813,
        2148.4594594594596,
        2126.162162162162,
        2155.5405405405404,
        2159.2432432432433,
        2157.4054054054054,
        2148.837837837838,
        2128.135135135135,
        2141.2432432432433,
        2143.891891891892,
        2167.2972972972975,
        2159.6216216216217,
        2162.5135135135133,
        2116.2162162162163,
        2150.189189189189,
        2165.4324324324325,
        2121.108108108108,
        2164.0,
        2157.108108108108,
        2137.162162162162,
        2175.108108108108,
        2177.324324324324,
        2143.324324324324,
        2147.864864864865,
        2157.2432432432433,
        2125.4594594594596,
        2138.189189189189,
        2163.7027027027025,
        2149.108108108108,
        2155.108108108108,
        2153.945945945946,
        2165.891891891892,
        2127.135135135135,
        2132.3513513513512,
        2150.7837837837837,
        2133.4594594594596,
        2135.0810810810813,
        2151.7297297297296,
        2170.945945945946,
        2141.4594594594596,
        2164.6216216216217,
        2144.5405405405404,
        2138.972972972973,
        2176.054054054054,
        2151.864864864865,
        2122.189189189189,
        2158.5945945945946,
        2110.6216216216217,
        2138.6486486486488,
        2155.3783783783783,
        2134.2162162162163,
        2149.135135135135
    ],
    "opt": 2287,
    "stdevs": [
        83.66841228339901,
        91.27240311556068,
        80.19887624925636,
        91.0773196753194,
        80.44184956496028,
        82.46283887589092,
        80.59443145342127,
        87.19775095778802,
        92.04645189285038,
        93.47940324618945,
        81.18795658905276,
        81.33093934455472,
        88.61625149609075,
        79.90202181325954,
        84.76843376539827,
        89.46725694767565,
        83.39642802572958,
        92.46877742851069,
        85.73479075753396,
        82.75440002293286,
        89.39701421454073,
        89.30464271863471,
        73.13957957770543,
        88.75844387243363,
        88.76734802001769,
        90.008545978479,
        94.5623883398245,
        76.26249313884017,
        80.21854735448647,
        83.47823972988584,
        91.68596959034913,
        78.8448652928859,
        78.17347867687685,
        81.68325040447327,
        79.77585472941433,
        77.01723977649652,
        88.74817254468913,
        93.67875573919848,
        93.39038136177871,
        91.57289623603037,
        84.64597351749589,
        85.54227827960369,
        88.94126885795377,
        95.22438994920344,
        80.8849700400413,
        75.35818535064779,
        88.96359676056045,
        82.4674006469633,
        86.05065014319032,
        90.48224020518782,
        89.70322793263331,
        84.8090365514719,
        88.32663995111999,
        86.36271548958406,
        83.29511370938725,
        82.2762188423715,
        82.6220680924025,
        82.22453180400083,
        83.29900729605606,
        82.46204164727527,
        88.09572952341654,
        84.95892532256362,
        77.38692592338475,
        87.80787846667357,
        90.70529584284029,
        80.22385590487056,
        95.98980345167405,
        85.05642006688616,
        79.8050949344829,
        76.89041465355304,
        89.86620198151753,
        89.01535065128088,
        79.9134849947299,
        84.15724091220382,
        90.56441798906229,
        78.54542311045061,
        87.57540005011212,
        69.55917755325021,
        87.95569639797742,
        82.69735895118916,
        89.76484171371868,
        85.01725859249349,
        68.19572870914224,
        92.86031829791489,
        75.17408090383968,
        75.82896636674111,
        95.45803616826367,
        91.2527374335485,
        75.24911634425798,
        62.641232683754296,
        78.02852955424298,
        81.71029727512253,
        91.35303852591981,
        80.38116827525198,
        85.34102089032777,
        76.41948168120265,
        91.99220280103634,
        79.69684159069608,
        74.72081956558178,
        89.50474888544193,
        83.33427805649062,
        90.966926618938
    ]
}