{
    "agg": 2173,
    "iters": [
        1,
        2,
        3,
        4,
        5,
        6,
        7,
        8,
        9,
        10,
        11,
        12,
        13,
        14,
        15,
        16,
        17,
        18,
        19,
        20,
        21,
        22,
        23,
        24,
        25,
        26,
        27,
        28,
        29,
        30,
        31,
        32,
        33,
        34,
        35,
        36,
        37,
        38,
        39,
        40,
        41,
        42,
        43,
        44,
        45,
        46,
        47,
        48,
        49,
        50,
        51,
        52,
        53,
        54,
        55,
        56,
        57,
        58,
        59,
        60,
        61,
        62,
        63,
        64,
        65,
        66,
        67,
        68,
        69,
        70,
        71,
        72,
        73,
        74,
        75,
        76,
        77,
        78,
        79,
        80,
        81,
        82,
        83,
        84,
        85,
        86,
        87,
        88,
        89,
        90,
        91,
        92,
        93,
        94,
        95,
        96,
        97,
        98,
        99,
        100,
        101,
        102,
        103,
        104,
        105,
        106,
        107,
        108,
        109,
        110,
        111,
        112,
        113,
        114,
        115,
        116,
        117,
        118,
        119,
        120,
        121,
        122,
        123,
        124,
        125,
        126,
        127,
        128,
        129,
        130,
        131,
        132,
        133,
        134,
        135,
        136,
        137,
        138,
        139,
        140,
        141,
        142,
        143,
        144
    ],
    "means": [
        2153.8,
        2111.133333333333,
        2085.6666666666665,
        2172.5333333333333,
        2153.6,
        2121.6,
        2165.6666666666665,
        2159.4,
        2103.3333333333335,
        2124.0666666666666,
        2188.5333333333333,
        2164.6,
        2146.133333333333,
        2165.0666666666666,
        2156.5333333333333,
        2108.133333333333,
        2201.4666666666667,
        2160.4,
        2138.2,
        2150.0,
        2178.4,
        2140.9333333333334,
        2117.733333333333,
        2168.866666666667,
        2116.0,
        2130.2,
        2099.866666666667,
        2125.8,
        2174.266666666667,
        2143.6,
        2160.6666666666665,
        2128.5333333333333,
        2155.133333333333,
        2116.133333333333,
        2136.733333333333,
        2135.0666666666666,
        2138.2,
        2140.4666666666667,
        2115.0666666666666,
        2158.0666666666666,
        2139.2,
        2143.2,
        2175.6,
        2091.6666666666665,
        2136.3333333333335,
        2120.6,
        2134.2,
        2181.733333333333,
        2199.9333333333334,
        2142.133333333333,
        2149.2,
        2145.4666666666667,
        2106.133333333333,
        2134.2,
        2120.133333333333,
        2169.266666666667,
        2194.0666666666666,
        2126.6666666666665,
        2160.6666666666665,
        2150.8,
        2119.0,
        2168.9333333333334,
        2179.5333333333333,
        2181.0666666666666,
        2107.4,
        2157.2,
        2179.8,
        2159.6,
        2110.0,
        2181.2,
        2156.8,
        2125.9333333333334,
        2149.6,
        2114.3333333333335,
        2127.4666666666667,
        2156.0666666666666,
        2155.4,
        2160.0666666666666,
        2117.6,
        2152.4666666666667,
        2144.3333333333335,
        2165.6,
        2160.133333333333,
        2165.3333333333335,
        2163.266666666667,
        2178.3333333333335,
        2132.5333333333333,
        2160.266666666667,
        2152.9333333333334,
        2099.9333333333334,
        2160.4666666666667,
        2140.266666666667,
        2160.2,
        2145.133333333333,
        2102.6666666666665,
        2100.133333333333,
        2193.0,
        2155.5333333333333,
        2164.866666666667,
        2197.8,
        2117.8,
        2169.133333333333,
        2136.0,
        2177.8,
        2157.733333333333,
        2126.9333333333334,
        2155.0,
        2135.0666666666666,
        2153.6,
        2140.4,
        2142.2,
        2174.5333333333333,
        2124.3333333333335,
        2182.3333333333335,
        2178.4666666666667,
        2136.3333333333335,
        2156.2,
        2124.866666666667,
        2136.0666666666666,
        2142.866666666667,
        2149.0,
        2123.133333333333,
        2169.9333333333334,
        2174.266666666667,
        2167.5333333333333,
        2170.133333333333,
        2157.4,
        2128.2,
        2161.266666666667,
        2186.133333333333,
        2160.3333333333335,
        2165.4,
        2144.0666666666666,
        2131.6666666666665,
        2150.733333333333,
        2189.133333333333,
        2104.9333333333334,
        2155.0,
        2156.4,
        2192.0,
        2173.133333333333,
        2193.0666666666666,
        2150.4,
        2170.3333333333335
    ],
    "opt": 2205,