{
    "agg": 2257,
    "iters": [
        1,
        2,
        3,
        4,
        5,
        6,
        7,
        8,
        9,
        10,
        11,
        12,
        13,
        14,
        15,
        16,
        17,
        18,
        19,
        20,
        21,
        22,
        23,
        24,
        25,
        26,
        27,
        28,
        29,
        30,
        31,
        32,
        33,
        34,
        35,
        36,
        37,
        38,
        39,
        40,
        41,
        42,
        43,
        44,
        45,
        46,
        47,
        48,
        49,
        50,
        51,
        52,
        53,
        54,
        55,
        56,
        57,
        58,
        59,
        60,
        61,
        62,
        63,
        64,
        65,
        66,
        67,
        68,
        69,
        70,
        71,
        72,
        73,
        74,
        75,
        76,
        77,
        78,
        79,
        80,
        81,
        82,
        83,
        84,
        85,
        86,
        87,
        88,
        89,
        90,
        91,
        92,
        93,
        94,
        95,
        96,
        97,
        98,
        99,
        100,
        101,
        102,
        103,
        104,
        105,
        106,
        107,
        108,
        109,
        110,
        111,
        112,
        113,
        114,
        115,
        116,
        117,
        118,
        119
    ],
    "means": [
        2141.4210526315787,
        2167.0,
        2169.684210526316,
        2180.315789473684,
        2173.842105263158,
        2167.842105263158,
        2169.0526315789475,
        2115.8947368421054,
        2130.684210526316,
        2151.684210526316,
        2140.157894736842,
        2095.157894736842,
        2135.2105263157896,
        2166.7894736842104,
        2132.0526315789475,
        2155.7368421052633,
        2142.4210526315787,
        2145.684210526316,
        2120.3684210526317,
        2164.2105263157896,
        2168.4736842105262,
        2112.6315789473683,
        2120.9473684210525,
        2182.7894736842104,
        2165.8947368421054,
        2105.157894736842,
        2132.684210526316,
        2166.4210526315787,
        2170.2631578947367,
        2141.315789473684,
        2147.5789473684213,
        2162.157894736842,
        2130.3684210526317,
        2140.842105263158,
        2124.157894736842,
        2158.0,
        2148.315789473684,
        2163.4736842105262,
        2170.684210526316,
        2131.3684210526317,
        2116.0526315789475,
        2172.2105263157896,
        2178.2105263157896,
        2138.9473684210525,
        2150.842105263158,
        2192.5263157894738,
        2120.842105263158,
        2139.315789473684,
        2178.1052631578946,
        2140.684210526316,
        2172.315789473684,
        2183.4210526315787,
        2148.8947368421054,
        2165.1052631578946,
        2141.1052631578946,
        2146.2105263157896,
        2118.2105263157896,
        2162.157894736842,
        2174.2631578947367,
        2164.0526315789475,
        2151.6315789473683,
        2167.315789473684,
        2168.4210526315787,
        2196.0,
        2097.315789473684,
        2145.842105263158,
        2143.7894736842104,
        2115.6315789473683,
        2162.6315789473683,
        2149.0526315789475,
        2152.8947368421054,
        2137.8947368421054,
        2119.3684210526317,
        2173.7894736842104,
        2140.4736842105262,
        2209.6315789473683,
        2186.0,
        2167.5789473684213,
        2155.842105263158,
        2178.7894736842104,
        2155.3684210526317,
        2130.5789473684213,
        2147.4210526315787,
        2136.4210526315787,
        2145.5789473684213,
        2164.157894736842,
        2148.3684210526317,
        2118.1052631578946,
        2137.1052631578946,
        2144.842105263158,
        2125.2631578947367,
        2189.2105263157896,
        2150.5263157894738,
        2146.7368421052633,
        2104.5789473684213,
        2160.9473684210525,
        2161.8947368421054,
        2147.5263157894738,
        2168.6315789473683,
        2148.4736842105262,
        2147.8947368421054,
        2152.157894736842,
        2149.1052631578946,
        2157.0,
        2150.6315789473683,
        2161.842105263158,
        2151.842105263158,
        2135.2105263157896,
        2154.315789473684,
        2138.7368421052633,
        2144.2105263157896,
        2117.4210526315787,
        2150.0,
        2126.842105263158,
        2156.315789473684,
        2166.6315789473683,
        2135.3684210526317,
        2162.2105263157896,
        2160.684210526316
    ],
    "opt": 2206,
    "stdevs": [
        82.44444112598603,
        82.80859350269594,
        76.969613027739,
        79.10289942891437,
        88.93005125726904,
        101.13319157266386,
        84.9287464099112,
        67.19327561660201,
        88.26816355890125,
        75.96886663667519,
        77.16098220289342,
        68.5843799601282,
        84.07050859553821,
        72.51031066237802,
        83.04562708105297,
        90.95218067190622,
        89.51819326375927,
        75.48862070508163,
        91.70904250102218,
        73.65465572690776,
        67.62774922599422,
        79.59053800303268,
        88.20101066625301,
        77.62499526052595,
        88.4872246127518,
        83.91177268755479,
        85.27482051491175,
        84.56284849897375,
        70.4435885583285,
        79.27835878564309,
        98.79021674846025,
        83.41794780873299,
        81.41719107639419,
        96.95536854813513,
        83.3668261410438,
        77.89128726358904,
        71.10115302313203,
        94.18758909250289,
        77.63751984404593,
        94.90339161279846,
        77.1195064983463,
        78.82931524393864,
        64.82655315887027,
        74.2786175113039,
        92.40657481614649,
        71.74323252225524,
        74.68478542859472,
        103.4174232656328,
        85.49970436196477,
        85.87632026508511,
        100.67668555256681,
        86.81942287510124,
        89.72231708346304,
        71.7428850217674,
        75.99092379103546,
        87.88603801896159,
        72.59736036042867,
        81.95394287929412,
        70.29699559744856,
        78.07113738812053,
        90.2127371834959,
        80.35254728977594,
        63.67625004618754,
        79.08290120599962,
        71.8676068099339,
        77.67900424716466,
        68.63831901033925,
        89.25670284505294,
        91.02354266100367,
        75.168213945867,
        70.20788285089098,
        87.02806246556162,
        75.10288418760227,
        92.15123664668025,
        87.15042556350645,
        60.292454381967744,
        82.07377938877858,
        86.69870137403788,
        72.28544525399195,
        78.72509059503632,
        77.60779296620844,
        85.3274286680578,
        90.85692383862819,
        85.89976765453147,
        82.5541709166416,
        74.88325169917204,
        94.24336387432821,
        84.26955168220739,
        81.36848914002734,
        94.29978130124482,
        73.25215434609068,
        74.95864048882902,
        82.42595938879593,
        73.52467692104122,
        73.16550509450524,
        76.95895945530458,
        81.38595167591214,
        94.71917964008001,
        79.59186055073708,
        82.99991656372003,
        80.45586873811277,
        89.01878167164898,
        77.23845152093483,
        76.92374898491842,
        95.07958468474035,
        94.31987185713737,
        99.85424280467095,
        88.91840076418285,
        79.4958142768198,
        75.77379223734088,
        75.01759719690224,
        93.88532523045765,
        69.66612104210074,
        78.89117298224964,
        90.50388338953891,
        72.40980634832317,
        108.76687311392476,
        92.68031014836257,
        69.40654650723476
    ]
}