{
    "agg": 2147,
    "iters": [
        1,
        2,
        3,
        4,
        5,
        6,
        7,
        8,
        9,
        10,
        11,
        12,
        13,
        14,
        15,
        16,
        17,
        18,
        19,
        20,
        21,
        22,
        23,
        24,
        25,
        26,
        27,
        28,
        29,
        30,
        31,
        32,
        33,
        34,
        35,
        36,
        37,
        38,
        39,
        40,
        41,
        42,
        43,
        44,
        45,
        46,
        47,
        48,
        49,
        50,
        51,
        52,
        53,
        54,
        55,
        56,
        57,
        58,
        59,
        60,
        61,
        62,
        63,
        64,
        65,
        66,
        67,
        68,
        69,
        70,
        71,
        72,
        73,
        74,
        75,
        76,
        77,
        78,
        79,
        80,
        81,
        82,
        83,
        84,
        85,
        86,
        87,
        88,
        89,
        90,
        91,
        92,
        93,
        94,
        95,
        96,
        97,
        98,
        99,
        100,
        101,
        102
    ],
    "means": [
        2162.1041666666665,
        2149.8541666666665,
        2123.9375,
        2165.1041666666665,
        2148.6666666666665,
        2149.4166666666665,
        2148.0416666666665,
        2145.7291666666665,
        2144.0416666666665,
        2140.9166666666665,
        2139.75,
        2120.125,
        2140.7083333333335,
        2164.7916666666665,
        2150.3541666666665,
        2150.125,
        2158.125,
        2159.8333333333335,
        2128.4583333333335,
        2163.9166666666665,
        2154.8541666666665,
        2149.8125,
        2140.5416666666665,
        2144.9583333333335,
        2154.9375,
        2154.0625,
        2180.9583333333335,
        2145.7916666666665,
        2157.875,
        2149.3125,
        2122.9583333333335,
        2143.1041666666665,
        2160.9791666666665,
        2154.6666666666665,
        2127.6458333333335,
        2161.5625,
        2141.4166666666665,
        2146.2083333333335,
        2159.0416666666665,
        2163.5833333333335,
        2152.0,
        2142.6458333333335,
        2158.1041666666665,
        2150.0,
        2138.8958333333335,
        2168.0416666666665,
        2160.8541666666665,
        2159.3333333333335,
        2147.3541666666665,
        2145.3541666666665,
        2139.875,
        2144.0625,
        2151.7708333333335,
        2162.5833333333335,
        2167.5208333333335,
        2163.0,
        2145.7291666666665,
        2146.9583333333335,
        2140.375,
        2152.5416666666665,
        2139.7708333333335,
        2178.375,
        2158.6666666666665,
        2150.9375,
        2166.4791666666665,
        2167.3333333333335,
        2166.5,
        2166.2083333333335,
        2174.1041666666665,
        2151.4583333333335,
        2137.6041666666665,
        2152.125,
        2142.4375,
        2147.0833333333335,
        2120.125,
        2156.9166666666665,
        2157.3333333333335,
        2132.3125,
        2144.75,
        2151.25,
        2160.8125,
        2151.125,
        2152.1458333333335,
        2121.4583333333335,
        2164.8333333333335,
        2137.7083333333335,
        2167.1041666666665,
        2134.8541666666665,
        2138.25,
        2120.875,
        2138.5208333333335,
        2161.5416666666665,
        2150.4583333333335,
        2145.2291666666665,
        2142.5625,
        2159.2083333333335,
        2149.0625,
        2138.125,
        2142.5833333333335,
        2145.9375,
        2141.0625,
        2143.5833333333335
    ],
    "opt": 2244,
    "stdevs": [
        90.0074625571248,
        83.20181027260698,
        82.69834899853402,
        81.59484245938724,
        93.75062962751532,
        82.03323344162955,
        76.00081094231092,
        91.12096803684771,
        87.97465504652779,
        77.4846310925951,
        89.10726214325445,
        79.7435015638683,
        91.0807696345514,
        90.33547621997067,
        93.55334698790251,
        87.20942824603313,
        83.07341757947204,
        82.444257262441,
        85.74573807031007,
        82.77299109948581,
        89.32524596088287,
        78.1301414974827,
        76.94233726557108,
        81.57664043026587,
        81.98943180119821,
        91.85300898945373,
        84.17218422508842,
        85.30825437136133,
        78.93394522214972,
        77.0454833875203,
        83.89923478329361,
        85.84876226620213,
        84.10100316071674,
        80.17749407131377,
        87.46153668502261,
        83.83339287191392,
        80.0364066465311,
        91.54164770140905,
        92.3755826173177,
        89.45618884248435,
        85.9454769025107,
        80.83973073911257,
        84.14848968325114,
        92.6516774447896,
        92.18826741676816,
        87.7664890332422,
        91.03639143755765,
        79.75021769388609,
        75.91840180508865,
        92.740338576617,
        86.20799097724836,
        87.87216241269662,
        93.43184672604352,
        86.15316625380378,
        84.12465690453396,
        90.28635002036576,
        79.9189014937782,
        95.40854223053381,
        89.71218446602818,
        82.77553944587468,
        75.65305666421474,
        83.41203575224222,
        103.3804328143817,
        92.48837905605582,
        81.33213530111507,
        80.83994818295112,
        85.45344736560759,
        79.92938506720931,
        78.2288948064517,
        84.48716824004828,
        87.64077713012489,
        77.91117404882735,
        90.20068048754769,
        85.34313908504238,
        85.52110485137572,
        83.3661185507771,
        90.69668620676771,
        87.20644955363106,
        85.19939847205495,
        85.55371119945644,
        78.54421691261977,
        92.50757288820557,
        90.03610145920482,
        80.50982298590789,
        95.49854565501101,
        88.78883148922628,
        91.53329075244822,
        97.32933558784947,
        89.89357133113951,
        89.40465708414374,
        86.72321622633058,
        93.86469835471812,
        85.6754920064983,
        89.16890330138766,
        84.06716220033044,
        89.05545050073516,
        83.2529794887246,
        80.79516925534595,
        93.19755749064575,
        76.1061227962858,
        80.96383098077396,
        86.03604703197891
    ]
}