{
    "agg": 2265,
    "iters": [
        1,
        2,
        3,
        4,
        5,
        6,
        7,
        8,
        9,
        10,
        11,
        12,
        13,
        14,
        15,
        16,
        17,
        18,
        19,
        20,
        21,
        22,
        23,
        24,
        25,
        26,
        27,
        28,
        29,
        30,
        31,
        32,
        33,
        34,
        35,
        36,
        37,
        38,
        39,
        40,
        41,
        42,
        43,
        44,
        45,
        46,
        47,
        48,
        49,
        50,
        51,
        52,
        53,
        54,
        55,
        56,
        57,
        58,
        59,
        60,
        61,
        62,
        63,
        64,
        65,
        66,
        67,
        68,
        69,
        70,
        71,
        72,
        73,
        74,
        75,
        76,
        77,
        78,
        79,
        80,
        81,
        82,
        83,
        84,
        85,
        86,
        87,
        88,
        89,
        90,
        91,
        92,
        93,
        94,
        95,
        96,
        97,
        98,
        99,
        100,
        101
    ],
    "means": [
        2170.4054054054054,
        2141.675675675676,
        2158.5675675675675,
        2161.891891891892,
        2136.6216216216217,
        2162.0810810810813,
        2161.3513513513512,
        2146.891891891892,
        2153.972972972973,
        2175.7297297297296,
        2161.3513513513512,
        2150.810810810811,
        2176.027027027027,
        2171.3783783783783,
        2140.0,
        2150.2162162162163,
        2155.4594594594596,
        2156.0,
        2163.864864864865,
        2147.675675675676,
        2154.4594594594596,
        2131.7567567567567,
        2159.6216216216217,
        2147.9189189189187,
        2158.0,
        2170.7027027027025,
        2157.054054054054,
        2151.5405405405404,
        2161.7297297297296,
        2125.9189189189187,
        2162.4594594594596,
        2141.810810810811,
        2154.7027027027025,
        2156.5405405405404,
        2169.4324324324325,
        2118.972972972973,
        2167.2162162162163,
        2161.5675675675675,
        2121.5135135135133,
        2137.2702702702704,
        2130.9189189189187,
        2141.189189189189,
        2163.027027027027,
        2153.2162162162163,
        2168.891891891892,
        2151.0,
        2147.324324324324,
        2128.2432432432433,
        2143.324324324324,
        2168.7567567567567,
        2157.9189189189187,
        2144.2162162162163,
        2156.3513513513512,
        2158.027027027027,
        2122.3513513513512,
        2167.2432432432433,
        2159.4864864864867,
        2159.4864864864867,
        2154.6486486486488,
        2133.027027027027,
        2162.837837837838,
        2145.7837837837837,
        2142.162162162162,
        2155.324324324324,
        2144.972972972973,
        2125.2972972972975,
        2156.3513513513512,
        2135.7567567567567,
        2116.3513513513512,
        2158.135135135135,
        2175.7837837837837,
        2148.837837837838,
        2145.837837837838,
        2151.9189189189187,
        2137.2972972972975,
        2132.6216216216217,
        2157.135135135135,
        2132.5405405405404,
        2148.5945945945946,
        2174.2432432432433,
        2146.054054054054,
        2149.135135135135,
        2164.054054054054,
        2154.7297297297296,
        2152.027027027027,
        2162.0,
        2141.7837837837837,
        2143.2162162162163,
        2156.2432432432433,
        2140.2432432432433,
        2164.0,
        2129.7027027027025,
        2166.2162162162163,
        2161.3513513513512,
        2143.972972972973,
        2149.324324324324,
        2173.7027027027025,
        2133.4864864864867,
        2144.2432432432433,
        2165.4054054054054,
        2148.3513513513512
    ],
    "opt": 2237,
    "stdevs": [
        83.96603543050445,
        80.84287531630928,
        74.8149213837109,
        92.47403836805452,
        95.37021784301638,
        87.274769078756,
        86.59761441574574,
        76.28211642062597,
        87.10524435339202,
        81.72387545170551,
        81.25808607288202,
        77.13583590279985,
        84.27287931748107,
        86.42676992421102,
        78.97724612447186,
        85.9491160387653,
        80.08461558727663,
        74.79340916186435,
        96.64595800112238,
        80.11108977928426,
        89.95392051447249,
        84.25777866260805,
        82.72368573240755,
        81.1855993016397,
        84.67872511136719,
        74.85909822653485,
        89.5960743426781,
        98.52605488701813,
        88.49573165723065,
        81.56886607244688,
        84.44911936704833,
        86.49475467234456,
        94.16858512862892,
        90.4321739548171,
        80.92891126085323,
        85.40159074614618,
        96.86829596963786,
        90.86566875860288,
        86.88781882765959,
        80.92527372183538,
        85.14578226001039,
        89.67323196904982,
        84.92110376187067,
        82.45625707991435,
        89.24784312142312,
        96.57877333793104,
        89.2185455372744,
        82.40650899423242,
        91.09841843171417,
        80.71150003642617,
        78.87567308262206,
        75.33497631215695,
        83.09916453745187,
        87.37105912281544,
        81.02025646487,
        84.65012424933185,
        83.10287392878053,
        92.27152107323654,
        79.39304081974869,
        81.39675486143317,
        77.72769985696723,
        87.59277248202837,
        93.84907766786438,
        100.27288551991214,
        80.46032646220543,
        83.30953836076988,
        91.15926550473648,
        77.65530399225814,
        78.04025856974917,
        76.23653169919446,
        89.84705777647025,
        82.10985176875681,
        81.38713408964009,
        79.05707085950831,
        76.80085334015814,
        90.03283225499924,
        65.41351301100713,
        91.59210239605507,
        94.23961967626747,
        77.92109848738897,
        86.02323568757014,
        86.41388844898505,
        87.26100827199814,
        96.12847502554987,
        82.66653510518368,
        74.67479042035755,
        74.40543976594763,
        89.43097448028726,
        83.95507337998181,
        87.45482398432931,
        77.96603557128387,
        90.52455687878734,
        77.66043033448265,
        78.6281760295978,
        85.05371481995918,
        84.71926742596462,
        95.72479270618109,
        73.33470902045417,
        82.54545198577223,
        90.97978969498529,
        85.9274414891806
    ]
}