{
    "agg": 2190,
    "iters": [
        1,
        2,
        3,
        4,
        5,
        6,
        7,
        8,
        9,
        10,
        11,
        12,
        13,
        14,
        15,
        16,
        17,
        18,
        19,
        20,
        21,
        22,
        23,
        24,
        25,
        26,
        27,
        28,
        29,
        30,
        31,
        32,
        33,
        34,
        35,
        36,
        37,
        38,
        39,
        40,
        41,
        42,
        43,
        44,
        45,
        46,
        47,
        48,
        49,
        50,
        51,
        52,
        53,
        54,
        55,
        56,
        57,
        58,
        59,
        60,
        61,
        62,
        63,
        64,
        65,
        66,
        67,
        68,
        69,
        70,
        71,
        72,
        73,
        74,
        75,
        76,
        77,
        78,
        79,
        80,
        81,
        82,
        83,
        84,
        85,
        86,
        87,
        88,
        89,
        90,
        91,
        92,
        93,
        94,
        95,
        96,
        97,
        98,
        99,
        100,
        101,
        102,
        103,
        104,
        105,
        106,
        107,
        108,
        109,
        110,
        111,
        112,
        113,
        114,
        115,
        116,
        117,
        118,
        119,
        120,
        121,
        122,
        123,
        124,
        125,
        126,
        127,
        128
    ],
    "means": [
        2120.0454545454545,
        2153.4545454545455,
        2180.0454545454545,
        2153.4545454545455,
        2150.409090909091,
        2166.3636363636365,
        2147.8636363636365,
        2144.8636363636365,
        2195.7272727272725,
        2158.5,
        2153.9545454545455,
        2149.7272727272725,
        2152.1363636363635,
        2161.5,
        2140.7272727272725,
        2158.818181818182,
        2139.2727272727275,
        2162.181818181818,
        2158.818181818182,
        2146.7727272727275,
        2132.2272727272725,
        2156.8636363636365,
        2176.2272727272725,
        2144.9545454545455,
        2153.7727272727275,
        2132.2272727272725,
        2156.8636363636365,
        2131.181818181818,
        2147.0454545454545,
        2159.2727272727275,
        2152.0,
        2155.818181818182,
        2152.6363636363635,
        2175.681818181818,
        2160.909090909091,
        2166.909090909091,
        2134.1363636363635,
        2166.4545454545455,
        2188.409090909091,
        2176.1363636363635,
        2164.1363636363635,
        2160.590909090909,
        2150.181818181818,
        2136.681818181818,
        2196.5,
        2150.681818181818,
        2123.0454545454545,
        2165.5,
        2160.090909090909,
        2170.090909090909,
        2165.2727272727275,
        2158.0454545454545,
        2113.8636363636365,
        2127.090909090909,
        2139.9545454545455,
        2155.409090909091,
        2162.3636363636365,
        2156.8636363636365,
        2157.590909090909,
        2158.909090909091,
        2154.909090909091,
        2180.5454545454545,
        2128.0,
        2137.090909090909,
        2115.681818181818,
        2148.090909090909,
        2163.2727272727275,
        2162.681818181818,
        2109.0,
        2154.090909090909,
        2140.5454545454545,
        2131.7727272727275,
        2121.0454545454545,
        2206.0454545454545,
        2130.909090909091,
        2143.6363636363635,
        2153.7727272727275,
        2150.4545454545455,
        2155.318181818182,
        2136.3636363636365,
        2169.818181818182,
        2182.6363636363635,
        2116.1363636363635,
        2148.5454545454545,
        2165.909090909091,
        2108.681818181818,
        2151.590909090909,
        2148.9545454545455,
        2144.5454545454545,
        2143.590909090909,
        2157.0454545454545,
        2168.0454545454545,
        2130.3636363636365,
        2130.181818181818,
        2108.318181818182,
        2140.4545454545455,
        2148.3636363636365,
        2144.409090909091,
        2150.909090909091,
        2172.590909090909,
        2162.4545454545455,
        2156.4545454545455,
        2146.181818181818,
        2166.681818181818,
        2134.909090909091,
        2150.090909090909,
        2150.590909090909,
        2191.318181818182,
        2179.7272727272725,
        2156.3636363636365,
        2142.318181818182,
        2190.681818181818,
        2179.181818181818,
        2166.6363636363635,
        2153.090909090909,
        2153.2272727272725,
        2157.8636363636365,
        2152.090909090909,
        2145.7727272727275,
        2135.2272727272725,
        2130.5,
        2165.5454545454545,
        2134.7727272727275,
        2144.909090909091,
        2146.7272727272725,
        2134.7272727272725,
        2186.409090909091,
        2148.5
    ],
    "opt": 2239,