{
    "agg": 2225,
    "iters": [
        1,
        2,
        3,
        4,
        5,
        6,
        7,
        8,
        9,
        10,
        11,
        12,
        13,
        14,
        15,
        16,
        17,
        18,
        19,
        20,
        21,
        22,
        23,
        24,
        25,
        26,
        27,
        28,
        29,
        30,
        31,
        32,
        33,
        34,
        35,
        36,
        37,
        38,
        39,
        40,
        41,
        42,
        43,
        44,
        45,
        46,
        47,
        48,
        49,
        50,
        51,
        52,
        53,
        54,
        55,
        56,
        57,
        58,
        59,
        60,
        61,
        62,
        63,
        64,
        65,
        66,
        67,
        68,
        69,
        70,
        71,
        72,
        73,
        74,
        75,
        76,
        77,
        78,
        79,
        80,
        81,
        82,
        83,
        84,
        85,
        86,
        87,
        88,
        89,
        90,
        91,
        92,
        93,
        94,
        95,
        96,
        97,
        98,
        99,
        100,
        101,
        102,
        103,
        104,
        105,
        106,
        107,
        108,
        109,
        110,
        111,
        112,
        113,
        114,
        115,
        116,
        117,
        118,
        119,
        120,
        121,
        122,
        123,
        124,
        125,
        126,
        127,
        128,
        129,
        130,
        131,
        132,
        133,
        134,
        135,
        136
    ],
    "means": [
        2164.3513513513512,
        2168.945945945946,
        2157.864864864865,
        2159.2972972972975,
        2148.7567567567567,
        2141.7297297297296,
        2157.945945945946,
        2145.5945945945946,
        2158.3783783783783,
        2160.3513513513512,
        2135.135135135135,
        2134.837837837838,
        2142.810810810811,
        2163.7027027027025,
        2150.7837837837837,
        2111.2702702702704,
        2149.054054054054,
        2152.4864864864867,
        2139.135135135135,
        2136.054054054054,
        2141.3513513513512,
        2147.3513513513512,
        2163.5945945945946,
        2143.675675675676,
        2124.9189189189187,
        2142.5675675675675,
        2143.7837837837837,
        2157.6216216216217,
        2164.6486486486488,
        2158.324324324324,
        2145.891891891892,
        2170.864864864865,
        2124.3783783783783,
        2148.4864864864867,
        2152.5135135135133,
        2127.7567567567567,
        2149.864864864865,
        2149.9189189189187,
        2157.9189189189187,
        2162.4324324324325,
        2153.945945945946,
        2163.0810810810813,
        2170.5135135135133,
        2178.675675675676,
        2147.7567567567567,
        2152.7027027027025,
        2165.3783783783783,
        2165.0810810810813,
        2152.054054054054,
        2175.7567567567567,
        2157.5675675675675,
        2151.0810810810813,
        2174.135135135135,
        2163.972972972973,
        2175.135135135135,
        2161.0810810810813,
        2133.4594594594596,
        2140.7567567567567,
        2152.108108108108,
        2152.027027027027,
        2153.6216216216217,
        2140.5405405405404,
        2165.810810810811,
        2135.3783783783783,
        2148.0810810810813,
        2150.891891891892,
        2145.5405405405404,
        2144.2972972972975,
        2168.2702702702704,
        2153.3783783783783,
        2184.0,
        2158.945945945946,
        2161.324324324324,
        2151.864864864865,
        2143.5675675675675,
        2128.0810810810813,
        2126.3513513513512,
        2150.3783783783783,
        2146.2702702702704,
        2151.054054054054,
        2151.054054054054,
        2148.135135135135,
        2159.0,
        2177.189189189189,
        2143.189189189189,
        2175.0,
        2155.810810810811,
        2150.945945945946,
        2150.7027027027025,
        2135.108108108108,
        2160.324324324324,
        2155.6486486486488,
        2163.4054054054054,
        2134.0810810810813,
        2165.0,
        2154.810810810811,
        2146.135135135135,
        2152.2432432432433,
        2136.4864864864867,
        2161.2702702702704,
        2135.162162162162,
        2139.4324324324325,
        2152.945945945946,
        2143.2702702702704,
        2135.189189189189,
        2184.5945945945946,
        2164.5945945945946,
        2141.6216216216217,
        2150.4324324324325,
        2141.4864864864867,
        2115.864864864865,
        2134.5405405405404,
        2149.810810810811,
        2150.675675675676,
        2136.5675675675675,
        2128.7837837837837,
        2135.972972972973,
        2152.4054054054054,
        2134.2162162162163,
        2120.2972972972975,
        2149.0810810810813,
        2139.7567567567567,
        2151.2432432432433,
        2152.5945945945946,
        2157.2162162162163,
        2153.135135135135,
        2142.9189189189187,
        2164.7567567567567,
        2155.7297297297296,
        2152.6216216216217,
        2173.135135135135,
        2163.162162162162,
        2153.6216216216217,
        2182.7027027027025,
        2134.2432432432433,
        2127.4324324324325
    ],
    "opt": 2294,