{
    "agg": 2125,
    "iters": [
        1,
        2,
        3,
        4,
        5,
        6,
        7,
        8,
        9,
        10,
        11,
        12,
        13,
        14,
        15,
        16,
        17,
        18,
        19,
        20,
        21,
        22,
        23,
        24,
        25,
        26,
        27,
        28,
        29,
        30,
        31,
        32,
        33,
        34,
        35,
        36,
        37,
        38,
        39,
        40,
        41,
        42,
        43,
        44,
        45,
        46,
        47,
        48,
        49,
        50,
        51,
        52,
        53,
        54,
        55,
        56,
        57,
        58,
        59,
        60,
        61,
        62,
        63,
        64,
        65,
        66,
        67,
        68,
        69,
        70,
        71,
        72,
        73,
        74,
        75,
        76,
        77,
        78,
        79,
        80,
        81,
        82,
        83,
        84,
        85,
        86,
        87,
        88,
        89,
        90,
        91,
        92,
        93,
        94,
        95,
        96,
        97,
        98,
        99,
        100,
        101,
        102,
        103,
        104,
        105,
        106,
        107,
        108,
        109,
        110,
        111,
        112,
        113,
        114,
        115,
        116,
        117,
        118
    ],
    "means": [
        2129.862068965517,
        2159.448275862069,
        2152.0,
        2145.2413793103447,
        2155.3793103448274,
        2151.137931034483,
        2136.4137931034484,
        2154.862068965517,
        2168.2413793103447,
        2149.0,
        2174.551724137931,
        2132.137931034483,
        2155.5862068965516,
        2183.2758620689656,
        2157.7241379310344,
        2148.137931034483,
        2158.310344827586,
        2176.9655172413795,
        2146.103448275862,
        2138.9655172413795,
        2121.448275862069,
        2155.8275862068967,
        2154.9655172413795,
        2130.6206896551726,
        2150.0,
        2168.5862068965516,
        2164.862068965517,
        2133.4827586206898,
        2141.551724137931,
        2182.2413793103447,
        2136.206896551724,
        2164.551724137931,
        2155.9655172413795,
        2165.689655172414,
        2138.793103448276,
        2158.8275862068967,
        2146.689655172414,
        2162.4137931034484,
        2165.9310344827586,
        2186.793103448276,
        2186.5172413793102,
        2124.0,
        2164.206896551724,
        2134.3793103448274,
        2107.137931034483,
        2117.103448275862,
        2143.310344827586,
        2162.2758620689656,
        2142.4137931034484,
        2145.862068965517,
        2146.793103448276,
        2169.862068965517,
        2166.1724137931033,
        2144.9655172413795,
        2146.5862068965516,
        2173.137931034483,
        2143.3793103448274,
        2135.6206896551726,
        2150.0689655172414,
        2172.689655172414,
        2158.137931034483,
        2145.862068965517,
        2149.4137931034484,
        2151.4827586206898,
        2152.7586206896553,
        2149.862068965517,
        2151.2413793103447,
        2170.103448275862,
        2151.655172413793,
        2131.862068965517,
        2144.206896551724,
        2148.9310344827586,
        2162.448275862069,
        2139.2758620689656,
        2111.8275862068967,
        2146.655172413793,
        2155.2758620689656,
        2126.1724137931033,
        2169.9310344827586,
        2143.7241379310344,
        2132.4827586206898,
        2154.4137931034484,
        2151.0,
        2137.9655172413795,
        2142.344827586207,
        2149.689655172414,
        2154.0,
        2144.9655172413795,
        2140.689655172414,
        2158.103448275862,
        2136.448275862069,
        2161.862068965517,
        2159.137931034483,
        2142.448275862069,
        2178.655172413793,
        2168.6206896551726,
        2152.310344827586,
        2134.3793103448274,
        2147.793103448276,
        2143.9310344827586,
        2157.0689655172414,
        2178.793103448276,
        2137.103448275862,
        2177.3793103448274,
        2153.6206896551726,
        2161.5172413793102,
        2168.6206896551726,
        2134.448275862069,
        2145.2758620689656,
        2175.8275862068967,
        2136.344827586207,
        2113.344827586207,
        2130.3793103448274,
        2175.103448275862,
        2159.5862068965516,
        2169.3793103448274,
        2156.9310344827586,
        2170.9310344827586
    ],
    "opt": 2230,
    "stdevs": [
        81.05584457981404,
        87.79348267653826,
        77.69569286424552,
        82.40717041634507,
        89.466007335132,
        76.78484231612698,
        79.5441830125221,
        97.11164003456095,
        80.08988707627579,
        89.36519418114909,
        91.70627256661254,
        83.85896375830036,
        86.08797314430817,
        75.22329818463213,
        100.11438167096817,
        89.43721517236742,
        79.4971712566688,
        90.23780183440239,
        90.7650794264061,
        89.82453499351625,
        85.61766906222124,
        79.72325795958695,
        92.92580754285152,
        71.8448586182004,
        81.5280785141346,
        89.47683855242374,
        95.87625794271848,
        82.87365568250935,
        98.43274833765037,
        81.7534793828431,
        91.66557632760542,
        85.9653443432982,
        77.16461702933661,
        79.16595552176578,
        76.84977702179522,
        80.5708379542894,
        90.07242428802765,
        92.05377635265585,
        91.65148795168267,
        72.0605010703266,
        86.4641128225064,
        77.9341012518335,
        86.59472760502973,
        83.45199478746528,
        70.78803918933697,
        81.52145680214429,
        82.10804633100757,
        76.0484856915703,
        87.7580990432298,
        87.47757314086813,
        79.46735582673395,
        87.88147352441713,
        87.66042199207563,
        83.82102557342482,
        95.7502200380579,
        89.08257468753786,
        93.29205672403324,
        93.88746521055037,
        92.38522461149323,
        89.88540729567109,
        86.12449855233872,
        80.20178179202712,
        99.134362754374,
        81.27205088133914,
        84.09176234714805,
        84.24214857017466,
        97.08995301990751,
        76.58952157897058,
        86.4133114993322,
        85.00130795664306,
        89.4050755754083,
        89.11903354676349,
        88.56775555818017,
        90.03443653507179,
        86.61769707108208,
        72.60962027172953,
        84.56374724664683,
        86.63401775344738,
        78.06007016459989,
        77.73336236299596,
        83.7795221007168,
        84.99473299761877,
        88.6465278313354,
        89.81301754915145,
        72.84289938276424,
        78.07648921952504,
        86.72031937846775,
        86.07794493389585,
        82.35838564522736,
        80.10826502952382,
        87.8453131860288,
        91.33784355175516,
        92.90697020654996,
        98.39595807751894,
        91.95136490411056,
        83.94308983209314,
        83.17497279759756,
        80.47463245327619,
        78.47265252186193,
        89.34895983204157,
        77.49301683087667,
        85.11225014562456,
        84.22275260922615,
        81.68924033023733,
        94.89464713405486,
        87.52482236669232,
        76.72495156484509,
        90.46339942185669,
        95.05965334053326,
        95.00274731617964,
        87.9009143815251,
        86.38976466435926,
        87.88095937240348,
        99.77642069166657,
        84.27603137857591,
        97.32186690993304,
        95.6094538084521,
        88.72581983744301
    ]
}