{
    "agg": 2207,
    "iters": [
        1,
        2,
        3,
        4,
        5,
        6,
        7,
        8,
        9,
        10,
        11,
        12,
        13,
        14,
        15,
        16,
        17,
        18,
        19,
        20,
        21,
        22,
        23,
        24,
        25,
        26,
        27,
        28,
        29,
        30,
        31,
        32,
        33,
        34,
        35,
        36,
        37,
        38,
        39,
        40,
        41,
        42,
        43,
        44,
        45,
        46,
        47,
        48,
        49,
        50,
        51,
        52,
        53,
        54,
        55,
        56,
        57,
        58,
        59,
        60,
        61,
        62,
        63,
        64,
        65,
        66,
        67,
        68,
        69,
        70,
        71,
        72,
        73,
        74,
        75,
        76,
        77,
        78,
        79,
        80,
        81,
        82,
        83,
        84,
        85,
        86,
        87,
        88,
        89,
        90,
        91,
        92,
        93,
        94,
        95,
        96,
        97,
        98,
        99,
        100,
        101,
        102,
        103,
        104
    ],
    "means": [
        2162.909090909091,
        2174.0,
        2167.7272727272725,
        2180.090909090909,
        2143.5454545454545,
        2140.090909090909,
        2183.909090909091,
        2162.909090909091,
        2153.3636363636365,
        2175.7272727272725,
        2130.909090909091,
        2152.7272727272725,
        2175.5454545454545,
        2135.818181818182,
        2203.6363636363635,
        2143.7272727272725,
        2197.818181818182,
        2170.7272727272725,
        2153.3636363636365,
        2131.909090909091,
        2157.6363636363635,
        2129.5454545454545,
        2198.909090909091,
        2171.6363636363635,
        2166.3636363636365,
        2136.181818181818,
        2160.818181818182,
        2194.181818181818,
        2142.7272727272725,
        2143.6363636363635,
        2171.0,
        2117.4545454545455,
        2119.4545454545455,
        2099.818181818182,
        2139.181818181818,
        2132.3636363636365,
        2155.3636363636365,
        2150.0,
        2150.909090909091,
        2146.0,
        2115.909090909091,
        2162.4545454545455,
        2106.4545454545455,
        2119.3636363636365,
        2150.181818181818,
        2180.5454545454545,
        2133.090909090909,
        2134.090909090909,
        2132.818181818182,
        2201.5454545454545,
        2142.5454545454545,
        2149.181818181818,
        2116.818181818182,
        2108.6363636363635,
        2172.909090909091,
        2107.6363636363635,
        2158.090909090909,
        2126.181818181818,
        2141.090909090909,
        2169.7272727272725,
        2148.181818181818,
        2115.909090909091,
        2130.3636363636365,
        2103.4545454545455,
        2172.7272727272725,
        2148.2727272727275,
        2117.818181818182,
        2178.6363636363635,
        2144.4545454545455,
        2174.181818181818,
        2101.6363636363635,
        2161.4545454545455,
        2149.818181818182,
        2108.818181818182,
        2146.181818181818,
        2169.7272727272725,
        2183.181818181818,
        2209.818181818182,
        2160.5454545454545,
        2134.6363636363635,
        2146.909090909091,
        2146.0,
        2191.090909090909,
        2147.7272727272725,
        2144.090909090909,
        2111.4545454545455,
        2150.818181818182,
        2103.181818181818,
        2140.181818181818,
        2206.6363636363635,
        2166.7272727272725,
        2097.6363636363635,
        2135.818181818182,
        2119.5454545454545,
        2134.3636363636365,
        2150.0,
        2217.2727272727275,
        2124.5454545454545,
        2150.090909090909,
        2131.4545454545455,
        2155.4545454545455,
        2183.6363636363635,
        2169.0,
        2133.0
    ],
    "opt": 2266,
    "stdevs": [
        90.62555784952272,
        106.64810444549956,
        92.9888467496759,
        78.21468653700943,
        101.0610649210427,
        87.17949565585889,
        86.95187231551459,
        85.27224268131351,
        75.27316644579832,
        57.729921199087855,
        77.2533665585397,
        86.19227017555883,
        63.217321614143984,
        88.81934492585414,
        84.8080964480426,
        82.78679177599518,
        73.63400669628646,
        74.43128729859251,
        65.54425670321434,
        66.54110765733061,
        80.31106878005696,
        84.93779931259178,
        91.47424331516848,
        93.61261834843413,
        88.86687973620761,
        92.60455337501025,
        89.4069533413656,
        77.52163121210185,
        96.83264936719986,
        90.75268363402186,
        80.5740765890731,
        60.48796068995674,
        87.32422722908589,
        90.1542296510094,
        106.854036535673,
        81.5913015943965,
        95.87138422933918,
        89.4955560095279,
        91.7213711048596,
        88.13935247405358,
        88.17488257636282,
        92.78946221161465,
        94.15303175378767,
        59.15507006207994,
        87.985348141627,
        80.80544945210703,
        85.91481462414282,
        78.25651822454216,
        87.59495438127615,
        79.12517544011989,
        79.16767434475402,
        92.47881151113695,
        98.03414820804042,
        77.54678673053711,
        63.664539217047725,
        93.2438374539599,
        97.13388561947468,
        86.64432854735206,
        94.64138489866465,
        89.26272856429945,
        94.48503314072185,
        70.0148744527054,
        90.08609289025362,
        67.24225354014413,
        86.83850309531313,
        80.58433291120429,
        79.16360295652196,
        64.5322649776102,
        91.62806600239276,
        98.55023470459408,
        82.46792514478553,
        81.65266085556176,
        105.31409141819375,
        57.6207320357055,
        70.01274972436765,
        87.46645165598784,
        74.36007993273881,
        69.09653087176227,
        64.0033573499556,
        88.566639242871,
        97.03088031929417,
        71.49062239838936,
        101.45617463664213,
        60.75747751824598,
        80.27844106093212,
        84.74492597990067,
        94.34927198429749,
        53.18376064828638,
        70.12562517215176,
        60.96388308927109,
        92.56456312816172,
        63.48983129356976,
        87.7805302308166,
        51.00688658738977,
        93.32667233216365,
        92.9780032637241,
        68.47705774941363,
        96.56496977905472,
        85.62014901502667,
        90.4889381851964,
        83.79885401295353,
        92.92545666214274,
        75.8647121226631,
        92.71363536081509
    ]
}