{
    "agg": 2130,
    "iters": [
        1,
        2,
        3,
        4,
        5,
        6,
        7,
        8,
        9,
        10,
        11,
        12,
        13,
        14,
        15,
        16,
        17,
        18,
        19,
        20,
        21,
        22,
        23,
        24,
        25,
        26,
        27,
        28,
        29,
        30,
        31,
        32,
        33,
        34,
        35,
        36,
        37,
        38,
        39,
        40,
        41,
        42,
        43,
        44,
        45,
        46,
        47,
        48,
        49,
        50,
        51,
        52,
        53,
        54,
        55,
        56,
        57,
        58,
        59,
        60,
        61,
        62,
        63,
        64,
        65,
        66,
        67,
        68,
        69,
        70,
        71,
        72,
        73,
        74,
        75,
        76,
        77,
        78,
        79,
        80,
        81,
        82,
        83,
        84,
        85,
        86,
        87,
        88,
        89,
        90,
        91,
        92,
        93,
        94,
        95,
        96,
        97,
        98,
        99,
        100,
        101,
        102,
        103,
        104,
        105,
        106,
        107,
        108,
        109,
        110,
        111,
        112,
        113,
        114,
        115,
        116,
        117,
        118,
        119,
        120,
        121,
        122,
        123,
        124,
        125,
        126,
        127,
        128
    ],
    "means": [
        2163.6190476190477,
        2159.4285714285716,
        2162.0,
        2124.9523809523807,
        2165.7619047619046,
        2136.285714285714,
        2129.2380952380954,
        2142.809523809524,
        2171.1428571428573,
        2141.4761904761904,
        2143.0476190476193,
        2175.2380952380954,
        2137.7619047619046,
        2176.6190476190477,
        2143.5238095238096,
        2179.4285714285716,
        2140.3333333333335,
        2133.809523809524,
        2111.4285714285716,
        2126.2380952380954,
        2155.0476190476193,
        2143.0,
        2153.9523809523807,
        2105.6666666666665,
        2140.6666666666665,
        2169.1428571428573,
        2105.9523809523807,
        2154.285714285714,
        2173.3333333333335,
        2159.6666666666665,
        2139.9523809523807,
        2137.0476190476193,
        2125.904761904762,
        2130.3333333333335,
        2158.5238095238096,
        2166.904761904762,
        2140.4761904761904,
        2163.809523809524,
        2138.4285714285716,
        2171.904761904762,
        2107.2380952380954,
        2145.095238095238,
        2139.285714285714,
        2168.7619047619046,
        2157.0476190476193,
        2160.6190476190477,
        2147.7619047619046,
        2164.809523809524,
        2194.809523809524,
        2155.4761904761904,
        2130.4761904761904,
        2160.095238095238,
        2178.0476190476193,
        2162.6190476190477,
        2132.3809523809523,
        2173.0476190476193,
        2141.809523809524,
        2139.4285714285716,
        2202.6190476190477,
        2174.8571428571427,
        2152.4285714285716,
        2185.7619047619046,
        2171.095238095238,
        2147.6190476190477,
        2154.3809523809523,
        2138.6666666666665,
        2146.1428571428573,
        2159.809523809524,
        2116.904761904762,
        2129.285714285714,
        2099.5238095238096,
        2141.285714285714,
        2111.1428571428573,
        2171.3809523809523,
        2130.6666666666665,
        2164.3333333333335,
        2163.190476190476,
        2165.4285714285716,
        2165.0,
        2156.7619047619046,
        2121.904761904762,
        2130.095238095238,
        2122.3333333333335,
        2131.190476190476,
        2143.9523809523807,
        2164.2380952380954,
        2145.6190476190477,
        2177.4761904761904,
        2153.3809523809523,
        2120.1428571428573,
        2143.4761904761904,
        2132.809523809524,
        2147.904761904762,
        2117.095238095238,
        2178.0,
        2159.0,
        2141.4761904761904,
        2153.1428571428573,
        2148.714285714286,
        2156.0476190476193,
        2132.904761904762,
        2141.2380952380954,
        2140.6666666666665,
        2172.809523809524,
        2181.5238095238096,
        2167.0,
        2140.714285714286,
        2145.5714285714284,
        2172.809523809524,
        2183.3333333333335,
        2181.0476190476193,
        2172.6190476190477,
        2130.9523809523807,
        2178.5714285714284,
        2144.8571428571427,
        2150.1428571428573,
        2154.3333333333335,
        2166.3809523809523,
        2172.4761904761904,
        2106.6666666666665,
        2170.0,
        2148.2380952380954,
        2129.4285714285716,
        2161.4761904761904,
        2147.095238095238,
        2144.0476190476193,
        2136.285714285714,
        2165.190476190476
    ],
    "opt": 2251,