{
    "agg": 2246,
    "iters": [
        1,
        2,
        3,
        4,
        5,
        6,
        7,
        8,
        9,
        10,
        11,
        12,
        13,
        14,
        15,
        16,
        17,
        18,
        19,
        20,
        21,
        22,
        23,
        24,
        25,
        26,
        27,
        28,
        29,
        30,
        31,
        32,
        33,
        34,
        35,
        36,
        37,
        38,
        39,
        40,
        41,
        42,
        43,
        44,
        45,
        46,
        47,
        48,
        49,
        50,
        51,
        52,
        53,
        54,
        55,
        56,
        57,
        58,
        59,
        60,
        61,
        62,
        63,
        64,
        65,
        66,
        67,
        68,
        69,
        70,
        71,
        72,
        73,
        74,
        75,
        76,
        77,
        78,
        79,
        80,
        81,
        82,
        83,
        84,
        85,
        86,
        87,
        88,
        89,
        90,
        91,
        92,
        93,
        94,
        95,
        96,
        97,
        98,
        99,
        100,
        101,
        102,
        103,
        104,
        105,
        106,
        107,
        108,
        109,
        110,
        111,
        112
    ],
    "means": [
        2157.75,
        2145.84375,
        2169.5,
        2149.125,
        2161.9375,
        2154.34375,
        2153.1875,
        2102.875,
        2150.9375,
        2190.03125,
        2147.875,
        2153.8125,
        2162.71875,
        2156.1875,
        2180.28125,
        2121.125,
        2178.0,
        2136.75,
        2155.125,
        2151.1875,
        2137.4375,
        2158.25,
        2169.8125,
        2136.34375,
        2146.5625,
        2146.21875,
        2137.4375,
        2135.4375,
        2153.03125,
        2138.34375,
        2163.5,
        2147.8125,
        2156.0625,
        2135.46875,
        2131.9375,
        2128.84375,
        2180.75,
        2167.59375,
        2147.03125,
        2107.75,
        2144.4375,
        2163.9375,
        2148.3125,
        2128.71875,
        2164.03125,
        2135.78125,
        2144.4375,
        2134.40625,
        2133.25,
        2135.375,
        2125.59375,
        2155.65625,
        2167.4375,
        2126.40625,
        2162.375,
        2150.78125,
        2146.71875,
        2155.1875,
        2158.125,
        2172.1875,
        2160.78125,
        2176.59375,
        2145.34375,
        2131.5625,
        2169.84375,
        2157.15625,
        2161.875,
        2161.125,
        2148.59375,
        2148.125,
        2164.875,
        2155.0,
        2168.53125,
        2142.46875,
        2150.0,
        2189.65625,
        2155.46875,
        2162.53125,
        2170.375,
        2151.5625,
        2133.4375,
        2135.90625,
        2168.15625,
        2142.71875,
        2157.4375,
        2121.75,
        2177.6875,
        2191.09375,
        2157.9375,
        2162.8125,
        2136.3125,
        2129.34375,
        2162.5625,
        2148.5625,
        2155.59375,
        2146.1875,
        2174.625,
        2180.75,
        2152.6875,
        2152.0,
        2144.21875,
        2160.0625,
        2156.5625,
        2125.3125,
        2152.875,
        2133.875,
        2128.53125,
        2137.6875,
        2136.28125,
        2148.625,
        2163.03125,
        2136.78125
    ],
    "opt": 2201,
    "stdevs": [
        88.61398027399514,
        93.34750578316219,
        96.72221823345451,
        82.60892430603367,
        88.5656315607245,
        93.29911889153884,
        85.99979560295478,
        74.74822322303052,
        90.4025502613173,
        79.4010722436259,
        77.4712648341306,
        83.90040133247278,
        93.32076215096778,
        78.37746706643435,
        80.74351149434547,
        78.35565949566119,
        89.19886490309167,
        77.49153179541621,
        80.68602341793776,
        89.20952776329443,
        85.72446321645882,
        81.90390711071115,
        81.6139684352501,
        90.11194752050085,
        69.78446169277227,
        83.38080353677039,
        74.67594052805762,
        90.79025880429023,
        83.07996312852757,
        90.1476599027257,
        87.04740088021009,
        71.3540632602657,
        82.55223251826688,
        79.14700893550874,
        88.25422705882139,
        76.20864016591229,
        86.09152106915059,
        92.49927681305135,
        80.3894755141337,
        87.58852664590266,
        82.24617677284458,
        81.10792867377394,
        73.42574373984917,
        85.93974428887661,
        87.40726670842362,
        83.0002764961509,
        67.29781641145573,
        93.85922283365392,
        73.2120208708925,
        84.40036655726088,
        84.70458199493991,
        80.13255010254883,
        97.42110189147934,
        78.91128696794584,
        91.8785713591586,
        88.76082130330644,
        87.87890616318288,
        80.08411105675083,
        96.3329999273354,
        91.74878660641785,
        100.0773870484112,
        89.007323917403,
        81.99260994710133,
        87.02763120842714,
        82.65633270317224,
        93.61527298436671,
        88.84035893106241,
        90.89408327828605,
        83.21803416890776,
        82.12062393211586,
        88.34440771774975,
        91.64639927460325,
        84.29745858231729,
        75.23836470470036,
        82.76888002141868,
        70.57514141634786,
        79.8811556215701,
        86.95831773578362,
        90.51441528839482,
        81.873735677261,
        94.19127397880337,
        84.91185112183987,
        84.7157413704059,
        76.55808022957146,
        89.07473600157343,
        82.67557075702592,
        77.66854153227032,
        77.63832791178272,
        96.68341943554748,
        83.06489838523852,
        75.61019999808227,
        81.34095269873288,
        86.32277274132244,
        91.22840069709652,
        87.338729730501,
        93.27762241690125,
        85.56055969312028,
        78.6539096294647,
        89.22353861930158,
        91.35097153287424,
        102.56605626832642,
        97.70009515732316,
        85.5588019653735,
        73.77856967812536,
        90.09257391705489,
        71.30732343174859,
        75.84193446529103,
        86.57238210740189,
        91.40132465362578,
        84.44404582325505,
        89.83717367235849,
        82.25901712540394
    ]
}