{
    "agg": 2226,
    "iters": [
        1,
        2,
        3,
        4,
        5,
        6,
        7,
        8,
        9,
        10,
        11,
        12,
        13,
        14,
        15,
        16,
        17,
        18,
        19,
        20,
        21,
        22,
        23,
        24,
        25,
        26,
        27,
        28,
        29,
        30,
        31,
        32,
        33,
        34,
        35,
        36,
        37,
        38,
        39,
        40,
        41,
        42,
        43,
        44,
        45,
        46,
        47,
        48,
        49,
        50,
        51,
        52,
        53,
        54,
        55,
        56,
        57,
        58,
        59,
        60,
        61,
        62,
        63,
        64,
        65,
        66,
        67,
        68,
        69,
        70,
        71,
        72,
        73,
        74,
        75,
        76,
        77,
        78,
        79,
        80,
        81,
        82,
        83,
        84,
        85,
        86,
        87,
        88,
        89,
        90,
        91,
        92,
        93,
        94,
        95,
        96,
        97,
        98,
        99,
        100,
        101,
        102,
        103,
        104,
        105,
        106,
        107,
        108,
        109,
        110,
        111,
        112,
        113,
        114,
        115,
        116,
        117,
        118,
        119,
        120,
        121,
        122,
        123,
        124,
        125,
        126,
        127,
        128,
        129,
        130,
        131,
        132,
        133,
        134
    ],
    "means": [
        2168.464285714286,
        2143.1428571428573,
        2150.25,
        2118.9285714285716,
        2136.6071428571427,
        2152.464285714286,
        2140.535714285714,
        2179.8928571428573,
        2133.964285714286,
        2126.285714285714,
        2131.0,
        2121.6071428571427,
        2173.1071428571427,
        2166.8571428571427,
        2149.6428571428573,
        2174.8928571428573,
        2138.8928571428573,
        2191.464285714286,
        2140.8928571428573,
        2166.75,
        2155.8214285714284,
        2170.6071428571427,
        2145.8928571428573,
        2169.964285714286,
        2166.4285714285716,
        2169.6785714285716,
        2150.5,
        2139.8571428571427,
        2144.6071428571427,
        2163.25,
        2144.214285714286,
        2140.535714285714,
        2161.6428571428573,
        2163.785714285714,
        2152.214285714286,
        2148.0714285714284,
        2127.464285714286,
        2139.5714285714284,
        2167.714285714286,
        2133.535714285714,
        2127.5,
        2154.0714285714284,
        2155.535714285714,
        2190.714285714286,
        2155.4285714285716,
        2128.5714285714284,
        2125.25,
        2152.8928571428573,
        2125.1428571428573,
        2157.714285714286,
        2146.785714285714,
        2129.3571428571427,
        2161.1785714285716,
        2119.6785714285716,
        2163.3571428571427,
        2141.785714285714,
        2133.75,
        2130.964285714286,
        2145.6428571428573,
        2150.785714285714,
        2133.3214285714284,
        2156.0,
        2146.0714285714284,
        2147.3571428571427,
        2172.8214285714284,
        2160.1071428571427,
        2150.0714285714284,
        2153.6428571428573,
        2141.714285714286,
        2197.214285714286,
        2139.464285714286,
        2164.4285714285716,
        2162.5714285714284,
        2123.9285714285716,
        2133.1785714285716,
        2133.285714285714,
        2159.8214285714284,
        2135.6428571428573,
        2158.0714285714284,
        2137.285714285714,
        2162.8571428571427,
        2153.25,
        2129.1785714285716,
        2136.535714285714,
        2123.5,
        2179.75,
        2138.4285714285716,
        2181.8928571428573,
        2134.535714285714,
        2141.9285714285716,
        2128.1428571428573,
        2156.5,
        2155.535714285714,
        2138.9285714285716,
        2139.0,
        2129.6785714285716,
        2156.8214285714284,
        2147.464285714286,
        2134.3928571428573,
        2158.964285714286,
        2136.0714285714284,
        2137.8928571428573,
        2143.5714285714284,
        2204.6428571428573,
        2170.1071428571427,
        2157.6071428571427,
        2143.214285714286,
        2152.8928571428573,
        2140.9285714285716,
        2164.0,
        2174.6785714285716,
        2129.6428571428573,
        2145.8214285714284,
        2158.035714285714,
        2180.1428571428573,
        2149.464285714286,
        2151.714285714286,
        2152.5,
        2145.6428571428573,
        2144.25,
        2131.214285714286,
        2126.0,
        2150.785714285714,
        2154.214285714286,
        2132.0714285714284,
        2156.75,
        2166.464285714286,
        2132.035714285714,
        2123.0714285714284,
        2152.3214285714284,
        2160.25,
        2148.964285714286,
        2136.035714285714,
        2136.8571428571427
    ],
    "opt": 2200,