{
    "agg": 2193,
    "iters": [
        1,
        2,
        3,
        4,
        5,
        6,
        7,
        8,
        9,
        10,
        11,
        12,
        13,
        14,
        15,
        16,
        17,
        18,
        19,
        20,
        21,
        22,
        23,
        24,
        25,
        26,
        27,
        28,
        29,
        30,
        31,
        32,
        33,
        34,
        35,
        36,
        37,
        38,
        39,
        40,
        41,
        42,
        43,
        44,
        45,
        46,
        47,
        48,
        49,
        50,
        51,
        52,
        53,
        54,
        55,
        56,
        57,
        58,
        59,
        60,
        61,
        62,
        63,
        64,
        65,
        66,
        67,
        68,
        69,
        70,
        71,
        72,
        73,
        74,
        75,
        76,
        77,
        78,
        79,
        80,
        81,
        82,
        83,
        84,
        85,
        86,
        87,
        88,
        89,
        90,
        91,
        92,
        93,
        94,
        95,
        96,
        97,
        98,
        99,
        100,
        101,
        102,
        103,
        104,
        105,
        106,
        107,
        108,
        109,
        110,
        111,
        112
    ],
    "means": [
        2147.4444444444443,
        2158.8888888888887,
        2154.0,
        2160.6666666666665,
        2153.5,
        2131.1111111111113,
        2159.4444444444443,
        2154.6666666666665,
        2125.1666666666665,
        2176.777777777778,
        2127.777777777778,
        2150.3888888888887,
        2153.8888888888887,
        2137.222222222222,
        2151.1666666666665,
        2195.6666666666665,
        2135.9444444444443,
        2174.1111111111113,
        2141.222222222222,
        2135.277777777778,
        2185.3333333333335,
        2178.5,
        2106.3333333333335,
        2116.8333333333335,
        2162.3333333333335,
        2145.5555555555557,
        2146.1111111111113,
        2153.777777777778,
        2153.3888888888887,
        2151.777777777778,
        2165.6666666666665,
        2166.1111111111113,
        2150.277777777778,
        2120.1666666666665,
        2121.277777777778,
        2138.722222222222,
        2147.1111111111113,
        2154.0555555555557,
        2123.5555555555557,
        2141.6111111111113,
        2117.5555555555557,
        2159.0,
        2168.0555555555557,
        2129.4444444444443,
        2185.4444444444443,
        2188.5555555555557,
        2148.1111111111113,
        2140.3888888888887,
        2106.277777777778,
        2133.5,
        2187.8888888888887,
        2151.0,
        2192.4444444444443,
        2142.1666666666665,
        2153.1666666666665,
        2139.9444444444443,
        2144.6666666666665,
        2164.6666666666665,
        2156.1111111111113,
        2163.8888888888887,
        2185.0555555555557,
        2145.9444444444443,
        2132.4444444444443,
        2152.1111111111113,
        2195.8333333333335,
        2100.6111111111113,
        2158.8888888888887,
        2151.1111111111113,
        2102.9444444444443,
        2148.8333333333335,
        2184.6111111111113,
        2150.1666666666665,
        2146.277777777778,
        2164.8888888888887,
        2200.6111111111113,
        2148.3888888888887,
        2125.777777777778,
        2097.8333333333335,
        2175.777777777778,
        2152.1111111111113,
        2174.3888888888887,
        2152.777777777778,
        2145.5,
        2139.1666666666665,
        2155.5555555555557,
        2147.5555555555557,
        2161.0,
        2161.3333333333335,
        2140.277777777778,
        2218.222222222222,
        2149.3333333333335,
        2166.3333333333335,
        2152.777777777778,
        2138.6666666666665,
        2142.722222222222,
        2130.277777777778,
        2166.5,
        2139.6666666666665,
        2142.1111111111113,
        2175.6111111111113,
        2138.8888888888887,
        2114.222222222222,
        2145.222222222222,
        2136.3888888888887,
        2153.777777777778,
        2164.277777777778,
        2149.6111111111113,
        2190.6666666666665,
        2140.3888888888887,
        2159.277777777778,
        2118.722222222222,
        2191.1666666666665
    ],
    "opt": 2251,
    "stdevs": [
        90.67354276758293,
        104.58642831483596,
        88.31005982710388,
        82.6922003577121,
        92.83991598445142,
        75.74510537093681,
        91.57524060223935,
        84.67454031630628,
        81.08723012218934,
        88.24558884509347,
        91.4461320216902,
        97.2443308195558,
        87.90075773209547,
        97.933966162895,
        85.34391210469164,
        77.5607288946324,
        92.17885526531934,
        87.70651115376458,
        99.61121955747954,
        92.05119683907522,
        87.58487946621328,
        78.162402158014,
        94.08388691895003,
        87.29722536000531,
        77.42092740338363,
        90.52883041220883,
        75.9984567744554,
        82.46113936984402,
        67.73653116539839,
        102.07489383103606,
        94.83904493637863,
        93.6286333749154,
        95.0419822765799,
        77.33710479309254,
        95.22651682264159,
        71.74399359726185,
        88.18975053125749,
        79.63770200254973,
        86.00014355428732,
        87.04605351248709,
        95.58197309245564,
        85.27602242131137,
        76.09020394112812,
        91.81819126357031,
        83.6415780592817,
        85.73876487604156,
        79.14465580953572,
        91.99948000389814,
        78.46358359530417,
        85.63828972291931,
        79.36686188474442,
        94.9806997938704,
        78.51059533748877,
        70.55356515127748,
        77.88399493263469,
        81.38145586080832,
        74.83611724591572,
        85.79756536302311,
        86.76973927770548,
        88.2558709969603,
        92.4045887642565,
        87.71321465259017,
        89.82094671698692,
        75.47397556545118,
        79.96474917806665,
        89.02942016165773,
        84.51356819988459,
        81.55631243972125,
        72.65097095185249,
        98.30239626332164,
        72.29041652243853,
        89.49317168241261,
        88.73231000884725,
        91.73142493708279,
        85.68426465738352,
        86.7513297297312,
        87.31396449057694,
        61.90965639991516,
        86.14300484630552,
        87.719812084265,
        75.16806272826902,
        90.14651996460205,
        91.56858388964828,
        95.40338335486616,
        101.21496497950523,
        78.31150207999264,
        73.72546672924115,
        78.46301322562398,
        88.6358377203886,
        75.68322546828954,
        100.18094740130091,
        89.74779477327934,
        91.16807162571016,
        70.42647860633733,
        104.22667900918627,
        82.48757856358708,
        100.14004083171615,
        90.56734756215644,
        53.337384105427184,
        81.12140345658125,
        73.5714987756724,
        83.1601904997254,
        92.8406972277158,
        92.00370698382447,
        92.2728776543643,
        82.48959904507527,
        93.31674786499349,
        66.80485677620219,
        77.05779857345819,
        91.02490840762918,
        78.03617790312641,
        93.49227537906837
    ]
}