{
    "agg": 2224,
    "iters": [
        1,
        2,
        3,
        4,
        5,
        6,
        7,
        8,
        9,
        10,
        11,
        12,
        13,
        14,
        15,
        16,
        17,
        18,
        19,
        20,
        21,
        22,
        23,
        24,
        25,
        26,
        27,
        28,
        29,
        30,
        31,
        32,
        33,
        34,
        35,
        36,
        37,
        38,
        39,
        40,
        41,
        42,
        43,
        44,
        45,
        46,
        47,
        48,
        49,
        50,
        51,
        52,
        53,
        54,
        55,
        56,
        57,
        58,
        59,
        60,
        61,
        62,
        63,
        64,
        65,
        66,
        67,
        68,
        69,
        70,
        71,
        72,
        73,
        74,
        75,
        76,
        77,
        78,
        79,
        80,
        81,
        82,
        83,
        84,
        85,
        86,
        87,
        88,
        89,
        90,
        91,
        92,
        93,
        94,
        95,
        96,
        97,
        98,
        99,
        100
    ],
    "means": [
        2138.5405405405404,
        2167.675675675676,
        2160.4324324324325,
        2134.810810810811,
        2148.7027027027025,
        2155.6486486486488,
        2125.7297297297296,
        2155.891891891892,
        2107.2162162162163,
        2168.837837837838,
        2141.6216216216217,
        2120.2702702702704,
        2171.054054054054,
        2138.945945945946,
        2128.2972972972975,
        2149.3783783783783,
        2154.6486486486488,
        2154.0810810810813,
        2155.7027027027025,
        2141.810810810811,
        2161.7567567567567,
        2136.9189189189187,
        2166.2432432432433,
        2162.9189189189187,
        2160.2972972972975,
        2153.7567567567567,
        2157.4324324324325,
        2130.9189189189187,
        2143.6486486486488,
        2160.6486486486488,
        2142.0810810810813,
        2138.6486486486488,
        2122.7567567567567,
        2137.7567567567567,
        2154.837837837838,
        2140.2702702702704,
        2148.7297297297296,
        2132.2162162162163,
        2158.5405405405404,
        2136.810810810811,
        2160.0,
        2158.675675675676,
        2144.945945945946,
        2131.189189189189,
        2153.135135135135,
        2173.837837837838,
        2152.0810810810813,
        2164.3513513513512,
        2135.027027027027,
        2163.4054054054054,
        2125.945945945946,
        2152.945945945946,
        2135.135135135135,
        2160.054054054054,
        2143.2702702702704,
        2159.189189189189,
        2170.2432432432433,
        2162.3783783783783,
        2141.972972972973,
        2147.7297297297296,
        2161.5405405405404,
        2148.054054054054,
        2153.7297297297296,
        2159.864864864865,
        2172.7837837837837,
        2164.027027027027,
        2164.7837837837837,
        2160.7567567567567,
        2160.810810810811,
        2163.0810810810813,
        2130.891891891892,
        2164.2432432432433,
        2168.810810810811,
        2147.2702702702704,
        2157.5945945945946,
        2139.2972972972975,
        2146.3783783783783,
        2129.7837837837837,
        2156.054054054054,
        2146.7027027027025,
        2140.0810810810813,
        2153.4054054054054,
        2142.5675675675675,
        2143.5135135135133,
        2137.945945945946,
        2135.324324324324,
        2142.5675675675675,
        2157.162162162162,
        2143.108108108108,
        2151.324324324324,
        2143.3513513513512,
        2156.7837837837837,
        2161.7027027027025,
        2146.7567567567567,
        2139.4864864864867,
        2157.324324324324,
        2143.891891891892,
        2152.2162162162163,
        2147.4594594594596,
        2159.2702702702704
    ],
    "opt": 2255,
    "stdevs": [
        83.07619250946675,
        78.8035717581428,
        85.19026100299816,
        93.9142328210672,
        79.1897703142592,
        92.99119871640751,
        89.83939082145535,
        82.5632546314622,
        73.19914898897396,
        84.91633832334018,
        88.32842625031215,
        66.93790936933841,
        83.85055752395544,
        80.49607878512383,
        98.87225305983388,
        85.61931815083315,
        90.52078041733311,
        85.16069972240506,
        81.2110579825269,
        75.45065967430989,
        91.17118007335355,
        83.87808990671421,
        90.6219964364614,
        75.84528290785,
        88.82015380770925,
        85.73668217608176,
        86.47809925547641,
        83.2181692668648,
        77.134566940463,
        84.63377902603607,
        73.38509252046133,
        92.21075044794858,
        81.09267484678068,
        83.68551342406246,
        82.22497598908822,
        93.18526987431316,
        86.21238659629867,
        84.87610529794499,
        75.65447579499791,
        83.30952959274352,
        82.13765637388612,
        85.02592738245296,
        87.6102998837854,
        95.15785969379905,
        78.86394790419632,
        83.15420826441564,
        84.46281074432264,
        87.20966231373994,
        88.23601228599581,
        78.47756073139098,
        72.04913711655624,
        83.0629673056453,
        89.11582568289373,
        91.40966474005344,
        88.71900635780443,
        85.1833754361374,
        87.87595846400686,
        83.48081228037952,
        90.73974857934371,
        82.32455502088314,
        85.43358241998997,
        90.99419225480925,
        97.41042972313525,
        77.30919394370233,
        84.93022100369829,
        90.64408762236597,
        76.53550143742167,
        88.54603487556105,
        82.76695966903762,
        88.91671729797203,
        82.54099187472846,
        86.44679832609606,
        85.86722555007184,
        87.4286268439511,
        86.22580646483581,
        92.69300240793855,
        88.7789089121995,
        84.46369286687627,
        77.22096968596239,
        91.68596959034913,
        91.87487918826501,
        79.89569533425286,
        88.72171510921727,
        93.93805366034077,
        90.75567019615819,
        85.2440230302471,
        75.4534187932978,
        88.24367782683434,
        90.27249552201432,
        87.24400515424698,
        86.14388222108286,
        96.54858324296386,
        86.23126192533621,
        78.42827861669967,
        97.05824988860559,
        84.56536063387927,
        82.37612609533662,
        84.55100336167965,
        88.64005396701529,
        90.47043675673275
    ]
}