{
    "agg": 2205,
    "iters": [
        1,
        2,
        3,
        4,
        5,
        6,
        7,
        8,
        9,
        10,
        11,
        12,
        13,
        14,
        15,
        16,
        17,
        18,
        19,
        20,
        21,
        22,
        23,
        24,
        25,
        26,
        27,
        28,
        29,
        30,
        31,
        32,
        33,
        34,
        35,
        36,
        37,
        38,
        39,
        40,
        41,
        42,
        43,
        44,
        45,
        46,
        47,
        48,
        49,
        50,
        51,
        52,
        53,
        54,
        55,
        56,
        57,
        58,
        59,
        60,
        61,
        62,
        63,
        64,
        65,
        66,
        67,
        68,
        69,
        70,
        71,
        72,
        73,
        74,
        75,
        76,
        77,
        78,
        79,
        80,
        81,
        82,
        83,
        84,
        85,
        86,
        87,
        88,
        89,
        90,
        91,
        92,
        93,
        94,
        95,
        96,
        97,
        98,
        99,
        100,
        101,
        102,
        103,
        104,
        105,
        106,
        107,
        108,
        109,
        110,
        111,
        112,
        113,
        114,
        115,
        116,
        117,
        118,
        119,
        120,
        121,
        122,
        123,
        124,
        125,
        126,
        127,
        128,
        129,
        130,
        131,
        132,
        133,
        134,
        135,
        136
    ],
    "means": [
        2146.2619047619046,
        2162.904761904762,
        2155.7380952380954,
        2162.2619047619046,
        2178.0,
        2126.3809523809523,
        2142.3571428571427,
        2171.8809523809523,
        2125.2619047619046,
        2134.1428571428573,
        2156.190476190476,
        2143.190476190476,
        2179.0476190476193,
        2138.6190476190477,
        2141.5476190476193,
        2149.2619047619046,
        2154.8809523809523,
        2129.9761904761904,
        2164.285714285714,
        2130.595238095238,
        2160.7380952380954,
        2140.285714285714,
        2116.4761904761904,
        2126.3333333333335,
        2130.9285714285716,
        2160.095238095238,
        2144.714285714286,
        2158.0714285714284,
        2151.4761904761904,
        2150.0,
        2158.4761904761904,
        2156.3571428571427,
        2168.0714285714284,
        2148.6666666666665,
        2137.309523809524,
        2163.0714285714284,
        2154.9285714285716,
        2168.3809523809523,
        2141.4761904761904,
        2155.714285714286,
        2141.309523809524,
        2159.6190476190477,
        2135.309523809524,
        2174.8333333333335,
        2130.1428571428573,
        2152.595238095238,
        2145.4761904761904,
        2149.190476190476,
        2168.2619047619046,
        2146.8333333333335,
        2147.190476190476,
        2145.5714285714284,
        2160.9761904761904,
        2168.690476190476,
        2138.7380952380954,
        2159.2380952380954,
        2144.5714285714284,
        2156.404761904762,
        2144.6428571428573,
        2141.1666666666665,
        2139.904761904762,
        2147.8809523809523,
        2147.6666666666665,
        2128.809523809524,
        2117.1428571428573,
        2137.5238095238096,
        2153.8571428571427,
        2128.0714285714284,
        2154.6190476190477,
        2153.9523809523807,
        2147.0,
        2143.6666666666665,
        2151.9285714285716,
        2156.095238095238,
        2135.8333333333335,
        2143.3571428571427,
        2176.7380952380954,
        2130.3809523809523,
        2139.7380952380954,
        2161.3333333333335,
        2156.904761904762,
        2148.404761904762,
        2153.2619047619046,
        2134.2380952380954,
        2134.6666666666665,
        2145.5,
        2150.4285714285716,
        2155.0238095238096,
        2154.714285714286,
        2159.3809523809523,
        2138.404761904762,
        2149.6428571428573,
        2148.309523809524,
        2146.285714285714,
        2175.904761904762,
        2158.6428571428573,
        2155.5476190476193,
        2152.4285714285716,
        2157.4761904761904,
        2165.285714285714,
        2129.904761904762,
        2162.2619047619046,
        2147.2380952380954,
        2156.4523809523807,
        2142.714285714286,
        2149.9523809523807,
        2160.6666666666665,
        2149.714285714286,
        2161.214285714286,
        2155.9285714285716,
        2144.595238095238,
        2142.8333333333335,
        2149.404761904762,
        2145.4761904761904,
        2146.5714285714284,
        2143.595238095238,
        2150.214285714286,
        2153.5,
        2154.0,
        2125.6190476190477,
        2147.8571428571427,
        2161.5,
        2153.6666666666665,
        2164.4285714285716,
        2118.095238095238,
        2174.6428571428573,
        2136.9285714285716,
        2166.0714285714284,
        2139.8809523809523,
        2124.3809523809523,
        2155.714285714286,
        2138.0476190476193,
        2145.0714285714284,
        2149.309523809524,
        2153.8333333333335,
        2130.404761904762
    ],
    "opt": 2257,