{
    "agg": 2289,
    "iters": [
        1,
        2,
        3,
        4,
        5,
        6,
        7,
        8,
        9,
        10,
        11,
        12,
        13,
        14,
        15,
        16,
        17,
        18,
        19,
        20,
        21,
        22,
        23,
        24,
        25,
        26,
        27,
        28,
        29,
        30,
        31,
        32,
        33,
        34,
        35,
        36,
        37,
        38,
        39,
        40,
        41,
        42,
        43,
        44,
        45,
        46,
        47,
        48,
        49,
        50,
        51,
        52,
        53,
        54,
        55,
        56,
        57,
        58,
        59,
        60,
        61,
        62,
        63,
        64,
        65,
        66,
        67,
        68,
        69,
        70,
        71,
        72,
        73,
        74,
        75,
        76,
        77,
        78,
        79,
        80,
        81,
        82,
        83,
        84,
        85,
        86,
        87,
        88,
        89,
        90,
        91,
        92,
        93,
        94,
        95,
        96,
        97,
        98,
        99,
        100,
        101,
        102,
        103,
        104,
        105,
        106,
        107,
        108,
        109,
        110,
        111,
        112,
        113,
        114,
        115,
        116,
        117,
        118,
        119,
        120,
        121,
        122,
        123,
        124,
        125,
        126,
        127,
        128,
        129
    ],
    "means": [
        2166.5454545454545,
        2123.4545454545455,
        2133.4545454545455,
        2134.2272727272725,
        2168.7727272727275,
        2156.9545454545455,
        2156.3636363636365,
        2130.909090909091,
        2175.0,
        2141.9545454545455,
        2134.909090909091,
        2159.5454545454545,
        2150.090909090909,
        2123.9545454545455,
        2164.0,
        2162.2727272727275,
        2144.181818181818,
        2139.090909090909,
        2149.7727272727275,
        2135.090909090909,
        2176.6363636363635,
        2113.909090909091,
        2178.590909090909,
        2164.681818181818,
        2171.6363636363635,
        2154.0,
        2151.5454545454545,
        2167.9545454545455,
        2148.9545454545455,
        2158.6363636363635,
        2134.9545454545455,
        2141.9545454545455,
        2130.681818181818,
        2145.5,
        2145.1363636363635,
        2163.0,
        2121.0454545454545,
        2144.8636363636365,
        2123.409090909091,
        2168.181818181818,
        2128.0454545454545,
        2166.409090909091,
        2159.4545454545455,
        2126.681818181818,
        2151.409090909091,
        2109.5454545454545,
        2141.2727272727275,
        2132.909090909091,
        2134.7727272727275,
        2160.409090909091,
        2139.590909090909,
        2170.1363636363635,
        2147.4545454545455,
        2140.3636363636365,
        2122.5454545454545,
        2144.5,
        2149.5,
        2160.181818181818,
        2138.9545454545455,
        2124.4545454545455,
        2162.6363636363635,
        2120.8636363636365,
        2151.2727272727275,
        2117.7272727272725,
        2174.590909090909,
        2146.909090909091,
        2143.9545454545455,
        2143.909090909091,
        2091.7272727272725,
        2156.5,
        2144.4545454545455,
        2160.2272727272725,
        2132.7727272727275,
        2141.8636363636365,
        2137.2272727272725,
        2156.7727272727275,
        2139.681818181818,
        2132.909090909091,
        2139.318181818182,
        2163.6363636363635,
        2136.8636363636365,
        2162.590909090909,
        2126.6363636363635,
        2181.3636363636365,
        2119.7727272727275,
        2163.7727272727275,
        2115.590909090909,
        2130.7727272727275,
        2143.7272727272725,
        2159.090909090909,
        2182.5454545454545,
        2132.1363636363635,
        2153.590909090909,
        2129.090909090909,
        2138.1363636363635,
        2150.818181818182,
        2144.4545454545455,
        2152.2727272727275,
        2144.6363636363635,
        2143.3636363636365,
        2191.681818181818,
        2154.818181818182,
        2146.7727272727275,
        2163.3636363636365,
        2125.090909090909,
        2187.5454545454545,
        2135.2727272727275,
        2159.8636363636365,
        2146.5,
        2159.8636363636365,
        2177.2727272727275,
        2179.0,
        2147.7272727272725,
        2137.090909090909,
        2116.2727272727275,
        2173.909090909091,
        2151.681818181818,
        2118.9545454545455,
        2160.7272727272725,
        2138.8636363636365,
        2162.4545454545455,
        2164.909090909091,
        2131.5454545454545,
        2117.909090909091,
        2155.318181818182,
        2148.0454545454545,
        2172.0,
        2139.5,
        2151.5454545454545
    ],
    "opt": 2254,