{
    "agg": 2190,
    "iters": [
        1,
        2,
        3,
        4,
        5,
        6,
        7,
        8,
        9,
        10,
        11,
        12,
        13,
        14,
        15,
        16,
        17,
        18,
        19,
        20,
        21,
        22,
        23,
        24,
        25,
        26,
        27,
        28,
        29,
        30,
        31,
        32,
        33,
        34,
        35,
        36,
        37,
        38,
        39,
        40,
        41,
        42,
        43,
        44,
        45,
        46,
        47,
        48,
        49,
        50,
        51,
        52,
        53,
        54,
        55,
        56,
        57,
        58,
        59,
        60,
        61,
        62,
        63,
        64,
        65,
        66,
        67,
        68,
        69,
        70,
        71,
        72,
        73,
        74,
        75,
        76,
        77,
        78,
        79,
        80,
        81,
        82,
        83,
        84,
        85,
        86,
        87,
        88,
        89,
        90,
        91,
        92,
        93,
        94,
        95,
        96,
        97,
        98,
        99,
        100,
        101,
        102,
        103,
        104,
        105,
        106,
        107,
        108,
        109
    ],
    "means": [
        2117.6315789473683,
        2151.6315789473683,
        2143.5263157894738,
        2170.5263157894738,
        2164.5789473684213,
        2143.4736842105262,
        2134.0526315789475,
        2184.4736842105262,
        2157.5789473684213,
        2158.1052631578946,
        2161.3684210526317,
        2165.157894736842,
        2187.4210526315787,
        2134.7368421052633,
        2143.157894736842,
        2165.2105263157896,
        2138.2631578947367,
        2131.7368421052633,
        2125.157894736842,
        2161.6315789473683,
        2134.3684210526317,
        2146.2631578947367,
        2127.0,
        2152.7368421052633,
        2127.2105263157896,
        2139.0526315789475,
        2180.684210526316,
        2149.842105263158,
        2146.1052631578946,
        2145.0,
        2135.9473684210525,
        2171.5263157894738,
        2119.7894736842104,
        2170.9473684210525,
        2164.2105263157896,
        2139.2105263157896,
        2165.315789473684,
        2189.2631578947367,
        2131.0526315789475,
        2138.5789473684213,
        2130.4210526315787,
        2111.3684210526317,
        2130.5263157894738,
        2195.684210526316,
        2117.4210526315787,
        2200.5263157894738,
        2136.9473684210525,
        2177.2631578947367,
        2125.5789473684213,
        2141.8947368421054,
        2150.5789473684213,
        2117.5789473684213,
        2157.842105263158,
        2187.3684210526317,
        2155.0526315789475,
        2189.3684210526317,
        2156.1052631578946,
        2152.4736842105262,
        2131.684210526316,
        2150.0526315789475,
        2176.3684210526317,
        2119.4736842105262,
        2141.5263157894738,
        2131.2631578947367,
        2157.157894736842,
        2173.684210526316,
        2177.5263157894738,
        2129.6315789473683,
        2159.7368421052633,
        2157.9473684210525,
        2152.4736842105262,
        2180.6315789473683,
        2145.7894736842104,
        2140.2631578947367,
        2159.0526315789475,
        2127.3684210526317,
        2148.842105263158,
        2134.4210526315787,
        2179.9473684210525,
        2127.157894736842,
        2106.7368421052633,
        2159.8947368421054,
        2153.4736842105262,
        2175.0,
        2149.9473684210525,
        2161.3684210526317,
        2127.7894736842104,
        2129.2631578947367,
        2138.7368421052633,
        2155.4210526315787,
        2129.9473684210525,
        2180.1052631578946,
        2131.315789473684,
        2163.3684210526317,
        2143.0526315789475,
        2165.315789473684,
        2158.9473684210525,
        2128.2631578947367,
        2164.0,
        2084.5263157894738,
        2150.4210526315787,
        2152.2105263157896,
        2129.3684210526317,
        2146.0,
        2137.4210526315787,
        2126.2105263157896,
        2109.9473684210525,
        2136.2105263157896,
        2178.1052631578946
    ],
    "opt": 2224,
    "stdevs": [
        70.99459618154476,
        99.67114903590961,
        77.30552402203435,
        72.20684354580004,
        89.88432085594279,
        85.38973710122352,
        84.67055269144517,
        73.60804333985062,
        69.99121432796044,
        61.40280701353379,
        79.9560474828882,
        89.25496486729803,
        72.59064445264184,
        72.356458341408,
        94.31317548069346,
        88.04758220020547,
        84.17265595833561,
        92.97472327990586,
        85.22000207382422,
        86.44268592621647,
        104.99434096344922,
        80.53821721476683,
        73.17822511908135,
        88.64882942514669,
        74.85113573470761,
        96.96471071814601,
        98.74371539313218,
        83.9048729266127,
        100.87401978228097,
        89.51977141215347,
        94.47443189852201,
        81.59358103045828,
        78.89872185434507,
        90.8263083172958,
        102.82308718190545,
        97.06838552352689,
        64.4164515040741,
        83.7067827882815,
        91.39185365297843,
        82.92756242298626,
        83.71902619034928,
        79.12296261703298,
        84.67359522620883,
        75.15881615239401,
        86.58692972320918,
        84.81023301034314,
        79.95358764486632,
        79.56913055573827,
        91.92578001013054,
        92.34426134783968,
        80.2839144860772,
        57.72832542856846,
        78.01637018357428,
        96.90538550365602,
        77.51500614258711,
        70.19087549511036,
        88.43784301735501,
        80.16979902619363,
        85.70638533700173,
        78.40480227250485,
        82.672601282227,
        84.88280987775076,
        86.11887036994281,
        80.49703630063405,
        96.78911593763485,
        96.82977610304697,
        89.18777850016792,
        88.1560879626322,
        76.27846637244986,
        90.7544249663317,
        78.22596716601318,
        79.83417717290851,
        77.91667543118936,
        85.22591779330928,
        77.98952269997253,
        82.97571650239529,
        79.14029059567488,
        79.41650086360065,
        88.88696173657306,
        94.66687474779779,
        82.85106619093727,
        86.33160959002463,
        79.26927354613423,
        100.91424186172294,
        88.13534668440384,
        75.8531895914149,
        95.78956043952115,
        69.2750749626468,
        72.70549252057425,
        87.61237342886754,
        85.78275724435076,
        74.17681205055513,
        79.18934845411506,
        86.7496158197565,
        93.6339309192484,
        100.42491441322242,
        86.14276625048281,
        73.01538562108757,
        87.06259091505436,
        54.80431064591508,
        83.1987574486376,
        81.65432850058157,
        84.24413802896773,
        86.58126696620744,
        87.63699999037519,
        73.03753825574788,
        77.16931056498298,
        77.0704250378345,
        72.69467130028902
    ]
}