{
    "agg": 2100,
    "iters": [
        1,
        2,
        3,
        4,
        5,
        6,
        7,
        8,
        9,
        10,
        11,
        12,
        13,
        14,
        15,
        16,
        17,
        18,
        19,
        20,
        21,
        22,
        23,
        24,
        25,
        26,
        27,
        28,
        29,
        30,
        31,
        32,
        33,
        34,
        35,
        36,
        37,
        38,
        39,
        40,
        41,
        42,
        43,
        44,
        45,
        46,
        47,
        48,
        49,
        50,
        51,
        52,
        53,
        54,
        55,
        56,
        57,
        58,
        59,
        60,
        61,
        62,
        63,
        64,
        65,
        66,
        67,
        68,
        69,
        70,
        71,
        72,
        73,
        74,
        75,
        76,
        77,
        78,
        79,
        80,
        81,
        82,
        83,
        84,
        85,
        86,
        87,
        88,
        89,
        90,
        91,
        92,
        93,
        94,
        95,
        96,
        97,
        98,
        99,
        100,
        101,
        102,
        103,
        104,
        105
    ],
    "means": [
        2159.705882352941,
        2152.470588235294,
        2136.0,
        2126.3529411764707,
        2144.8823529411766,
        2118.235294117647,
        2167.235294117647,
        2133.9411764705883,
        2150.235294117647,
        2126.823529411765,
        2145.0,
        2178.4117647058824,
        2155.1176470588234,
        2140.176470588235,
        2161.8823529411766,
        2169.3529411764707,
        2157.9411764705883,
        2162.4117647058824,
        2145.4117647058824,
        2139.6470588235293,
        2131.5882352941176,
        2149.5882352941176,
        2162.529411764706,
        2158.705882352941,
        2142.529411764706,
        2162.705882352941,
        2163.0588235294117,
        2160.1176470588234,
        2176.3529411764707,
        2188.176470588235,
        2138.529411764706,
        2149.705882352941,
        2160.9411764705883,
        2169.4117647058824,
        2154.529411764706,
        2107.294117647059,
        2174.705882352941,
        2155.3529411764707,
        2169.823529411765,
        2178.3529411764707,
        2132.294117647059,
        2130.823529411765,
        2176.4117647058824,
        2167.1176470588234,
        2134.9411764705883,
        2146.0,
        2169.6470588235293,
        2149.764705882353,
        2144.0,
        2145.4117647058824,
        2128.6470588235293,
        2108.0588235294117,
        2125.470588235294,
        2147.176470588235,
        2161.4117647058824,
        2160.3529411764707,
        2170.764705882353,
        2125.0588235294117,
        2173.705882352941,
        2201.9411764705883,
        2124.0,
        2087.470588235294,
        2178.764705882353,
        2114.235294117647,
        2150.0588235294117,
        2144.9411764705883,
        2186.705882352941,
        2168.8823529411766,
        2164.8823529411766,
        2145.705882352941,
        2118.9411764705883,
        2174.529411764706,
        2151.0588235294117,
        2151.529411764706,
        2178.4117647058824,
        2160.705882352941,
        2158.6470588235293,
        2119.8823529411766,
        2155.4117647058824,
        2181.764705882353,
        2148.9411764705883,
        2155.5882352941176,
        2119.5882352941176,
        2121.5882352941176,
        2135.5882352941176,
        2095.470588235294,
        2151.4117647058824,
        2148.0588235294117,
        2153.4117647058824,
        2143.4117647058824,
        2160.235294117647,
        2173.0588235294117,
        2136.6470588235293,
        2114.0588235294117,
        2139.823529411765,
        2173.235294117647,
        2136.6470588235293,
        2140.9411764705883,
        2132.6470588235293,
        2134.0,
        2159.8823529411766,
        2115.823529411765,
        2136.8823529411766,
        2186.6470588235293,
        2122.764705882353
    ],
    "opt": 2224,
    "stdevs": [
        93.1171082441399,
        61.367856739749755,
        75.2251522392063,
        91.84830279675069,
        66.85443568630474,
        79.55799173208752,
        85.22049560975528,
        93.8048478543026,
        73.2011968817006,
        88.20179756346016,
        73.4662787790906,
        81.71691366687044,
        85.4075918604713,
        70.8621157344796,
        70.28336122477285,
        88.49190137519105,
        110.3456977429597,
        83.92718049772421,
        79.1150010491276,
        86.05261125099102,
        67.819881540592,
        78.69902370537979,
        107.43266982958585,
        84.82560983008011,
        77.83248803534181,
        84.16493940009376,
        83.80191671838264,
        85.00580073835873,
        95.02441864283256,
        87.62032754622616,
        101.67486683892339,
        94.01361897955645,
        74.37462453744897,
        79.6825014545997,
        96.12805041258544,
        77.1635121832641,
        78.16932202964533,
        101.43206429832763,
        71.71941676062647,
        97.01724599658169,
        79.83789805222783,
        82.0840568414065,
        77.96760928030186,
        95.73362698467106,
        69.95920709555996,
        77.55225942019014,
        86.1346013526098,
        71.04640522575178,
        94.99783279261752,
        101.68640306095034,
        67.34017346233759,
        89.8046707734824,
        79.60425472449457,
        95.3527415899497,
        80.01842348413153,
        79.46508014176867,
        85.18045164567134,
        88.90938585286463,
        71.97447644488685,
        81.03337771868003,
        90.98222192210055,
        76.66513713934877,
        80.67547875266881,
        85.35292090647184,
        81.30948182044966,
        89.8884737675692,
        79.17349876426073,
        83.228164317376,
        88.91296627002305,
        82.7780623864605,
        77.27450731624795,
        78.16206214320032,
        99.28655532953167,
        96.51645251218225,
        76.41070053146576,
        89.18306665036043,
        71.96644739163528,
        80.67719435243963,
        83.14272549518789,
        89.77522874101592,
        79.49211621156144,
        86.84811544132286,
        75.1571364256871,
        83.02944822986844,
        86.2554747272034,
        64.41512212576724,
        92.61244918446243,
        87.87924240498856,
        81.9153500113016,
        62.04747596281739,
        89.81060425516688,
        83.77172805992085,
        94.9216030555932,
        72.98869419964203,
        84.6774053439201,
        85.98941755120713,
        92.73551332971608,
        87.8169691415284,
        70.43389990661714,
        95.39392014169457,
        86.85883229358338,
        70.5009263970153,
        84.31585040641994,
        86.131186656628,
        91.66597252542049
    ]
}