{
    "agg": 2147,
    "iters": [
        1,
        2,
        3,
        4,
        5,
        6,
        7,
        8,
        9,
        10,
        11,
        12,
        13,
        14,
        15,
        16,
        17,
        18,
        19,
        20,
        21,
        22,
        23,
        24,
        25,
        26,
        27,
        28,
        29,
        30,
        31,
        32,
        33,
        34,
        35,
        36,
        37,
        38,
        39,
        40,
        41,
        42,
        43,
        44,
        45,
        46,
        47,
        48,
        49,
        50,
        51,
        52,
        53,
        54,
        55,
        56,
        57,
        58,
        59,
        60,
        61,
        62,
        63,
        64,
        65,
        66,
        67,
        68,
        69,
        70,
        71,
        72,
        73,
        74,
        75,
        76,
        77,
        78,
        79,
        80,
        81,
        82,
        83,
        84,
        85,
        86,
        87,
        88,
        89,
        90,
        91,
        92,
        93,
        94,
        95,
        96,
        97,
        98,
        99,
        100,
        101,
        102,
        103,
        104
    ],
    "means": [
        2157.7428571428572,
        2146.6,
        2164.5142857142855,
        2162.8,
        2151.2571428571428,
        2146.5142857142855,
        2178.542857142857,
        2171.457142857143,
        2156.1428571428573,
        2161.8571428571427,
        2150.2571428571428,
        2139.6285714285714,
        2145.114285714286,
        2171.6285714285714,
        2180.6285714285714,
        2145.657142857143,
        2151.5714285714284,
        2160.657142857143,
        2137.2571428571428,
        2128.0285714285715,
        2148.285714285714,
        2158.3714285714286,
        2152.0285714285715,
        2155.8,
        2139.1428571428573,
        2162.0285714285715,
        2132.0857142857144,
        2149.8285714285716,
        2126.0857142857144,
        2139.4285714285716,
        2152.0285714285715,
        2152.9714285714285,
        2161.457142857143,
        2152.885714285714,
        2154.4,
        2123.2571428571428,
        2161.457142857143,
        2151.4,
        2136.0285714285715,
        2165.3142857142857,
        2150.3714285714286,
        2134.7428571428572,
        2150.114285714286,
        2128.4857142857145,
        2141.4285714285716,
        2164.4,
        2140.3142857142857,
        2176.0857142857144,
        2135.285714285714,
        2139.8285714285716,
        2148.5142857142855,
        2149.542857142857,
        2140.0285714285715,
        2138.2571428571428,
        2142.5714285714284,
        2153.342857142857,
        2138.4,
        2164.4285714285716,
        2163.4,
        2155.3142857142857,
        2152.8,
        2116.714285714286,
        2138.2285714285713,
        2149.8571428571427,
        2150.285714285714,
        2155.7714285714287,
        2181.6,
        2150.114285714286,
        2155.6,
        2149.657142857143,
        2172.6,
        2168.0,
        2164.6,
        2147.2,
        2153.2571428571428,
        2141.342857142857,
        2142.2,
        2164.6857142857143,
        2165.6,
        2171.4285714285716,
        2148.0,
        2168.0857142857144,
        2161.0,
        2162.114285714286,
        2163.4857142857145,
        2139.057142857143,
        2129.885714285714,
        2147.8285714285716,
        2156.457142857143,
        2140.5142857142855,
        2131.942857142857,
        2136.8571428571427,
        2139.2,
        2126.714285714286,
        2144.885714285714,
        2151.342857142857,
        2159.6857142857143,
        2150.342857142857,
        2146.0,
        2138.1714285714284,
        2131.9142857142856,
        2121.1428571428573,
        2158.6285714285714,
        2158.542857142857
    ],
    "opt": 2201,
    "stdevs": [
        76.6264940594096,
        93.38069546600242,
        79.82995192588929,
        86.81467946971048,
        89.28904679495139,
        87.86332614710561,
        85.22553033222006,
        73.96267122470549,
        90.26726755494893,
        93.46539248212,
        83.6172719195341,
        78.12959406900661,
        91.53665040488939,
        72.46874625432311,
        75.05087254248117,
        88.95325991204363,
        83.62442763905284,
        91.36643424213538,
        89.48562306143864,
        75.28478719949649,
        66.62113411076159,
        82.75716135236902,
        91.30529188678283,
        85.17102122871873,
        90.70490390181082,
        84.99932292647503,
        82.59587379129141,
        73.88968059180648,
        81.77263650899764,
        94.99121334231339,
        83.46410202314893,
        88.72766864779818,
        75.69727032524935,
        81.31025991439789,
        100.03176638305597,
        92.3862521798386,
        85.82218922438011,
        93.19908031428514,
        91.24393857419031,
        80.96904926436713,
        89.95430132311968,
        77.68299790343642,
        92.9518374301049,
        83.20280607512892,
        93.46910435747073,
        91.56799191233334,
        63.57617317768007,
        79.6705256231012,
        93.48691930763711,
        89.76938253556347,
        80.46272302077756,
        87.84835728430566,
        87.92642564400428,
        91.26048835445643,
        78.80546961230753,
        91.34673122844872,
        93.49780746092392,
        91.58486640871428,
        84.92692657304194,
        91.80188962529861,
        75.1089874781973,
        85.30803727955413,
        83.97655649534772,
        86.11425727556644,
        81.36990367752561,
        83.17660581619113,
        72.93997532217844,
        91.7358853070118,
        75.52944553521587,
        74.66417877293458,
        96.17965332795558,
        78.7226596530957,
        93.45440446702186,
        84.1413097116987,
        71.68476341679904,
        83.87199187099448,
        78.48341043995039,
        79.13452251110904,
        91.93202457716866,
        83.55811859821564,
        88.46823481582851,
        79.60881911969712,
        70.71391053291525,
        81.2673793029867,
        82.17624663005778,
        77.96553922164874,
        91.1425167929158,
        81.47233911467332,
        87.2766841248952,
        76.49215512664267,
        92.7826778344021,
        85.53066045314405,
        71.38939497072177,
        82.53226950838128,
        77.80847233654532,
        83.90332629440448,
        85.91217157358902,
        90.30296399411509,
        76.62189168713003,
        82.00016923825244,
        88.25559356731088,
        70.48815213804895,
        77.70092322094864,
        84.10107621432775
    ]
}