{
    "agg": 2213,
    "iters": [
        1,
        2,
        3,
        4,
        5,
        6,
        7,
        8,
        9,
        10,
        11,
        12,
        13,
        14,
        15,
        16,
        17,
        18,
        19,
        20,
        21,
        22,
        23,
        24,
        25,
        26,
        27,
        28,
        29,
        30,
        31,
        32,
        33,
        34,
        35,
        36,
        37,
        38,
        39,
        40,
        41,
        42,
        43,
        44,
        45,
        46,
        47,
        48,
        49,
        50,
        51,
        52,
        53,
        54,
        55,
        56,
        57,
        58,
        59,
        60,
        61,
        62,
        63,
        64,
        65,
        66,
        67,
        68,
        69,
        70,
        71,
        72,
        73,
        74,
        75,
        76,
        77,
        78,
        79,
        80,
        81,
        82,
        83,
        84,
        85,
        86,
        87,
        88,
        89,
        90,
        91,
        92,
        93,
        94,
        95,
        96,
        97,
        98,
        99,
        100,
        101,
        102,
        103,
        104,
        105,
        106,
        107,
        108,
        109,
        110,
        111,
        112,
        113,
        114,
        115,
        116,
        117,
        118,
        119,
        120,
        121,
        122,
        123,
        124,
        125
    ],
    "means": [
        2135.2608695652175,
        2147.086956521739,
        2153.2608695652175,
        2130.782608695652,
        2154.782608695652,
        2167.8695652173915,
        2150.6521739130435,
        2164.086956521739,
        2189.608695652174,
        2147.9565217391305,
        2146.782608695652,
        2170.782608695652,
        2117.521739130435,
        2144.6521739130435,
        2176.695652173913,
        2151.1304347826085,
        2125.6521739130435,
        2161.1304347826085,
        2139.3478260869565,
        2144.086956521739,
        2181.217391304348,
        2163.1739130434785,
        2116.478260869565,
        2129.521739130435,
        2143.4347826086955,
        2148.1739130434785,
        2153.0434782608695,
        2138.521739130435,
        2165.782608695652,
        2132.9565217391305,
        2166.8695652173915,
        2126.478260869565,
        2163.478260869565,
        2128.0,
        2168.608695652174,
        2179.0,
        2156.782608695652,
        2113.217391304348,
        2157.7391304347825,
        2169.3478260869565,
        2161.6521739130435,
        2139.8695652173915,
        2157.782608695652,
        2145.913043478261,
        2144.304347826087,
        2162.8695652173915,
        2159.4347826086955,
        2151.086956521739,
        2131.304347826087,
        2169.8695652173915,
        2138.304347826087,
        2143.5652173913045,
        2143.608695652174,
        2152.1739130434785,
        2142.2608695652175,
        2174.304347826087,
        2161.086956521739,
        2175.608695652174,
        2141.1304347826085,
        2124.3478260869565,
        2120.478260869565,
        2131.0434782608695,
        2163.521739130435,
        2124.391304347826,
        2163.086956521739,
        2142.7391304347825,
        2098.304347826087,
        2161.1304347826085,
        2151.0,
        2162.1304347826085,
        2164.782608695652,
        2134.913043478261,
        2156.086956521739,
        2149.086956521739,
        2146.217391304348,
        2155.7391304347825,
        2117.913043478261,
        2152.913043478261,
        2139.0,
        2134.1304347826085,
        2163.391304347826,
        2155.695652173913,
        2132.5652173913045,
        2121.521739130435,
        2152.217391304348,
        2139.2608695652175,
        2154.8260869565215,
        2148.217391304348,
        2117.217391304348,
        2113.6521739130435,
        2131.608695652174,
        2132.6521739130435,
        2106.608695652174,
        2126.5652173913045,
        2154.8260869565215,
        2137.478260869565,
        2151.521739130435,
        2173.7391304347825,
        2186.304347826087,
        2124.4347826086955,
        2148.8695652173915,
        2144.9565217391305,
        2164.1304347826085,
        2151.0434782608695,
        2128.608695652174,
        2153.8260869565215,
        2165.391304347826,
        2167.1304347826085,
        2141.4347826086955,
        2165.391304347826,
        2156.2608695652175,
        2167.086956521739,
        2167.695652173913,
        2140.521739130435,
        2156.304347826087,
        2139.695652173913,
        2133.0,
        2163.8695652173915,
        2135.086956521739,
        2144.4347826086955,
        2149.478260869565,
        2166.913043478261,
        2125.0,
        2144.6521739130435,
        2147.0
    ],
    "opt": 2283,