{
    "agg": 2272,
    "iters": [
        1,
        2,
        3,
        4,
        5,
        6,
        7,
        8,
        9,
        10,
        11,
        12,
        13,
        14,
        15,
        16,
        17,
        18,
        19,
        20,
        21,
        22,
        23,
        24,
        25,
        26,
        27,
        28,
        29,
        30,
        31,
        32,
        33,
        34,
        35,
        36,
        37,
        38,
        39,
        40,
        41,
        42,
        43,
        44,
        45,
        46,
        47,
        48,
        49,
        50,
        51,
        52,
        53,
        54,
        55,
        56,
        57,
        58,
        59,
        60,
        61,
        62,
        63,
        64,
        65,
        66,
        67,
        68,
        69,
        70,
        71,
        72,
        73,
        74,
        75,
        76,
        77,
        78,
        79,
        80,
        81,
        82,
        83,
        84,
        85,
        86,
        87,
        88,
        89,
        90,
        91,
        92,
        93,
        94,
        95,
        96,
        97,
        98,
        99,
        100,
        101,
        102,
        103,
        104,
        105,
        106,
        107,
        108,
        109,
        110,
        111,
        112,
        113,
        114,
        115,
        116,
        117,
        118,
        119,
        120,
        121,
        122,
        123,
        124,
        125,
        126,
        127,
        128,
        129,
        130,
        131,
        132,
        133
    ],
    "means": [
        2126.4615384615386,
        2150.346153846154,
        2140.6923076923076,
        2113.5,
        2132.8846153846152,
        2152.1153846153848,
        2151.4615384615386,
        2137.423076923077,
        2140.6153846153848,
        2141.6923076923076,
        2116.9615384615386,
        2128.0384615384614,
        2184.346153846154,
        2155.1153846153848,
        2161.769230769231,
        2160.346153846154,
        2132.5384615384614,
        2122.6153846153848,
        2151.769230769231,
        2170.1923076923076,
        2155.3846153846152,
        2145.269230769231,
        2166.346153846154,
        2166.576923076923,
        2134.769230769231,
        2136.730769230769,
        2140.653846153846,
        2117.730769230769,
        2171.5,
        2156.653846153846,
        2130.846153846154,
        2159.423076923077,
        2142.346153846154,
        2150.5384615384614,
        2154.730769230769,
        2166.076923076923,
        2167.230769230769,
        2169.653846153846,
        2164.230769230769,
        2148.8846153846152,
        2176.230769230769,
        2141.6923076923076,
        2121.0384615384614,
        2158.730769230769,
        2140.8076923076924,
        2172.1923076923076,
        2160.4615384615386,
        2172.8076923076924,
        2158.6153846153848,
        2159.230769230769,
        2171.153846153846,
        2138.1153846153848,
        2133.423076923077,
        2148.4615384615386,
        2144.0384615384614,
        2156.9615384615386,
        2142.3076923076924,
        2140.923076923077,
        2133.423076923077,
        2169.3846153846152,
        2147.153846153846,
        2143.6153846153848,
        2174.769230769231,
        2135.1153846153848,
        2168.730769230769,
        2138.230769230769,
        2116.769230769231,
        2175.4615384615386,
        2158.3846153846152,
        2152.769230769231,
        2157.1923076923076,
        2142.3846153846152,
        2161.5,
        2138.846153846154,
        2164.846153846154,
        2153.0384615384614,
        2158.6923076923076,
        2135.8846153846152,
        2125.6923076923076,
        2150.346153846154,
        2155.1923076923076,
        2156.153846153846,
        2174.153846153846,
        2142.5384615384614,
        2162.5,
        2149.846153846154,
        2138.8076923076924,
        2153.6153846153848,
        2167.1923076923076,
        2183.8846153846152,
        2163.3846153846152,
        2155.576923076923,
        2136.3076923076924,
        2161.076923076923,
        2147.5384615384614,
        2149.3076923076924,
        2166.653846153846,
        2137.269230769231,
        2155.576923076923,
        2167.153846153846,
        2143.8076923076924,
        2145.730769230769,
        2175.230769230769,
        2131.8076923076924,
        2191.769230769231,
        2152.9615384615386,
        2160.153846153846,
        2164.3846153846152,
        2151.6153846153848,
        2153.0384615384614,
        2167.153846153846,
        2119.269230769231,
        2144.846153846154,
        2182.3846153846152,
        2136.1923076923076,
        2170.076923076923,
        2168.6153846153848,
        2167.5,
        2135.230769230769,
        2156.1923076923076,
        2169.1923076923076,
        2166.3076923076924,
        2160.5384615384614,
        2149.8076923076924,
        2157.730769230769,
        2152.1153846153848,
        2130.153846153846,
        2143.846153846154,
        2144.269230769231,
        2182.9615384615386,
        2150.846153846154,
        2135.9615384615386,
        2139.269230769231
    ],
    "opt": 2281,