{
    "agg": 2255,
    "iters": [
        1,
        2,
        3,
        4,
        5,
        6,
        7,
        8,
        9,
        10,
        11,
        12,
        13,
        14,
        15,
        16,
        17,
        18,
        19,
        20,
        21,
        22,
        23,
        24,
        25,
        26,
        27,
        28,
        29,
        30,
        31,
        32,
        33,
        34,
        35,
        36,
        37,
        38,
        39,
        40,
        41,
        42,
        43,
        44,
        45,
        46,
        47,
        48,
        49,
        50,
        51,
        52,
        53,
        54,
        55,
        56,
        57,
        58,
        59,
        60,
        61,
        62,
        63,
        64,
        65,
        66,
        67,
        68,
        69,
        70,
        71,
        72,
        73,
        74,
        75,
        76,
        77,
        78,
        79,
        80,
        81,
        82,
        83,
        84,
        85,
        86,
        87,
        88,
        89,
        90,
        91,
        92,
        93,
        94,
        95,
        96,
        97,
        98,
        99,
        100,
        101,
        102,
        103,
        104,
        105,
        106,
        107,
        108,
        109,
        110,
        111,
        112,
        113,
        114,
        115,
        116,
        117,
        118,
        119,
        120,
        121,
        122,
        123,
        124,
        125,
        126,
        127,
        128,
        129,
        130,
        131,
        132,
        133,
        134,
        135,
        136,
        137,
        138,
        139,
        140,
        141,
        142,
        143,
        144,
        145,
        146,
        147
    ],
    "means": [
        2192.6315789473683,
        2148.0,
        2169.1052631578946,
        2095.5789473684213,
        2142.9473684210525,
        2123.0,
        2176.315789473684,
        2144.5263157894738,
        2150.157894736842,
        2156.8947368421054,
        2140.315789473684,
        2116.5789473684213,
        2175.157894736842,
        2140.684210526316,
        2160.5263157894738,
        2151.842105263158,
        2119.0526315789475,
        2172.4736842105262,
        2166.7894736842104,
        2153.6315789473683,
        2113.2105263157896,
        2137.7368421052633,
        2152.5789473684213,
        2196.6315789473683,
        2153.0,
        2152.7894736842104,
        2148.684210526316,
        2166.5263157894738,
        2162.684210526316,
        2150.5789473684213,
        2126.6315789473683,
        2160.1052631578946,
        2146.7894736842104,
        2141.9473684210525,
        2157.6315789473683,
        2138.7894736842104,
        2153.4736842105262,
        2142.7894736842104,
        2156.4210526315787,
        2117.5789473684213,
        2124.684210526316,
        2175.4210526315787,
        2153.0,
        2180.0,
        2140.3684210526317,
        2173.157894736842,
        2175.3684210526317,
        2112.7894736842104,
        2123.3684210526317,
        2152.4736842105262,
        2156.1052631578946,
        2137.7368421052633,
        2168.3684210526317,
        2144.0,
        2164.6315789473683,
        2145.684210526316,
        2150.7368421052633,
        2160.157894736842,
        2104.684210526316,
        2170.2631578947367,
        2133.684210526316,
        2158.7894736842104,
        2162.157894736842,
        2177.2631578947367,
        2158.842105263158,
        2188.8947368421054,
        2155.7368421052633,
        2142.157894736842,
        2147.8947368421054,
        2180.8947368421054,
        2166.1052631578946,
        2169.2105263157896,
        2151.2631578947367,
        2164.5789473684213,
        2144.9473684210525,
        2133.5263157894738,
        2167.842105263158,
        2189.0,
        2165.684210526316,
        2123.5789473684213,
        2146.4210526315787,
        2178.6315789473683,
        2165.4736842105262,
        2141.157894736842,
        2133.9473684210525,
        2157.3684210526317,
        2157.7368421052633,
        2164.3684210526317,
        2149.2631578947367,
        2157.0526315789475,
        2140.6315789473683,
        2174.1052631578946,
        2144.2105263157896,
        2135.4736842105262,
        2154.315789473684,
        2174.4210526315787,
        2138.6315789473683,
        2167.5789473684213,
        2130.2631578947367,
        2150.5263157894738,
        2140.5789473684213,
        2156.1052631578946,
        2149.7368421052633,
        2122.5789473684213,
        2115.5789473684213,
        2115.0,
        2165.315789473684,
        2135.0526315789475,
        2154.3684210526317,
        2142.9473684210525,
        2167.2631578947367,
        2177.1052631578946,
        2172.7894736842104,
        2146.3684210526317,
        2129.315789473684,
        2184.5789473684213,
        2112.6315789473683,
        2182.315789473684,
        2151.6315789473683,
        2172.0526315789475,
        2126.6315789473683,
        2172.6315789473683,
        2129.7368421052633,
        2130.8947368421054,
        2164.7368421052633,
        2160.3684210526317,
        2149.2105263157896,
        2118.4736842105262,
        2128.9473684210525,
        2143.6315789473683,
        2159.4210526315787,
        2156.7368421052633,
        2137.7368421052633,
        2127.5789473684213,
        2161.3684210526317,
        2155.8947368421054,
        2125.7894736842104,
        2189.4210526315787,
        2147.3684210526317,
        2113.5263157894738,
        2193.4736842105262,
        2160.4736842105262,
        2132.315789473684,
        2137.684210526316,
        2163.8947368421054,
        2149.2631578947367,
        2158.315789473684
    ],
    "opt": 2235,