{
    "agg": 2248,
    "iters": [
        1,
        2,
        3,
        4,
        5,
        6,
        7,
        8,
        9,
        10,
        11,
        12,
        13,
        14,
        15,
        16,
        17,
        18,
        19,
        20,
        21,
        22,
        23,
        24,
        25,
        26,
        27,
        28,
        29,
        30,
        31,
        32,
        33,
        34,
        35,
        36,
        37,
        38,
        39,
        40,
        41,
        42,
        43,
        44,
        45,
        46,
        47,
        48,
        49,
        50,
        51,
        52,
        53,
        54,
        55,
        56,
        57,
        58,
        59,
        60,
        61,
        62,
        63,
        64,
        65,
        66,
        67,
        68,
        69,
        70,
        71,
        72,
        73,
        74,
        75,
        76,
        77,
        78,
        79,
        80,
        81,
        82,
        83,
        84,
        85,
        86,
        87,
        88,
        89,
        90,
        91,
        92,
        93,
        94,
        95,
        96,
        97,
        98,
        99,
        100,
        101,
        102,
        103,
        104,
        105,
        106,
        107,
        108,
        109
    ],
    "means": [
        2133.4666666666667,
        2144.6,
        2146.733333333333,
        2171.6,
        2151.266666666667,
        2156.4666666666667,
        2114.866666666667,
        2156.6666666666665,
        2166.4,
        2174.3333333333335,
        2123.9333333333334,
        2182.0,
        2196.6666666666665,
        2135.4,
        2126.3333333333335,
        2194.0,
        2175.6,
        2180.6,
        2150.6666666666665,
        2161.8,
        2146.266666666667,
        2180.866666666667,
        2140.2,
        2154.9333333333334,
        2153.4666666666667,
        2174.4666666666667,
        2164.0666666666666,
        2169.0,
        2146.6666666666665,
        2146.866666666667,
        2109.266666666667,
        2142.4,
        2120.4,
        2146.0,
        2158.2,
        2150.4666666666667,
        2114.8,
        2144.866666666667,
        2150.0,
        2114.4666666666667,
        2098.266666666667,
        2167.266666666667,
        2151.9333333333334,
        2167.133333333333,
        2115.8,
        2089.2,
        2145.4,
        2134.0666666666666,
        2136.4,
        2133.866666666667,
        2172.266666666667,
        2130.0666666666666,
        2161.0,
        2158.866666666667,
        2162.9333333333334,
        2147.8,
        2147.0666666666666,
        2139.3333333333335,
        2157.3333333333335,
        2156.5333333333333,
        2140.266666666667,
        2148.6666666666665,
        2139.4,
        2128.8,
        2143.0666666666666,
        2143.6,
        2166.6666666666665,
        2164.9333333333334,
        2134.3333333333335,
        2139.6,
        2163.8,
        2166.9333333333334,
        2153.2,
        2156.3333333333335,
        2120.6,
        2145.266666666667,
        2114.266666666667,
        2161.3333333333335,
        2150.5333333333333,
        2146.733333333333,
        2152.6,
        2170.6666666666665,
        2130.3333333333335,
        2165.3333333333335,
        2154.266666666667,
        2163.733333333333,
        2174.9333333333334,
        2099.4666666666667,
        2125.0666666666666,
        2120.4666666666667,
        2130.2,
        2124.5333333333333,
        2102.8,
        2145.2,
        2150.4,
        2115.3333333333335,
        2148.5333333333333,
        2117.733333333333,
        2165.266666666667,
        2145.8,
        2186.5333333333333,
        2166.6,
        2163.3333333333335,
        2153.6666666666665,
        2151.0666666666666,
        2116.866666666667,
        2150.266666666667,
        2175.9333333333334,
        2152.733333333333
    ],
    "opt": 2248,
    "stdevs": [
        87.80346740812055,
        90.92986308138818,
        81.682692305177,
        92.16998788470501,
        89.17508371487831,
        87.72826733094008,
        73.15906566440614,
        100.22951439349367,
        85.80893504369655,
        64.89649879273577,
        89.60466257709783,
        77.83915038933385,
        71.27006540071521,
        93.00236556131246,
        89.51176210730942,
        86.18816624107976,
        88.0975217207234,
        59.950868773243535,
        100.34916818566836,
        102.06873501061267,
        96.59500792253993,
        92.48629928565396,
        91.3427245780053,
        87.37693568035496,
        97.08131757563976,
        102.7818834014806,
        81.10361000322708,
        73.66138744281159,
        77.18779408401016,
        65.2000681662902,
        91.03440131193385,
        97.28775188412294,
        83.43364629053038,
        86.9911872931199,
        74.18912768503662,
        96.28559370723926,
        71.11043055229895,
        67.65487582001923,
        84.41563836162112,
        81.2131899522622,
        75.63990716252601,
        88.75018622828661,
        82.1084377853796,
        77.71131763706552,
        76.84634018611426,
        57.23542026868793,
        99.2765833416924,
        88.45599031282292,
        83.80278436106205,
        95.02130755198483,
        91.90971415228945,
        93.26411719174504,
        81.54099173626314,
        94.33406360141365,
        71.45951456749634,
        82.60524599967405,
        84.45153771378128,
        98.14728161741867,
        99.58357740555864,
        67.52961490256618,
        86.65599934350894,
        87.38014012857204,
        72.01462814363946,
        79.1624490104578,
        97.48125745780854,
        91.9737643751376,
        76.16706783264156,
        88.80200197943486,
        84.02354167467327,
        73.75255927762777,
        66.86124936513426,
        90.9134875704492,
        81.18472762779955,
        106.16632653006738,
        86.14236278780996,
        92.6430185652912,
        68.82002292614813,
        89.38058451861282,
        96.99887742763946,
        90.65867611848054,
        91.38913137421393,
        85.89968309345242,
        90.66102923650394,
        89.98641872835898,
        70.15360923636707,
        94.8827112222711,
        64.94968993168654,
        65.02703711192412,
        71.61514427053044,
        92.00932319909518,
        90.89495768926533,
        86.91594918208177,
        85.15491765012753,
        71.55901992993849,
        83.76379488378815,
        50.622349038959285,
        94.64239125372002,
        78.43083293932021,
        89.98849309155526,
        100.01746514151084,
        80.56787338773577,
        90.99435879950654,
        88.55632231649089,
        85.37498983243798,
        74.25493623696377,
        78.81189983470487,
        91.76525607343022,
        72.17983713537244,
        76.97226051564868
    ]
}