{
    "agg": 2300,
    "iters": [
        1,
        2,
        3,
        4,
        5,
        6,
        7,
        8,
        9,
        10,
        11,
        12,
        13,
        14,
        15,
        16,
        17,
        18,
        19,
        20,
        21,
        22,
        23,
        24,
        25,
        26,
        27,
        28,
        29,
        30,
        31,
        32,
        33,
        34,
        35,
        36,
        37,
        38,
        39,
        40,
        41,
        42,
        43,
        44,
        45,
        46,
        47,
        48,
        49,
        50,
        51,
        52,
        53,
        54,
        55,
        56,
        57,
        58,
        59,
        60,
        61,
        62,
        63,
        64,
        65,
        66,
        67,
        68,
        69,
        70,
        71,
        72,
        73,
        74,
        75,
        76,
        77,
        78,
        79,
        80,
        81,
        82,
        83,
        84,
        85,
        86,
        87,
        88,
        89,
        90,
        91,
        92,
        93,
        94,
        95,
        96,
        97,
        98,
        99,
        100,
        101,
        102,
        103,
        104,
        105,
        106,
        107,
        108,
        109,
        110,
        111,
        112,
        113,
        114,
        115,
        116,
        117,
        118,
        119,
        120,
        121,
        122,
        123,
        124,
        125,
        126,
        127,
        128,
        129,
        130,
        131,
        132,
        133,
        134,
        135,
        136,
        137,
        138,
        139,
        140,
        141,
        142,
        143
    ],
    "means": [
        2125.1111111111113,
        2095.3888888888887,
        2135.8888888888887,
        2134.3888888888887,
        2132.1111111111113,
        2167.6666666666665,
        2147.222222222222,
        2147.777777777778,
        2180.722222222222,
        2143.222222222222,
        2157.6666666666665,
        2141.8333333333335,
        2150.9444444444443,
        2146.8333333333335,
        2119.8888888888887,
        2130.5,
        2142.8888888888887,
        2136.6111111111113,
        2139.777777777778,
        2131.5555555555557,
        2159.6666666666665,
        2164.8888888888887,
        2171.6111111111113,
        2110.0,
        2136.9444444444443,
        2124.1111111111113,
        2166.8333333333335,
        2158.1666666666665,
        2153.1111111111113,
        2114.1666666666665,
        2136.6111111111113,
        2154.1111111111113,
        2133.222222222222,
        2157.1111111111113,
        2150.222222222222,
        2147.3888888888887,
        2151.1666666666665,
        2152.8333333333335,
        2123.4444444444443,
        2137.0555555555557,
        2162.222222222222,
        2137.1666666666665,
        2165.777777777778,
        2140.0,
        2125.5555555555557,
        2154.5,
        2159.1666666666665,
        2158.9444444444443,
        2156.722222222222,
        2150.5555555555557,
        2132.5,
        2132.9444444444443,
        2131.3888888888887,
        2134.277777777778,
        2153.6111111111113,
        2171.0555555555557,
        2146.777777777778,
        2126.0555555555557,
        2139.3888888888887,
        2114.4444444444443,
        2155.8333333333335,
        2143.8333333333335,
        2177.0555555555557,
        2173.1111111111113,
        2137.5555555555557,
        2143.3333333333335,
        2147.0,
        2161.4444444444443,
        2170.722222222222,
        2145.5,
        2152.5555555555557,
        2139.3888888888887,
        2117.8888888888887,
        2145.5555555555557,
        2129.8333333333335,
        2186.5555555555557,
        2119.722222222222,
        2149.8333333333335,
        2162.6111111111113,
        2155.1666666666665,
        2142.5,
        2139.1111111111113,
        2188.3333333333335,
        2121.9444444444443,
        2145.1666666666665,
        2141.5,
        2123.1666666666665,
        2125.1666666666665,
        2171.1666666666665,
        2132.8888888888887,
        2142.6111111111113,
        2139.777777777778,
        2161.3333333333335,
        2172.6666666666665,
        2168.9444444444443,
        2178.0,
        2106.5,
        2133.6666666666665,
        2110.222222222222,
        2160.3333333333335,
        2124.5555555555557,
        2147.277777777778,
        2110.277777777778,
        2151.8333333333335,
        2145.4444444444443,
        2154.0,
        2195.6666666666665,
        2156.9444444444443,
        2168.9444444444443,
        2165.777777777778,
        2088.6666666666665,
        2151.777777777778,
        2141.8888888888887,
        2141.8333333333335,
        2166.8888888888887,
        2167.8333333333335,
        2144.0555555555557,
        2112.5555555555557,
        2104.3888888888887,
        2168.3888888888887,
        2199.5555555555557,
        2125.0555555555557,
        2180.0,
        2153.4444444444443,
        2171.5555555555557,
        2160.1111111111113,
        2207.3333333333335,
        2145.6111111111113,
        2139.777777777778,
        2187.1111111111113,
        2175.5,
        2134.6111111111113,
        2117.777777777778,
        2130.6666666666665,
        2190.8888888888887,
        2169.1111111111113,
        2153.4444444444443,
        2141.6666666666665,
        2152.277777777778,
        2186.1666666666665,
        2119.1111111111113,
        2112.4444444444443,
        2143.8888888888887
    ],
    "opt": 2210,