{
    "agg": 2280,
    "iters": [
        1,
        2,
        3,
        4,
        5,
        6,
        7,
        8,
        9,
        10,
        11,
        12,
        13,
        14,
        15,
        16,
        17,
        18,
        19,
        20,
        21,
        22,
        23,
        24,
        25,
        26,
        27,
        28,
        29,
        30,
        31,
        32,
        33,
        34,
        35,
        36,
        37,
        38,
        39,
        40,
        41,
        42,
        43,
        44,
        45,
        46,
        47,
        48,
        49,
        50,
        51,
        52,
        53,
        54,
        55,
        56,
        57,
        58,
        59,
        60,
        61,
        62,
        63,
        64,
        65,
        66,
        67,
        68,
        69,
        70,
        71,
        72,
        73,
        74,
        75,
        76,
        77,
        78,
        79,
        80,
        81,
        82,
        83,
        84,
        85,
        86,
        87,
        88,
        89,
        90,
        91,
        92,
        93,
        94,
        95,
        96,
        97,
        98,
        99,
        100,
        101,
        102,
        103,
        104,
        105,
        106,
        107
    ],
    "means": [
        2120.6153846153848,
        2122.923076923077,
        2150.5384615384614,
        2150.769230769231,
        2171.076923076923,
        2127.6923076923076,
        2144.653846153846,
        2145.730769230769,
        2147.923076923077,
        2182.423076923077,
        2174.269230769231,
        2164.6153846153848,
        2161.269230769231,
        2160.346153846154,
        2172.1923076923076,
        2145.653846153846,
        2175.5384615384614,
        2146.153846153846,
        2162.9615384615386,
        2166.8846153846152,
        2141.346153846154,
        2146.1153846153848,
        2159.4615384615386,
        2130.8076923076924,
        2158.4615384615386,
        2163.8076923076924,
        2154.076923076923,
        2151.269230769231,
        2174.9615384615386,
        2153.153846153846,
        2136.5384615384614,
        2145.0,
        2155.6153846153848,
        2150.0,
        2147.0,
        2144.423076923077,
        2096.9615384615386,
        2151.576923076923,
        2158.1923076923076,
        2144.3846153846152,
        2144.3076923076924,
        2143.576923076923,
        2149.153846153846,
        2138.230769230769,
        2158.6923076923076,
        2152.076923076923,
        2160.3846153846152,
        2141.8846153846152,
        2138.730769230769,
        2164.9615384615386,
        2161.846153846154,
        2145.8846153846152,
        2122.230769230769,
        2164.1923076923076,
        2155.0,
        2183.5,
        2147.1923076923076,
        2150.269230769231,
        2134.8076923076924,
        2160.1923076923076,
        2126.5,
        2156.0384615384614,
        2132.076923076923,
        2162.9615384615386,
        2132.0,
        2167.653846153846,
        2149.5384615384614,
        2117.5,
        2119.153846153846,
        2124.730769230769,
        2177.6923076923076,
        2162.9615384615386,
        2130.230769230769,
        2150.3076923076924,
        2132.5,
        2182.3846153846152,
        2136.923076923077,
        2153.576923076923,
        2149.3076923076924,
        2151.653846153846,
        2150.1923076923076,
        2165.076923076923,
        2170.423076923077,
        2187.0,
        2155.153846153846,
        2152.230769230769,
        2139.8076923076924,
        2140.576923076923,
        2157.423076923077,
        2136.576923076923,
        2150.0384615384614,
        2190.5,
        2145.5,
        2130.1153846153848,
        2147.423076923077,
        2168.8076923076924,
        2129.346153846154,
        2135.730769230769,
        2136.0,
        2121.8846153846152,
        2121.8076923076924,
        2160.3846153846152,
        2141.846153846154,
        2122.769230769231,
        2150.923076923077,
        2120.5,
        2157.9615384615386
    ],
    "opt": 2248,
    "stdevs": [
        87.52409642847678,
        82.79721431440102,
        71.96539273483671,
        77.26642603172465,
        86.17465408063534,
        59.25873465689336,
        92.52814220869085,
        81.64489606371262,
        72.98784043983632,
        89.88247586407276,
        83.82149425659438,
        84.54406084907485,
        81.48221027755676,
        84.03430723757653,
        87.61410987118862,
        82.12370701836267,
        82.91340745678394,
        71.90843125258053,
        86.66357622315722,
        82.9120604213501,
        91.20093720321937,
        96.38477653617814,
        92.22849166367307,
        86.48922530971448,
        83.75983559661275,
        86.77336494515656,
        91.83719837798385,
        108.13828671314539,
        89.34827309649272,
        94.57544497859584,
        73.69857047420139,
        79.28526878401716,
        90.07393412895573,
        87.14885585550206,
        94.5418100427205,
        90.2237275106563,
        91.53834033605422,
        84.0586668194043,
        77.87021709266753,
        82.3781510068878,
        80.30603446564669,
        82.24502466921776,
        77.30195156641476,
        97.27807393569763,
        75.45134409302321,
        86.61138807557987,
        82.44488924920459,
        82.26333276229309,
        94.78824890342428,
        92.58488029463342,
        89.13761715964483,
        92.31606532537967,
        79.1674504269311,
        79.927861336029,
        81.22570642730899,
        74.03806193698357,
        91.65739687753991,
        78.72471886864217,
        72.11370254448565,
        82.13264095388125,
        82.18050021376492,
        92.8375258880683,
        71.39485171965137,
        72.17898733715894,
        87.43701029444436,
        78.7820471093863,
        82.78109723343609,
        80.08517100802504,
        82.82497408004996,
        91.39834946006229,
        79.5084752283434,
        74.19489966362023,
        92.03983572859497,
        86.56912277337388,
        89.97403471600528,
        86.16445676418704,
        82.65587748515067,
        91.02078083810694,
        85.47863846094002,
        96.0616558048857,
        76.41889578589901,
        82.98003609623548,
        82.95929172094128,
        76.76687987767802,
        77.94114757435318,
        91.84657260566821,
        83.72758907073363,
        83.78276538255305,
        91.71451234754468,
        94.96605591024579,
        84.09357460555967,
        89.18703337972916,
        82.85633999232091,
        88.52958085516126,
        85.212482417562,
        80.55720338834684,
        95.05906759147676,
        90.49800579711376,
        89.5836523548285,
        85.13714136754116,
        84.58996995951398,
        94.6544634743724,
        75.19804227591419,
        79.65951953944008,
        84.14818571878608,
        80.6956533001528,
        91.94751043152942
    ]
}