{
    "agg": 2290,
    "iters": [
        1,
        2,
        3,
        4,
        5,
        6,
        7,
        8,
        9,
        10,
        11,
        12,
        13,
        14,
        15,
        16,
        17,
        18,
        19,
        20,
        21,
        22,
        23,
        24,
        25,
        26,
        27,
        28,
        29,
        30,
        31,
        32,
        33,
        34,
        35,
        36,
        37,
        38,
        39,
        40,
        41,
        42,
        43,
        44,
        45,
        46,
        47,
        48,
        49,
        50,
        51,
        52,
        53,
        54,
        55,
        56,
        57,
        58,
        59,
        60,
        61,
        62,
        63,
        64,
        65,
        66,
        67,
        68,
        69,
        70,
        71,
        72,
        73,
        74,
        75,
        76,
        77,
        78,
        79,
        80,
        81,
        82,
        83,
        84,
        85,
        86,
        87,
        88,
        89,
        90,
        91,
        92,
        93,
        94,
        95,
        96,
        97,
        98,
        99,
        100,
        101,
        102,
        103,
        104,
        105,
        106,
        107,
        108,
        109,
        110,
        111,
        112,
        113,
        114,
        115,
        116,
        117,
        118,
        119,
        120,
        121,
        122,
        123,
        124,
        125,
        126,
        127,
        128,
        129,
        130,
        131,
        132,
        133,
        134,
        135,
        136,
        137,
        138
    ],
    "means": [
        2140.0689655172414,
        2158.1724137931033,
        2117.103448275862,
        2167.2758620689656,
        2136.896551724138,
        2146.2758620689656,
        2160.0689655172414,
        2151.4137931034484,
        2158.448275862069,
        2137.8275862068967,
        2138.344827586207,
        2175.344827586207,
        2163.344827586207,
        2109.551724137931,
        2135.551724137931,
        2161.137931034483,
        2144.0344827586205,
        2150.5862068965516,
        2148.3793103448274,
        2143.0689655172414,
        2141.9655172413795,
        2156.8275862068967,
        2163.8275862068967,
        2128.137931034483,
        2141.4827586206898,
        2127.4827586206898,
        2161.3793103448274,
        2144.0344827586205,
        2154.4137931034484,
        2127.7586206896553,
        2160.5172413793102,
        2152.9310344827586,
        2134.6206896551726,
        2157.689655172414,
        2166.0689655172414,
        2160.6206896551726,
        2135.3793103448274,
        2141.0,
        2134.793103448276,
        2117.7586206896553,
        2171.0,
        2172.862068965517,
        2156.793103448276,
        2151.137931034483,
        2127.103448275862,
        2128.206896551724,
        2140.5172413793102,
        2143.793103448276,
        2109.896551724138,
        2145.310344827586,
        2144.0344827586205,
        2140.4137931034484,
        2147.448275862069,
        2142.7241379310344,
        2149.0344827586205,
        2107.896551724138,
        2126.655172413793,
        2142.8275862068967,
        2141.9655172413795,
        2142.793103448276,
        2156.137931034483,
        2108.5172413793102,
        2148.2758620689656,
        2170.896551724138,
        2144.206896551724,
        2120.2413793103447,
        2162.5862068965516,
        2128.2758620689656,
        2140.9655172413795,
        2157.6206896551726,
        2137.448275862069,
        2154.206896551724,
        2169.7241379310344,
        2156.551724137931,
        2128.344827586207,
        2143.9655172413795,
        2111.2413793103447,
        2133.1724137931033,
        2138.206896551724,
        2163.1724137931033,
        2173.5862068965516,
        2157.4827586206898,
        2159.2758620689656,
        2135.344827586207,
        2176.103448275862,
        2158.137931034483,
        2144.793103448276,
        2142.5172413793102,
        2134.9310344827586,
        2146.793103448276,
        2160.0344827586205,
        2156.7241379310344,
        2165.103448275862,
        2184.103448275862,
        2131.448275862069,
        2148.1724137931033,
        2155.137931034483,
        2171.7241379310344,
        2151.6206896551726,
        2160.310344827586,
        2128.344827586207,
        2136.9310344827586,
        2135.862068965517,
        2166.551724137931,
        2127.0689655172414,
        2127.5862068965516,
        2136.0689655172414,
        2150.896551724138,
        2155.689655172414,
        2168.5862068965516,
        2172.5862068965516,
        2171.7586206896553,
        2161.551724137931,
        2129.6206896551726,
        2156.3793103448274,
        2134.7241379310344,
        2134.1724137931033,
        2151.551724137931,
        2172.0344827586205,
        2179.4137931034484,
        2141.0,
        2143.0,
        2166.7586206896553,
        2169.655172413793,
        2131.448275862069,
        2129.8275862068967,
        2119.9310344827586,
        2166.7241379310344,
        2140.5862068965516,
        2134.4827586206898,
        2180.103448275862,
        2168.5172413793102,
        2182.7241379310344,
        2159.793103448276,
        2168.9655172413795,
        2157.8275862068967,
        2151.344827586207,
        2158.689655172414
    ],
    "opt": 2216,