{
    "agg": 2208,
    "iters": [
        1,
        2,
        3,
        4,
        5,
        6,
        7,
        8,
        9,
        10,
        11,
        12,
        13,
        14,
        15,
        16,
        17,
        18,
        19,
        20,
        21,
        22,
        23,
        24,
        25,
        26,
        27,
        28,
        29,
        30,
        31,
        32,
        33,
        34,
        35,
        36,
        37,
        38,
        39,
        40,
        41,
        42,
        43,
        44,
        45,
        46,
        47,
        48,
        49,
        50,
        51,
        52,
        53,
        54,
        55,
        56,
        57,
        58,
        59,
        60,
        61,
        62,
        63,
        64,
        65,
        66,
        67,
        68,
        69,
        70,
        71,
        72,
        73,
        74,
        75,
        76,
        77,
        78,
        79,
        80,
        81,
        82,
        83,
        84,
        85,
        86,
        87,
        88,
        89,
        90,
        91,
        92,
        93,
        94,
        95,
        96,
        97,
        98,
        99,
        100,
        101,
        102,
        103,
        104
    ],
    "means": [
        2145.4736842105262,
        2180.3684210526317,
        2141.4210526315787,
        2180.2105263157896,
        2140.5789473684213,
        2149.5263157894738,
        2152.842105263158,
        2137.7368421052633,
        2122.0526315789475,
        2157.2105263157896,
        2131.7368421052633,
        2178.4736842105262,
        2124.4210526315787,
        2179.5263157894738,
        2144.6315789473683,
        2170.8947368421054,
        2132.842105263158,
        2167.2631578947367,
        2170.4736842105262,
        2150.3684210526317,
        2161.5789473684213,
        2123.315789473684,
        2152.0526315789475,
        2148.157894736842,
        2191.8947368421054,
        2123.6315789473683,
        2160.0526315789475,
        2121.4210526315787,
        2132.157894736842,
        2128.6315789473683,
        2182.842105263158,
        2112.1052631578946,
        2178.842105263158,
        2155.6315789473683,
        2125.2631578947367,
        2151.157894736842,
        2208.1052631578946,
        2121.2105263157896,
        2127.1052631578946,
        2161.7894736842104,
        2164.5263157894738,
        2143.5789473684213,
        2178.6315789473683,
        2173.3684210526317,
        2135.157894736842,
        2172.8947368421054,
        2163.7368421052633,
        2163.5263157894738,
        2193.4210526315787,
        2130.842105263158,
        2146.9473684210525,
        2143.157894736842,
        2122.7368421052633,
        2167.0,
        2167.3684210526317,
        2118.0526315789475,
        2143.315789473684,
        2166.315789473684,
        2165.1052631578946,
        2138.7894736842104,
        2184.1052631578946,
        2149.0526315789475,
        2125.7894736842104,
        2131.5789473684213,
        2121.4736842105262,
        2149.6315789473683,
        2154.0526315789475,
        2160.0,
        2185.842105263158,
        2162.4736842105262,
        2121.684210526316,
        2156.7368421052633,
        2155.2631578947367,
        2112.842105263158,
        2098.6315789473683,
        2144.2105263157896,
        2122.9473684210525,
        2168.2631578947367,
        2157.2631578947367,
        2148.9473684210525,
        2200.7368421052633,
        2139.7894736842104,
        2152.4736842105262,
        2150.7894736842104,
        2161.6315789473683,
        2150.8947368421054,
        2147.4736842105262,
        2162.1052631578946,
        2095.8947368421054,
        2134.2631578947367,
        2145.5263157894738,
        2178.4736842105262,
        2126.0,
        2113.2631578947367,
        2182.4736842105262,
        2133.7894736842104,
        2174.315789473684,
        2145.5263157894738,
        2179.3684210526317,
        2124.1052631578946,
        2171.2105263157896,
        2131.0526315789475,
        2154.4210526315787,
        2130.1052631578946
    ],
    "opt": 2216,
    "stdevs": [
        81.1109496281759,
        75.26109676971636,
        91.40385560765256,
        83.29375976333681,
        84.43827754449661,
        92.11398454949438,
        84.73442297952543,
        92.49571375859483,
        85.22260244066126,
        88.75903449782535,
        97.99239610954955,
        97.70975732187793,
        82.53057856874607,
        93.18988448666046,
        68.87380567409674,
        84.53208343696437,
        89.51933819771759,
        76.71536050489577,
        78.06971811417404,
        90.38235186741863,
        86.68170194177976,
        76.47982371124458,
        93.77266669659438,
        89.47405572678286,
        77.96483332539783,
        90.66491837432334,
        93.21704931260416,
        88.95848575805262,
        74.36557151765066,
        73.41963779055573,
        72.84971058562945,
        85.48369788373755,
        71.85677505902736,
        86.49381512802903,
        87.35640373915484,
        86.79756433515422,
        85.68479244597431,
        71.73971882867767,
        79.83924291437935,
        80.34306634831228,
        77.21901076333921,
        94.08300690542184,
        56.24496284002103,
        78.09657349873788,
        79.911966798929,
        99.4769979954859,
        85.92153219822642,
        77.71294576232567,
        85.67337963357893,
        91.71653306614424,
        84.42466195198162,
        72.63409606622321,
        88.90198156885934,
        96.81072145931816,
        74.8754829709866,
        75.67344920199835,
        78.37430609552904,
        89.55977282567915,
        79.99203561463386,
        86.20268584615802,
        96.98339235844352,
        80.24139480619223,
        69.79864193172003,
        78.77971672526513,
        94.56958920401455,
        108.56635638913276,
        90.5826018407105,
        93.69379016663524,
        80.0139876968197,
        79.42647604516335,
        84.67961454277867,
        87.7963205710648,
        81.64934144528512,
        67.5404464847349,
        66.94318921083347,
        92.28877958107961,
        77.80777507097761,
        72.59392616702509,
        91.03084619209443,
        75.7777037644427,
        91.27854541558818,
        80.05891182673473,
        90.08964448992643,
        79.5365384073776,
        85.22552775851524,
        83.81175318712269,
        73.95117053345875,
        84.82110880326287,
        82.42821102207162,
        88.12242805818396,
        93.32138493628668,
        87.22165859768924,
        86.68515322403073,
        79.62202955230231,
        88.3690636633793,
        91.15664883067379,
        66.44986446588605,
        90.91081136624344,
        79.88821830422002,
        87.35523045638791,
        75.6512628672331,
        94.34007558559536,
        96.34057777078024,
        83.00595713361535
    ]
}