{
    "agg": 2219,
    "iters": [
        1,
        2,
        3,
        4,
        5,
        6,
        7,
        8,
        9,
        10,
        11,
        12,
        13,
        14,
        15,
        16,
        17,
        18,
        19,
        20,
        21,
        22,
        23,
        24,
        25,
        26,
        27,
        28,
        29,
        30,
        31,
        32,
        33,
        34,
        35,
        36,
        37,
        38,
        39,
        40,
        41,
        42,
        43,
        44,
        45,
        46,
        47,
        48,
        49,
        50,
        51,
        52,
        53,
        54,
        55,
        56,
        57,
        58,
        59,
        60,
        61,
        62,
        63,
        64,
        65,
        66,
        67,
        68,
        69,
        70,
        71,
        72,
        73,
        74,
        75,
        76,
        77,
        78,
        79,
        80,
        81,
        82,
        83,
        84,
        85,
        86,
        87,
        88,
        89,
        90,
        91,
        92,
        93,
        94,
        95,
        96,
        97,
        98,
        99,
        100,
        101,
        102,
        103,
        104,
        105,
        106,
        107,
        108,
        109,
        110,
        111,
        112,
        113,
        114,
        115,
        116,
        117,
        118,
        119,
        120,
        121,
        122,
        123,
        124,
        125,
        126,
        127,
        128,
        129,
        130,
        131
    ],
    "means": [
        2142.03125,
        2165.8125,
        2121.5,
        2133.25,
        2127.125,
        2142.125,
        2159.71875,
        2165.59375,
        2161.59375,
        2128.9375,
        2145.5625,
        2162.25,
        2138.59375,
        2135.3125,
        2171.375,
        2144.21875,
        2159.78125,
        2189.8125,
        2154.875,
        2174.25,
        2125.40625,
        2159.3125,
        2155.40625,
        2129.59375,
        2142.21875,
        2122.4375,
        2140.75,
        2156.28125,
        2110.125,
        2139.34375,
        2144.3125,
        2169.5,
        2144.34375,
        2134.03125,
        2158.09375,
        2137.8125,
        2129.78125,
        2158.625,
        2149.15625,
        2138.15625,
        2154.59375,
        2157.75,
        2140.1875,
        2142.59375,
        2146.375,
        2149.53125,
        2146.75,
        2117.6875,
        2145.6875,
        2168.46875,
        2141.28125,
        2148.90625,
        2164.25,
        2167.96875,
        2161.1875,
        2169.0625,
        2156.96875,
        2178.96875,
        2146.6875,
        2127.53125,
        2166.65625,
        2152.8125,
        2152.125,
        2148.125,
        2143.3125,
        2117.34375,
        2178.34375,
        2150.6875,
        2168.59375,
        2175.34375,
        2165.03125,
        2167.75,
        2162.4375,
        2171.09375,
        2129.65625,
        2149.84375,
        2150.25,
        2161.875,
        2135.21875,
        2140.34375,
        2165.46875,
        2148.4375,
        2129.90625,
        2132.71875,
        2134.78125,
        2177.40625,
        2138.875,
        2158.15625,
        2144.53125,
        2148.0625,
        2154.1875,
        2135.21875,
        2127.78125,
        2151.90625,
        2135.46875,
        2159.5625,
        2166.96875,
        2154.71875,
        2155.4375,
        2162.6875,
        2184.4375,
        2168.3125,
        2130.5625,
        2144.8125,
        2141.96875,
        2157.71875,
        2143.6875,
        2130.875,
        2136.21875,
        2169.5,
        2134.1875,
        2144.78125,
        2127.40625,
        2167.03125,
        2134.65625,
        2147.78125,
        2132.5625,
        2168.09375,
        2157.9375,
        2140.4375,
        2157.5,
        2185.15625,
        2184.5625,
        2140.90625,
        2127.65625,
        2151.625,
        2117.96875,
        2132.5625,
        2184.65625,
        2107.53125,
        2148.0625
    ],
    "opt": 2283,
    "stdevs": [
        87.19320657848007,
        75.10177989734997,
        83.74738801897048,
        84.74225628339147,
        82.41615057135343,
        87.83782997661088,
        87.95106394147544,
        72.46717333343078,
        70.03296517310616,
        81.89625201283634,
        90.94982734315663,
        71.32496056781244,
        94.53632217797295,
        84.72692809107386,
        89.68652002948939,
        81.90266111938915,
        93.28006699417352,
        82.44863457783883,
        83.64611093768795,
        88.69963359563556,
        88.8386386148364,
        85.42776096650316,
        81.82063438361682,
        85.19971367872958,
        84.5287430312169,
        89.05192919723862,
        97.42015961801746,
        89.39422323862712,
        74.55566293045753,
        86.9225982465866,
        90.17324904732001,
        80.84669133613323,
        89.11460646794946,
        74.43977615117808,
        93.86105401569652,
        91.82675178699289,
        87.91641427195208,
        92.2231498865659,
        86.00440009637589,
        90.33690738528468,
        90.4581600019451,
        83.5250710864708,
        90.56815027232255,
        94.47283318995731,
        94.34436588901322,
        76.44114744977014,
        91.69548789335275,
        86.67880273602076,
        82.91050804180372,
        82.28532082599848,
        85.36840544626273,
        95.92456651420167,
        95.62883979218822,
        78.83546329817248,
        86.83369071823448,
        86.3347183568117,
        83.84005768985074,
        87.83133138827796,
        79.87585582483608,
        90.09126774242607,
        76.31661408852924,
        88.92744145509866,
        96.01944789989162,
        85.62773718252748,
        96.76855038570125,
        78.93138213624223,
        78.41978759176475,
        81.60362947657414,
        84.22917375195782,
        87.77977036844823,
        71.40880739402878,
        85.39174433163899,
        87.32730726267701,
        83.16675995214374,
        90.5060803810302,
        85.1539449229306,
        77.216416648275,
        83.30394273382262,
        72.4572004595644,
        78.91871188721659,
        85.69531214388276,
        84.35488186080282,
        91.49295033464327,
        96.5975007359792,
        84.47216049348744,
        79.9385933760252,
        91.02154621297092,
        77.96397780986743,
        87.72043104908627,
        76.00614181597432,
        85.97980776757994,
        85.60254609786732,
        86.92695725974481,
        85.6834141531341,
        72.97772964019572,
        85.68326028898527,
        78.37628961259585,
        79.11116955549008,
        90.25274839997948,
        77.64439673118724,
        88.65556155002346,
        65.38608295157312,
        91.29585748406113,
        76.06429743151513,
        86.44922077981676,
        85.52128184514952,
        76.60182663455225,
        85.03225490953419,
        90.88823300316439,
        81.68078109322903,
        86.82757248564536,
        88.9426551123672,
        82.2852733539696,
        88.90707380989153,
        91.21938163536025,
        66.60646288790225,
        82.24959631359901,
        89.5898150513634,
        72.64594685011683,
        84.93892566868267,
        88.58117745887103,
        82.99966467364492,
        82.39081316354391,
        80.25208695689788,
        72.83740856138074,
        94.29035939585765,
        80.51377381192302,
        87.91222095789641,
        83.44482060582011,
        80.16622744920394,
        88.48549934170005
    ]
}