{
    "agg": 2290,
    "iters": [
        1,
        2,
        3,
        4,
        5,
        6,
        7,
        8,
        9,
        10,
        11,
        12,
        13,
        14,
        15,
        16,
        17,
        18,
        19,
        20,
        21,
        22,
        23,
        24,
        25,
        26,
        27,
        28,
        29,
        30,
        31,
        32,
        33,
        34,
        35,
        36,
        37,
        38,
        39,
        40,
        41,
        42,
        43,
        44,
        45,
        46,
        47,
        48,
        49,
        50,
        51,
        52,
        53,
        54,
        55,
        56,
        57,
        58,
        59,
        60,
        61,
        62,
        63,
        64,
        65,
        66,
        67,
        68,
        69,
        70,
        71,
        72,
        73,
        74,
        75,
        76,
        77,
        78,
        79,
        80,
        81,
        82,
        83,
        84,
        85,
        86,
        87,
        88,
        89,
        90,
        91,
        92,
        93,
        94,
        95,
        96,
        97,
        98,
        99,
        100,
        101,
        102,
        103,
        104,
        105,
        106,
        107,
        108,
        109,
        110,
        111,
        112,
        113,
        114,
        115,
        116,
        117,
        118,
        119,
        120,
        121,
        122,
        123,
        124,
        125,
        126,
        127,
        128,
        129,
        130,
        131,
        132,
        133,
        134,
        135,
        136,
        137,
        138,
        139,
        140,
        141,
        142,
        143,
        144,
        145,
        146
    ],
    "means": [
        2159.722222222222,
        2130.777777777778,
        2170.4444444444443,
        2162.4444444444443,
        2155.8888888888887,
        2153.5,
        2153.1666666666665,
        2148.8888888888887,
        2161.3333333333335,
        2164.1666666666665,
        2136.222222222222,
        2137.8888888888887,
        2170.3333333333335,
        2173.777777777778,
        2180.9444444444443,
        2140.6111111111113,
        2158.6666666666665,
        2149.277777777778,
        2168.6111111111113,
        2115.6111111111113,
        2164.777777777778,
        2147.4444444444443,
        2168.0,
        2114.8333333333335,
        2144.3333333333335,
        2162.1111111111113,
        2172.6666666666665,
        2126.5555555555557,
        2145.1666666666665,
        2171.777777777778,
        2133.4444444444443,
        2131.3888888888887,
        2147.222222222222,
        2184.1111111111113,
        2167.3333333333335,
        2156.777777777778,
        2147.6666666666665,
        2162.1666666666665,
        2148.5,
        2139.1666666666665,
        2195.222222222222,
        2143.4444444444443,
        2187.4444444444443,
        2132.5555555555557,
        2166.4444444444443,
        2155.1111111111113,
        2134.3888888888887,
        2141.5555555555557,
        2174.6666666666665,
        2156.277777777778,
        2120.6111111111113,
        2147.1666666666665,
        2141.0555555555557,
        2112.722222222222,
        2140.3333333333335,
        2150.5555555555557,
        2141.3888888888887,
        2106.277777777778,
        2179.8333333333335,
        2135.5555555555557,
        2149.777777777778,
        2138.3888888888887,
        2154.3888888888887,
        2149.9444444444443,
        2124.3888888888887,
        2169.777777777778,
        2140.222222222222,
        2180.9444444444443,
        2146.3888888888887,
        2148.3333333333335,
        2168.4444444444443,
        2173.1666666666665,
        2151.777777777778,
        2097.722222222222,
        2152.9444444444443,
        2121.9444444444443,
        2182.8333333333335,
        2145.6111111111113,
        2135.5,
        2114.5555555555557,
        2143.8888888888887,
        2165.722222222222,
        2164.6111111111113,
        2133.3888888888887,
        2166.4444444444443,
        2160.1666666666665,
        2144.5555555555557,
        2162.8333333333335,
        2170.0555555555557,
        2190.0,
        2144.8888888888887,
        2119.3888888888887,
        2134.9444444444443,
        2181.8333333333335,
        2168.1666666666665,
        2110.8888888888887,
        2135.222222222222,
        2149.722222222222,
        2143.722222222222,
        2130.0,
        2169.0555555555557,
        2180.8333333333335,
        2112.5555555555557,
        2158.777777777778,
        2156.222222222222,
        2121.277777777778,
        2168.0,
        2154.222222222222,
        2159.722222222222,
        2133.5555555555557,
        2156.6111111111113,
        2130.222222222222,
        2127.277777777778,
        2131.5555555555557,
        2158.3888888888887,
        2151.0,
        2145.6666666666665,
        2166.6111111111113,
        2157.0555555555557,
        2139.0555555555557,
        2145.8888888888887,
        2154.722222222222,
        2154.5555555555557,
        2145.0,
        2144.0555555555557,
        2171.1111111111113,
        2156.722222222222,
        2162.0,
        2117.1666666666665,
        2159.777777777778,
        2132.5555555555557,
        2167.1666666666665,
        2141.8333333333335,
        2139.8888888888887,
        2122.1666666666665,
        2135.3333333333335,
        2149.6111111111113,
        2162.1666666666665,
        2131.6111111111113,
        2144.6111111111113,
        2202.8333333333335,
        2146.0555555555557,
        2173.722222222222,
        2169.222222222222,
        2136.5555555555557,
        2166.8333333333335
    ],
    "opt": 2259,