{
    "agg": 2198,
    "iters": [
        1,
        2,
        3,
        4,
        5,
        6,
        7,
        8,
        9,
        10,
        11,
        12,
        13,
        14,
        15,
        16,
        17,
        18,
        19,
        20,
        21,
        22,
        23,
        24,
        25,
        26,
        27,
        28,
        29,
        30,
        31,
        32,
        33,
        34,
        35,
        36,
        37,
        38,
        39,
        40,
        41,
        42,
        43,
        44,
        45,
        46,
        47,
        48,
        49,
        50,
        51,
        52,
        53,
        54,
        55,
        56,
        57,
        58,
        59,
        60,
        61,
        62,
        63,
        64,
        65,
        66,
        67,
        68,
        69,
        70,
        71,
        72,
        73,
        74,
        75,
        76,
        77,
        78,
        79,
        80,
        81,
        82,
        83,
        84,
        85,
        86,
        87,
        88,
        89,
        90,
        91,
        92,
        93,
        94,
        95,
        96,
        97,
        98,
        99,
        100,
        101,
        102,
        103,
        104,
        105,
        106,
        107,
        108,
        109,
        110,
        111,
        112,
        113,
        114,
        115,
        116,
        117,
        118,
        119,
        120
    ],
    "means": [
        2145.470588235294,
        2148.8823529411766,
        2155.5,
        2150.5588235294117,
        2168.1470588235293,
        2152.764705882353,
        2153.1470588235293,
        2142.205882352941,
        2166.3529411764707,
        2172.6176470588234,
        2146.235294117647,
        2150.5,
        2173.8823529411766,
        2140.6176470588234,
        2132.3823529411766,
        2156.0588235294117,
        2160.735294117647,
        2155.235294117647,
        2136.0882352941176,
        2130.3823529411766,
        2152.5882352941176,
        2164.705882352941,
        2106.294117647059,
        2144.4117647058824,
        2117.1176470588234,
        2144.8823529411766,
        2162.0588235294117,
        2142.4411764705883,
        2156.323529411765,
        2148.735294117647,
        2125.470588235294,
        2154.470588235294,
        2185.235294117647,
        2175.676470588235,
        2143.8823529411766,
        2146.970588235294,
        2131.0588235294117,
        2143.735294117647,
        2144.6176470588234,
        2131.970588235294,
        2158.9411764705883,
        2161.970588235294,
        2156.676470588235,
        2142.3823529411766,
        2141.029411764706,
        2158.0882352941176,
        2134.823529411765,
        2123.294117647059,
        2137.529411764706,
        2157.794117647059,
        2126.970588235294,
        2125.0882352941176,
        2156.0882352941176,
        2152.4411764705883,
        2132.323529411765,
        2124.029411764706,
        2150.0588235294117,
        2163.794117647059,
        2163.0882352941176,
        2168.5588235294117,
        2164.3529411764707,
        2138.4411764705883,
        2130.176470588235,
        2132.6176470588234,
        2167.176470588235,
        2145.3529411764707,
        2144.205882352941,
        2170.323529411765,
        2136.764705882353,
        2149.470588235294,
        2142.1176470588234,
        2178.1470588235293,
        2153.5882352941176,
        2166.1470588235293,
        2150.176470588235,
        2164.676470588235,
        2151.9411764705883,
        2142.0,
        2120.0,
        2138.4117647058824,
        2164.676470588235,
        2131.735294117647,
        2135.8529411764707,
        2149.4411764705883,
        2142.9117647058824,
        2154.1470588235293,
        2154.970588235294,
        2171.176470588235,
        2167.735294117647,
        2186.4117647058824,
        2170.8823529411766,
        2141.4117647058824,
        2163.1176470588234,
        2135.4411764705883,
        2160.4411764705883,
        2143.4117647058824,
        2145.4411764705883,
        2154.8823529411766,
        2122.529411764706,
        2146.970588235294,
        2155.9411764705883,
        2148.205882352941,
        2149.6176470588234,
        2133.0882352941176,
        2141.0,
        2174.323529411765,
        2149.8823529411766,
        2165.029411764706,
        2141.4411764705883,
        2153.6470588235293,
        2166.676470588235,
        2154.735294117647,
        2185.705882352941,
        2184.0882352941176,
        2156.3823529411766,
        2155.1176470588234,
        2145.5588235294117,
        2151.529411764706,
        2173.3529411764707,
        2137.705882352941
    ],
    "opt": 2287,