{
    "agg": 2241,
    "iters": [
        1,
        2,
        3,
        4,
        5,
        6,
        7,
        8,
        9,
        10,
        11,
        12,
        13,
        14,
        15,
        16,
        17,
        18,
        19,
        20,
        21,
        22,
        23,
        24,
        25,
        26,
        27,
        28,
        29,
        30,
        31,
        32,
        33,
        34,
        35,
        36,
        37,
        38,
        39,
        40,
        41,
        42,
        43,
        44,
        45,
        46,
        47,
        48,
        49,
        50,
        51,
        52,
        53,
        54,
        55,
        56,
        57,
        58,
        59,
        60,
        61,
        62,
        63,
        64,
        65,
        66,
        67,
        68,
        69,
        70,
        71,
        72,
        73,
        74,
        75,
        76,
        77,
        78,
        79,
        80,
        81,
        82,
        83,
        84,
        85,
        86,
        87,
        88,
        89,
        90,
        91,
        92,
        93,
        94,
        95,
        96,
        97,
        98,
        99,
        100,
        101,
        102,
        103,
        104,
        105,
        106,
        107,
        108,
        109,
        110,
        111,
        112
    ],
    "means": [
        2158.0434782608695,
        2155.717391304348,
        2164.195652173913,
        2147.0,
        2133.3478260869565,
        2171.717391304348,
        2162.1739130434785,
        2159.021739130435,
        2156.978260869565,
        2174.4347826086955,
        2142.6521739130435,
        2153.282608695652,
        2146.8260869565215,
        2129.8695652173915,
        2132.695652173913,
        2160.5,
        2123.391304347826,
        2158.0,
        2160.8695652173915,
        2134.2608695652175,
        2140.086956521739,
        2159.3478260869565,
        2144.304347826087,
        2141.5652173913045,
        2150.7391304347825,
        2159.3695652173915,
        2159.108695652174,
        2127.978260869565,
        2161.5652173913045,
        2121.108695652174,
        2153.5652173913045,
        2133.108695652174,
        2128.717391304348,
        2158.0,
        2150.391304347826,
        2146.3695652173915,
        2139.3260869565215,
        2150.304347826087,
        2151.3478260869565,
        2123.4565217391305,
        2145.4347826086955,
        2168.3478260869565,
        2154.7391304347825,
        2151.6521739130435,
        2128.8478260869565,
        2136.6521739130435,
        2154.782608695652,
        2133.108695652174,
        2137.0652173913045,
        2152.913043478261,
        2145.8695652173915,
        2137.6304347826085,
        2155.282608695652,
        2158.195652173913,
        2157.478260869565,
        2156.6521739130435,
        2147.478260869565,
        2132.7608695652175,
        2142.0,
        2146.8478260869565,
        2149.5434782608695,
        2137.391304347826,
        2152.782608695652,
        2124.891304347826,
        2127.021739130435,
        2158.5652173913045,
        2150.0652173913045,
        2144.6739130434785,
        2134.3695652173915,
        2151.913043478261,
        2142.6521739130435,
        2150.413043478261,
        2142.7391304347825,
        2143.1739130434785,
        2146.6304347826085,
        2123.521739130435,
        2144.9565217391305,
        2148.2391304347825,
        2147.4347826086955,
        2122.8695652173915,
        2155.608695652174,
        2141.108695652174,
        2151.282608695652,
        2154.282608695652,
        2156.282608695652,
        2159.0,
        2162.413043478261,
        2173.5652173913045,
        2136.717391304348,
        2151.086956521739,
        2154.7391304347825,
        2154.6521739130435,
        2157.021739130435,
        2157.3695652173915,
        2147.782608695652,
        2142.5434782608695,
        2165.8695652173915,
        2154.086956521739,
        2162.6739130434785,
        2137.0652173913045,
        2146.782608695652,
        2166.717391304348,
        2143.3478260869565,
        2144.9347826086955,
        2144.1739130434785,
        2143.695652173913,
        2152.1304347826085,
        2150.304347826087,
        2147.7608695652175,
        2154.3260869565215,
        2156.8695652173915,
        2161.5434782608695
    ],
    "opt": 2290,
    "stdevs": [
        89.65827795186011,
        79.83724287396483,
        72.8985654911098,
        80.65708411163463,
        80.54359267726429,
        86.11409596360801,
        81.3394135031469,
        77.28616759371143,
        82.4263806257583,
        90.94854067570132,
        97.53176013178752,
        86.93242329120743,
        86.4023209098062,
        90.65644865325169,
        92.09255022629878,
        85.96934489031288,
        81.50072772704429,
        93.39118290009105,
        87.77753716211083,
        91.65351455169977,
        83.44689175104817,
        95.94455314337964,
        96.52638061695596,
        96.37171066374765,
        81.01380311339562,
        85.17025371103614,
        88.6108316719972,
        81.24399352525667,
        86.74591888004903,
        92.30130911052164,
        87.308959691111,
        88.17157884312824,
        88.69455721830528,
        91.31526849804236,
        88.98179546618304,
        84.44868745489443,
        81.08692446671473,
        85.1310676354325,
        89.97661952135951,
        90.30641233955002,
        91.73891407351367,
        89.96888771205113,
        82.34351028587729,
        78.06135195592725,
        84.22820125455874,
        81.9563026176289,
        89.71837896233686,
        88.37967213180168,
        80.07643147098061,
        98.45387931212667,
        88.32317355466506,
        95.17520655763887,
        88.95300738946092,
        88.36427065801254,
        86.90217867145215,
        85.64898471219973,
        84.04029549293982,
        90.94101881764732,
        89.39239341241513,
        80.91433134502955,
        90.40072780626106,
        84.90569660329031,
        95.96374157744441,
        80.1331034729825,
        85.7030995153655,
        81.76228857883316,
        84.73395761310118,
        98.64430046952978,
        83.44468584315683,
        75.44298915390594,
        88.58089336412873,
        78.91893917370187,
        79.0100254460343,
        87.10046781380537,
        83.47021304051138,
        82.41827022293444,
        91.40591659133285,
        89.08720319527883,
        83.67292746265146,
        82.28994568402952,
        86.30040512295197,
        82.3447757802441,
        86.45598604856397,
        94.3164569169592,
        99.43966119854623,
        91.97802194948058,
        86.131743400282,
        86.21879452474714,
        85.90481664976353,
        88.79943842530922,
        87.44101981947571,
        87.50359430910957,
        81.34026467774117,
        89.48120004045839,
        95.81774208121654,
        82.15301379047652,
        97.97950289100005,
        81.36574059707904,
        89.00123456589412,
        86.88107868603147,
        92.28427560331981,
        84.04389718512745,
        81.49052155907307,
        93.01061233838554,
        87.95559757944719,
        79.39222105285317,
        83.54264953372805,
        84.81357294094767,
        86.89803739781286,
        91.0465849102454,
        78.71069997856273,
        85.053616471366
    ]
}