{
    "agg": 2157,
    "iters": [
        1,
        2,
        3,
        4,
        5,
        6,
        7,
        8,
        9,
        10,
        11,
        12,
        13,
        14,
        15,
        16,
        17,
        18,
        19,
        20,
        21,
        22,
        23,
        24,
        25,
        26,
        27,
        28,
        29,
        30,
        31,
        32,
        33,
        34,
        35,
        36,
        37,
        38,
        39,
        40,
        41,
        42,
        43,
        44,
        45,
        46,
        47,
        48,
        49,
        50,
        51,
        52,
        53,
        54,
        55,
        56,
        57,
        58,
        59,
        60,
        61,
        62,
        63,
        64,
        65,
        66,
        67,
        68,
        69,
        70,
        71,
        72,
        73,
        74,
        75,
        76,
        77,
        78,
        79,
        80,
        81,
        82,
        83,
        84,
        85,
        86,
        87,
        88,
        89,
        90,
        91,
        92,
        93,
        94,
        95,
        96,
        97,
        98,
        99,
        100,
        101,
        102,
        103,
        104,
        105,
        106,
        107,
        108,
        109,
        110,
        111,
        112,
        113,
        114,
        115,
        116,
        117,
        118,
        119,
        120,
        121
    ],
    "means": [
        2151.8064516129034,
        2173.8387096774195,
        2149.7741935483873,
        2140.4193548387098,
        2151.6451612903224,
        2151.032258064516,
        2146.8709677419356,
        2150.4193548387098,
        2168.516129032258,
        2146.483870967742,
        2140.4193548387098,
        2138.3870967741937,
        2138.2903225806454,
        2130.548387096774,
        2145.6129032258063,
        2144.483870967742,
        2150.3548387096776,
        2152.7096774193546,
        2160.6451612903224,
        2163.8064516129034,
        2122.2903225806454,
        2165.5806451612902,
        2144.3548387096776,
        2165.516129032258,
        2154.8709677419356,
        2155.548387096774,
        2184.935483870968,
        2136.483870967742,
        2169.064516129032,
        2159.8709677419356,
        2131.2258064516127,
        2143.2580645161293,
        2159.4193548387098,
        2161.064516129032,
        2127.548387096774,
        2145.0967741935483,
        2147.3870967741937,
        2153.1290322580644,
        2157.1935483870966,
        2164.3548387096776,
        2148.6129032258063,
        2159.7741935483873,
        2139.3870967741937,
        2134.7096774193546,
        2140.967741935484,
        2146.1612903225805,
        2138.967741935484,
        2135.0,
        2138.8709677419356,
        2157.483870967742,
        2156.2903225806454,
        2158.1290322580644,
        2161.451612903226,
        2134.1935483870966,
        2131.6451612903224,
        2155.451612903226,
        2151.8064516129034,
        2139.7741935483873,
        2139.2903225806454,
        2155.967741935484,
        2154.5806451612902,
        2164.3225806451615,
        2139.7096774193546,
        2156.8064516129034,
        2129.7419354838707,
        2163.8064516129034,
        2135.064516129032,
        2172.7096774193546,
        2136.1290322580644,
        2155.2258064516127,
        2185.548387096774,
        2156.9032258064517,
        2140.6451612903224,
        2144.483870967742,
        2117.6129032258063,
        2161.6129032258063,
        2166.516129032258,
        2140.064516129032,
        2152.935483870968,
        2141.4193548387098,
        2144.9032258064517,
        2140.1612903225805,
        2138.6129032258063,
        2142.064516129032,
        2136.8709677419356,
        2147.483870967742,
        2136.3548387096776,
        2160.3870967741937,
        2101.8064516129034,
        2131.7419354838707,
        2164.032258064516,
        2138.516129032258,
        2138.3870967741937,
        2151.1290322580644,
        2156.0,
        2148.1290322580644,
        2153.451612903226,
        2163.0,
        2174.548387096774,
        2168.2258064516127,
        2167.5806451612902,
        2145.6129032258063,
        2153.1935483870966,
        2146.3870967741937,
        2147.3870967741937,
        2143.032258064516,
        2150.5806451612902,
        2163.4193548387098,
        2124.483870967742,
        2154.1935483870966,
        2143.6129032258063,
        2157.3225806451615,
        2189.1290322580644,
        2144.7419354838707,
        2133.451612903226,
        2148.483870967742,
        2162.3870967741937,
        2141.967741935484,
        2173.483870967742,
        2148.1935483870966,
        2124.8709677419356
    ],
    "opt": 2257,