{
    "agg": 2136,
    "iters": [
        1,
        2,
        3,
        4,
        5,
        6,
        7,
        8,
        9,
        10,
        11,
        12,
        13,
        14,
        15,
        16,
        17,
        18,
        19,
        20,
        21,
        22,
        23,
        24,
        25,
        26,
        27,
        28,
        29,
        30,
        31,
        32,
        33,
        34,
        35,
        36,
        37,
        38,
        39,
        40,
        41,
        42,
        43,
        44,
        45,
        46,
        47,
        48,
        49,
        50,
        51,
        52,
        53,
        54,
        55,
        56,
        57,
        58,
        59,
        60,
        61,
        62,
        63,
        64,
        65,
        66,
        67,
        68,
        69,
        70,
        71,
        72,
        73,
        74,
        75,
        76,
        77,
        78,
        79,
        80,
        81,
        82,
        83,
        84,
        85,
        86,
        87,
        88,
        89,
        90,
        91,
        92,
        93,
        94,
        95,
        96,
        97,
        98,
        99,
        100,
        101,
        102,
        103,
        104,
        105,
        106,
        107,
        108,
        109,
        110,
        111,
        112,
        113,
        114,
        115,
        116,
        117,
        118,
        119,
        120,
        121,
        122,
        123,
        124,
        125,
        126,
        127,
        128,
        129,
        130,
        131,
        132,
        133
    ],
    "means": [
        2137.5454545454545,
        2120.4545454545455,
        2137.0,
        2137.0,
        2146.7272727272725,
        2124.4545454545455,
        2195.3636363636365,
        2150.6363636363635,
        2109.6363636363635,
        2147.909090909091,
        2161.2727272727275,
        2124.181818181818,
        2142.4545454545455,
        2133.5454545454545,
        2155.4545454545455,
        2091.7272727272725,
        2169.3636363636365,
        2175.3636363636365,
        2098.0,
        2121.3636363636365,
        2136.7272727272725,
        2131.818181818182,
        2154.5454545454545,
        2172.090909090909,
        2113.2727272727275,
        2114.909090909091,
        2194.090909090909,
        2168.909090909091,
        2120.090909090909,
        2202.0,
        2173.6363636363635,
        2127.6363636363635,
        2181.818181818182,
        2183.2727272727275,
        2098.181818181818,
        2163.2727272727275,
        2175.6363636363635,
        2132.2727272727275,
        2181.0,
        2181.090909090909,
        2146.909090909091,
        2179.181818181818,
        2168.2727272727275,
        2128.0,
        2162.0,
        2101.818181818182,
        2172.909090909091,
        2102.0,
        2167.818181818182,
        2157.0,
        2114.3636363636365,
        2192.5454545454545,
        2126.6363636363635,
        2199.0,
        2130.7272727272725,
        2179.4545454545455,
        2176.909090909091,
        2131.181818181818,
        2091.5454545454545,
        2131.4545454545455,
        2130.3636363636365,
        2156.2727272727275,
        2157.181818181818,
        2178.5454545454545,
        2150.5454545454545,
        2126.818181818182,
        2116.3636363636365,
        2144.909090909091,
        2147.818181818182,
        2192.5454545454545,
        2133.4545454545455,
        2161.181818181818,
        2140.181818181818,
        2151.818181818182,
        2131.181818181818,
        2176.0,
        2150.2727272727275,
        2169.818181818182,
        2160.6363636363635,
        2120.7272727272725,
        2172.090909090909,
        2121.909090909091,
        2153.6363636363635,
        2146.2727272727275,
        2156.909090909091,
        2154.181818181818,
        2092.2727272727275,
        2125.0,
        2164.3636363636365,
        2148.818181818182,
        2164.090909090909,
        2181.2727272727275,
        2106.090909090909,
        2118.181818181818,
        2118.4545454545455,
        2145.0,
        2148.818181818182,
        2140.0,
        2109.818181818182,
        2151.818181818182,
        2128.0,
        2157.4545454545455,
        2167.5454545454545,
        2183.0,
        2142.181818181818,
        2164.2727272727275,
        2134.6363636363635,
        2160.4545454545455,
        2103.7272727272725,
        2126.090909090909,
        2176.818181818182,
        2182.090909090909,
        2153.0,
        2150.909090909091,
        2197.3636363636365,
        2185.909090909091,
        2124.7272727272725,
        2195.3636363636365,
        2160.6363636363635,
        2129.818181818182,
        2095.2727272727275,
        2141.818181818182,
        2132.5454545454545,
        2195.5454545454545,
        2154.4545454545455,
        2109.5454545454545,
        2129.090909090909,
        2133.909090909091,
        2134.181818181818,
        2133.818181818182,
        2135.4545454545455,
        2148.5454545454545,
        2137.2727272727275
    ],
    "opt": 2281,