{
    "agg": 2195,
    "iters": [
        1,
        2,
        3,
        4,
        5,
        6,
        7,
        8,
        9,
        10,
        11,
        12,
        13,
        14,
        15,
        16,
        17,
        18,
        19,
        20,
        21,
        22,
        23,
        24,
        25,
        26,
        27,
        28,
        29,
        30,
        31,
        32,
        33,
        34,
        35,
        36,
        37,
        38,
        39,
        40,
        41,
        42,
        43,
        44,
        45,
        46,
        47,
        48,
        49,
        50,
        51,
        52,
        53,
        54,
        55,
        56,
        57,
        58,
        59,
        60,
        61,
        62,
        63,
        64,
        65,
        66,
        67,
        68,
        69,
        70,
        71,
        72,
        73,
        74,
        75,
        76,
        77,
        78,
        79,
        80,
        81,
        82,
        83,
        84,
        85,
        86,
        87,
        88,
        89,
        90,
        91,
        92,
        93,
        94,
        95,
        96,
        97,
        98,
        99,
        100,
        101,
        102,
        103,
        104,
        105,
        106,
        107,
        108,
        109,
        110,
        111,
        112,
        113,
        114
    ],
    "means": [
        2141.731707317073,
        2158.048780487805,
        2145.2926829268295,
        2153.609756097561,
        2138.7804878048782,
        2121.7073170731705,
        2180.4634146341464,
        2155.121951219512,
        2148.0975609756097,
        2130.4146341463415,
        2139.5853658536585,
        2160.7804878048782,
        2165.4146341463415,
        2148.731707317073,
        2141.0731707317073,
        2182.9268292682927,
        2164.5365853658536,
        2150.0243902439024,
        2182.4146341463415,
        2154.170731707317,
        2142.1463414634145,
        2127.243902439024,
        2125.951219512195,
        2157.390243902439,
        2132.8048780487807,
        2122.5853658536585,
        2165.121951219512,
        2142.1951219512193,
        2156.0,
        2138.512195121951,
        2160.1463414634145,
        2155.170731707317,
        2151.1951219512193,
        2166.9024390243903,
        2165.6585365853657,
        2170.878048780488,
        2150.2195121951218,
        2141.756097560976,
        2173.487804878049,
        2170.0,
        2158.6585365853657,
        2162.439024390244,
        2158.0243902439024,
        2135.8048780487807,
        2135.5365853658536,
        2158.048780487805,
        2169.1951219512193,
        2155.0731707317073,
        2132.121951219512,
        2148.4146341463415,
        2141.8536585365855,
        2148.4634146341464,
        2173.8536585365855,
        2140.0731707317073,
        2153.609756097561,
        2149.5853658536585,
        2152.4634146341464,
        2167.9024390243903,
        2125.9268292682927,
        2141.439024390244,
        2139.3414634146343,
        2168.9268292682927,
        2154.609756097561,
        2137.170731707317,
        2159.731707317073,
        2157.3658536585367,
        2140.2195121951218,
        2158.317073170732,
        2154.2926829268295,
        2164.7073170731705,
        2139.731707317073,
        2142.048780487805,
        2146.756097560976,
        2157.9268292682927,
        2160.439024390244,
        2142.731707317073,
        2134.8536585365855,
        2149.1463414634145,
        2140.2195121951218,
        2170.048780487805,
        2136.268292682927,
        2168.268292682927,
        2147.9756097560976,
        2155.9024390243903,
        2151.0243902439024,
        2173.487804878049,
        2155.3414634146343,
        2164.0243902439024,
        2153.170731707317,
        2164.951219512195,
        2152.560975609756,
        2125.1951219512193,
        2151.2195121951218,
        2151.756097560976,
        2155.731707317073,
        2162.2195121951218,
        2153.268292682927,
        2158.6341463414633,
        2148.7073170731705,
        2126.0,
        2149.0731707317073,
        2152.0,
        2158.170731707317,
        2136.2195121951218,
        2136.0975609756097,
        2143.170731707317,
        2157.8536585365855,
        2145.268292682927,
        2143.439024390244,
        2158.5365853658536,
        2149.0731707317073,
        2143.682926829268,
        2117.731707317073,
        2156.512195121951
    ],
    "opt": 2280,
    "stdevs": [
        75.981070938672,
        94.70440565112219,
        88.92206615289292,
        88.05039522875812,
        77.67930075390551,
        81.96139599997866,
        84.10101288824099,
        99.92660602319432,
        86.99868372372605,
        103.60242383682996,
        74.72256837707167,
        94.14532414463626,
        73.963397542877,
        87.62030736615073,
        88.72000083680706,
        74.24198741160227,
        83.48071124107582,
        83.77510189667888,
        85.03312858276749,
        81.88358852783817,
        92.8007466789793,
        82.66086474493673,
        90.22896382618464,
        69.7398923697577,
        92.76359134188189,
        84.9923886433672,
        89.70172663915896,
        74.57463752221994,
        80.26571725122538,
        86.59384362480988,
        87.8786749502139,
        89.75573965994391,
        76.43879091595082,
        88.96746593025543,
        79.45258127354423,
        82.30111137024886,
        87.87533081369142,
        97.81535130348726,
        85.7449769420413,
        79.59838213823438,
        85.66059223045947,
        85.15639808982971,
        81.94182582631504,
        85.67500119558316,
        89.89562987858254,
        92.0659761362873,
        91.59886555698488,
        89.3451488423058,
        84.30611907368238,
        89.04807569982498,
        83.95921221571462,
        85.71139821203609,
        90.74879854760955,
        78.548226678498,
        87.38473328983521,
        84.05456288589764,
        95.7593777006125,
        94.16793635815536,
        96.02880417567363,
        93.2902757540554,
        83.42883918414852,
        78.70456962712116,
        88.59248386574049,
        95.44041748498645,
        81.86157989520315,
        82.84624492058768,
        86.74282487937967,
        82.05068006269505,
        82.09490162787034,
        99.2383786653076,
        78.91861333824492,
        88.60819518876542,
        88.3026338550928,
        85.80931504494745,
        81.36699420151669,
        92.56376164707115,
        86.5105551083317,
        83.60755041630577,
        91.44490869693793,
        94.47078557829973,
        86.6537895221466,
        85.41377748870464,
        71.12630051273717,
        98.09970161761856,
        87.48978694539237,
        80.73567892375094,
        83.74922198578487,
        84.33136956625856,
        97.04233484991558,
        75.22387763739299,
        85.94866555824649,
        81.86282980103918,
        87.32013211701398,
        79.13149922841613,
        86.70246976262399,
        86.0004288687894,
        76.63630432756729,
        86.80697850377119,
        85.67671622184174,
        80.27361745017217,
        76.87886900639576,
        85.15036914690188,
        83.71988790706735,
        87.06109774879627,
        83.34173108588891,
        97.29033803556426,
        83.9606647086743,
        97.8717489296502,
        76.53631332632094,
        95.1438186246832,
        88.09706128481035,
        82.95736166759588,
        80.11821277984356,
        77.83005938557369
    ]
}