{
    "agg": 2265,
    "iters": [
        1,
        2,
        3,
        4,
        5,
        6,
        7,
        8,
        9,
        10,
        11,
        12,
        13,
        14,
        15,
        16,
        17,
        18,
        19,
        20,
        21,
        22,
        23,
        24,
        25,
        26,
        27,
        28,
        29,
        30,
        31,
        32,
        33,
        34,
        35,
        36,
        37,
        38,
        39,
        40,
        41,
        42,
        43,
        44,
        45,
        46,
        47,
        48,
        49,
        50,
        51,
        52,
        53,
        54,
        55,
        56,
        57,
        58,
        59,
        60,
        61,
        62,
        63,
        64,
        65,
        66,
        67,
        68,
        69,
        70,
        71,
        72,
        73,
        74,
        75,
        76,
        77,
        78,
        79,
        80,
        81,
        82,
        83,
        84,
        85,
        86,
        87,
        88,
        89,
        90,
        91,
        92,
        93,
        94,
        95,
        96,
        97,
        98,
        99,
        100,
        101,
        102,
        103,
        104,
        105,
        106,
        107,
        108,
        109,
        110,
        111,
        112,
        113,
        114,
        115,
        116,
        117,
        118,
        119,
        120,
        121,
        122,
        123,
        124,
        125,
        126,
        127,
        128,
        129,
        130,
        131,
        132,
        133,
        134,
        135
    ],
    "means": [
        2127.8571428571427,
        2167.714285714286,
        2165.1428571428573,
        2100.285714285714,
        2167.214285714286,
        2165.5,
        2143.1428571428573,
        2163.6428571428573,
        2134.0714285714284,
        2112.1428571428573,
        2180.5,
        2164.5714285714284,
        2149.6428571428573,
        2144.8571428571427,
        2154.1428571428573,
        2165.714285714286,
        2130.5714285714284,
        2154.0714285714284,
        2167.285714285714,
        2155.9285714285716,
        2142.3571428571427,
        2143.714285714286,
        2175.5714285714284,
        2162.8571428571427,
        2146.785714285714,
        2135.1428571428573,
        2140.5,
        2195.5714285714284,
        2155.1428571428573,
        2147.214285714286,
        2157.285714285714,
        2174.4285714285716,
        2160.5714285714284,
        2199.0714285714284,
        2135.285714285714,
        2168.785714285714,
        2163.6428571428573,
        2155.5714285714284,
        2111.6428571428573,
        2136.9285714285716,
        2150.3571428571427,
        2117.5,
        2165.9285714285716,
        2167.0,
        2153.0714285714284,
        2148.4285714285716,
        2149.5,
        2144.5714285714284,
        2121.5714285714284,
        2141.214285714286,
        2135.3571428571427,
        2140.0714285714284,
        2126.6428571428573,
        2137.785714285714,
        2170.214285714286,
        2147.285714285714,
        2143.285714285714,
        2078.5714285714284,
        2135.0714285714284,
        2132.0,
        2143.1428571428573,
        2159.9285714285716,
        2184.5,
        2148.3571428571427,
        2148.3571428571427,
        2159.285714285714,
        2120.1428571428573,
        2135.9285714285716,
        2160.5,
        2129.4285714285716,
        2125.6428571428573,
        2156.285714285714,
        2129.1428571428573,
        2103.3571428571427,
        2119.9285714285716,
        2145.5714285714284,
        2096.214285714286,
        2169.785714285714,
        2151.8571428571427,
        2140.8571428571427,
        2156.6428571428573,
        2123.0714285714284,
        2176.8571428571427,
        2136.0714285714284,
        2187.214285714286,
        2117.714285714286,
        2130.6428571428573,
        2151.785714285714,
        2123.214285714286,
        2154.285714285714,
        2154.714285714286,
        2170.785714285714,
        2133.4285714285716,
        2170.1428571428573,
        2153.5714285714284,
        2164.3571428571427,
        2171.0,
        2134.5714285714284,
        2153.0,
        2192.4285714285716,
        2127.285714285714,
        2155.1428571428573,
        2154.6428571428573,
        2157.9285714285716,
        2111.785714285714,
        2136.8571428571427,
        2150.6428571428573,
        2128.0,
        2176.4285714285716,
        2173.214285714286,
        2161.5714285714284,
        2112.785714285714,
        2164.714285714286,
        2181.1428571428573,
        2134.5714285714284,
        2149.1428571428573,
        2126.214285714286,
        2179.214285714286,
        2155.4285714285716,
        2129.5714285714284,
        2184.0,
        2154.4285714285716,
        2121.6428571428573,
        2130.5714285714284,
        2159.3571428571427,
        2123.285714285714,
        2172.1428571428573,
        2141.5,
        2164.785714285714,
        2150.0714285714284,
        2150.6428571428573,
        2162.785714285714,
        2149.9285714285716,
        2132.785714285714,
        2219.4285714285716
    ],
    "opt": 2245,