{
    "agg": 2216,
    "iters": [
        1,
        2,
        3,
        4,
        5,
        6,
        7,
        8,
        9,
        10,
        11,
        12,
        13,
        14,
        15,
        16,
        17,
        18,
        19,
        20,
        21,
        22,
        23,
        24,
        25,
        26,
        27,
        28,
        29,
        30,
        31,
        32,
        33,
        34,
        35,
        36,
        37,
        38,
        39,
        40,
        41,
        42,
        43,
        44,
        45,
        46,
        47,
        48,
        49,
        50,
        51,
        52,
        53,
        54,
        55,
        56,
        57,
        58,
        59,
        60,
        61,
        62,
        63,
        64,
        65,
        66,
        67,
        68,
        69,
        70,
        71,
        72,
        73,
        74,
        75,
        76,
        77,
        78,
        79,
        80,
        81,
        82,
        83,
        84,
        85,
        86,
        87,
        88,
        89,
        90,
        91,
        92,
        93,
        94,
        95,
        96,
        97,
        98,
        99,
        100,
        101,
        102,
        103,
        104,
        105,
        106,
        107,
        108,
        109,
        110,
        111,
        112,
        113,
        114,
        115,
        116,
        117,
        118,
        119,
        120,
        121,
        122,
        123,
        124,
        125,
        126,
        127,
        128,
        129,
        130,
        131,
        132,
        133,
        134,
        135,
        136,
        137
    ],
    "means": [
        2125.6666666666665,
        2170.866666666667,
        2155.133333333333,
        2119.9333333333334,
        2166.4666666666667,
        2164.9333333333334,
        2124.4666666666667,
        2107.9333333333334,
        2168.0666666666666,
        2155.266666666667,
        2188.733333333333,
        2155.0,
        2143.8,
        2157.6,
        2115.2,
        2152.3333333333335,
        2148.6666666666665,
        2189.8,
        2124.9333333333334,
        2139.2,
        2129.4,
        2140.866666666667,
        2144.4666666666667,
        2149.133333333333,
        2106.3333333333335,
        2134.133333333333,
        2128.266666666667,
        2156.733333333333,
        2133.6,
        2144.733333333333,
        2146.0,
        2134.6666666666665,
        2167.0666666666666,
        2154.0666666666666,
        2165.9333333333334,
        2155.8,
        2175.8,
        2182.133333333333,
        2174.0,
        2175.266666666667,
        2166.4,
        2171.4666666666667,
        2136.5333333333333,
        2169.0666666666666,
        2121.8,
        2172.4,
        2130.6,
        2160.733333333333,
        2154.733333333333,
        2180.0666666666666,
        2131.2,
        2177.4,
        2146.866666666667,
        2123.0,
        2151.3333333333335,
        2190.733333333333,
        2159.2,
        2148.266666666667,
        2154.0666666666666,
        2126.2,
        2151.266666666667,
        2082.3333333333335,
        2133.733333333333,
        2203.733333333333,
        2114.4666666666667,
        2191.0,
        2149.6,
        2150.3333333333335,
        2151.3333333333335,
        2160.266666666667,
        2149.266666666667,
        2152.5333333333333,
        2149.8,
        2154.2,
        2150.6,
        2175.6,
        2121.9333333333334,
        2156.0666666666666,
        2183.3333333333335,
        2162.6,
        2180.9333333333334,
        2164.6666666666665,
        2180.4666666666667,
        2115.6666666666665,
        2136.733333333333,
        2147.5333333333333,
        2140.6,
        2132.8,
        2145.2,
        2122.133333333333,
        2141.733333333333,
        2142.4,
        2189.133333333333,
        2171.733333333333,
        2172.0,
        2160.733333333333,
        2117.9333333333334,
        2114.3333333333335,
        2167.6,
        2139.2,
        2138.2,
        2148.133333333333,
        2147.3333333333335,
        2130.3333333333335,
        2138.0666666666666,
        2174.5333333333333,
        2139.8,
        2145.0666666666666,
        2110.4666666666667,
        2113.4666666666667,
        2151.2,
        2157.6666666666665,
        2131.5333333333333,
        2140.6,
        2167.133333333333,
        2167.4666666666667,
        2128.866666666667,
        2157.266666666667,
        2134.133333333333,
        2146.2,
        2127.6666666666665,
        2167.4,
        2176.5333333333333,
        2160.0,
        2073.8,
        2134.4666666666667,
        2150.6,
        2130.6666666666665,
        2146.2,
        2169.133333333333,
        2154.3333333333335,
        2124.866666666667,
        2160.9333333333334,
        2128.9333333333334,
        2153.3333333333335,
        2143.6666666666665,
        2146.6
    ],
    "opt": 2246,