{
    "agg": 2158,
    "iters": [
        1,
        2,
        3,
        4,
        5,
        6,
        7,
        8,
        9,
        10,
        11,
        12,
        13,
        14,
        15,
        16,
        17,
        18,
        19,
        20,
        21,
        22,
        23,
        24,
        25,
        26,
        27,
        28,
        29,
        30,
        31,
        32,
        33,
        34,
        35,
        36,
        37,
        38,
        39,
        40,
        41,
        42,
        43,
        44,
        45,
        46,
        47,
        48,
        49,
        50,
        51,
        52,
        53,
        54,
        55,
        56,
        57,
        58,
        59,
        60,
        61,
        62,
        63,
        64,
        65,
        66,
        67,
        68,
        69,
        70,
        71,
        72,
        73,
        74,
        75,
        76,
        77,
        78,
        79,
        80,
        81,
        82,
        83,
        84,
        85,
        86,
        87,
        88,
        89,
        90,
        91,
        92,
        93,
        94,
        95,
        96,
        97,
        98,
        99,
        100,
        101,
        102,
        103,
        104,
        105,
        106,
        107,
        108,
        109,
        110,
        111,
        112,
        113,
        114,
        115,
        116,
        117,
        118,
        119,
        120,
        121,
        122,
        123,
        124,
        125,
        126,
        127,
        128,
        129,
        130,
        131,
        132,
        133,
        134,
        135
    ],
    "means": [
        2141.470588235294,
        2123.0588235294117,
        2146.9411764705883,
        2140.9411764705883,
        2159.764705882353,
        2118.9411764705883,
        2138.294117647059,
        2153.470588235294,
        2112.1176470588234,
        2144.294117647059,
        2201.8823529411766,
        2131.0588235294117,
        2130.529411764706,
        2153.235294117647,
        2129.5882352941176,
        2155.4117647058824,
        2129.764705882353,
        2167.6470588235293,
        2151.0,
        2143.8823529411766,
        2163.176470588235,
        2149.9411764705883,
        2119.470588235294,
        2149.9411764705883,
        2203.3529411764707,
        2181.470588235294,
        2127.9411764705883,
        2155.705882352941,
        2122.4117647058824,
        2163.8823529411766,
        2107.235294117647,
        2141.0,
        2132.6470588235293,
        2154.0588235294117,
        2176.0588235294117,
        2145.823529411765,
        2168.8823529411766,
        2153.0,
        2113.1176470588234,
        2160.6470588235293,
        2186.823529411765,
        2187.8823529411766,
        2133.4117647058824,
        2161.294117647059,
        2160.9411764705883,
        2144.9411764705883,
        2106.5882352941176,
        2176.294117647059,
        2149.9411764705883,
        2134.764705882353,
        2120.235294117647,
        2159.470588235294,
        2132.176470588235,
        2143.8823529411766,
        2157.8823529411766,
        2145.3529411764707,
        2146.0,
        2172.235294117647,
        2163.176470588235,
        2140.3529411764707,
        2126.176470588235,
        2144.6470588235293,
        2161.764705882353,
        2146.6470588235293,
        2156.0,
        2088.764705882353,
        2161.176470588235,
        2149.294117647059,
        2170.0588235294117,
        2156.294117647059,
        2169.823529411765,
        2134.1176470588234,
        2121.176470588235,
        2147.705882352941,
        2142.529411764706,
        2162.0,
        2164.176470588235,
        2153.3529411764707,
        2180.0,
        2113.470588235294,
        2137.470588235294,
        2139.9411764705883,
        2143.705882352941,
        2153.0588235294117,
        2150.176470588235,
        2161.9411764705883,
        2146.1176470588234,
        2123.705882352941,
        2142.8823529411766,
        2162.5882352941176,
        2129.0,
        2139.705882352941,
        2161.6470588235293,
        2110.4117647058824,
        2181.1176470588234,
        2131.235294117647,
        2150.176470588235,
        2158.705882352941,
        2154.0,
        2151.5882352941176,
        2102.823529411765,
        2150.470588235294,
        2167.235294117647,
        2120.764705882353,
        2116.4117647058824,
        2140.3529411764707,
        2123.6470588235293,
        2106.235294117647,
        2156.705882352941,
        2143.764705882353,
        2166.8823529411766,
        2122.235294117647,
        2158.764705882353,
        2205.3529411764707,
        2146.823529411765,
        2142.176470588235,
        2155.705882352941,
        2120.6470588235293,
        2161.705882352941,
        2130.8823529411766,
        2153.6470588235293,
        2122.9411764705883,
        2119.764705882353,
        2164.8823529411766,
        2133.235294117647,
        2107.0588235294117,
        2126.1176470588234,
        2165.529411764706,
        2166.470588235294,
        2181.0,
        2144.8823529411766,
        2135.6470588235293,
        2181.4117647058824,
        2128.0,
        2172.1176470588234
    ],
    "opt": 2278,