{
    "agg": 2202,
    "iters": [
        1,
        2,
        3,
        4,
        5,
        6,
        7,
        8,
        9,
        10,
        11,
        12,
        13,
        14,
        15,
        16,
        17,
        18,
        19,
        20,
        21,
        22,
        23,
        24,
        25,
        26,
        27,
        28,
        29,
        30,
        31,
        32,
        33,
        34,
        35,
        36,
        37,
        38,
        39,
        40,
        41,
        42,
        43,
        44,
        45,
        46,
        47,
        48,
        49,
        50,
        51,
        52,
        53,
        54,
        55,
        56,
        57,
        58,
        59,
        60,
        61,
        62,
        63,
        64,
        65,
        66,
        67,
        68,
        69,
        70,
        71,
        72,
        73,
        74,
        75,
        76,
        77,
        78,
        79,
        80,
        81,
        82,
        83,
        84,
        85,
        86,
        87,
        88,
        89,
        90,
        91,
        92,
        93,
        94,
        95,
        96,
        97,
        98,
        99,
        100,
        101,
        102
    ],
    "means": [
        2156.9545454545455,
        2162.681818181818,
        2138.840909090909,
        2158.318181818182,
        2139.318181818182,
        2152.681818181818,
        2163.3863636363635,
        2170.159090909091,
        2144.659090909091,
        2162.590909090909,
        2161.931818181818,
        2144.75,
        2166.25,
        2146.25,
        2171.9545454545455,
        2160.5227272727275,
        2150.090909090909,
        2152.1136363636365,
        2137.431818181818,
        2137.9772727272725,
        2141.409090909091,
        2139.409090909091,
        2136.409090909091,
        2161.9545454545455,
        2159.2954545454545,
        2148.8863636363635,
        2154.090909090909,
        2162.5,
        2142.409090909091,
        2142.9772727272725,
        2164.2045454545455,
        2138.068181818182,
        2131.1363636363635,
        2166.8863636363635,
        2142.3636363636365,
        2149.090909090909,
        2154.5454545454545,
        2126.9772727272725,
        2132.2045454545455,
        2156.681818181818,
        2146.818181818182,
        2152.681818181818,
        2164.0227272727275,
        2139.181818181818,
        2161.4772727272725,
        2135.340909090909,
        2150.3636363636365,
        2163.818181818182,
        2149.0,
        2130.5227272727275,
        2146.2954545454545,
        2161.7727272727275,
        2148.659090909091,
        2165.25,
        2159.7045454545455,
        2160.8636363636365,
        2163.7727272727275,
        2145.590909090909,
        2146.6136363636365,
        2159.0,
        2169.568181818182,
        2158.2954545454545,
        2154.590909090909,
        2159.4545454545455,
        2169.0227272727275,
        2143.2272727272725,
        2138.4772727272725,
        2141.818181818182,
        2152.75,
        2152.659090909091,
        2130.25,
        2158.8863636363635,
        2155.6136363636365,
        2141.2272727272725,
        2169.6136363636365,
        2172.068181818182,
        2146.25,
        2149.068181818182,
        2153.431818181818,
        2136.2954545454545,
        2151.1136363636365,
        2145.3863636363635,
        2155.090909090909,
        2172.931818181818,
        2152.3636363636365,
        2156.7045454545455,
        2151.8863636363635,
        2147.4545454545455,
        2162.0454545454545,
        2148.1363636363635,
        2148.340909090909,
        2166.9772727272725,
        2160.318181818182,
        2147.8863636363635,
        2143.2272727272725,
        2143.75,
        2159.431818181818,
        2141.4545454545455,
        2160.659090909091,
        2161.4545454545455,
        2140.7727272727275,
        2159.0454545454545
    ],
    "opt": 2200,
    "stdevs": [
        86.46227620535772,
        77.37211522813651,
        82.84403286291497,
        84.48823821511616,
        85.15381076383667,
        96.20332935253539,
        89.99980199702738,
        86.8564498002355,
        87.02897719668333,
        85.02601692258088,
        87.67823346741733,
        93.3568727080025,
        77.60714733954481,
        86.29313809230825,
        88.246028637259,
        85.8152054327849,
        84.511650133366,
        83.39397621288387,
        92.90204952413657,
        72.76315521057582,
        76.4538833610938,
        97.03825819602807,
        87.08311551767348,
        90.55660071957371,
        85.0124535116245,
        84.58514158932378,
        81.81820707070318,
        80.65963843662624,
        84.27911371309303,
        87.06175672171491,
        88.13047650177408,
        79.05360601495002,
        89.42152245229305,
        85.3109861594867,
        84.02599460045113,
        82.4852102946666,
        80.65568078551694,
        94.89862740562201,
        89.83357834084458,
        91.08731393740061,
        85.01451018590156,
        86.63003172511375,
        84.40850038957291,
        76.44257283836514,
        93.07169490538992,
        83.63881851634395,
        91.3733825647399,
        81.9665321743833,
        75.24596032648228,
        91.81812274975597,
        90.16086117839465,
        82.99558138193635,
        87.16988199169643,
        80.17824602947881,
        95.28201670101011,
        80.04475762434724,
        85.22346658167778,
        79.95405447159187,
        79.1940126034248,
        97.36785917334323,
        94.85381042024441,
        85.18337960633532,
        74.24600331509073,
        89.70949441630887,
        78.56800431252466,
        92.0871286130605,
        87.83675163629704,
        93.85294898434387,
        87.47626301408337,
        79.43749492005368,
        85.75867965613531,
        71.49164474674674,
        80.873137440711,
        92.06861661439937,
        85.54988335072301,
        84.84434885752763,
        83.88306931784159,
        79.76311454644159,
        95.7893991400056,
        88.41343469113897,
        100.85660746126176,
        90.50143542535437,
        86.7241756641601,
        74.25184348102462,
        79.4332455327602,
        85.3443771235784,
        89.49789634630092,
        85.06293246378732,
        89.68098879955615,
        82.35996128666218,
        95.80233987980817,
        91.2325920223,
        92.07106265549668,
        96.38729072885899,
        90.56059338575562,
        84.82766620947116,
        87.27552966618074,
        69.11139050489913,
        90.73586621262494,
        84.4685133766785,
        85.72998405044326,
        81.573155830004
    ]
}