{
    "agg": 2204,
    "iters": [
        1,
        2,
        3,
        4,
        5,
        6,
        7,
        8,
        9,
        10,
        11,
        12,
        13,
        14,
        15,
        16,
        17,
        18,
        19,
        20,
        21,
        22,
        23,
        24,
        25,
        26,
        27,
        28,
        29,
        30,
        31,
        32,
        33,
        34,
        35,
        36,
        37,
        38,
        39,
        40,
        41,
        42,
        43,
        44,
        45,
        46,
        47,
        48,
        49,
        50,
        51,
        52,
        53,
        54,
        55,
        56,
        57,
        58,
        59,
        60,
        61,
        62,
        63,
        64,
        65,
        66,
        67,
        68,
        69,
        70,
        71,
        72,
        73,
        74,
        75,
        76,
        77,
        78,
        79,
        80,
        81,
        82,
        83,
        84,
        85,
        86,
        87,
        88,
        89,
        90,
        91,
        92,
        93,
        94,
        95,
        96,
        97,
        98,
        99,
        100,
        101,
        102,
        103,
        104,
        105,
        106,
        107,
        108,
        109,
        110,
        111,
        112,
        113,
        114,
        115,
        116,
        117,
        118,
        119,
        120,
        121,
        122,
        123,
        124,
        125,
        126,
        127,
        128
    ],
    "means": [
        2137.4893617021276,
        2147.851063829787,
        2129.744680851064,
        2153.7872340425533,
        2148.7872340425533,
        2125.255319148936,
        2151.8936170212764,
        2150.063829787234,
        2152.425531914894,
        2170.446808510638,
        2155.553191489362,
        2174.31914893617,
        2143.936170212766,
        2170.425531914894,
        2156.191489361702,
        2127.404255319149,
        2166.425531914894,
        2130.021276595745,
        2141.595744680851,
        2167.4893617021276,
        2141.595744680851,
        2147.9574468085107,
        2149.978723404255,
        2158.723404255319,
        2137.7872340425533,
        2139.531914893617,
        2153.446808510638,
        2151.8936170212764,
        2144.3829787234044,
        2145.8297872340427,
        2139.8936170212764,
        2149.5106382978724,
        2153.6170212765956,
        2160.0425531914893,
        2147.255319148936,
        2142.2978723404253,
        2176.255319148936,
        2146.3617021276596,
        2172.31914893617,
        2155.31914893617,
        2136.2978723404253,
        2142.468085106383,
        2162.3829787234044,
        2140.1702127659573,
        2154.31914893617,
        2151.8297872340427,
        2150.4893617021276,
        2156.404255319149,
        2149.127659574468,
        2144.425531914894,
        2174.808510638298,
        2170.8297872340427,
        2142.68085106383,
        2131.0425531914893,
        2150.595744680851,
        2171.127659574468,
        2130.574468085106,
        2155.7872340425533,
        2139.744680851064,
        2155.723404255319,
        2143.0851063829787,
        2151.2340425531916,
        2126.2127659574467,
        2152.9574468085107,
        2156.595744680851,
        2145.659574468085,
        2128.744680851064,
        2144.9148936170213,
        2148.0425531914893,
        2160.9574468085107,
        2143.6382978723404,
        2154.723404255319,
        2136.851063829787,
        2168.063829787234,
        2142.2127659574467,
        2146.127659574468,
        2154.851063829787,
        2143.1702127659573,
        2180.0851063829787,
        2145.978723404255,
        2139.468085106383,
        2149.1702127659573,
        2155.7659574468084,
        2111.255319148936,
        2132.255319148936,
        2141.2340425531916,
        2177.2340425531916,
        2123.4893617021276,
        2141.553191489362,
        2169.021276595745,
        2163.021276595745,
        2152.978723404255,
        2147.127659574468,
        2175.468085106383,
        2152.6170212765956,
        2140.191489361702,
        2159.0,
        2126.574468085106,
        2165.9148936170213,
        2143.8936170212764,
        2138.2978723404253,
        2151.872340425532,
        2157.021276595745,
        2160.425531914894,
        2155.9574468085107,
        2138.0,
        2161.31914893617,
        2140.6382978723404,
        2156.68085106383,
        2161.468085106383,
        2159.723404255319,
        2133.8297872340427,
        2124.404255319149,
        2179.0851063829787,
        2163.4893617021276,
        2150.808510638298,
        2152.2127659574467,
        2163.595744680851,
        2162.0425531914893,
        2146.808510638298,
        2165.6170212765956,
        2148.468085106383,
        2141.063829787234,
        2155.978723404255,
        2155.6170212765956,
        2143.148936170213,
        2169.31914893617,
        2140.574468085106
    ],
    "opt": 2202,