{
    "agg": 2231,
    "iters": [
        1,
        2,
        3,
        4,
        5,
        6,
        7,
        8,
        9,
        10,
        11,
        12,
        13,
        14,
        15,
        16,
        17,
        18,
        19,
        20,
        21,
        22,
        23,
        24,
        25,
        26,
        27,
        28,
        29,
        30,
        31,
        32,
        33,
        34,
        35,
        36,
        37,
        38,
        39,
        40,
        41,
        42,
        43,
        44,
        45,
        46,
        47,
        48,
        49,
        50,
        51,
        52,
        53,
        54,
        55,
        56,
        57,
        58,
        59,
        60,
        61,
        62,
        63,
        64,
        65,
        66,
        67,
        68,
        69,
        70,
        71,
        72,
        73,
        74,
        75,
        76,
        77,
        78,
        79,
        80,
        81,
        82,
        83,
        84,
        85,
        86,
        87,
        88,
        89,
        90,
        91,
        92,
        93,
        94,
        95,
        96,
        97,
        98,
        99,
        100,
        101,
        102,
        103,
        104,
        105,
        106,
        107,
        108,
        109,
        110,
        111,
        112,
        113,
        114,
        115,
        116,
        117,
        118,
        119,
        120,
        121,
        122,
        123,
        124,
        125,
        126,
        127,
        128,
        129,
        130,
        131,
        132,
        133,
        134,
        135,
        136,
        137,
        138,
        139,
        140,
        141
    ],
    "means": [
        2134.242424242424,
        2161.6060606060605,
        2170.2727272727275,
        2144.4545454545455,
        2148.6363636363635,
        2162.242424242424,
        2156.242424242424,
        2139.6969696969695,
        2171.969696969697,
        2144.909090909091,
        2150.4545454545455,
        2147.0,
        2117.090909090909,
        2130.3030303030305,
        2118.7272727272725,
        2138.787878787879,
        2151.5151515151515,
        2173.212121212121,
        2149.848484848485,
        2154.4848484848485,
        2116.3030303030305,
        2171.818181818182,
        2178.969696969697,
        2154.242424242424,
        2147.3030303030305,
        2137.5151515151515,
        2160.818181818182,
        2156.2727272727275,
        2158.787878787879,
        2137.6969696969695,
        2160.7272727272725,
        2158.939393939394,
        2152.5757575757575,
        2157.848484848485,
        2173.121212121212,
        2129.4545454545455,
        2151.4242424242425,
        2169.030303030303,
        2148.0,
        2149.4545454545455,
        2147.151515151515,
        2142.7272727272725,
        2138.909090909091,
        2144.030303030303,
        2119.3636363636365,
        2147.939393939394,
        2151.242424242424,
        2132.5454545454545,
        2143.3636363636365,
        2173.0,
        2152.848484848485,
        2154.848484848485,
        2157.3030303030305,
        2172.6363636363635,
        2148.939393939394,
        2146.3030303030305,
        2143.5151515151515,
        2137.4242424242425,
        2135.3939393939395,
        2109.4242424242425,
        2152.3636363636365,
        2139.848484848485,
        2141.787878787879,
        2173.090909090909,
        2145.848484848485,
        2142.181818181818,
        2144.909090909091,
        2141.212121212121,
        2150.6969696969695,
        2140.181818181818,
        2143.4848484848485,
        2139.3939393939395,
        2156.878787878788,
        2151.2727272727275,
        2178.909090909091,
        2154.878787878788,
        2176.212121212121,
        2143.6969696969695,
        2171.939393939394,
        2155.0,
        2127.6060606060605,
        2173.878787878788,
        2135.3030303030305,
        2156.6666666666665,
        2149.121212121212,
        2136.5151515151515,
        2156.3030303030305,
        2140.090909090909,
        2131.030303030303,
        2142.6363636363635,
        2136.6363636363635,
        2142.6969696969695,
        2144.5757575757575,
        2138.6969696969695,
        2164.909090909091,
        2177.3636363636365,
        2178.969696969697,
        2151.3333333333335,
        2147.030303030303,
        2186.151515151515,
        2146.4545454545455,
        2165.3939393939395,
        2159.3636363636365,
        2143.3939393939395,
        2139.5454545454545,
        2120.3939393939395,
        2152.3636363636365,
        2148.060606060606,
        2158.030303030303,
        2128.6060606060605,
        2113.6666666666665,
        2150.878787878788,
        2146.3030303030305,
        2147.060606060606,
        2119.060606060606,
        2113.787878787879,
        2162.121212121212,
        2137.151515151515,
        2137.2727272727275,
        2158.878787878788,
        2136.3333333333335,
        2162.5151515151515,
        2133.3939393939395,
        2131.3939393939395,
        2164.7272727272725,
        2177.181818181818,
        2159.5757575757575,
        2144.242424242424,
        2168.848484848485,
        2157.3030303030305,
        2157.212121212121,
        2140.939393939394,
        2155.3030303030305,
        2167.3939393939395,
        2169.4242424242425,
        2147.212121212121,
        2132.6969696969695,
        2165.0,
        2165.242424242424,
        2156.5151515151515,
        2162.3636363636365
    ],
    "opt": 2213,