{
    "agg": 2184,
    "iters": [
        1,
        2,
        3,
        4,
        5,
        6,
        7,
        8,
        9,
        10,
        11,
        12,
        13,
        14,
        15,
        16,
        17,
        18,
        19,
        20,
        21,
        22,
        23,
        24,
        25,
        26,
        27,
        28,
        29,
        30,
        31,
        32,
        33,
        34,
        35,
        36,
        37,
        38,
        39,
        40,
        41,
        42,
        43,
        44,
        45,
        46,
        47,
        48,
        49,
        50,
        51,
        52,
        53,
        54,
        55,
        56,
        57,
        58,
        59,
        60,
        61,
        62,
        63,
        64,
        65,
        66,
        67,
        68,
        69,
        70,
        71,
        72,
        73,
        74,
        75,
        76,
        77,
        78,
        79,
        80,
        81,
        82,
        83,
        84,
        85,
        86,
        87,
        88,
        89,
        90,
        91,
        92,
        93,
        94,
        95,
        96,
        97,
        98,
        99,
        100,
        101,
        102,
        103,
        104,
        105,
        106,
        107,
        108,
        109,
        110,
        111,
        112,
        113,
        114,
        115,
        116,
        117,
        118,
        119,
        120,
        121
    ],
    "means": [
        2158.5348837209303,
        2132.5581395348836,
        2174.2558139534885,
        2141.3255813953488,
        2137.186046511628,
        2161.4883720930234,
        2162.3255813953488,
        2133.093023255814,
        2152.2558139534885,
        2167.3953488372094,
        2169.139534883721,
        2160.953488372093,
        2147.6279069767443,
        2135.232558139535,
        2125.4418604651164,
        2134.3720930232557,
        2155.279069767442,
        2130.4651162790697,
        2152.906976744186,
        2166.139534883721,
        2161.3720930232557,
        2134.1162790697676,
        2170.6279069767443,
        2139.7441860465115,
        2142.720930232558,
        2151.953488372093,
        2139.0232558139537,
        2194.279069767442,
        2139.6976744186045,
        2146.186046511628,
        2115.4418604651164,
        2136.8837209302324,
        2155.5813953488373,
        2143.093023255814,
        2147.4883720930234,
        2133.6744186046512,
        2178.4883720930234,
        2142.1162790697676,
        2174.6279069767443,
        2154.232558139535,
        2149.1627906976746,
        2180.4418604651164,
        2131.5581395348836,
        2156.3953488372094,
        2135.6279069767443,
        2141.4883720930234,
        2160.4883720930234,
        2148.7441860465115,
        2169.813953488372,
        2148.0232558139537,
        2152.953488372093,
        2151.8372093023254,
        2149.5581395348836,
        2141.906976744186,
        2118.767441860465,
        2129.5116279069766,
        2153.8837209302324,
        2163.5348837209303,
        2139.3488372093025,
        2140.279069767442,
        2149.186046511628,
        2141.046511627907,
        2150.139534883721,
        2127.5348837209303,
        2166.813953488372,
        2142.720930232558,
        2157.4883720930234,
        2153.7441860465115,
        2139.186046511628,
        2173.2558139534885,
        2148.8837209302324,
        2176.6976744186045,
        2145.6976744186045,
        2172.1162790697676,
        2142.813953488372,
        2158.6976744186045,
        2158.5116279069766,
        2135.2558139534885,
        2122.720930232558,
        2163.093023255814,
        2148.8837209302324,
        2130.3023255813955,
        2155.8837209302324,
        2155.046511627907,
        2166.4651162790697,
        2169.279069767442,
        2154.6744186046512,
        2133.767441860465,
        2135.4651162790697,
        2141.2093023255816,
        2117.860465116279,
        2134.6511627906975,
        2141.3023255813955,
        2155.093023255814,
        2170.7441860465115,
        2170.720930232558,
        2139.093023255814,
        2147.6744186046512,
        2149.7906976744184,
        2134.3488372093025,
        2166.046511627907,
        2160.953488372093,
        2139.139534883721,
        2166.0232558139537,
        2139.3488372093025,
        2114.7441860465115,
        2135.906976744186,
        2161.5813953488373,
        2153.9302325581393,
        2143.139534883721,
        2156.1627906976746,
        2157.046511627907,
        2152.6279069767443,
        2173.3488372093025,
        2144.3953488372094,
        2176.046511627907,
        2140.7906976744184,
        2158.8837209302324,
        2161.813953488372,
        2144.3255813953488,
        2158.2093023255816
    ],
    "opt": 2220,