{
    "agg": 2117,
    "iters": [
        1,
        2,
        3,
        4,
        5,
        6,
        7,
        8,
        9,
        10,
        11,
        12,
        13,
        14,
        15,
        16,
        17,
        18,
        19,
        20,
        21,
        22,
        23,
        24,
        25,
        26,
        27,
        28,
        29,
        30,
        31,
        32,
        33,
        34,
        35,
        36,
        37,
        38,
        39,
        40,
        41,
        42,
        43,
        44,
        45,
        46,
        47,
        48,
        49,
        50,
        51,
        52,
        53,
        54,
        55,
        56,
        57,
        58,
        59,
        60,
        61,
        62,
        63,
        64,
        65,
        66,
        67,
        68,
        69,
        70,
        71,
        72,
        73,
        74,
        75,
        76,
        77,
        78,
        79,
        80,
        81,
        82,
        83,
        84,
        85,
        86,
        87,
        88,
        89,
        90,
        91,
        92,
        93,
        94,
        95,
        96,
        97,
        98,
        99,
        100,
        101,
        102,
        103,
        104,
        105,
        106,
        107,
        108,
        109,
        110,
        111,
        112,
        113,
        114,
        115,
        116,
        117,
        118,
        119,
        120,
        121,
        122,
        123,
        124,
        125,
        126,
        127,
        128,
        129,
        130,
        131,
        132,
        133,
        134,
        135,
        136,
        137,
        138,
        139,
        140
    ],
    "means": [
        2151.8064516129034,
        2132.967741935484,
        2161.7419354838707,
        2147.1290322580644,
        2168.1290322580644,
        2178.451612903226,
        2162.1290322580644,
        2147.7096774193546,
        2158.548387096774,
        2103.2258064516127,
        2161.4193548387098,
        2157.3870967741937,
        2186.4193548387098,
        2177.516129032258,
        2180.516129032258,
        2119.7096774193546,
        2160.967741935484,
        2131.1290322580644,
        2174.064516129032,
        2117.483870967742,
        2149.2580645161293,
        2140.032258064516,
        2152.483870967742,
        2152.3548387096776,
        2147.2258064516127,
        2148.8709677419356,
        2157.2903225806454,
        2150.967741935484,
        2144.6129032258063,
        2137.8709677419356,
        2138.8709677419356,
        2141.7096774193546,
        2141.032258064516,
        2139.9032258064517,
        2132.3870967741937,
        2099.1612903225805,
        2177.9032258064517,
        2158.8064516129034,
        2149.0967741935483,
        2150.6451612903224,
        2127.5806451612902,
        2133.2903225806454,
        2147.0967741935483,
        2137.7096774193546,
        2136.1935483870966,
        2143.7419354838707,
        2152.4193548387098,
        2159.6774193548385,
        2135.967741935484,
        2159.2903225806454,
        2141.3548387096776,
        2149.4193548387098,
        2188.0967741935483,
        2162.4193548387098,
        2154.7419354838707,
        2144.032258064516,
        2124.0967741935483,
        2143.483870967742,
        2150.483870967742,
        2159.935483870968,
        2147.4193548387098,
        2151.8064516129034,
        2139.1290322580644,
        2141.451612903226,
        2149.032258064516,
        2180.1612903225805,
        2139.451612903226,
        2128.6451612903224,
        2118.6451612903224,
        2143.8387096774195,
        2150.8064516129034,
        2156.5806451612902,
        2146.1935483870966,
        2105.0967741935483,
        2154.7741935483873,
        2153.8387096774195,
        2163.1290322580644,
        2129.2903225806454,
        2157.935483870968,
        2162.7419354838707,
        2133.483870967742,
        2146.8064516129034,
        2154.8064516129034,
        2140.2903225806454,
        2143.6129032258063,
        2135.9032258064517,
        2132.5806451612902,
        2158.1612903225805,
        2121.1935483870966,
        2147.0967741935483,
        2148.0,
        2139.3870967741937,
        2163.935483870968,
        2155.9032258064517,
        2139.2580645161293,
        2153.935483870968,
        2166.1612903225805,
        2158.0967741935483,
        2141.1290322580644,
        2170.5806451612902,
        2152.2258064516127,
        2159.967741935484,
        2158.3225806451615,
        2142.483870967742,
        2121.967741935484,
        2161.935483870968,
        2147.1935483870966,
        2168.516129032258,
        2145.2903225806454,
        2160.9032258064517,
        2172.1290322580644,
        2117.4193548387098,
        2164.6451612903224,
        2151.0,
        2164.1290322580644,
        2162.032258064516,
        2146.8709677419356,
        2159.3870967741937,
        2129.6451612903224,
        2121.6129032258063,
        2142.8064516129034,
        2174.967741935484,
        2156.483870967742,
        2128.2258064516127,
        2169.032258064516,
        2137.2580645161293,
        2139.6451612903224,
        2145.1612903225805,
        2181.516129032258,
        2148.6129032258063,
        2145.2258064516127,
        2156.516129032258,
        2157.6129032258063,
        2167.6774193548385,
        2161.6451612903224,
        2152.4193548387098,
        2166.7419354838707,
        2140.967741935484,
        2165.483870967742,
        2167.6774193548385
    ],
    "opt": 2206,