{
    "agg": 2178,
    "iters": [
        1,
        2,
        3,
        4,
        5,
        6,
        7,
        8,
        9,
        10,
        11,
        12,
        13,
        14,
        15,
        16,
        17,
        18,
        19,
        20,
        21,
        22,
        23,
        24,
        25,
        26,
        27,
        28,
        29,
        30,
        31,
        32,
        33,
        34,
        35,
        36,
        37,
        38,
        39,
        40,
        41,
        42,
        43,
        44,
        45,
        46,
        47,
        48,
        49,
        50,
        51,
        52,
        53,
        54,
        55,
        56,
        57,
        58,
        59,
        60,
        61,
        62,
        63,
        64,
        65,
        66,
        67,
        68,
        69,
        70,
        71,
        72,
        73,
        74,
        75,
        76,
        77,
        78,
        79,
        80,
        81,
        82,
        83,
        84,
        85,
        86,
        87,
        88,
        89,
        90,
        91,
        92,
        93,
        94,
        95,
        96,
        97,
        98,
        99,
        100,
        101,
        102,
        103,
        104,
        105,
        106,
        107,
        108,
        109,
        110,
        111,
        112,
        113,
        114,
        115,
        116,
        117,
        118,
        119,
        120,
        121,
        122,
        123,
        124,
        125,
        126,
        127,
        128,
        129,
        130,
        131,
        132,
        133,
        134
    ],
    "means": [
        2144.7272727272725,
        2147.0,
        2120.818181818182,
        2126.7272727272725,
        2155.3636363636365,
        2153.4545454545455,
        2092.909090909091,
        2165.818181818182,
        2136.7272727272725,
        2158.2727272727275,
        2162.6363636363635,
        2146.0,
        2156.4545454545455,
        2174.5454545454545,
        2114.7272727272725,
        2134.090909090909,
        2151.909090909091,
        2195.7272727272725,
        2137.818181818182,
        2164.181818181818,
        2159.5454545454545,
        2179.0,
        2136.7272727272725,
        2171.181818181818,
        2192.5454545454545,
        2161.818181818182,
        2171.2727272727275,
        2120.7272727272725,
        2178.909090909091,
        2139.181818181818,
        2154.6363636363635,
        2155.909090909091,
        2156.5454545454545,
        2159.5454545454545,
        2139.7272727272725,
        2141.7272727272725,
        2169.818181818182,
        2165.090909090909,
        2188.909090909091,
        2106.6363636363635,
        2173.0,
        2150.818181818182,
        2164.818181818182,
        2127.3636363636365,
        2134.2727272727275,
        2124.181818181818,
        2137.2727272727275,
        2158.5454545454545,
        2128.909090909091,
        2178.2727272727275,
        2114.7272727272725,
        2116.7272727272725,
        2133.909090909091,
        2198.181818181818,
        2171.0,
        2108.5454545454545,
        2154.2727272727275,
        2141.5454545454545,
        2165.7272727272725,
        2122.6363636363635,
        2115.909090909091,
        2184.3636363636365,
        2119.3636363636365,
        2121.0,
        2133.181818181818,
        2119.909090909091,
        2153.3636363636365,
        2167.090909090909,
        2132.2727272727275,
        2181.2727272727275,
        2179.5454545454545,
        2136.090909090909,
        2132.4545454545455,
        2179.0,
        2139.5454545454545,
        2158.0,
        2168.5454545454545,
        2115.818181818182,
        2159.090909090909,
        2161.090909090909,
        2100.090909090909,
        2147.2727272727275,
        2154.5454545454545,
        2159.6363636363635,
        2134.181818181818,
        2102.3636363636365,
        2217.090909090909,
        2171.6363636363635,
        2127.2727272727275,
        2192.4545454545455,
        2101.4545454545455,
        2155.0,
        2135.0,
        2152.090909090909,
        2170.3636363636365,
        2205.181818181818,
        2131.090909090909,
        2127.4545454545455,
        2160.0,
        2173.5454545454545,
        2097.7272727272725,
        2114.4545454545455,
        2183.909090909091,
        2135.818181818182,
        2134.181818181818,
        2160.7272727272725,
        2159.909090909091,
        2078.4545454545455,
        2174.090909090909,
        2159.090909090909,
        2184.909090909091,
        2142.0,
        2151.4545454545455,
        2127.0,
        2137.090909090909,
        2182.090909090909,
        2169.818181818182,
        2129.0,
        2166.5454545454545,
        2134.818181818182,
        2127.2727272727275,
        2162.3636363636365,
        2190.909090909091,
        2151.0,
        2186.5454545454545,
        2172.0,
        2151.909090909091,
        2127.5454545454545,
        2144.818181818182,
        2187.2727272727275,
        2154.909090909091,
        2129.7272727272725,
        2201.6363636363635,
        2167.4545454545455
    ],
    "opt": 2255,