{
    "agg": 2218,
    "iters": [
        1,
        2,
        3,
        4,
        5,
        6,
        7,
        8,
        9,
        10,
        11,
        12,
        13,
        14,
        15,
        16,
        17,
        18,
        19,
        20,
        21,
        22,
        23,
        24,
        25,
        26,
        27,
        28,
        29,
        30,
        31,
        32,
        33,
        34,
        35,
        36,
        37,
        38,
        39,
        40,
        41,
        42,
        43,
        44,
        45,
        46,
        47,
        48,
        49,
        50,
        51,
        52,
        53,
        54,
        55,
        56,
        57,
        58,
        59,
        60,
        61,
        62,
        63,
        64,
        65,
        66,
        67,
        68,
        69,
        70,
        71,
        72,
        73,
        74,
        75,
        76,
        77,
        78,
        79,
        80,
        81,
        82,
        83,
        84,
        85,
        86,
        87,
        88,
        89,
        90,
        91,
        92,
        93,
        94,
        95,
        96,
        97,
        98,
        99,
        100,
        101,
        102,
        103,
        104,
        105,
        106,
        107,
        108,
        109,
        110,
        111,
        112,
        113,
        114,
        115,
        116,
        117,
        118,
        119,
        120,
        121,
        122,
        123,
        124,
        125,
        126,
        127,
        128,
        129,
        130,
        131,
        132,
        133,
        134,
        135,
        136,
        137,
        138,
        139,
        140,
        141,
        142
    ],
    "means": [
        2124.431818181818,
        2169.6363636363635,
        2151.909090909091,
        2159.6136363636365,
        2151.2727272727275,
        2161.2954545454545,
        2142.1363636363635,
        2138.2954545454545,
        2135.9772727272725,
        2138.818181818182,
        2155.590909090909,
        2141.8863636363635,
        2156.5454545454545,
        2176.25,
        2148.181818181818,
        2140.068181818182,
        2156.7954545454545,
        2154.340909090909,
        2164.1136363636365,
        2148.840909090909,
        2138.6136363636365,
        2143.818181818182,
        2142.681818181818,
        2165.5227272727275,
        2122.8863636363635,
        2141.3636363636365,
        2152.75,
        2164.3636363636365,
        2134.2045454545455,
        2165.2727272727275,
        2129.7727272727275,
        2154.931818181818,
        2131.909090909091,
        2151.181818181818,
        2137.2727272727275,
        2169.5,
        2142.8636363636365,
        2148.409090909091,
        2153.2727272727275,
        2131.9772727272725,
        2134.8636363636365,
        2144.181818181818,
        2174.1136363636365,
        2157.0,
        2122.7045454545455,
        2151.590909090909,
        2159.25,
        2154.8863636363635,
        2152.5,
        2145.1363636363635,
        2171.0454545454545,
        2137.2272727272725,
        2156.3863636363635,
        2139.3863636363635,
        2166.7045454545455,
        2139.0,
        2163.2727272727275,
        2146.8863636363635,
        2168.4772727272725,
        2166.2954545454545,
        2129.409090909091,
        2145.681818181818,
        2161.318181818182,
        2144.5454545454545,
        2155.1363636363635,
        2149.659090909091,
        2142.318181818182,
        2170.9772727272725,
        2144.6136363636365,
        2150.7727272727275,
        2128.75,
        2159.659090909091,
        2154.25,
        2196.318181818182,
        2165.9545454545455,
        2127.8863636363635,
        2143.431818181818,
        2157.5454545454545,
        2129.9545454545455,
        2140.7045454545455,
        2142.6363636363635,
        2137.0227272727275,
        2147.5227272727275,
        2154.409090909091,
        2157.931818181818,
        2136.0,
        2155.2272727272725,
        2148.2727272727275,
        2166.8636363636365,
        2156.3863636363635,
        2158.159090909091,
        2127.4772727272725,
        2173.5227272727275,
        2155.8863636363635,
        2154.090909090909,
        2134.6363636363635,
        2161.7954545454545,
        2143.431818181818,
        2143.568181818182,
        2136.8863636363635,
        2139.818181818182,
        2152.6363636363635,
        2134.318181818182,
        2159.931818181818,
        2148.5454545454545,
        2143.4772727272725,
        2148.659090909091,
        2142.590909090909,
        2149.0,
        2154.318181818182,
        2142.4545454545455,
        2143.090909090909,
        2153.5454545454545,
        2140.340909090909,
        2150.0227272727275,
        2147.409090909091,
        2154.2045454545455,
        2134.909090909091,
        2144.5227272727275,
        2131.2954545454545,
        2165.9545454545455,
        2159.5,
        2136.318181818182,
        2141.2045454545455,
        2145.6136363636365,
        2127.5454545454545,
        2146.0227272727275,
        2167.3863636363635,
        2163.9545454545455,
        2156.1136363636365,
        2161.931818181818,
        2151.3863636363635,
        2197.0227272727275,
        2144.7272727272725,
        2143.159090909091,
        2148.4545454545455,
        2150.7272727272725,
        2161.2954545454545,
        2145.431818181818,
        2156.681818181818,
        2148.181818181818,
        2131.9772727272725
    ],
    "opt": 2255,