{
    "agg": 2168,
    "iters": [
        1,
        2,
        3,
        4,
        5,
        6,
        7,
        8,
        9,
        10,
        11,
        12,
        13,
        14,
        15,
        16,
        17,
        18,
        19,
        20,
        21,
        22,
        23,
        24,
        25,
        26,
        27,
        28,
        29,
        30,
        31,
        32,
        33,
        34,
        35,
        36,
        37,
        38,
        39,
        40,
        41,
        42,
        43,
        44,
        45,
        46,
        47,
        48,
        49,
        50,
        51,
        52,
        53,
        54,
        55,
        56,
        57,
        58,
        59,
        60,
        61,
        62,
        63,
        64,
        65,
        66,
        67,
        68,
        69,
        70,
        71,
        72,
        73,
        74,
        75,
        76,
        77,
        78,
        79,
        80,
        81,
        82,
        83,
        84,
        85,
        86,
        87,
        88,
        89,
        90,
        91,
        92,
        93,
        94,
        95,
        96,
        97,
        98,
        99,
        100,
        101,
        102,
        103,
        104,
        105,
        106,
        107,
        108,
        109,
        110,
        111,
        112,
        113,
        114,
        115,
        116,
        117
    ],
    "means": [
        2130.285714285714,
        2128.0476190476193,
        2143.190476190476,
        2148.3809523809523,
        2159.904761904762,
        2163.0,
        2165.5238095238096,
        2144.714285714286,
        2154.1428571428573,
        2122.5714285714284,
        2139.1428571428573,
        2161.6666666666665,
        2118.8571428571427,
        2157.4761904761904,
        2143.5714285714284,
        2169.6190476190477,
        2146.1428571428573,
        2156.1428571428573,
        2149.4285714285716,
        2112.190476190476,
        2143.8571428571427,
        2141.5714285714284,
        2138.3333333333335,
        2135.190476190476,
        2141.0476190476193,
        2130.1428571428573,
        2143.904761904762,
        2122.5238095238096,
        2155.4761904761904,
        2165.5714285714284,
        2134.904761904762,
        2139.3809523809523,
        2162.3809523809523,
        2155.809523809524,
        2154.1428571428573,
        2098.904761904762,
        2111.0,
        2128.809523809524,
        2125.4285714285716,
        2145.2380952380954,
        2207.6666666666665,
        2131.4285714285716,
        2164.4761904761904,
        2152.9523809523807,
        2150.904761904762,
        2124.2380952380954,
        2160.0,
        2153.0476190476193,
        2118.2380952380954,
        2176.4285714285716,
        2155.9523809523807,
        2123.6190476190477,
        2163.6190476190477,
        2154.2380952380954,
        2108.0476190476193,
        2153.095238095238,
        2183.809523809524,
        2165.190476190476,
        2186.2380952380954,
        2174.809523809524,
        2147.095238095238,
        2128.285714285714,
        2132.4761904761904,
        2147.1428571428573,
        2141.285714285714,
        2149.904761904762,
        2156.7619047619046,
        2185.4761904761904,
        2133.190476190476,
        2135.6666666666665,
        2150.9523809523807,
        2164.809523809524,
        2158.8571428571427,
        2152.7619047619046,
        2128.4761904761904,
        2148.904761904762,
        2120.5714285714284,
        2163.190476190476,
        2125.095238095238,
        2126.6190476190477,
        2181.6190476190477,
        2183.0476190476193,
        2186.5238095238096,
        2173.809523809524,
        2168.7619047619046,
        2145.5714285714284,
        2145.3333333333335,
        2149.0476190476193,
        2162.714285714286,
        2171.0476190476193,
        2170.4761904761904,
        2168.3809523809523,
        2164.4285714285716,
        2143.7619047619046,
        2136.0476190476193,
        2163.1428571428573,
        2172.714285714286,
        2150.4285714285716,
        2140.4285714285716,
        2129.809523809524,
        2133.0,
        2156.809523809524,
        2112.4761904761904,
        2111.5714285714284,
        2181.0476190476193,
        2168.0476190476193,
        2174.1428571428573,
        2144.714285714286,
        2178.3809523809523,
        2157.4285714285716,
        2154.1428571428573,
        2150.285714285714,
        2143.6190476190477,
        2092.9523809523807,
        2131.5238095238096,
        2136.6190476190477,
        2160.5714285714284
    ],
    "opt": 2225,
    "stdevs": [
        85.27945258978627,
        76.87372217473103,
        109.34724898998604,
        78.00029071403466,
        87.23635369440707,
        91.31264972609216,
        99.00823392772708,
        88.32415560074736,
        102.72584212093753,
        90.7883836856065,
        90.13391397792283,
        87.17488352421422,
        88.10993442409139,
        81.90332224648363,
        90.09918948347001,
        82.86964875518211,
        93.55939580938777,
        95.20168351566943,
        82.86050896282397,
        90.11084129460151,
        84.29556036114026,
        80.17158469930153,
        73.22199339993631,
        79.47962844571231,
        107.73179934248365,
        84.51220577626682,
        88.99005014575118,
        69.14898962703585,
        92.72263762611949,
        71.29320506496657,
        78.86571151973929,
        77.93677302512056,
        82.06238984860482,
        102.92374386969314,
        74.30906226493427,
        75.93788486833594,
        74.32105386509967,
        86.3661193753877,
        80.30215049517454,
        83.89727548894017,
        55.035342180174446,
        78.39252359187093,
        98.8778077309464,
        91.22472314772287,
        78.39880025922697,
        84.86903342484301,
        74.37997682428352,
        74.4730543731382,
        73.91237074233807,
        88.29796493829797,
        67.84609768086548,
        85.9038644235665,
        90.6660414144107,
        86.58104090383142,
        85.21763521404431,
        89.01412662734508,
        70.78446093103382,
        105.33195555802618,
        78.7557434107596,
        61.40856078649361,
        82.651825527562,
        85.39886408140659,
        93.58704583109935,
        90.95382696432175,
        89.62043923822122,
        83.99370994698113,
        86.31608842030208,
        71.47401728874829,
        67.37995960904176,
        85.73121525932821,
        81.30394249825551,
        82.15294624031276,
        96.57678204378097,
        90.90020941979374,
        80.91007297794911,
        78.81255928552116,
        88.63546072514761,
        88.89781134357585,
        91.17743286054147,
        87.95262587946407,
        71.07908150549217,
        90.99318456449475,
        78.55881572646491,
        94.41025925265853,
        78.88563437443852,
        72.745198780251,
        85.4062188732309,
        82.86160360187294,
        71.02323084546275,
        88.48485272066475,
        91.22584170623661,
        90.14352375674831,
        84.17587677768802,
        79.57081587635649,
        90.17098899444225,
        95.11060514413917,
        92.48739572150866,
        91.82570001733431,
        71.4653238781355,
        80.9112500551532,
        101.35651363944429,
        84.51802797128076,
        88.76647750330454,
        75.83350900779533,
        91.53530476346593,
        94.03468265459352,
        98.25151675275902,
        99.17619859294335,
        75.6920302720968,
        75.68705709858786,
        83.54769707822491,
        93.4737767439377,
        89.79896923285615,
        73.44416485653522,
        73.82128938483741,
        92.95594255471688,
        81.20671531495962
    ]
}