{
    "agg": 2203,
    "iters": [
        1,
        2,
        3,
        4,
        5,
        6,
        7,
        8,
        9,
        10,
        11,
        12,
        13,
        14,
        15,
        16,
        17,
        18,
        19,
        20,
        21,
        22,
        23,
        24,
        25,
        26,
        27,
        28,
        29,
        30,
        31,
        32,
        33,
        34,
        35,
        36,
        37,
        38,
        39,
        40,
        41,
        42,
        43,
        44,
        45,
        46,
        47,
        48,
        49,
        50,
        51,
        52,
        53,
        54,
        55,
        56,
        57,
        58,
        59,
        60,
        61,
        62,
        63,
        64,
        65,
        66,
        67,
        68,
        69,
        70,
        71,
        72,
        73,
        74,
        75,
        76,
        77,
        78,
        79,
        80,
        81,
        82,
        83,
        84,
        85,
        86,
        87,
        88,
        89,
        90,
        91,
        92,
        93,
        94,
        95,
        96,
        97,
        98,
        99,
        100,
        101
    ],
    "means": [
        2154.59375,
        2177.3125,
        2152.0625,
        2161.15625,
        2142.3125,
        2135.03125,
        2139.8125,
        2136.75,
        2139.875,
        2146.90625,
        2176.5,
        2125.4375,
        2156.75,
        2163.84375,
        2126.8125,
        2165.84375,
        2145.375,
        2126.46875,
        2154.65625,
        2150.84375,
        2147.5625,
        2158.0,
        2169.15625,
        2164.40625,
        2169.28125,
        2130.6875,
        2140.84375,
        2144.4375,
        2133.40625,
        2128.8125,
        2139.75,
        2163.15625,
        2133.75,
        2153.03125,
        2154.3125,
        2160.78125,
        2158.5625,
        2143.34375,
        2154.59375,
        2170.78125,
        2165.90625,
        2153.5625,
        2172.1875,
        2130.9375,
        2138.375,
        2149.53125,
        2141.65625,
        2141.625,
        2143.9375,
        2133.1875,
        2155.09375,
        2162.8125,
        2153.8125,
        2167.875,
        2147.125,
        2114.15625,
        2173.65625,
        2162.15625,
        2125.21875,
        2166.6875,
        2150.03125,
        2175.875,
        2140.875,
        2166.65625,
        2160.34375,
        2136.6875,
        2172.46875,
        2133.40625,
        2162.03125,
        2135.375,
        2154.875,
        2136.84375,
        2164.8125,
        2138.34375,
        2146.6875,
        2164.9375,
        2159.78125,
        2147.09375,
        2152.09375,
        2154.875,
        2137.3125,
        2144.65625,
        2141.9375,
        2153.0,
        2128.90625,
        2142.21875,
        2155.875,
        2144.28125,
        2142.96875,
        2144.71875,
        2144.0,
        2161.5625,
        2133.78125,
        2175.375,
        2146.5625,
        2176.0625,
        2163.1875,
        2149.28125,
        2166.65625,
        2143.84375,
        2164.09375
    ],
    "opt": 2239,
    "stdevs": [
        88.32463535694613,
        81.00171198036496,
        79.66882134028343,
        77.9427311295768,
        84.80103091207087,
        88.81000942144698,
        91.64006953156463,
        87.35809922382698,
        87.31578823443101,
        85.94342593204846,
        82.31570324063325,
        87.72682653413379,
        88.32114695813229,
        92.37596730718168,
        75.97838405592738,
        88.13948794914513,
        79.41534407782919,
        88.72393433249846,
        98.15727474791413,
        80.59819685289182,
        87.53318567120701,
        94.4437663374349,
        74.11524361383088,
        84.8365558644238,
        75.42141372605992,
        86.79733488852062,
        80.77674068652126,
        94.92626661651663,
        93.49694492836383,
        83.06226486046477,
        89.07124957021766,
        83.01246494314874,
        84.64632301523794,
        86.97933819843365,
        83.01597643676789,
        90.69307249419604,
        85.76090947366404,
        80.58094120781601,
        84.52804984700344,
        85.97700796397547,
        80.011858251996,
        87.12201842100538,
        87.03427396003255,
        95.13705163473377,
        81.10824172055513,
        91.32975431609077,
        74.62891923334747,
        89.94955183323594,
        83.52729250819758,
        76.20918477289992,
        87.39005927986031,
        80.63824988025223,
        81.97615411660881,
        84.7794012422829,
        89.03220976141162,
        78.12934362925046,
        92.76940813618194,
        77.56413047238718,
        71.69934377968532,
        89.23299470347277,
        78.98515856436258,
        85.09507550381514,
        91.942832102345,
        100.87480154100676,
        85.31947659202733,
        83.19346334748903,
        89.71691046529355,
        83.48010967252918,
        81.25249395210894,
        75.96041320977658,
        94.49098832692988,
        102.65631659054156,
        98.13588713488048,
        66.23943754243011,
        86.98902139781778,
        84.78020755901699,
        86.97870945488614,
        94.46605189663374,
        85.4558948284874,
        89.28841960187222,
        90.70192855584715,
        87.64723661324126,
        69.56738527320113,
        92.18188542224551,
        77.99814075308142,
        88.13580939911711,
        89.13674536912373,
        81.45790108048145,
        95.2950957470399,
        83.76314612308626,
        103.18006105832657,
        87.27862621369565,
        77.67268437769806,
        86.6461013260262,
        87.24460495497702,
        81.3579811312326,
        79.71215304926847,
        81.80244280238519,
        81.49869990335735,
        80.41964521146248,
        95.33112010743135
    ]
}