{
    "agg": 2194,
    "iters": [
        1,
        2,
        3,
        4,
        5,
        6,
        7,
        8,
        9,
        10,
        11,
        12,
        13,
        14,
        15,
        16,
        17,
        18,
        19,
        20,
        21,
        22,
        23,
        24,
        25,
        26,
        27,
        28,
        29,
        30,
        31,
        32,
        33,
        34,
        35,
        36,
        37,
        38,
        39,
        40,
        41,
        42,
        43,
        44,
        45,
        46,
        47,
        48,
        49,
        50,
        51,
        52,
        53,
        54,
        55,
        56,
        57,
        58,
        59,
        60,
        61,
        62,
        63,
        64,
        65,
        66,
        67,
        68,
        69,
        70,
        71,
        72,
        73,
        74,
        75,
        76,
        77,
        78,
        79,
        80,
        81,
        82,
        83,
        84,
        85,
        86,
        87,
        88,
        89,
        90,
        91,
        92,
        93,
        94,
        95,
        96,
        97,
        98,
        99,
        100,
        101,
        102,
        103,
        104,
        105,
        106,
        107,
        108,
        109,
        110
    ],
    "means": [
        2130.181818181818,
        2138.6363636363635,
        2147.0454545454545,
        2186.0,
        2124.090909090909,
        2160.0,
        2138.318181818182,
        2131.681818181818,
        2167.681818181818,
        2163.8636363636365,
        2139.1363636363635,
        2147.181818181818,
        2168.818181818182,
        2140.181818181818,
        2150.2727272727275,
        2167.7727272727275,
        2164.0454545454545,
        2179.2272727272725,
        2105.090909090909,
        2160.590909090909,
        2190.909090909091,
        2144.409090909091,
        2162.2727272727275,
        2158.818181818182,
        2186.681818181818,
        2142.590909090909,
        2142.2727272727275,
        2146.0454545454545,
        2112.5454545454545,
        2138.818181818182,
        2125.9545454545455,
        2158.181818181818,
        2136.090909090909,
        2146.909090909091,
        2128.681818181818,
        2157.1363636363635,
        2142.9545454545455,
        2144.9545454545455,
        2162.318181818182,
        2167.0,
        2133.4545454545455,
        2127.0,
        2140.318181818182,
        2136.409090909091,
        2149.2727272727275,
        2132.0,
        2167.181818181818,
        2161.4545454545455,
        2144.0,
        2131.4545454545455,
        2151.3636363636365,
        2149.0,
        2159.590909090909,
        2157.0454545454545,
        2147.6363636363635,
        2151.1363636363635,
        2155.0,
        2139.2272727272725,
        2130.9545454545455,
        2160.818181818182,
        2166.681818181818,
        2158.6363636363635,
        2146.8636363636365,
        2136.909090909091,
        2135.3636363636365,
        2157.590909090909,
        2123.6363636363635,
        2149.2272727272725,
        2141.7272727272725,
        2140.090909090909,
        2140.1363636363635,
        2150.5454545454545,
        2162.090909090909,
        2167.5454545454545,
        2146.7727272727275,
        2113.590909090909,
        2165.4545454545455,
        2181.5454545454545,
        2162.7272727272725,
        2128.909090909091,
        2139.9545454545455,
        2153.2727272727275,
        2151.3636363636365,
        2137.7727272727275,
        2163.0,
        2143.318181818182,
        2150.0454545454545,
        2138.681818181818,
        2155.9545454545455,
        2162.6363636363635,
        2164.9545454545455,
        2155.818181818182,
        2173.0,
        2136.0454545454545,
        2169.5,
        2154.0,
        2162.5454545454545,
        2166.3636363636365,
        2150.2272727272725,
        2149.1363636363635,
        2173.0454545454545,
        2142.090909090909,
        2149.5454545454545,
        2116.0,
        2149.318181818182,
        2169.4545454545455,
        2186.0,
        2157.5454545454545,
        2149.8636363636365,
        2144.6363636363635
    ],
    "opt": 2281,
    "stdevs": [
        83.2382322360652,
        89.91387063313093,
        91.30990052499399,
        88.68329759727743,
        65.74807919137541,
        86.96237430897655,
        87.09941361019412,
        87.48474483309873,
        93.40011016327763,
        78.38442299714299,
        82.12368468826067,
        93.58935271786402,
        80.54904568230823,
        81.42460894685807,
        69.28477585508418,
        81.28900843633156,
        78.96689598279158,
        88.15942780408572,
        81.01622121015983,
        62.869026259438094,
        78.32444706644576,
        86.26737458248843,
        94.90386610487948,
        84.96503899392779,
        85.63420427696377,
        78.18373412028704,
        89.74164018710084,
        78.27659424509712,
        72.07050037840301,
        93.38952460412851,
        83.61137225430481,
        73.4430121458662,
        92.20624564278273,
        72.60159595723218,
        91.26753199629218,
        86.08204091792341,
        89.68301616487791,
        81.45689170728018,
        69.3301628990103,
        90.30705197471367,
        91.32844188707405,
        84.10491283888453,
        101.62649366615003,
        93.27947211126022,
        78.17822401886475,
        85.8216967693114,
        95.21393918369323,
        89.298135617679,
        88.74222116998097,
        75.72601766939891,
        90.2297801346124,
        91.49764030737722,
        97.32450830780175,
        84.20239538415609,
        92.14689135709821,
        81.99960945280911,
        95.91663046625439,
        92.26145251314178,
        85.55512697709071,
        98.70554758455546,
        85.22130888224673,
        78.37528915680772,
        92.77063380115374,
        77.95156368535358,
        88.66409822498386,
        82.16096125118673,
        81.68651021076383,
        88.79902324308314,
        88.85492865962719,
        90.56334251928018,
        84.7146522984636,
        85.3360881098044,
        87.87331226410248,
        99.29237234859266,
        75.98560379092262,
        78.77393378921799,
        101.72767893330224,
        84.3481568870828,
        92.45597567500182,
        76.19586548727806,
        77.43118779261498,
        89.91115909010193,
        85.0681787822116,
        81.5826027678706,
        78.63436676392604,
        88.74241906860979,
        87.37145220927157,
        76.00979982490078,
        90.36264175417509,
        83.53308841114479,
        80.15183164284194,
        79.98956543520158,
        84.8372773983444,
        78.07134107673994,
        86.71413327186583,
        85.3660566991567,
        86.22735659170695,
        93.94657352818116,
        95.20118974532629,
        99.81359693063568,
        92.01703264896484,
        60.89178858725839,
        78.07614422805894,
        89.93128690081313,
        93.3855090781494,
        92.5211166425989,
        89.45034173419147,
        74.71991779774974,
        83.24732889765919,
        86.88735939790378
    ]
}