{
    "agg": 2279,
    "iters": [
        1,
        2,
        3,
        4,
        5,
        6,
        7,
        8,
        9,
        10,
        11,
        12,
        13,
        14,
        15,
        16,
        17,
        18,
        19,
        20,
        21,
        22,
        23,
        24,
        25,
        26,
        27,
        28,
        29,
        30,
        31,
        32,
        33,
        34,
        35,
        36,
        37,
        38,
        39,
        40,
        41,
        42,
        43,
        44,
        45,
        46,
        47,
        48,
        49,
        50,
        51,
        52,
        53,
        54,
        55,
        56,
        57,
        58,
        59,
        60,
        61,
        62,
        63,
        64,
        65,
        66,
        67,
        68,
        69,
        70,
        71,
        72,
        73,
        74,
        75,
        76,
        77,
        78,
        79,
        80,
        81,
        82,
        83,
        84,
        85,
        86,
        87,
        88,
        89,
        90,
        91,
        92,
        93,
        94,
        95,
        96,
        97,
        98,
        99,
        100,
        101,
        102,
        103,
        104,
        105,
        106,
        107,
        108,
        109,
        110,
        111,
        112,
        113,
        114,
        115,
        116,
        117,
        118,
        119,
        120,
        121,
        122,
        123,
        124,
        125,
        126,
        127,
        128,
        129,
        130,
        131,
        132,
        133,
        134,
        135,
        136,
        137,
        138,
        139,
        140,
        141,
        142,
        143,
        144
    ],
    "means": [
        2163.3055555555557,
        2146.6388888888887,
        2151.8888888888887,
        2149.1944444444443,
        2139.8055555555557,
        2118.0555555555557,
        2157.3888888888887,
        2158.6666666666665,
        2142.9444444444443,
        2148.777777777778,
        2176.6111111111113,
        2161.277777777778,
        2164.8333333333335,
        2131.0,
        2148.5555555555557,
        2136.777777777778,
        2143.4166666666665,
        2168.3888888888887,
        2124.6111111111113,
        2164.0,
        2148.9166666666665,
        2147.4166666666665,
        2151.527777777778,
        2148.6388888888887,
        2161.722222222222,
        2152.0555555555557,
        2141.0555555555557,
        2126.1666666666665,
        2157.8055555555557,
        2133.222222222222,
        2150.472222222222,
        2166.25,
        2115.0833333333335,
        2156.8611111111113,
        2149.5555555555557,
        2136.8333333333335,
        2134.8611111111113,
        2142.027777777778,
        2135.1388888888887,
        2167.1944444444443,
        2155.972222222222,
        2141.4166666666665,
        2170.4444444444443,
        2164.222222222222,
        2149.6666666666665,
        2159.972222222222,
        2173.1666666666665,
        2126.6666666666665,
        2160.527777777778,
        2144.0833333333335,
        2150.8055555555557,
        2148.972222222222,
        2140.722222222222,
        2157.8333333333335,
        2161.0555555555557,
        2155.25,
        2154.777777777778,
        2154.3333333333335,
        2157.3888888888887,
        2177.1666666666665,
        2172.25,
        2158.1666666666665,
        2167.8333333333335,
        2160.5555555555557,
        2136.8055555555557,
        2137.4444444444443,
        2144.4444444444443,
        2160.722222222222,
        2152.1944444444443,
        2172.8333333333335,
        2157.8333333333335,
        2130.3055555555557,
        2189.5,
        2145.1388888888887,
        2162.5555555555557,
        2146.6111111111113,
        2149.1944444444443,
        2147.0833333333335,
        2140.4444444444443,
        2146.3055555555557,
        2156.722222222222,
        2145.1111111111113,
        2154.0,
        2162.1944444444443,
        2150.1944444444443,
        2140.777777777778,
        2134.1666666666665,
        2152.6111111111113,
        2153.472222222222,
        2145.0,
        2144.472222222222,
        2160.5,
        2154.8611111111113,
        2125.472222222222,
        2148.75,
        2135.8333333333335,
        2183.3888888888887,
        2153.4166666666665,
        2157.9166666666665,
        2162.1111111111113,
        2160.527777777778,
        2154.0,
        2147.0833333333335,
        2149.4444444444443,
        2155.472222222222,
        2139.8611111111113,
        2144.6111111111113,
        2136.5833333333335,
        2156.8611111111113,
        2137.4444444444443,
        2149.3055555555557,
        2139.0833333333335,
        2129.0833333333335,
        2169.4166666666665,
        2155.1666666666665,
        2145.722222222222,
        2159.1944444444443,
        2144.722222222222,
        2171.75,
        2133.3888888888887,
        2137.472222222222,
        2183.6944444444443,
        2144.25,
        2126.8611111111113,
        2135.972222222222,
        2152.5555555555557,
        2161.722222222222,
        2165.1666666666665,
        2167.472222222222,
        2140.3333333333335,
        2146.6388888888887,
        2163.8611111111113,
        2158.527777777778,
        2178.9444444444443,
        2128.4166666666665,
        2168.0833333333335,
        2138.5,
        2146.777777777778,
        2145.027777777778,
        2167.8055555555557,
        2171.277777777778,
        2137.75,
        2196.6388888888887,
        2172.6388888888887
    ],
    "opt": 2289,