{
    "agg": 2106,
    "iters": [
        1,
        2,
        3,
        4,
        5,
        6,
        7,
        8,
        9,
        10,
        11,
        12,
        13,
        14,
        15,
        16,
        17,
        18,
        19,
        20,
        21,
        22,
        23,
        24,
        25,
        26,
        27,
        28,
        29,
        30,
        31,
        32,
        33,
        34,
        35,
        36,
        37,
        38,
        39,
        40,
        41,
        42,
        43,
        44,
        45,
        46,
        47,
        48,
        49,
        50,
        51,
        52,
        53,
        54,
        55,
        56,
        57,
        58,
        59,
        60,
        61,
        62,
        63,
        64,
        65,
        66,
        67,
        68,
        69,
        70,
        71,
        72,
        73,
        74,
        75,
        76,
        77,
        78,
        79,
        80,
        81,
        82,
        83,
        84,
        85,
        86,
        87,
        88,
        89,
        90,
        91,
        92,
        93,
        94,
        95,
        96,
        97,
        98,
        99,
        100,
        101,
        102,
        103,
        104,
        105,
        106,
        107,
        108,
        109,
        110,
        111,
        112,
        113,
        114,
        115,
        116,
        117,
        118,
        119
    ],
    "means": [
        2141.7083333333335,
        2180.4583333333335,
        2148.5416666666665,
        2176.5833333333335,
        2135.0833333333335,
        2163.5833333333335,
        2119.5416666666665,
        2153.125,
        2164.625,
        2141.9583333333335,
        2171.25,
        2121.9166666666665,
        2159.2916666666665,
        2146.5833333333335,
        2133.0,
        2148.2083333333335,
        2163.6666666666665,
        2120.875,
        2151.0,
        2187.625,
        2148.5833333333335,
        2156.1666666666665,
        2161.8333333333335,
        2179.0,
        2145.9583333333335,
        2129.7916666666665,
        2143.0833333333335,
        2166.6666666666665,
        2162.7083333333335,
        2138.8333333333335,
        2127.0,
        2163.9583333333335,
        2138.6666666666665,
        2151.125,
        2147.75,
        2153.625,
        2150.0833333333335,
        2151.375,
        2118.5,
        2151.1666666666665,
        2122.5833333333335,
        2150.7083333333335,
        2150.375,
        2149.0,
        2158.4166666666665,
        2144.0833333333335,
        2158.6666666666665,
        2140.5416666666665,
        2145.9583333333335,
        2152.7083333333335,
        2155.4166666666665,
        2124.75,
        2156.7083333333335,
        2177.5416666666665,
        2151.2916666666665,
        2177.9583333333335,
        2163.5416666666665,
        2161.2916666666665,
        2144.2083333333335,
        2160.5,
        2187.2083333333335,
        2141.125,
        2132.125,
        2168.1666666666665,
        2156.1666666666665,
        2140.5833333333335,
        2152.2916666666665,
        2119.0416666666665,
        2167.9166666666665,
        2150.9583333333335,
        2118.125,
        2124.375,
        2140.7916666666665,
        2155.6666666666665,
        2154.5,
        2145.4583333333335,
        2178.0416666666665,
        2163.875,
        2159.6666666666665,
        2161.0,
        2148.3333333333335,
        2137.3333333333335,
        2131.3333333333335,
        2150.2083333333335,
        2111.7916666666665,
        2144.4166666666665,
        2136.7916666666665,
        2123.625,
        2134.9583333333335,
        2153.7083333333335,
        2154.4166666666665,
        2156.5,
        2161.5416666666665,
        2173.1666666666665,
        2143.25,
        2162.5416666666665,
        2126.7083333333335,
        2144.7083333333335,
        2161.4166666666665,
        2159.5833333333335,
        2150.0416666666665,
        2142.5,
        2158.2083333333335,
        2161.3333333333335,
        2180.7916666666665,
        2182.0416666666665,
        2133.9166666666665,
        2151.875,
        2136.5833333333335,
        2145.4583333333335,
        2150.9583333333335,
        2158.7916666666665,
        2169.7916666666665,
        2157.375,
        2163.625,
        2172.0,
        2150.125,
        2169.5416666666665,
        2152.375
    ],
    "opt": 2293,
    "stdevs": [
        95.85209055565188,
        85.71852151405527,
        83.66997627916214,
        90.13874336574455,
        90.53448544922291,
        95.57366995615942,
        78.91291569755161,
        85.4972282689133,
        85.7811228748299,
        91.17038954921469,
        81.91776872775121,
        86.76208689411649,
        82.0941934440081,
        82.89396674199047,
        88.16556395025593,
        77.01243361013567,
        90.13539198832436,
        85.98464615848576,
        68.45558170570656,
        77.73341864989601,
        83.11584118298723,
        89.31109797904303,
        78.5915955359661,
        71.1582742904857,
        74.5494685687892,
        86.49613631383902,
        79.0004834725009,
        88.65695435528764,
        77.4276431938591,
        76.04092465391398,
        82.17562493424272,
        87.23028868397083,
        96.85843048261496,
        80.1848450456818,
        88.14961240224864,
        72.98105490468058,
        83.28060832043809,
        88.53615669130136,
        76.01425304945558,
        89.5058967641549,
        83.08224673311514,
        81.46035803110342,
        76.0097649976633,
        92.7779607449959,
        80.42383387749899,
        80.01245562758061,
        72.52451692741948,
        92.07695113629445,
        75.56811450972927,
        97.1478594577473,
        89.36484985098384,
        76.6573816841318,
        83.72399057153345,
        89.92866578881039,
        79.55945322349962,
        93.6938628222551,
        94.09347266002153,
        86.78732586360496,
        95.052607875265,
        78.49840762716146,
        86.8921645713173,
        102.29789526182833,
        76.74433339558911,
        67.74871872507175,
        86.24802735264281,
        91.60418324994164,
        68.77770906252177,
        87.62394990653081,
        75.75559201948211,
        88.96463677901586,
        85.40702181319753,
        82.95169904830159,
        81.05861005401518,
        86.95528863859991,
        88.81816630997663,
        96.16001385133474,
        77.41365037181033,
        95.68059386138167,
        82.0338683444561,
        91.55280807635923,
        83.15731410338412,
        96.6732756361458,
        76.50254171521942,
        93.87046889493817,
        89.48648835004211,
        73.44324150132688,
        91.40248864530744,
        71.71402262923665,
        88.1076421045429,
        98.6156170723256,
        75.15313071027418,
        78.64477096412705,
        95.61161852631835,
        76.71085682975752,
        71.06701649382316,
        87.40326994582195,
        73.16845812157646,
        84.67461207797504,
        74.37792944744353,
        83.11884897876988,
        85.62879148134438,
        63.459961130358934,
        90.50183201030917,
        94.05790178867956,
        92.50854877913837,
        100.8821421125772,
        76.77777275285399,
        81.88676760217938,
        86.40597812394438,
        89.41755008883261,
        91.66127825071803,
        86.36115020012697,
        71.09851098222022,
        96.57286217324894,
        73.58261371864054,
        83.82024417366806,
        92.66890547355497,
        83.35115434446936,
        74.40139587624236
    ]
}