{
    "agg": 2137,
    "iters": [
        1,
        2,
        3,
        4,
        5,
        6,
        7,
        8,
        9,
        10,
        11,
        12,
        13,
        14,
        15,
        16,
        17,
        18,
        19,
        20,
        21,
        22,
        23,
        24,
        25,
        26,
        27,
        28,
        29,
        30,
        31,
        32,
        33,
        34,
        35,
        36,
        37,
        38,
        39,
        40,
        41,
        42,
        43,
        44,
        45,
        46,
        47,
        48,
        49,
        50,
        51,
        52,
        53,
        54,
        55,
        56,
        57,
        58,
        59,
        60,
        61,
        62,
        63,
        64,
        65,
        66,
        67,
        68,
        69,
        70,
        71,
        72,
        73,
        74,
        75,
        76,
        77,
        78,
        79,
        80,
        81,
        82,
        83,
        84,
        85,
        86,
        87,
        88,
        89,
        90,
        91,
        92,
        93,
        94,
        95,
        96,
        97,
        98,
        99,
        100,
        101,
        102,
        103,
        104,
        105,
        106,
        107,
        108,
        109,
        110,
        111
    ],
    "means": [
        2136.0810810810813,
        2147.7027027027025,
        2136.108108108108,
        2163.4054054054054,
        2153.5675675675675,
        2158.0810810810813,
        2141.6486486486488,
        2171.864864864865,
        2116.4324324324325,
        2160.891891891892,
        2144.3513513513512,
        2140.5675675675675,
        2130.4864864864867,
        2136.837837837838,
        2154.324324324324,
        2148.054054054054,
        2157.2972972972975,
        2134.5135135135133,
        2141.2432432432433,
        2150.189189189189,
        2156.972972972973,
        2170.5405405405404,
        2117.2162162162163,
        2161.6216216216217,
        2159.3783783783783,
        2137.891891891892,
        2170.324324324324,
        2138.837837837838,
        2145.2972972972975,
        2178.864864864865,
        2151.108108108108,
        2127.5945945945946,
        2131.4054054054054,
        2156.7027027027025,
        2182.4864864864867,
        2144.9189189189187,
        2141.4324324324325,
        2172.6216216216217,
        2142.7027027027025,
        2133.5405405405404,
        2151.027027027027,
        2144.837837837838,
        2154.7297297297296,
        2169.135135135135,
        2145.4054054054054,
        2133.4594594594596,
        2123.675675675676,
        2130.972972972973,
        2119.972972972973,
        2154.5405405405404,
        2153.108108108108,
        2159.3513513513512,
        2139.7027027027025,
        2157.4864864864867,
        2190.6216216216217,
        2162.0810810810813,
        2155.7297297297296,
        2127.189189189189,
        2157.135135135135,
        2140.810810810811,
        2153.810810810811,
        2158.5675675675675,
        2143.108108108108,
        2141.5405405405404,
        2149.7837837837837,
        2134.7837837837837,
        2137.810810810811,
        2136.810810810811,
        2145.6216216216217,
        2156.2162162162163,
        2150.027027027027,
        2138.675675675676,
        2137.5675675675675,
        2159.7027027027025,
        2167.837837837838,
        2150.4594594594596,
        2150.2162162162163,
        2148.162162162162,
        2152.5405405405404,
        2150.891891891892,
        2161.891891891892,
        2140.027027027027,
        2154.027027027027,
        2183.6486486486488,
        2141.4594594594596,
        2147.837837837838,
        2140.7297297297296,
        2147.7567567567567,
        2147.7297297297296,
        2146.4054054054054,
        2142.2432432432433,
        2164.5945945945946,
        2153.4324324324325,
        2168.6216216216217,
        2154.0810810810813,
        2138.3513513513512,
        2154.162162162162,
        2149.2432432432433,
        2167.5945945945946,
        2121.0,
        2139.0810810810813,
        2159.810810810811,
        2134.837837837838,
        2143.4594594594596,
        2151.324324324324,
        2134.4864864864867,
        2144.6486486486488,
        2168.108108108108,
        2171.2702702702704,
        2148.324324324324,
        2169.0
    ],
    "opt": 2204,
    "stdevs": [
        95.77659206727107,
        94.11288933319041,
        83.64719467801552,
        86.71901174372675,
        92.89562307221564,
        78.4065559787757,
        88.08816720125668,
        82.01620214427713,
        84.21964222986533,
        85.00168004183364,
        84.29235360667198,
        76.98948350105323,
        86.0683642861793,
        78.65886438715224,
        99.05855599813353,
        87.98954051659436,
        89.26300794444467,
        98.87847349189637,
        82.28244218655688,
        85.06399430058298,
        84.32962561298548,
        79.54451230314794,
        79.46072806488685,
        91.98100607435985,
        88.76277261766754,
        85.31080974051827,
        87.60107800584821,
        93.17536895075241,
        86.87576244732189,
        91.32601599738548,
        89.18574112909008,
        76.51619134764329,
        84.24913487709146,
        87.81610541964257,
        77.35723436936487,
        88.73872319019391,
        86.87721703662714,
        79.32974335742003,
        89.38343303321653,
        84.56649218046007,
        89.37454939942701,
        81.23656263554341,
        74.61673192864144,
        93.82132592302622,
        89.423819143677,
        89.14779547215765,
        80.98183114683697,
        87.46597376601434,
        92.15072450228791,
        88.65011534712838,
        86.41220627734279,
        80.2847015874423,
        80.63124766989226,
        78.6327837625619,
        83.80684076811693,
        86.94558048802038,
        81.49138526801424,
        79.41027159302328,
        71.43667093805162,
        85.45801492872862,
        73.73027462745466,
        89.78699735531461,
        84.68982637256579,
        82.80213947966874,
        90.18813223752774,
        82.29483420625095,
        73.33626286288344,
        92.25283642833055,
        89.02394192130666,
        85.96703803741421,
        94.65570227008254,
        95.84871357933676,
        91.1901904813737,
        69.81514776579839,
        78.34211649519483,
        69.6099536974553,
        59.17730350859056,
        78.20088943764367,
        72.09925388323117,
        84.69174112828041,
        99.52475823545691,
        91.73625134089768,
        87.00558742122706,
        86.31939940934521,
        88.65926106550171,
        84.16506096485017,
        95.36094975284587,
        78.79443162017375,
        91.73394215430949,
        91.61153575994186,
        91.96985563888926,
        76.86895112109484,
        80.78116603500573,
        98.41318065736962,
        89.59107652788785,
        93.70661986371057,
        93.79059870869716,
        68.79872932728439,
        80.61468562457563,
        74.25412901432267,
        85.71901879171884,
        83.74279729829058,
        82.77501696262522,
        74.71336021289906,
        98.07059069710245,
        92.19885137984816,
        88.44152632816177,
        89.97350474378668,
        89.60352570544238,
        82.3437271947733,
        83.08055355122748
    ]
}