{
    "agg": 2162,
    "iters": [
        1,
        2,
        3,
        4,
        5,
        6,
        7,
        8,
        9,
        10,
        11,
        12,
        13,
        14,
        15,
        16,
        17,
        18,
        19,
        20,
        21,
        22,
        23,
        24,
        25,
        26,
        27,
        28,
        29,
        30,
        31,
        32,
        33,
        34,
        35,
        36,
        37,
        38,
        39,
        40,
        41,
        42,
        43,
        44,
        45,
        46,
        47,
        48,
        49,
        50,
        51,
        52,
        53,
        54,
        55,
        56,
        57,
        58,
        59,
        60,
        61,
        62,
        63,
        64,
        65,
        66,
        67,
        68,
        69,
        70,
        71,
        72,
        73,
        74,
        75,
        76,
        77,
        78,
        79,
        80,
        81,
        82,
        83,
        84,
        85,
        86,
        87,
        88,
        89,
        90,
        91,
        92,
        93,
        94,
        95,
        96,
        97,
        98,
        99,
        100,
        101,
        102,
        103,
        104
    ],
    "means": [
        2152.487804878049,
        2146.5365853658536,
        2180.7073170731705,
        2148.268292682927,
        2146.5853658536585,
        2144.390243902439,
        2133.2926829268295,
        2174.609756097561,
        2166.1951219512193,
        2157.731707317073,
        2168.4146341463415,
        2160.829268292683,
        2167.878048780488,
        2147.1463414634145,
        2150.0731707317073,
        2128.512195121951,
        2122.390243902439,
        2162.268292682927,
        2143.121951219512,
        2133.829268292683,
        2153.4146341463415,
        2135.487804878049,
        2148.439024390244,
        2155.560975609756,
        2134.4634146341464,
        2137.731707317073,
        2150.9756097560976,
        2131.8536585365855,
        2184.3414634146343,
        2155.2195121951218,
        2164.0975609756097,
        2174.268292682927,
        2157.487804878049,
        2141.7804878048782,
        2147.4146341463415,
        2155.0731707317073,
        2139.0975609756097,
        2151.5365853658536,
        2144.7804878048782,
        2124.756097560976,
        2155.2195121951218,
        2164.951219512195,
        2144.439024390244,
        2149.5853658536585,
        2161.390243902439,
        2153.4146341463415,
        2157.5365853658536,
        2132.756097560976,
        2153.512195121951,
        2154.2195121951218,
        2153.682926829268,
        2164.609756097561,
        2124.170731707317,
        2161.829268292683,
        2149.9024390243903,
        2131.2195121951218,
        2125.4634146341464,
        2159.0243902439024,
        2177.9024390243903,
        2167.9268292682927,
        2136.2195121951218,
        2141.5365853658536,
        2132.5365853658536,
        2151.439024390244,
        2154.7804878048782,
        2170.9268292682927,
        2161.170731707317,
        2152.560975609756,
        2164.0,
        2153.048780487805,
        2150.7073170731705,
        2146.512195121951,
        2155.0243902439024,
        2154.0,
        2141.878048780488,
        2140.512195121951,
        2139.756097560976,
        2138.2926829268295,
        2153.4634146341464,
        2178.121951219512,
        2137.4634146341464,
        2143.609756097561,
        2143.0975609756097,
        2154.487804878049,
        2137.170731707317,
        2162.8536585365855,
        2152.7073170731705,
        2140.2926829268295,
        2131.3414634146343,
        2145.829268292683,
        2141.048780487805,
        2151.317073170732,
        2154.439024390244,
        2133.0975609756097,
        2151.3414634146343,
        2174.512195121951,
        2152.0975609756097,
        2151.8048780487807,
        2154.8536585365855,
        2172.756097560976,
        2136.268292682927,
        2140.829268292683,
        2158.2926829268295,
        2156.1463414634145
    ],
    "opt": 2281,
    "stdevs": [
        92.92486394439263,
        83.84017826066031,
        85.0088213220134,
        87.53620140045862,
        79.41369778317754,
        84.19457083729982,
        92.11611016178706,
        101.2265939338705,
        90.31252499696036,
        85.55643534411882,
        88.46881098754,
        89.95063753052298,
        88.85427783104012,
        95.2489833440679,
        87.3988307796722,
        81.4488083882408,
        93.12223230099781,
        74.04976058993392,
        84.69290151437988,
        91.04726792730015,
        83.0926534305798,
        83.90735947001443,
        88.35158391073695,
        85.38722380597748,
        76.41098681088633,
        86.43311932701066,
        76.43281373122475,
        87.67277325111793,
        83.46420578091488,
        80.61910207434862,
        83.50604034762374,
        72.77597579684266,
        79.96557855551366,
        85.49782829794266,
        84.26496410778125,
        85.11696120673254,
        95.01804831844464,
        79.4705337510812,
        84.45651563916421,
        86.73474575599063,
        84.55753192140897,
        94.6639631176877,
        87.25881010254265,
        88.6186611437734,
        81.20311121300846,
        86.36930789821909,
        91.03365701921183,
        86.6956494499664,
        88.78313450892698,
        84.39700381779312,
        87.19041092509731,
        80.83734890500364,
        72.5601188717612,
        90.84398377036028,
        84.14731706751509,
        82.90591558378954,
        82.24416283267519,
        79.19795753860534,
        85.12796819882944,
        88.01036253951409,
        77.37917795020732,
        93.92760511678354,
        93.23850810270574,
        85.4645979425821,
        76.41335351156889,
        97.07638185643665,
        87.90097045415186,
        86.94154155424593,
        87.69709509330899,
        82.05945233807611,
        87.91660236184453,
        93.45407687963828,
        87.5059545862042,
        87.53647323454072,
        72.60625355111864,
        88.9083172468653,
        84.28574525424601,
        88.51932237802839,
        87.66652378883472,
        81.32236218479326,
        83.7356751669045,
        84.0432171197828,
        83.18882572652697,
        79.42142057657337,
        83.65839436807936,
        84.2671596408244,
        77.5217495531255,
        90.80594261805294,
        82.65019137572388,
        91.22202944224692,
        85.5492872401242,
        96.36273923765809,
        71.059936494891,
        83.57523407175549,
        78.68852141663653,
        87.21074054216686,
        91.23617299264498,
        79.7206156622645,
        86.30647630664092,
        75.11447539615293,
        89.3196573536195,
        82.94573672545212,
        84.71335999176627,
        85.17286896991511
    ]
}