{
    "agg": 2267,
    "iters": [
        1,
        2,
        3,
        4,
        5,
        6,
        7,
        8,
        9,
        10,
        11,
        12,
        13,
        14,
        15,
        16,
        17,
        18,
        19,
        20,
        21,
        22,
        23,
        24,
        25,
        26,
        27,
        28,
        29,
        30,
        31,
        32,
        33,
        34,
        35,
        36,
        37,
        38,
        39,
        40,
        41,
        42,
        43,
        44,
        45,
        46,
        47,
        48,
        49,
        50,
        51,
        52,
        53,
        54,
        55,
        56,
        57,
        58,
        59,
        60,
        61,
        62,
        63,
        64,
        65,
        66,
        67,
        68,
        69,
        70,
        71,
        72,
        73,
        74,
        75,
        76,
        77,
        78,
        79,
        80,
        81,
        82,
        83,
        84,
        85,
        86,
        87,
        88,
        89,
        90,
        91,
        92,
        93,
        94,
        95,
        96,
        97,
        98,
        99,
        100,
        101,
        102,
        103,
        104
    ],
    "means": [
        2196.551724137931,
        2170.793103448276,
        2170.5172413793102,
        2144.9310344827586,
        2170.448275862069,
        2162.103448275862,
        2134.0344827586205,
        2143.8275862068967,
        2141.793103448276,
        2151.4137931034484,
        2131.4137931034484,
        2141.6206896551726,
        2144.1724137931033,
        2153.344827586207,
        2149.8275862068967,
        2164.2758620689656,
        2173.137931034483,
        2159.551724137931,
        2150.137931034483,
        2156.0689655172414,
        2145.6206896551726,
        2157.448275862069,
        2175.344827586207,
        2162.655172413793,
        2151.344827586207,
        2169.7586206896553,
        2152.103448275862,
        2145.8275862068967,
        2158.551724137931,
        2166.2413793103447,
        2158.7241379310344,
        2144.103448275862,
        2136.5172413793102,
        2134.7586206896553,
        2159.4137931034484,
        2153.2758620689656,
        2120.9310344827586,
        2178.7241379310344,
        2174.1724137931033,
        2147.1724137931033,
        2164.7586206896553,
        2164.103448275862,
        2165.0689655172414,
        2157.689655172414,
        2135.551724137931,
        2133.689655172414,
        2137.137931034483,
        2161.4827586206898,
        2154.7241379310344,
        2158.655172413793,
        2163.5862068965516,
        2141.137931034483,
        2138.7241379310344,
        2184.551724137931,
        2149.2413793103447,
        2158.655172413793,
        2139.4137931034484,
        2146.793103448276,
        2164.206896551724,
        2149.0,
        2120.103448275862,
        2161.9310344827586,
        2136.344827586207,
        2165.448275862069,
        2132.3793103448274,
        2150.8275862068967,
        2141.206896551724,
        2141.793103448276,
        2165.6206896551726,
        2139.7241379310344,
        2127.0689655172414,
        2118.0689655172414,
        2113.206896551724,
        2148.4137931034484,
        2140.9310344827586,
        2162.6206896551726,
        2134.448275862069,
        2128.3793103448274,
        2136.5172413793102,
        2122.137931034483,
        2147.9310344827586,
        2157.103448275862,
        2134.1724137931033,
        2128.551724137931,
        2155.5172413793102,
        2168.6206896551726,
        2136.2758620689656,
        2147.8275862068967,
        2153.3793103448274,
        2162.448275862069,
        2151.0689655172414,
        2120.793103448276,
        2115.448275862069,
        2142.6206896551726,
        2147.7241379310344,
        2175.862068965517,
        2155.655172413793,
        2155.551724137931,
        2156.551724137931,
        2137.551724137931,
        2138.1724137931033,
        2146.1724137931033,
        2129.896551724138,
        2128.3793103448274
    ],
    "opt": 2279,
    "stdevs": [
        75.03543356395562,
        101.90474907221969,
        90.32761088915026,
        94.79921832737635,
        91.68634170719234,
        96.45236266661104,
        87.53225327080011,
        72.62994013847478,
        89.93997205429424,
        84.20562567879414,
        92.60279181066632,
        85.9608627037081,
        70.76287209114251,
        81.84858849585237,
        91.04226716978759,
        85.39074348272592,
        75.91316461086723,
        91.00079052589429,
        109.31123680697748,
        81.67046105707175,
        87.26986041844808,
        79.34976531564563,
        91.61436262269895,
        79.20870548727756,
        96.50023257505258,
        82.41386524307907,
        87.09382369628989,
        81.431616737717,
        90.89766364240633,
        79.8730264652479,
        89.41183156751033,
        92.26885185474106,
        91.64572743945708,
        86.07120355180426,
        86.63499223013652,
        78.93729355578395,
        79.97281048063289,
        87.31863827255943,
        88.13354638060288,
        70.65948893766657,
        81.79733372790372,
        89.03519057385786,
        95.03245581142548,
        71.80246055157444,
        72.79285025846623,
        96.69935757311683,
        82.48373889395582,
        83.03203398840763,
        95.1839947976347,
        87.2599271546753,
        75.82307775403955,
        81.41114222560694,
        85.29943062902674,
        79.82246948672024,
        69.70264684649966,
        91.23757387742859,
        71.96192347651605,
        77.71405558324822,
        78.34027427273425,
        78.99759926513698,
        81.80816282835578,
        70.19526019684135,
        91.62189011970995,
        85.84934125302927,
        87.57909284168596,
        90.29532731848816,
        91.02685443482953,
        89.55921921020204,
        91.74229791710354,
        90.17029733126402,
        73.00681641982091,
        74.78748329466994,
        93.4840496482928,
        83.25677656643364,
        95.23833299330497,
        73.20891871100625,
        73.15387005431703,
        86.90359851011426,
        72.69189619001803,
        71.35570157628274,
        82.42946034891048,
        95.0739620714918,
        94.54649247328632,
        82.7549711838995,
        90.35890914212904,
        100.92073154063436,
        86.26938424922017,
        83.06875796198001,
        80.01914158633564,
        82.72204651594379,
        86.64470894743093,
        92.08855532259746,
        70.93882075514645,
        86.92462600679355,
        88.11821861478501,
        63.49842470917659,
        93.29459305841787,
        88.82046448212513,
        93.13193689299682,
        87.57916072661962,
        83.621507283596,
        81.58941317627834,
        89.34680390153716,
        78.41288326285
    ]
}