{
    "agg": 2297,
    "iters": [
        1,
        2,
        3,
        4,
        5,
        6,
        7,
        8,
        9,
        10,
        11,
        12,
        13,
        14,
        15,
        16,
        17,
        18,
        19,
        20,
        21,
        22,
        23,
        24,
        25,
        26,
        27,
        28,
        29,
        30,
        31,
        32,
        33,
        34,
        35,
        36,
        37,
        38,
        39,
        40,
        41,
        42,
        43,
        44,
        45,
        46,
        47,
        48,
        49,
        50,
        51,
        52,
        53,
        54,
        55,
        56,
        57,
        58,
        59,
        60,
        61,
        62,
        63,
        64,
        65,
        66,
        67,
        68,
        69,
        70,
        71,
        72,
        73,
        74,
        75,
        76,
        77,
        78,
        79,
        80,
        81,
        82,
        83,
        84,
        85,
        86,
        87,
        88,
        89,
        90,
        91,
        92,
        93,
        94,
        95,
        96,
        97,
        98,
        99,
        100,
        101,
        102,
        103,
        104,
        105,
        106,
        107,
        108,
        109,
        110,
        111,
        112,
        113,
        114,
        115,
        116
    ],
    "means": [
        2132.0,
        2149.285714285714,
        2175.7619047619046,
        2149.0,
        2153.3809523809523,
        2146.809523809524,
        2137.904761904762,
        2185.285714285714,
        2159.3809523809523,
        2117.4285714285716,
        2151.5714285714284,
        2128.6666666666665,
        2192.3809523809523,
        2155.2380952380954,
        2198.095238095238,
        2160.5714285714284,
        2142.8571428571427,
        2148.190476190476,
        2175.3333333333335,
        2139.904761904762,
        2141.9523809523807,
        2148.714285714286,
        2141.9523809523807,
        2169.2380952380954,
        2160.0,
        2155.5238095238096,
        2148.5238095238096,
        2125.6666666666665,
        2145.904761904762,
        2132.5238095238096,
        2145.809523809524,
        2169.6666666666665,
        2177.6666666666665,
        2126.3809523809523,
        2119.0476190476193,
        2156.5238095238096,
        2157.190476190476,
        2138.3333333333335,
        2174.6666666666665,
        2154.9523809523807,
        2134.5714285714284,
        2131.9523809523807,
        2151.7619047619046,
        2162.809523809524,
        2153.6190476190477,
        2168.904761904762,
        2177.4285714285716,
        2134.5714285714284,
        2139.095238095238,
        2139.0,
        2154.2380952380954,
        2146.5714285714284,
        2148.285714285714,
        2153.809523809524,
        2125.904761904762,
        2128.6666666666665,
        2148.714285714286,
        2140.2380952380954,
        2154.4761904761904,
        2142.6666666666665,
        2150.4285714285716,
        2164.809523809524,
        2154.714285714286,
        2151.1428571428573,
        2151.2380952380954,
        2179.2380952380954,
        2134.190476190476,
        2170.3809523809523,
        2149.4285714285716,
        2128.1428571428573,
        2110.9523809523807,
        2179.5714285714284,
        2177.6666666666665,
        2130.5238095238096,
        2128.5238095238096,
        2139.5238095238096,
        2119.1428571428573,
        2165.095238095238,
        2158.3809523809523,
        2148.190476190476,
        2174.6190476190477,
        2143.3333333333335,
        2139.809523809524,
        2159.7619047619046,
        2153.2380952380954,
        2125.8571428571427,
        2180.3809523809523,
        2157.3333333333335,
        2158.6666666666665,
        2128.8571428571427,
        2121.4285714285716,
        2133.6666666666665,
        2167.4285714285716,
        2186.7619047619046,
        2152.2380952380954,
        2141.190476190476,
        2124.809523809524,
        2130.6666666666665,
        2145.6666666666665,
        2161.0,
        2134.7619047619046,
        2145.3333333333335,
        2195.4761904761904,
        2142.6666666666665,
        2165.2380952380954,
        2156.4761904761904,
        2191.5714285714284,
        2144.285714285714,
        2156.1428571428573,
        2144.0476190476193,
        2138.190476190476,
        2122.6190476190477,
        2156.904761904762,
        2134.190476190476,
        2167.3809523809523,
        2131.714285714286
    ],
    "opt": 2248,
    "stdevs": [
        76.65879876812204,
        73.96340334255586,
        84.95595764411713,
        94.51429723037876,
        82.83573888840618,
        95.86231150165277,
        92.05066139381374,
        82.30208170551474,
        77.13900637067394,
        90.27659688744494,
        86.4085376230246,
        80.7343281760104,
        100.28363403983636,
        68.85589144617963,
        84.54015938447735,
        83.74483434165695,
        98.05405978059134,
        78.52971475672915,
        78.45916944399342,
        100.8671473072164,
        82.11691791961496,
        81.51490828130055,
        87.65325419242312,
        80.76238207406121,
        92.88138877596728,
        84.2646731874769,
        93.67858882655709,
        68.98953221725421,
        81.92209119000388,
        88.6505279159309,
        95.13630274386978,
        92.06950445610997,
        88.48100863399382,
        83.68107039199555,
        75.9369890360085,
        84.14252027851829,
        80.73567633398865,
        89.94566260927884,
        76.72109868951945,
        77.9037722605671,
        97.97646531234959,
        78.49990973029459,
        89.83736880868183,
        89.22449965042382,
        103.84213118294896,
        90.93582497035229,
        90.50260266111341,
        67.82791350425084,
        98.8524175400619,
        92.1463639052154,
        76.73696865446695,
        94.30829455444896,
        81.723775672714,
        94.25882252385061,
        83.17388827997628,
        88.67776514857617,
        73.20430826323899,
        92.36259022224506,
        90.99011932105023,
        92.88514840194203,
        102.61141281951207,
        88.53657788497796,
        101.83840741336147,
        87.87235640637027,
        97.83703883397358,
        85.62760167025849,
        90.95923683958604,
        67.62323930669889,
        79.58198613384063,
        70.64282103133556,
        77.58833748301794,
        83.39953832724302,
        95.02447470862859,
        77.82557973878515,
        81.95446996590418,
        82.05666976031988,
        85.37440550683945,
        94.0875502932317,
        80.8993944238187,
        79.1740812854326,
        83.37835518513593,
        93.10328792380118,
        90.42788183994446,
        79.97493938544258,
        78.86148481260084,
        79.84108365657234,
        87.94342130866825,
        84.2509479010309,
        78.75116527230585,
        80.33458942761457,
        91.63934039201173,
        75.03734519959494,
        90.98852435678825,
        85.65595899094002,
        86.30339879744557,
        92.34388063239184,
        80.5461234606306,
        70.73379560909935,
        86.92269873603531,
        92.73207694879963,
        90.0486137287361,
        89.39443539373735,
        65.16325216797098,
        95.49536679528008,
        84.22470215747123,
        102.08755301566212,
        77.42066380284705,
        103.21966537306682,
        88.94850608466608,
        80.91293156431219,
        93.92835113740841,
        79.97587504722384,
        85.45168769372093,
        91.69079459825264,
        85.57785438416724,
        76.64708415983011
    ]
}