{
    "agg": 2285,
    "iters": [
        1,
        2,
        3,
        4,
        5,
        6,
        7,
        8,
        9,
        10,
        11,
        12,
        13,
        14,
        15,
        16,
        17,
        18,
        19,
        20,
        21,
        22,
        23,
        24,
        25,
        26,
        27,
        28,
        29,
        30,
        31,
        32,
        33,
        34,
        35,
        36,
        37,
        38,
        39,
        40,
        41,
        42,
        43,
        44,
        45,
        46,
        47,
        48,
        49,
        50,
        51,
        52,
        53,
        54,
        55,
        56,
        57,
        58,
        59,
        60,
        61,
        62,
        63,
        64,
        65,
        66,
        67,
        68,
        69,
        70,
        71,
        72,
        73,
        74,
        75,
        76,
        77,
        78,
        79,
        80,
        81,
        82,
        83,
        84,
        85,
        86,
        87,
        88,
        89,
        90,
        91,
        92,
        93,
        94,
        95,
        96,
        97,
        98,
        99,
        100,
        101,
        102,
        103,
        104,
        105,
        106,
        107,
        108,
        109,
        110,
        111,
        112,
        113,
        114,
        115,
        116,
        117,
        118,
        119,
        120,
        121,
        122,
        123,
        124,
        125,
        126,
        127,
        128
    ],
    "means": [
        2171.2702702702704,
        2157.3783783783783,
        2155.945945945946,
        2151.027027027027,
        2145.7297297297296,
        2127.4324324324325,
        2139.864864864865,
        2174.891891891892,
        2145.054054054054,
        2134.4324324324325,
        2154.864864864865,
        2132.4324324324325,
        2150.324324324324,
        2158.7297297297296,
        2139.5135135135133,
        2147.162162162162,
        2131.6216216216217,
        2165.891891891892,
        2167.7297297297296,
        2166.108108108108,
        2128.0,
        2177.189189189189,
        2135.0,
        2137.945945945946,
        2158.5135135135133,
        2156.2162162162163,
        2176.5405405405404,
        2161.6216216216217,
        2155.7837837837837,
        2142.189189189189,
        2163.945945945946,
        2140.4864864864867,
        2175.0,
        2165.2702702702704,
        2154.675675675676,
        2164.0810810810813,
        2134.6216216216217,
        2158.4324324324325,
        2154.3783783783783,
        2132.7837837837837,
        2118.2162162162163,
        2156.837837837838,
        2163.972972972973,
        2128.675675675676,
        2145.5135135135133,
        2141.7297297297296,
        2134.3513513513512,
        2133.7297297297296,
        2122.027027027027,
        2140.6216216216217,
        2147.3783783783783,
        2157.4054054054054,
        2158.5945945945946,
        2152.3783783783783,
        2149.5135135135133,
        2143.5135135135133,
        2122.4864864864867,
        2155.5135135135133,
        2139.837837837838,
        2139.810810810811,
        2117.189189189189,
        2129.675675675676,
        2148.7837837837837,
        2155.7837837837837,
        2139.7837837837837,
        2153.5405405405404,
        2153.135135135135,
        2161.162162162162,
        2153.3783783783783,
        2171.5135135135133,
        2151.4864864864867,
        2156.864864864865,
        2124.5675675675675,
        2176.2432432432433,
        2140.7297297297296,
        2132.864864864865,
        2141.972972972973,
        2159.0,
        2147.3513513513512,
        2151.027027027027,
        2134.4594594594596,
        2150.135135135135,
        2126.810810810811,
        2155.135135135135,
        2148.7567567567567,
        2157.5405405405404,
        2112.4594594594596,
        2147.3513513513512,
        2138.2162162162163,
        2172.5675675675675,
        2155.5405405405404,
        2128.2432432432433,
        2136.891891891892,
        2154.675675675676,
        2152.7027027027025,
        2130.5675675675675,
        2173.9189189189187,
        2146.7297297297296,
        2166.2972972972975,
        2134.0,
        2163.972972972973,
        2128.4324324324325,
        2151.3513513513512,
        2142.4864864864867,
        2156.675675675676,
        2141.7027027027025,
        2151.2432432432433,
        2151.5675675675675,
        2126.054054054054,
        2146.7837837837837,
        2141.675675675676,
        2150.5135135135133,
        2169.972972972973,
        2147.324324324324,
        2160.4594594594596,
        2160.864864864865,
        2149.108108108108,
        2142.5135135135133,
        2127.4864864864867,
        2146.027027027027,
        2149.837837837838,
        2138.972972972973,
        2174.5675675675675,
        2128.5945945945946,
        2134.2972972972975,
        2151.6216216216217,
        2138.4594594594596,
        2142.2162162162163
    ],
    "opt": 2202,