{
    "agg": 2242,
    "iters": [
        1,
        2,
        3,
        4,
        5,
        6,
        7,
        8,
        9,
        10,
        11,
        12,
        13,
        14,
        15,
        16,
        17,
        18,
        19,
        20,
        21,
        22,
        23,
        24,
        25,
        26,
        27,
        28,
        29,
        30,
        31,
        32,
        33,
        34,
        35,
        36,
        37,
        38,
        39,
        40,
        41,
        42,
        43,
        44,
        45,
        46,
        47,
        48,
        49,
        50,
        51,
        52,
        53,
        54,
        55,
        56,
        57,
        58,
        59,
        60,
        61,
        62,
        63,
        64,
        65,
        66,
        67,
        68,
        69,
        70,
        71,
        72,
        73,
        74,
        75,
        76,
        77,
        78,
        79,
        80,
        81,
        82,
        83,
        84,
        85,
        86,
        87,
        88,
        89,
        90,
        91,
        92,
        93,
        94,
        95,
        96,
        97,
        98,
        99,
        100
    ],
    "means": [
        2169.0666666666666,
        2129.633333333333,
        2128.5666666666666,
        2162.8,
        2186.8333333333335,
        2151.5666666666666,
        2153.7,
        2155.866666666667,
        2158.4666666666667,
        2180.0,
        2140.6,
        2135.366666666667,
        2169.4666666666667,
        2121.4,
        2161.2,
        2174.5333333333333,
        2154.4333333333334,
        2171.1,
        2149.4333333333334,
        2136.733333333333,
        2150.266666666667,
        2165.7,
        2160.4333333333334,
        2131.8333333333335,
        2129.0333333333333,
        2148.733333333333,
        2151.266666666667,
        2152.3333333333335,
        2141.3333333333335,
        2150.133333333333,
        2154.5,
        2169.0666666666666,
        2147.3,
        2167.266666666667,
        2161.133333333333,
        2147.733333333333,
        2155.8333333333335,
        2155.233333333333,
        2156.0666666666666,
        2151.366666666667,
        2156.0,
        2144.9,
        2173.633333333333,
        2154.3,
        2156.766666666667,
        2146.8333333333335,
        2135.266666666667,
        2141.1,
        2143.9333333333334,
        2151.5,
        2147.4666666666667,
        2158.733333333333,
        2153.733333333333,
        2162.3,
        2154.266666666667,
        2138.133333333333,
        2143.9333333333334,
        2140.1,
        2144.4333333333334,
        2155.6666666666665,
        2145.5333333333333,
        2139.4,
        2113.3,
        2147.9333333333334,
        2146.233333333333,
        2148.9,
        2165.0333333333333,
        2162.4666666666667,
        2147.1,
        2158.633333333333,
        2126.866666666667,
        2137.633333333333,
        2160.9666666666667,
        2143.0666666666666,
        2153.366666666667,
        2168.5666666666666,
        2158.3,
        2169.5333333333333,
        2165.733333333333,
        2137.5666666666666,
        2162.866666666667,
        2138.366666666667,
        2162.266666666667,
        2158.633333333333,
        2154.9333333333334,
        2154.366666666667,
        2146.133333333333,
        2139.2,
        2171.0,
        2127.233333333333,
        2143.9333333333334,
        2124.3333333333335,
        2145.766666666667,
        2129.366666666667,
        2134.8,
        2160.8,
        2161.266666666667,
        2147.366666666667,
        2134.6,
        2145.0666666666666
    ],
    "opt": 2212,
    "stdevs": [
        74.52558099218162,
        69.82811436345361,
        80.12560278851088,
        77.74676842158779,
        84.31768629547554,
        91.76988733905159,
        90.7623820753951,
        78.11262524216058,
        76.92582285697192,
        87.46237286208662,
        89.79034840486291,
        95.5773624987749,
        85.51168860973856,
        87.29704080513459,
        80.7384253830438,
        73.33472725947934,
        91.78259941598711,
        98.09667000804191,
        93.42793420005009,
        90.61785450757237,
        79.75083419974713,
        86.14064081489062,
        88.85406887450657,
        93.13541515210825,
        84.84003902770331,
        95.05434702783923,
        78.3517425176719,
        77.59481655082094,
        85.09302099597959,
        94.38987704668806,
        83.98482005696029,
        83.20734476127826,
        90.21239752199621,
        88.89354432253346,
        79.70643358948858,
        85.81955229174501,
        84.0690523055634,
        97.68032327728832,
        81.09662275472525,
        87.12614737009524,
        86.23688306055594,
        74.36412665615951,
        86.07650989413752,
        75.45778069004326,
        77.29626266658836,
        91.44801194607179,
        99.19238322012879,
        73.99204912241134,
        97.43953110633397,
        78.38696745420546,
        96.31847636299533,
        80.96004501535859,
        79.50846216319087,
        96.49944732138798,
        84.77772244064016,
        92.78136786134499,
        84.42824698457792,
        82.69798465903911,
        85.65344255908353,
        88.80215212607307,
        76.01172424187088,
        95.80661076703771,
        94.12054327651677,
        83.67474064628,
        81.94416120478355,
        85.9167620432707,
        76.49029713339827,
        98.33538980900462,
        83.47907921549367,
        81.2820124969575,
        84.86881379844752,
        80.66989662954963,
        93.78538739531277,
        82.49158879681141,
        76.78171802077772,
        89.57592062354456,
        86.00393401854747,
        87.44740641602179,
        84.47758414054123,
        89.67745288284874,
        84.89944378825786,
        84.53065847503036,
        89.66639405163019,
        72.70510451283474,
        96.10165913702473,
        78.31538092155901,
        88.48040586605727,
        89.12029323709986,
        78.11401922830498,
        81.72950643569446,
        87.59145062289026,
        76.79207134999174,
        85.6896272732133,
        91.98531887692127,
        85.22886834869978,
        88.45465881832718,
        88.47633707507461,
        95.69900150413739,
        95.81948305711806,
        92.30346087167528
    ]
}