{
    "agg": 2191,
    "iters": [
        1,
        2,
        3,
        4,
        5,
        6,
        7,
        8,
        9,
        10,
        11,
        12,
        13,
        14,
        15,
        16,
        17,
        18,
        19,
        20,
        21,
        22,
        23,
        24,
        25,
        26,
        27,
        28,
        29,
        30,
        31,
        32,
        33,
        34,
        35,
        36,
        37,
        38,
        39,
        40,
        41,
        42,
        43,
        44,
        45,
        46,
        47,
        48,
        49,
        50,
        51,
        52,
        53,
        54,
        55,
        56,
        57,
        58,
        59,
        60,
        61,
        62,
        63,
        64,
        65,
        66,
        67,
        68,
        69,
        70,
        71,
        72,
        73,
        74,
        75,
        76,
        77,
        78,
        79,
        80,
        81,
        82,
        83,
        84,
        85,
        86,
        87,
        88,
        89,
        90,
        91,
        92,
        93,
        94,
        95,
        96,
        97,
        98,
        99
    ],
    "means": [
        2136.28125,
        2154.53125,
        2163.59375,
        2148.28125,
        2166.40625,
        2154.9375,
        2142.96875,
        2131.28125,
        2151.625,
        2168.9375,
        2151.5625,
        2137.65625,
        2144.46875,
        2119.78125,
        2152.34375,
        2172.875,
        2152.75,
        2150.625,
        2146.9375,
        2163.625,
        2172.4375,
        2156.78125,
        2107.34375,
        2162.71875,
        2144.625,
        2140.03125,
        2165.90625,
        2146.28125,
        2136.34375,
        2152.625,
        2134.03125,
        2156.4375,
        2166.28125,
        2166.71875,
        2159.46875,
        2159.65625,
        2153.71875,
        2159.5625,
        2126.53125,
        2162.28125,
        2165.03125,
        2150.9375,
        2161.3125,
        2165.3125,
        2141.59375,
        2141.9375,
        2159.5625,
        2124.3125,
        2111.46875,
        2164.75,
        2107.40625,
        2179.9375,
        2172.375,
        2143.53125,
        2138.25,
        2166.6875,
        2152.3125,
        2131.34375,
        2171.28125,
        2164.125,
        2137.5,
        2153.09375,
        2147.875,
        2136.40625,
        2140.5625,
        2155.9375,
        2143.125,
        2159.0625,
        2157.53125,
        2171.71875,
        2147.875,
        2128.28125,
        2170.875,
        2120.5625,
        2155.5,
        2167.53125,
        2135.8125,
        2147.90625,
        2160.5,
        2157.90625,
        2156.15625,
        2162.09375,
        2142.0,
        2142.71875,
        2135.90625,
        2172.15625,
        2151.75,
        2170.375,
        2135.9375,
        2166.9375,
        2167.1875,
        2155.625,
        2159.125,
        2142.03125,
        2139.46875,
        2131.5,
        2133.09375,
        2131.3125,
        2157.84375
    ],
    "opt": 2258,
    "stdevs": [
        85.30871672014239,
        87.5863803535544,
        79.56870434371481,
        86.95337629119125,
        90.05097840077863,
        79.85766145931147,
        90.56195544177201,
        84.37240158035979,
        70.44712112641652,
        80.0335622957644,
        82.43593630056009,
        91.19848181816131,
        85.94365318880446,
        81.6990416004833,
        95.17602421795891,
        84.67686741371577,
        81.97141269979431,
        82.72535509141076,
        92.1913558515656,
        75.9669953005909,
        90.29117395266273,
        75.95629268492176,
        70.59860541071261,
        74.14396231951392,
        73.9868020325247,
        85.79681097475301,
        84.10312099403625,
        86.95912630907408,
        91.4458888410928,
        82.5877374372249,
        95.29706329912533,
        78.10247175185943,
        80.752412647781,
        93.46698426951359,
        90.27526806073466,
        80.14541837146713,
        86.38512399966501,
        91.46581926463021,
        90.16096174862766,
        87.27013892757076,
        101.1321797126785,
        87.93958775062572,
        73.52314155250713,
        77.18502020308085,
        84.43816501403556,
        93.86291117235817,
        70.59122533112738,
        86.54891590164489,
        95.04537875897755,
        81.7385313056211,
        87.04950436928117,
        73.86217634046535,
        72.69617854468005,
        82.16712556392307,
        85.04153397017248,
        77.47799586818182,
        98.67542674724037,
        84.5601152195141,
        82.7810494523807,
        83.86400822164417,
        78.47093410938855,
        81.27474983620374,
        98.91181362708906,
        90.4073625925317,
        82.32403108297115,
        85.35914475760637,
        91.09876165459112,
        92.816666573143,
        89.00385678967794,
        79.87069017128562,
        80.08423299876199,
        66.49729053455863,
        87.41165182628687,
        75.5690650580646,
        88.5465979018957,
        73.68810299795688,
        82.52440453435578,
        83.68742415045106,
        97.46153087244218,
        82.32305242723632,
        79.3056229780556,
        89.03558255516442,
        84.14347865402286,
        108.44878813724706,
        81.34469841936536,
        91.45186895814376,
        85.52083079577747,
        77.61312308495259,
        95.59319323963396,
        85.08963564236247,
        89.20217118293702,
        87.62232520881878,
        95.67155729369101,
        78.2813373253006,
        97.82733014570877,
        93.20977684771056,
        83.55961920052951,
        86.17947750914948,
        96.44529193246034
    ]
}