{
    "agg": 2114,
    "iters": [
        1,
        2,
        3,
        4,
        5,
        6,
        7,
        8,
        9,
        10,
        11,
        12,
        13,
        14,
        15,
        16,
        17,
        18,
        19,
        20,
        21,
        22,
        23,
        24,
        25,
        26,
        27,
        28,
        29,
        30,
        31,
        32,
        33,
        34,
        35,
        36,
        37,
        38,
        39,
        40,
        41,
        42,
        43,
        44,
        45,
        46,
        47,
        48,
        49,
        50,
        51,
        52,
        53,
        54,
        55,
        56,
        57,
        58,
        59,
        60,
        61,
        62,
        63,
        64,
        65,
        66,
        67,
        68,
        69,
        70,
        71,
        72,
        73,
        74,
        75,
        76,
        77,
        78,
        79,
        80,
        81,
        82,
        83,
        84,
        85,
        86,
        87,
        88,
        89,
        90,
        91,
        92,
        93,
        94,
        95,
        96,
        97,
        98,
        99,
        100,
        101,
        102,
        103,
        104,
        105,
        106,
        107,
        108,
        109,
        110,
        111,
        112,
        113,
        114,
        115,
        116,
        117,
        118,
        119,
        120,
        121,
        122,
        123,
        124,
        125,
        126,
        127,
        128,
        129,
        130
    ],
    "means": [
        2166.2,
        2131.266666666667,
        2199.3333333333335,
        2116.133333333333,
        2165.6,
        2115.266666666667,
        2115.4,
        2122.0666666666666,
        2165.4666666666667,
        2086.866666666667,
        2157.133333333333,
        2154.3333333333335,
        2130.4666666666667,
        2163.266666666667,
        2168.9333333333334,
        2145.3333333333335,
        2130.733333333333,
        2158.866666666667,
        2119.6666666666665,
        2149.3333333333335,
        2172.2,
        2145.866666666667,
        2116.0,
        2147.6,
        2107.4666666666667,
        2178.2,
        2127.866666666667,
        2145.8,
        2128.6,
        2189.0666666666666,
        2120.4,
        2136.733333333333,
        2111.266666666667,
        2139.6666666666665,
        2161.733333333333,
        2140.4666666666667,
        2185.0,
        2166.0666666666666,
        2202.0666666666666,
        2128.4,
        2144.8,
        2155.6666666666665,
        2167.4,
        2178.0,
        2094.733333333333,
        2169.0,
        2127.2,
        2123.0666666666666,
        2184.6,
        2123.733333333333,
        2142.4,
        2179.4666666666667,
        2178.5333333333333,
        2121.2,
        2139.133333333333,
        2182.2,
        2151.3333333333335,
        2142.266666666667,
        2135.266666666667,
        2116.0666666666666,
        2129.6,
        2122.4,
        2139.0,
        2144.5333333333333,
        2118.733333333333,
        2161.3333333333335,
        2150.266666666667,
        2123.8,
        2149.6,
        2148.3333333333335,
        2155.266666666667,
        2153.2,
        2143.6666666666665,
        2154.733333333333,
        2136.0,
        2129.4666666666667,
        2167.6,
        2157.0666666666666,
        2141.0,
        2161.266666666667,
        2155.3333333333335,
        2187.733333333333,
        2187.4666666666667,
        2134.4,
        2117.3333333333335,
        2187.5333333333333,
        2097.5333333333333,
        2190.4,
        2122.6,
        2138.733333333333,
        2163.2,
        2181.2,
        2102.0,
        2149.3333333333335,
        2161.6,
        2133.0666666666666,
        2145.866666666667,
        2143.8,
        2161.4666666666667,
        2173.0666666666666,
        2148.866666666667,
        2135.3333333333335,
        2152.6666666666665,
        2104.733333333333,
        2161.5333333333333,
        2131.866666666667,
        2165.4666666666667,
        2133.5333333333333,
        2198.866666666667,
        2107.6666666666665,
        2142.733333333333,
        2136.733333333333,
        2147.2,
        2120.3333333333335,
        2136.5333333333333,
        2098.8,
        2194.266666666667,
        2146.9333333333334,
        2113.0,
        2152.733333333333,
        2188.733333333333,
        2160.733333333333,
        2178.9333333333334,
        2172.9333333333334,
        2131.4,
        2155.8,
        2117.5333333333333,
        2118.8,
        2160.133333333333,
        2158.6
    ],
    "opt": 2231,