{
    "agg": 2230,
    "iters": [
        1,
        2,
        3,
        4,
        5,
        6,
        7,
        8,
        9,
        10,
        11,
        12,
        13,
        14,
        15,
        16,
        17,
        18,
        19,
        20,
        21,
        22,
        23,
        24,
        25,
        26,
        27,
        28,
        29,
        30,
        31,
        32,
        33,
        34,
        35,
        36,
        37,
        38,
        39,
        40,
        41,
        42,
        43,
        44,
        45,
        46,
        47,
        48,
        49,
        50,
        51,
        52,
        53,
        54,
        55,
        56,
        57,
        58,
        59,
        60,
        61,
        62,
        63,
        64,
        65,
        66,
        67,
        68,
        69,
        70,
        71,
        72,
        73,
        74,
        75,
        76,
        77,
        78,
        79,
        80,
        81,
        82,
        83,
        84,
        85,
        86,
        87,
        88,
        89,
        90,
        91,
        92,
        93,
        94,
        95,
        96,
        97,
        98,
        99,
        100,
        101,
        102,
        103,
        104,
        105,
        106,
        107,
        108,
        109,
        110,
        111,
        112,
        113,
        114,
        115,
        116,
        117,
        118,
        119,
        120,
        121,
        122,
        123,
        124,
        125,
        126,
        127,
        128,
        129,
        130,
        131,
        132,
        133,
        134,
        135,
        136,
        137,
        138,
        139
    ],
    "means": [
        2173.0689655172414,
        2130.655172413793,
        2158.4137931034484,
        2169.4827586206898,
        2163.8275862068967,
        2165.551724137931,
        2124.862068965517,
        2124.689655172414,
        2162.7586206896553,
        2149.0689655172414,
        2136.4827586206898,
        2165.862068965517,
        2167.5172413793102,
        2140.2413793103447,
        2147.0689655172414,
        2128.5862068965516,
        2133.7241379310344,
        2176.793103448276,
        2150.4827586206898,
        2118.862068965517,
        2133.5862068965516,
        2153.344827586207,
        2145.655172413793,
        2151.896551724138,
        2113.4827586206898,
        2178.310344827586,
        2174.0689655172414,
        2179.310344827586,
        2147.3793103448274,
        2173.0689655172414,
        2147.7586206896553,
        2159.793103448276,
        2155.9310344827586,
        2133.3793103448274,
        2149.0689655172414,
        2111.137931034483,
        2139.7586206896553,
        2140.206896551724,
        2149.9310344827586,
        2165.4827586206898,
        2173.6206896551726,
        2129.0,
        2132.689655172414,
        2130.3793103448274,
        2162.7241379310344,
        2145.137931034483,
        2135.2758620689656,
        2147.3793103448274,
        2145.0,
        2140.9310344827586,
        2145.8275862068967,
        2150.4137931034484,
        2155.7586206896553,
        2122.0,
        2142.655172413793,
        2143.0689655172414,
        2151.5862068965516,
        2137.689655172414,
        2103.7586206896553,
        2153.2758620689656,
        2135.9655172413795,
        2160.137931034483,
        2150.9655172413795,
        2142.344827586207,
        2158.6206896551726,
        2156.689655172414,
        2156.3793103448274,
        2174.448275862069,
        2166.3793103448274,
        2144.206896551724,
        2156.137931034483,
        2160.655172413793,
        2155.9655172413795,
        2175.0344827586205,
        2169.344827586207,
        2149.0689655172414,
        2148.2413793103447,
        2125.310344827586,
        2158.551724137931,
        2141.4827586206898,
        2152.2758620689656,
        2153.344827586207,
        2144.0689655172414,
        2158.793103448276,
        2147.5172413793102,
        2133.793103448276,
        2155.4827586206898,
        2111.6206896551726,
        2142.4827586206898,
        2150.862068965517,
        2154.551724137931,
        2149.6206896551726,
        2149.9310344827586,
        2134.344827586207,
        2120.3793103448274,
        2154.7241379310344,
        2162.3793103448274,
        2169.448275862069,
        2153.655172413793,
        2152.5862068965516,
        2158.4137931034484,
        2151.310344827586,
        2140.6206896551726,
        2146.4827586206898,
        2174.793103448276,
        2142.862068965517,
        2151.2413793103447,
        2143.1724137931033,
        2174.2413793103447,
        2159.6206896551726,
        2156.344827586207,
        2168.862068965517,
        2154.8275862068967,
        2144.9310344827586,
        2156.310344827586,
        2160.8275862068967,
        2154.793103448276,
        2157.0689655172414,
        2162.448275862069,
        2157.448275862069,
        2143.4827586206898,
        2148.344827586207,
        2160.689655172414,
        2167.4827586206898,
        2177.5172413793102,
        2150.3793103448274,
        2144.344827586207,
        2156.8275862068967,
        2188.1724137931033,
        2149.3793103448274,
        2157.7586206896553,
        2138.1724137931033,
        2137.4827586206898,
        2156.344827586207,
        2155.0,
        2157.7586206896553,
        2148.2413793103447,
        2140.448275862069,
        2174.6206896551726
    ],
    "opt": 2239,