{
    "agg": 2290,
    "iters": [
        1,
        2,
        3,
        4,
        5,
        6,
        7,
        8,
        9,
        10,
        11,
        12,
        13,
        14,
        15,
        16,
        17,
        18,
        19,
        20,
        21,
        22,
        23,
        24,
        25,
        26,
        27,
        28,
        29,
        30,
        31,
        32,
        33,
        34,
        35,
        36,
        37,
        38,
        39,
        40,
        41,
        42,
        43,
        44,
        45,
        46,
        47,
        48,
        49,
        50,
        51,
        52,
        53,
        54,
        55,
        56,
        57,
        58,
        59,
        60,
        61,
        62,
        63,
        64,
        65,
        66,
        67,
        68,
        69,
        70,
        71,
        72,
        73,
        74,
        75,
        76,
        77,
        78,
        79,
        80,
        81,
        82,
        83,
        84,
        85,
        86,
        87,
        88,
        89,
        90,
        91,
        92,
        93,
        94,
        95,
        96,
        97,
        98,
        99,
        100,
        101,
        102,
        103,
        104,
        105,
        106,
        107,
        108,
        109,
        110,
        111,
        112,
        113,
        114
    ],
    "means": [
        2145.1176470588234,
        2155.823529411765,
        2112.735294117647,
        2143.529411764706,
        2143.264705882353,
        2176.5882352941176,
        2132.5,
        2134.3823529411766,
        2111.676470588235,
        2117.4117647058824,
        2159.323529411765,
        2141.8529411764707,
        2159.4117647058824,
        2128.323529411765,
        2167.6176470588234,
        2140.3529411764707,
        2153.3529411764707,
        2166.264705882353,
        2122.8529411764707,
        2158.4117647058824,
        2140.529411764706,
        2153.1176470588234,
        2186.0882352941176,
        2178.0882352941176,
        2145.3529411764707,
        2156.6470588235293,
        2152.323529411765,
        2129.9411764705883,
        2158.264705882353,
        2167.294117647059,
        2167.9117647058824,
        2148.5882352941176,
        2140.6470588235293,
        2133.676470588235,
        2151.1470588235293,
        2133.764705882353,
        2134.0588235294117,
        2125.764705882353,
        2174.8529411764707,
        2152.176470588235,
        2148.8823529411766,
        2153.970588235294,
        2117.970588235294,
        2165.6470588235293,
        2131.1470588235293,
        2134.235294117647,
        2167.294117647059,
        2169.0,
        2157.3823529411766,
        2158.1176470588234,
        2147.0,
        2174.5588235294117,
        2147.705882352941,
        2147.705882352941,
        2166.205882352941,
        2166.705882352941,
        2142.764705882353,
        2146.4411764705883,
        2143.0,
        2153.823529411765,
        2165.764705882353,
        2143.205882352941,
        2140.5588235294117,
        2125.5882352941176,
        2129.9411764705883,
        2158.0,
        2158.4117647058824,
        2148.9411764705883,
        2147.970588235294,
        2112.5882352941176,
        2161.4117647058824,
        2173.3823529411766,
        2155.205882352941,
        2142.764705882353,
        2137.294117647059,
        2160.3529411764707,
        2177.470588235294,
        2123.9117647058824,
        2131.176470588235,
        2133.0588235294117,
        2153.470588235294,
        2153.823529411765,
        2128.029411764706,
        2155.0,
        2154.1470588235293,
        2157.9411764705883,
        2147.529411764706,
        2138.1176470588234,
        2143.470588235294,
        2125.3823529411766,
        2143.8823529411766,
        2147.970588235294,
        2144.794117647059,
        2137.9117647058824,
        2146.970588235294,
        2154.735294117647,
        2177.264705882353,
        2158.5882352941176,
        2135.9411764705883,
        2148.823529411765,
        2165.1470588235293,
        2134.0882352941176,
        2171.0,
        2156.970588235294,
        2160.0882352941176,
        2144.294117647059,
        2154.705882352941,
        2162.5588235294117,
        2174.5,
        2123.970588235294,
        2143.676470588235,
        2133.970588235294,
        2135.823529411765,
        2171.823529411765
    ],
    "opt": 2232,
    "stdevs": [
        100.1874022566423,
        84.31505014919283,
        82.34908079187305,
        75.45557138207327,
        76.8069806966595,
        87.35260447548498,
        83.46794030538629,
        86.56551911902348,
        81.71785051887748,
        79.87199967560554,
        82.63659657455409,
        87.88298783139436,
        81.9534005492859,
        87.5320850714469,
        80.94479407955347,
        86.08678328323904,
        90.27014435536103,
        81.09192634924356,
        72.89764474245062,
        84.87919361451614,
        80.63068868909349,
        98.6138531927563,
        86.58907947958049,
        76.35997089908653,
        76.07460825243365,
        83.77451611422778,
        88.08776391899805,
        83.11258883072605,
        96.7590423874535,
        87.83223628089978,
        85.99020725608607,
        95.16398158443909,
        79.23712823764805,
        85.78074670455085,
        90.7579626559958,
        75.24159473226675,
        88.98543872172722,
        90.84053863891172,
        85.79014489985266,
        78.25015338764717,
        88.14385458071379,
        105.72230141886355,
        69.63750058617322,
        95.84358653339709,
        84.75713829141166,
        85.03807411061769,
        81.0513741988103,
        97.09243624747803,
        80.2481499533432,
        87.63485900091771,
        88.0654836571327,
        81.41115372943129,
        81.7595216299767,
        78.06352217783724,
        100.50776364855214,
        79.65238056771314,
        86.07283469232507,
        100.19574699688094,
        86.70979319139285,
        77.94699201389263,
        80.95062359369206,
        88.67016854008644,
        92.46817932051658,
        83.52319778046126,
        78.9977442628327,
        90.3655973060024,
        90.1580695703414,
        84.45323842795408,
        86.39154550618998,
        75.00671250238358,
        83.032636265032,
        88.39118092350562,
        84.75181046539731,
        76.15852616264601,
        70.72670242550659,
        76.50216542607727,
        79.35483798369627,
        90.58482136424234,
        94.02580077336573,
        83.22115864174651,
        85.60313191567016,
        81.10685420670659,
        85.46292119775674,
        91.52048950918041,
        80.993874987354,
        77.60720902553811,
        88.24672474979309,
        83.29316217464614,
        81.03130669290643,
        68.01514308285557,
        86.39504503285112,
        96.5390762986427,
        103.73404325535473,
        78.113931741911,
        92.13847803685546,
        81.67918189064616,
        85.93920861780536,
        88.04681831010632,
        78.94076005851424,
        92.32120099007126,
        93.48737956755609,
        81.68460422548455,
        88.02239019971333,
        79.46604354140558,
        81.50365118023451,
        98.04996607725505,
        88.47815596544145,
        90.76932339289608,
        79.53107051002513,
        84.96452037870509,
        68.67430403434807,
        83.24679301157975,
        84.32795593543777,
        83.28776147233557
    ]
}