{
    "agg": 2184,
    "iters": [
        1,
        2,
        3,
        4,
        5,
        6,
        7,
        8,
        9,
        10,
        11,
        12,
        13,
        14,
        15,
        16,
        17,
        18,
        19,
        20,
        21,
        22,
        23,
        24,
        25,
        26,
        27,
        28,
        29,
        30,
        31,
        32,
        33,
        34,
        35,
        36,
        37,
        38,
        39,
        40,
        41,
        42,
        43,
        44,
        45,
        46,
        47,
        48,
        49,
        50,
        51,
        52,
        53,
        54,
        55,
        56,
        57,
        58,
        59,
        60,
        61,
        62,
        63,
        64,
        65,
        66,
        67,
        68,
        69,
        70,
        71,
        72,
        73,
        74,
        75,
        76,
        77,
        78,
        79,
        80,
        81,
        82,
        83,
        84,
        85,
        86,
        87,
        88,
        89,
        90,
        91,
        92,
        93,
        94,
        95,
        96,
        97,
        98,
        99,
        100,
        101,
        102,
        103,
        104,
        105,
        106,
        107,
        108,
        109,
        110,
        111,
        112,
        113,
        114,
        115,
        116,
        117,
        118,
        119,
        120,
        121,
        122,
        123,
        124,
        125,
        126,
        127,
        128,
        129,
        130,
        131
    ],
    "means": [
        2148.133333333333,
        2140.9777777777776,
        2150.6222222222223,
        2142.9777777777776,
        2141.0666666666666,
        2130.866666666667,
        2160.6222222222223,
        2122.133333333333,
        2175.3555555555554,
        2145.222222222222,
        2125.177777777778,
        2168.3555555555554,
        2139.866666666667,
        2149.3777777777777,
        2172.8,
        2157.6444444444446,
        2188.3777777777777,
        2173.822222222222,
        2137.4222222222224,
        2157.0666666666666,
        2137.8444444444444,
        2137.911111111111,
        2136.6222222222223,
        2135.1111111111113,
        2149.488888888889,
        2148.5555555555557,
        2149.4,
        2160.4,
        2171.5333333333333,
        2158.088888888889,
        2152.2444444444445,
        2148.4444444444443,
        2151.177777777778,
        2166.7555555555555,
        2146.177777777778,
        2147.733333333333,
        2144.3555555555554,
        2141.911111111111,
        2172.911111111111,
        2149.777777777778,
        2141.6666666666665,
        2155.311111111111,
        2157.8888888888887,
        2137.2,
        2122.9555555555557,
        2147.2,
        2153.0,
        2149.733333333333,
        2154.133333333333,
        2148.3777777777777,
        2153.0666666666666,
        2159.0222222222224,
        2156.088888888889,
        2141.9555555555557,
        2126.266666666667,
        2163.0666666666666,
        2146.0444444444443,
        2157.0444444444443,
        2138.6444444444446,
        2153.511111111111,
        2133.3555555555554,
        2162.2444444444445,
        2152.4666666666667,
        2149.6222222222223,
        2156.311111111111,
        2160.177777777778,
        2126.4444444444443,
        2162.9555555555557,
        2155.9333333333334,
        2120.6222222222223,
        2167.3555555555554,
        2169.2444444444445,
        2158.8,
        2159.6222222222223,
        2168.6444444444446,
        2154.3777777777777,
        2122.911111111111,
        2135.5777777777776,
        2147.911111111111,
        2164.866666666667,
        2139.511111111111,
        2133.2,
        2148.311111111111,
        2150.5555555555557,
        2144.0,
        2159.3555555555554,
        2153.488888888889,
        2147.7555555555555,
        2144.0,
        2172.4222222222224,
        2143.911111111111,
        2157.8444444444444,
        2173.5555555555557,
        2134.511111111111,
        2165.9777777777776,
        2151.4,
        2136.688888888889,
        2159.9777777777776,
        2182.177777777778,
        2146.688888888889,
        2177.1111111111113,
        2151.777777777778,
        2147.133333333333,
        2151.5555555555557,
        2150.6444444444446,
        2154.7555555555555,
        2155.711111111111,
        2149.3333333333335,
        2159.8888888888887,
        2173.6,
        2144.6444444444446,
        2156.777777777778,
        2149.4444444444443,
        2154.088888888889,
        2134.777777777778,
        2142.733333333333,
        2158.1555555555556,
        2151.6666666666665,
        2154.2444444444445,
        2172.866666666667,
        2158.6444444444446,
        2139.2,
        2147.6222222222223,
        2155.0,
        2156.3777777777777,
        2138.0,
        2138.1555555555556,
        2158.5555555555557,
        2154.3333333333335,
        2161.688888888889,
        2140.777777777778
    ],
    "opt": 2209,