{
    "agg": 2196,
    "iters": [
        1,
        2,
        3,
        4,
        5,
        6,
        7,
        8,
        9,
        10,
        11,
        12,
        13,
        14,
        15,
        16,
        17,
        18,
        19,
        20,
        21,
        22,
        23,
        24,
        25,
        26,
        27,
        28,
        29,
        30,
        31,
        32,
        33,
        34,
        35,
        36,
        37,
        38,
        39,
        40,
        41,
        42,
        43,
        44,
        45,
        46,
        47,
        48,
        49,
        50,
        51,
        52,
        53,
        54,
        55,
        56,
        57,
        58,
        59,
        60,
        61,
        62,
        63,
        64,
        65,
        66,
        67,
        68,
        69,
        70,
        71,
        72,
        73,
        74,
        75,
        76,
        77,
        78,
        79,
        80,
        81,
        82,
        83,
        84,
        85,
        86,
        87,
        88,
        89,
        90,
        91,
        92,
        93,
        94,
        95,
        96,
        97,
        98,
        99,
        100,
        101,
        102
    ],
    "means": [
        2137.5,
        2169.1666666666665,
        2135.0,
        2138.3333333333335,
        2135.6666666666665,
        2129.5833333333335,
        2160.6666666666665,
        2156.1666666666665,
        2111.6666666666665,
        2177.8333333333335,
        2186.5833333333335,
        2162.1666666666665,
        2205.5833333333335,
        2124.9166666666665,
        2122.5,
        2165.0833333333335,
        2120.0,
        2174.25,
        2161.4166666666665,
        2162.1666666666665,
        2199.3333333333335,
        2133.3333333333335,
        2169.4166666666665,
        2134.75,
        2129.9166666666665,
        2117.5,
        2155.25,
        2150.9166666666665,
        2173.5,
        2169.1666666666665,
        2132.25,
        2135.0833333333335,
        2167.0,
        2204.5,
        2137.8333333333335,
        2216.25,
        2125.8333333333335,
        2164.75,
        2139.6666666666665,
        2098.0833333333335,
        2168.6666666666665,
        2115.1666666666665,
        2190.5833333333335,
        2198.4166666666665,
        2153.5,
        2185.5,
        2100.0833333333335,
        2129.3333333333335,
        2141.75,
        2128.3333333333335,
        2156.9166666666665,
        2171.9166666666665,
        2133.1666666666665,
        2126.25,
        2162.0833333333335,
        2097.5833333333335,
        2170.6666666666665,
        2177.0,
        2143.5833333333335,
        2143.6666666666665,
        2164.6666666666665,
        2115.5,
        2137.5,
        2149.4166666666665,
        2147.5833333333335,
        2122.5833333333335,
        2122.5833333333335,
        2183.1666666666665,
        2142.5,
        2189.8333333333335,
        2164.0833333333335,
        2106.25,
        2170.4166666666665,
        2155.8333333333335,
        2167.5,
        2137.75,
        2137.75,
        2160.75,
        2156.1666666666665,
        2169.5833333333335,
        2184.4166666666665,
        2134.4166666666665,
        2124.9166666666665,
        2136.3333333333335,
        2161.6666666666665,
        2192.4166666666665,
        2146.4166666666665,
        2131.25,
        2174.6666666666665,
        2132.0,
        2135.8333333333335,
        2120.0833333333335,
        2147.8333333333335,
        2144.4166666666665,
        2149.0833333333335,
        2179.25,
        2140.5,
        2111.4166666666665,
        2173.4166666666665,
        2154.0833333333335,
        2136.4166666666665,
        2177.5833333333335
    ],
    "opt": 2214,
    "stdevs": [
        83.84757996905257,
        76.48946913718835,
        79.71093609620534,
        92.79038503829779,
        99.92274793837265,
        89.63672827337885,
        67.4800382006083,
        100.75203334038585,
        88.00126261720466,
        96.76675852561951,
        80.5972066651334,
        95.25390047423546,
        83.43706044411893,
        73.41032889783895,
        100.81211898047444,
        78.90126565665612,
        79.1938549804634,
        77.05531022151123,
        94.42232992724173,
        109.37765869784478,
        62.16018732990505,
        105.49433897397317,
        93.4241745421863,
        71.72182954535762,
        76.28833280536561,
        89.10059857636573,
        77.30688304844962,
        86.19789086102332,
        69.09835984546473,
        82.51346691432994,
        96.05998559927716,
        82.30680240552553,
        91.47221800452128,
        67.16832090601442,
        83.09215098645332,
        75.33162793054898,
        82.67792262078729,
        86.11438613843798,
        83.0685794322311,
        66.17081221270364,
        64.60564130854897,
        81.39905131852308,
        75.28330750497676,
        86.45274078297858,
        94.58021287069863,
        64.61488476607641,
        87.80134616786287,
        78.52317421557083,
        101.23168558641443,
        84.46235190242389,
        81.93234844810823,
        59.501342188409694,
        80.92263108810923,
        75.6087792521477,
        78.41392131219784,
        65.14145931910201,
        76.30567184394327,
        83.28565302619654,
        81.74906557400043,
        81.94239168803627,
        90.31088281904654,
        95.32007483561196,
        90.16882314118703,
        78.10298578728529,
        92.92600849899642,
        84.61034051593353,
        106.37939832922956,
        84.0305830569376,
        85.10826438523269,
        69.93667770840197,
        102.9979436148552,
        73.17345260862486,
        54.12556132631687,
        93.55197604659253,
        87.74347079222856,
        88.25637370751191,
        93.66974342514948,
        88.83517040001668,
        85.34521401669548,
        100.5339563972735,
        81.61950168651825,
        78.16164696035744,
        67.14096902951448,
        95.66376302213685,
        86.38704892645785,
        98.396695687519,
        97.30061522016302,
        85.6603029413275,
        63.67277457612651,
        63.24160023275818,
        97.17409920115315,
        79.54396932235377,
        96.07361182389725,
        74.25682722072692,
        97.83528532976001,
        83.24274242639214,
        83.24912411951652,
        67.12110737730387,
        100.61432828158998,
        89.37417443286151,
        76.75117624867748,
        74.45519719192804
    ]
}