{
    "agg": 2127,
    "iters": [
        1,
        2,
        3,
        4,
        5,
        6,
        7,
        8,
        9,
        10,
        11,
        12,
        13,
        14,
        15,
        16,
        17,
        18,
        19,
        20,
        21,
        22,
        23,
        24,
        25,
        26,
        27,
        28,
        29,
        30,
        31,
        32,
        33,
        34,
        35,
        36,
        37,
        38,
        39,
        40,
        41,
        42,
        43,
        44,
        45,
        46,
        47,
        48,
        49,
        50,
        51,
        52,
        53,
        54,
        55,
        56,
        57,
        58,
        59,
        60,
        61,
        62,
        63,
        64,
        65,
        66,
        67,
        68,
        69,
        70,
        71,
        72,
        73,
        74,
        75,
        76,
        77,
        78,
        79,
        80,
        81,
        82,
        83,
        84,
        85,
        86,
        87,
        88,
        89,
        90,
        91,
        92,
        93,
        94,
        95,
        96,
        97,
        98,
        99,
        100,
        101,
        102,
        103,
        104,
        105,
        106,
        107,
        108,
        109,
        110
    ],
    "means": [
        2137.9285714285716,
        2168.6428571428573,
        2164.5238095238096,
        2141.309523809524,
        2166.190476190476,
        2134.9523809523807,
        2162.9523809523807,
        2156.404761904762,
        2158.690476190476,
        2164.9761904761904,
        2154.690476190476,
        2159.1428571428573,
        2141.8571428571427,
        2150.7619047619046,
        2158.8333333333335,
        2183.5714285714284,
        2182.7380952380954,
        2146.3571428571427,
        2153.8571428571427,
        2130.214285714286,
        2152.785714285714,
        2171.1428571428573,
        2149.6666666666665,
        2141.0476190476193,
        2148.6666666666665,
        2144.0238095238096,
        2160.2619047619046,
        2159.8333333333335,
        2145.5476190476193,
        2164.7619047619046,
        2133.6666666666665,
        2138.6428571428573,
        2132.809523809524,
        2136.8333333333335,
        2134.8809523809523,
        2156.1190476190477,
        2150.0238095238096,
        2156.809523809524,
        2160.4285714285716,
        2144.6428571428573,
        2160.8571428571427,
        2147.0238095238096,
        2159.2619047619046,
        2150.690476190476,
        2173.0714285714284,
        2149.1428571428573,
        2176.714285714286,
        2151.904761904762,
        2153.809523809524,
        2156.809523809524,
        2161.8809523809523,
        2150.3571428571427,
        2135.5476190476193,
        2152.3571428571427,
        2150.9285714285716,
        2164.095238095238,
        2129.190476190476,
        2147.0476190476193,
        2158.8333333333335,
        2151.6666666666665,
        2120.0238095238096,
        2150.3809523809523,
        2157.4761904761904,
        2161.7619047619046,
        2141.9761904761904,
        2151.9761904761904,
        2138.7619047619046,
        2135.5714285714284,
        2168.6666666666665,
        2147.309523809524,
        2151.3809523809523,
        2140.6666666666665,
        2143.3571428571427,
        2138.4523809523807,
        2144.0238095238096,
        2152.9523809523807,
        2162.5714285714284,
        2149.7619047619046,
        2148.1190476190477,
        2141.6428571428573,
        2158.2380952380954,
        2157.1666666666665,
        2157.3809523809523,
        2152.0714285714284,
        2150.4523809523807,
        2148.5238095238096,
        2153.7619047619046,
        2175.2380952380954,
        2156.904761904762,
        2140.0476190476193,
        2149.0,
        2125.4523809523807,
        2156.285714285714,
        2133.714285714286,
        2154.7380952380954,
        2149.9761904761904,
        2132.3571428571427,
        2160.7619047619046,
        2152.285714285714,
        2151.714285714286,
        2153.6190476190477,
        2147.404761904762,
        2160.0,
        2161.5238095238096,
        2159.0714285714284,
        2159.5238095238096,
        2146.1428571428573,
        2137.095238095238,
        2143.5238095238096,
        2150.3809523809523
    ],
    "opt": 2220,
    "stdevs": [
        93.45036697860193,
        88.77307116048935,
        85.0616689722502,
        82.31891760106748,
        86.64520927465888,
        78.54023911981508,
        78.6629193157961,
        86.45975103337295,
        80.44918185835083,
        80.94221574833144,
        103.72249792578135,
        92.18836085727428,
        89.19282787431783,
        79.92461016894356,
        86.96192836021396,
        88.31926469919686,
        87.17662954731058,
        88.40701906753877,
        85.41957270649709,
        84.54486994498014,
        79.22858301993631,
        95.54992996149322,
        72.83924461137386,
        74.85699139691451,
        89.4857441869844,
        73.39050415260303,
        87.56033553085919,
        73.32150878694226,
        85.98759666396863,
        85.02935334168556,
        81.73058722956107,
        92.48186989082456,
        90.4081322973079,
        90.58905554274746,
        90.1940242928576,
        87.21762665363562,
        89.9331730986001,
        81.72405314029649,
        95.44535780503216,
        97.73112323604795,
        102.05474054656752,
        83.49522030666759,
        84.15831439665465,
        91.54740850802467,
        89.40714599573145,
        87.5506850286141,
        78.68632292187752,
        96.0626803121422,
        93.56211028362723,
        83.01699140343501,
        86.11376815445738,
        90.9507510449818,
        84.66887953077998,
        79.02465601635608,
        84.14935499205107,
        87.52164617254886,
        83.12246790851324,
        93.67699122413815,
        90.57512448019696,
        80.08824498093952,
        83.8267737929544,
        92.96080904413745,
        93.28380610119648,
        99.08529503215892,
        79.75005242429629,
        87.12374562743612,
        86.69508953079658,
        98.14133221245457,
        87.72702973446522,
        84.65264828508323,
        94.40438659626352,
        80.66292789446672,
        72.91084622056336,
        86.17374541641422,
        78.46366708326978,
        90.39093727774988,
        81.10549944865839,
        78.97643093981223,
        81.61705073403193,
        87.7892013720994,
        80.12544020347379,
        75.49611048532698,
        81.47887613508072,
        92.09916830634839,
        87.16820149271135,
        91.6554724148142,
        85.24134072033624,
        88.21775264699372,
        78.08292585871509,
        80.66743969944999,
        85.3485849465646,
        94.59391966288429,
        86.89684243106763,
        82.02621117501339,
        88.9537224585291,
        90.65383875338995,
        102.48201269086233,
        74.94563411275108,
        87.40145082000744,
        88.24270797184366,
        81.82005586621237,
        75.10122043387575,
        75.38314829999506,
        85.5281179315674,
        89.76752855946002,
        80.3238202513628,
        71.49844201718211,
        82.91556506293144,
        85.27190071854969,
        91.22080808491229
    ]
}