{
    "agg": 2222,
    "iters": [
        1,
        2,
        3,
        4,
        5,
        6,
        7,
        8,
        9,
        10,
        11,
        12,
        13,
        14,
        15,
        16,
        17,
        18,
        19,
        20,
        21,
        22,
        23,
        24,
        25,
        26,
        27,
        28,
        29,
        30,
        31,
        32,
        33,
        34,
        35,
        36,
        37,
        38,
        39,
        40,
        41,
        42,
        43,
        44,
        45,
        46,
        47,
        48,
        49,
        50,
        51,
        52,
        53,
        54,
        55,
        56,
        57,
        58,
        59,
        60,
        61,
        62,
        63,
        64,
        65,
        66,
        67,
        68,
        69,
        70,
        71,
        72,
        73,
        74,
        75,
        76,
        77,
        78,
        79,
        80,
        81,
        82,
        83,
        84,
        85,
        86,
        87,
        88,
        89,
        90,
        91,
        92,
        93,
        94,
        95,
        96,
        97,
        98,
        99,
        100,
        101,
        102
    ],
    "means": [
        2140.4736842105262,
        2187.4210526315787,
        2144.2631578947367,
        2144.4736842105262,
        2147.315789473684,
        2146.9473684210525,
        2164.0526315789475,
        2165.157894736842,
        2153.5789473684213,
        2147.7368421052633,
        2158.4210526315787,
        2167.2105263157896,
        2108.0,
        2143.3684210526317,
        2149.2105263157896,
        2143.3684210526317,
        2106.9473684210525,
        2103.4736842105262,
        2159.5789473684213,
        2123.4736842105262,
        2147.3684210526317,
        2174.3684210526317,
        2155.7368421052633,
        2132.8947368421054,
        2147.315789473684,
        2151.4736842105262,
        2134.157894736842,
        2133.2631578947367,
        2129.4210526315787,
        2145.9473684210525,
        2184.7894736842104,
        2140.0,
        2153.684210526316,
        2142.4736842105262,
        2163.1052631578946,
        2156.7368421052633,
        2138.3684210526317,
        2148.5789473684213,
        2156.3684210526317,
        2166.3684210526317,
        2179.684210526316,
        2169.5263157894738,
        2165.3684210526317,
        2148.2105263157896,
        2169.0,
        2161.315789473684,
        2188.157894736842,
        2141.2631578947367,
        2157.7894736842104,
        2171.8947368421054,
        2115.8947368421054,
        2165.9473684210525,
        2121.5789473684213,
        2133.0526315789475,
        2132.315789473684,
        2174.0526315789475,
        2161.315789473684,
        2140.3684210526317,
        2199.1052631578946,
        2163.1052631578946,
        2147.9473684210525,
        2130.9473684210525,
        2154.5789473684213,
        2143.8947368421054,
        2138.8947368421054,
        2125.842105263158,
        2149.5789473684213,
        2183.842105263158,
        2179.315789473684,
        2160.842105263158,
        2142.8947368421054,
        2114.0526315789475,
        2148.2631578947367,
        2123.0526315789475,
        2154.3684210526317,
        2169.6315789473683,
        2136.6315789473683,
        2194.684210526316,
        2152.842105263158,
        2183.1052631578946,
        2161.5789473684213,
        2153.9473684210525,
        2146.684210526316,
        2136.157894736842,
        2182.842105263158,
        2137.5789473684213,
        2132.315789473684,
        2156.8947368421054,
        2125.4210526315787,
        2162.315789473684,
        2155.2631578947367,
        2139.4210526315787,
        2135.9473684210525,
        2114.3684210526317,
        2127.8947368421054,
        2143.2631578947367,
        2125.1052631578946,
        2175.2105263157896,
        2139.5263157894738,
        2145.157894736842,
        2158.3684210526317,
        2138.7368421052633
    ],
    "opt": 2231,
    "stdevs": [
        84.36847030237917,
        89.3198367721148,
        87.86343596457736,
        78.90191674081157,
        81.50495795806015,
        99.19490313954779,
        102.01056378951026,
        79.83750810759956,
        78.99321475822677,
        78.79676863883721,
        87.27772718196701,
        73.2835724733711,
        87.60257145949421,
        75.63152400833079,
        91.40918930390247,
        82.21359250296612,
        83.80018445163128,
        85.0512962375633,
        92.53580575247825,
        87.19027494119587,
        84.88519214135847,
        76.87529924721613,
        107.49973909650747,
        82.49841767978093,
        66.77933231454723,
        90.78393575787376,
        88.7873053739546,
        90.31572813149677,
        83.50941692217376,
        97.82286552432709,
        88.14735207974407,
        80.21615534882838,
        88.04368092425783,
        70.58430451822366,
        79.63263992057666,
        82.88536287850458,
        89.65853969149948,
        75.25907239555465,
        85.74270601251764,
        96.43116471911907,
        88.87131597610166,
        73.85146431292635,
        81.64248798802831,
        101.34286719499276,
        81.37437848416546,
        93.04105072017175,
        94.09808049828966,
        85.46026599368804,
        89.17609955196482,
        75.84950108210622,
        64.7008457903247,
        66.08087045766887,
        87.11717202739,
        84.4365060012929,
        77.96223959920661,
        84.33359428278709,
        82.70050762370711,
        77.0838303245689,
        85.09802071842745,
        88.25972123993934,
        66.95833243554141,
        92.52850126153764,
        90.34105891126003,
        76.82851357806526,
        95.22156696045508,
        99.33105898850768,
        86.91878592260932,
        89.42286482473374,
        91.4514841936359,
        97.03567610767253,
        92.77924832454501,
        80.22761939710928,
        82.49774612887003,
        59.5646253940873,
        76.69571491928744,
        106.4074643831639,
        88.33203539177784,
        77.55816332315344,
        79.3640931390159,
        73.89245010706767,
        75.84216004965332,
        81.77020026250108,
        89.13210339690004,
        99.5438349133289,
        79.96858801587082,
        73.77227819764627,
        88.34445303623464,
        99.5758873458842,
        84.36032728685089,
        72.89000554662661,
        98.2327215851607,
        84.58774067544408,
        85.82692111343407,
        74.53802316607897,
        81.50550174316106,
        89.63366502501822,
        96.08871708606863,
        99.81012444551031,
        90.39816510774789,
        104.22357706690218,
        83.79059771793001,
        83.95853745200861
    ]
}