{
    "agg": 2112,
    "iters": [
        1,
        2,
        3,
        4,
        5,
        6,
        7,
        8,
        9,
        10,
        11,
        12,
        13,
        14,
        15,
        16,
        17,
        18,
        19,
        20,
        21,
        22,
        23,
        24,
        25,
        26,
        27,
        28,
        29,
        30,
        31,
        32,
        33,
        34,
        35,
        36,
        37,
        38,
        39,
        40,
        41,
        42,
        43,
        44,
        45,
        46,
        47,
        48,
        49,
        50,
        51,
        52,
        53,
        54,
        55,
        56,
        57,
        58,
        59,
        60,
        61,
        62,
        63,
        64,
        65,
        66,
        67,
        68,
        69,
        70,
        71,
        72,
        73,
        74,
        75,
        76,
        77,
        78,
        79,
        80,
        81,
        82,
        83,
        84,
        85,
        86,
        87,
        88,
        89,
        90,
        91,
        92,
        93,
        94,
        95,
        96,
        97,
        98,
        99,
        100,
        101,
        102,
        103,
        104,
        105,
        106,
        107,
        108,
        109,
        110,
        111,
        112,
        113,
        114,
        115,
        116,
        117,
        118,
        119,
        120,
        121,
        122,
        123,
        124,
        125,
        126,
        127,
        128,
        129,
        130,
        131,
        132,
        133,
        134,
        135,
        136,
        137,
        138,
        139,
        140,
        141,
        142,
        143,
        144,
        145,
        146,
        147,
        148
    ],
    "means": [
        2148.0731707317073,
        2156.0975609756097,
        2162.0243902439024,
        2140.2926829268295,
        2146.268292682927,
        2149.2926829268295,
        2154.951219512195,
        2155.317073170732,
        2143.2926829268295,
        2152.487804878049,
        2147.756097560976,
        2171.560975609756,
        2147.7073170731705,
        2165.829268292683,
        2172.7073170731705,
        2180.9756097560976,
        2176.3658536585367,
        2146.560975609756,
        2151.4146341463415,
        2134.6341463414633,
        2166.3414634146343,
        2160.682926829268,
        2161.439024390244,
        2158.682926829268,
        2140.3658536585367,
        2159.6585365853657,
        2156.048780487805,
        2172.951219512195,
        2147.878048780488,
        2173.243902439024,
        2145.6341463414633,
        2134.951219512195,
        2164.8048780487807,
        2152.7073170731705,
        2160.317073170732,
        2156.121951219512,
        2144.8048780487807,
        2145.6341463414633,
        2132.3414634146343,
        2172.731707317073,
        2150.5853658536585,
        2154.8048780487807,
        2161.048780487805,
        2141.4146341463415,
        2147.9268292682927,
        2128.4146341463415,
        2168.1463414634145,
        2149.6341463414633,
        2153.9024390243903,
        2132.7073170731705,
        2131.8048780487807,
        2160.731707317073,
        2157.0,
        2150.0731707317073,
        2141.4634146341464,
        2121.8048780487807,
        2148.4634146341464,
        2162.512195121951,
        2140.756097560976,
        2149.4634146341464,
        2165.0243902439024,
        2168.878048780488,
        2159.0975609756097,
        2172.048780487805,
        2150.170731707317,
        2138.1463414634145,
        2163.682926829268,
        2115.0,
        2129.9024390243903,
        2150.756097560976,
        2125.487804878049,
        2158.3658536585367,
        2124.268292682927,
        2167.317073170732,
        2154.9268292682927,
        2163.4634146341464,
        2138.6341463414633,
        2151.487804878049,
        2131.951219512195,
        2157.6585365853657,
        2136.268292682927,
        2127.121951219512,
        2154.560975609756,
        2116.609756097561,
        2131.170731707317,
        2157.0731707317073,
        2143.6585365853657,
        2141.512195121951,
        2166.9268292682927,
        2158.682926829268,
        2145.6585365853657,
        2138.951219512195,
        2155.9756097560976,
        2126.2926829268295,
        2161.609756097561,
        2151.6341463414633,
        2159.2195121951218,
        2161.560975609756,
        2165.121951219512,
        2149.268292682927,
        2144.682926829268,
        2148.4634146341464,
        2151.0975609756097,
        2141.0,
        2176.268292682927,
        2156.0975609756097,
        2149.9268292682927,
        2161.0975609756097,
        2147.487804878049,
        2153.5853658536585,
        2158.951219512195,
        2152.951219512195,
        2130.9024390243903,
        2143.7804878048782,
        2153.7804878048782,
        2144.6341463414633,
        2148.9024390243903,
        2136.9024390243903,
        2137.1951219512193,
        2133.2926829268295,
        2149.829268292683,
        2159.3414634146343,
        2131.048780487805,
        2157.682926829268,
        2151.317073170732,
        2144.5365853658536,
        2160.560975609756,
        2139.512195121951,
        2146.560975609756,
        2156.6341463414633,
        2135.682926829268,
        2159.0731707317073,
        2136.609756097561,
        2162.5365853658536,
        2153.121951219512,
        2165.268292682927,
        2143.7804878048782,
        2151.8048780487807,
        2155.8536585365855,
        2159.1463414634145,
        2141.0,
        2182.170731707317,
        2127.3658536585367,
        2133.8536585365855,
        2150.951219512195,
        2145.7073170731705,
        2145.878048780488,
        2121.0975609756097
    ],
    "opt": 2251,