{
    "agg": 2196,
    "iters": [
        1,
        2,
        3,
        4,
        5,
        6,
        7,
        8,
        9,
        10,
        11,
        12,
        13,
        14,
        15,
        16,
        17,
        18,
        19,
        20,
        21,
        22,
        23,
        24,
        25,
        26,
        27,
        28,
        29,
        30,
        31,
        32,
        33,
        34,
        35,
        36,
        37,
        38,
        39,
        40,
        41,
        42,
        43,
        44,
        45,
        46,
        47,
        48,
        49,
        50,
        51,
        52,
        53,
        54,
        55,
        56,
        57,
        58,
        59,
        60,
        61,
        62,
        63,
        64,
        65,
        66,
        67,
        68,
        69,
        70,
        71,
        72,
        73,
        74,
        75,
        76,
        77,
        78,
        79,
        80,
        81,
        82,
        83,
        84,
        85,
        86,
        87,
        88,
        89,
        90,
        91,
        92,
        93,
        94,
        95,
        96,
        97,
        98,
        99,
        100,
        101,
        102,
        103,
        104,
        105,
        106,
        107,
        108,
        109,
        110,
        111,
        112,
        113,
        114,
        115,
        116,
        117,
        118,
        119,
        120,
        121,
        122,
        123,
        124,
        125,
        126,
        127
    ],
    "means": [
        2153.5208333333335,
        2152.9583333333335,
        2161.3333333333335,
        2178.4583333333335,
        2167.2291666666665,
        2145.5,
        2144.6458333333335,
        2144.1666666666665,
        2153.0833333333335,
        2155.5416666666665,
        2148.6458333333335,
        2138.7708333333335,
        2138.875,
        2168.1666666666665,
        2150.5625,
        2147.3125,
        2161.4583333333335,
        2136.625,
        2151.1875,
        2137.2708333333335,
        2137.5208333333335,
        2174.9791666666665,
        2139.75,
        2145.5625,
        2165.7708333333335,
        2147.9375,
        2150.625,
        2148.375,
        2140.2083333333335,
        2160.75,
        2151.3125,
        2145.4791666666665,
        2172.0833333333335,
        2132.4166666666665,
        2150.5625,
        2163.7708333333335,
        2145.75,
        2150.9583333333335,
        2137.625,
        2164.0208333333335,
        2140.5208333333335,
        2140.875,
        2143.0,
        2176.4791666666665,
        2162.75,
        2173.6041666666665,
        2138.0416666666665,
        2142.8541666666665,
        2146.2916666666665,
        2163.0208333333335,
        2164.0833333333335,
        2143.1041666666665,
        2137.1458333333335,
        2172.9166666666665,
        2165.625,
        2161.3333333333335,
        2153.3125,
        2122.7708333333335,
        2181.7708333333335,
        2152.4166666666665,
        2157.625,
        2143.7916666666665,
        2163.3958333333335,
        2145.9166666666665,
        2157.875,
        2163.0625,
        2155.6666666666665,
        2150.0416666666665,
        2151.375,
        2146.8125,
        2139.3333333333335,
        2179.5,
        2128.6666666666665,
        2144.7916666666665,
        2134.2291666666665,
        2135.8125,
        2155.3958333333335,
        2149.875,
        2143.2291666666665,
        2148.3958333333335,
        2153.2708333333335,
        2152.5,
        2164.9166666666665,
        2157.9375,
        2169.6875,
        2152.0,
        2138.9791666666665,
        2152.9583333333335,
        2134.3541666666665,
        2134.875,
        2159.125,
        2144.9375,
        2148.5833333333335,
        2159.2708333333335,
        2161.3541666666665,
        2149.0,
        2158.5,
        2141.0,
        2132.2916666666665,
        2136.7291666666665,
        2150.0625,
        2154.3541666666665,
        2161.6666666666665,
        2132.4583333333335,
        2150.0208333333335,
        2122.0833333333335,
        2140.9583333333335,
        2157.2708333333335,
        2145.4375,
        2150.9791666666665,
        2149.5416666666665,
        2161.5208333333335,
        2138.2708333333335,
        2146.2708333333335,
        2162.1458333333335,
        2135.75,
        2143.8541666666665,
        2173.5416666666665,
        2124.6041666666665,
        2126.1875,
        2151.3541666666665,
        2175.9583333333335,
        2127.2083333333335,
        2145.3333333333335,
        2178.3958333333335,
        2161.0625,
        2171.8958333333335
    ],
    "opt": 2206,