{
    "agg": 2254,
    "iters": [
        1,
        2,
        3,
        4,
        5,
        6,
        7,
        8,
        9,
        10,
        11,
        12,
        13,
        14,
        15,
        16,
        17,
        18,
        19,
        20,
        21,
        22,
        23,
        24,
        25,
        26,
        27,
        28,
        29,
        30,
        31,
        32,
        33,
        34,
        35,
        36,
        37,
        38,
        39,
        40,
        41,
        42,
        43,
        44,
        45,
        46,
        47,
        48,
        49,
        50,
        51,
        52,
        53,
        54,
        55,
        56,
        57,
        58,
        59,
        60,
        61,
        62,
        63,
        64,
        65,
        66,
        67,
        68,
        69,
        70,
        71,
        72,
        73,
        74,
        75,
        76,
        77,
        78,
        79,
        80,
        81,
        82,
        83,
        84,
        85,
        86,
        87,
        88,
        89,
        90,
        91,
        92,
        93,
        94,
        95,
        96,
        97,
        98,
        99,
        100,
        101,
        102,
        103,
        104,
        105,
        106,
        107,
        108,
        109,
        110,
        111
    ],
    "means": [
        2161.153846153846,
        2142.3076923076924,
        2128.8846153846152,
        2153.8076923076924,
        2171.923076923077,
        2169.730769230769,
        2178.5,
        2157.1923076923076,
        2123.5,
        2141.1923076923076,
        2141.9615384615386,
        2133.3076923076924,
        2157.4615384615386,
        2134.0384615384614,
        2130.6153846153848,
        2126.0384615384614,
        2144.653846153846,
        2167.5,
        2133.269230769231,
        2161.923076923077,
        2160.769230769231,
        2167.9615384615386,
        2146.653846153846,
        2155.0,
        2143.923076923077,
        2105.153846153846,
        2149.5,
        2177.5384615384614,
        2114.0384615384614,
        2165.1923076923076,
        2191.3846153846152,
        2160.923076923077,
        2125.8076923076924,
        2141.346153846154,
        2145.230769230769,
        2155.6153846153848,
        2156.653846153846,
        2149.9615384615386,
        2125.423076923077,
        2137.230769230769,
        2145.076923076923,
        2125.3076923076924,
        2143.576923076923,
        2134.8076923076924,
        2149.0384615384614,
        2170.4615384615386,
        2140.730769230769,
        2150.8076923076924,
        2156.5,
        2164.3076923076924,
        2145.8846153846152,
        2177.5384615384614,
        2170.653846153846,
        2181.730769230769,
        2121.769230769231,
        2148.576923076923,
        2131.6153846153848,
        2179.576923076923,
        2124.769230769231,
        2155.3846153846152,
        2155.4615384615386,
        2149.423076923077,
        2150.8076923076924,
        2137.153846153846,
        2149.269230769231,
        2147.1153846153848,
        2136.8846153846152,
        2170.1923076923076,
        2137.4615384615386,
        2150.846153846154,
        2166.269230769231,
        2158.5,
        2139.0384615384614,
        2116.6153846153848,
        2105.1153846153848,
        2152.6923076923076,
        2145.153846153846,
        2142.5,
        2151.230769230769,
        2150.8076923076924,
        2154.576923076923,
        2145.0,
        2149.8846153846152,
        2151.5384615384614,
        2145.653846153846,
        2182.4615384615386,
        2141.3076923076924,
        2148.153846153846,
        2147.653846153846,
        2168.576923076923,
        2143.4615384615386,
        2135.423076923077,
        2164.5,
        2168.153846153846,
        2123.6923076923076,
        2146.0384615384614,
        2171.5384615384614,
        2145.8846153846152,
        2127.6923076923076,
        2114.4615384615386,
        2159.9615384615386,
        2158.8846153846152,
        2156.269230769231,
        2136.8846153846152,
        2156.0,
        2173.153846153846,
        2162.269230769231,
        2126.269230769231,
        2162.653846153846,
        2143.269230769231,
        2141.5384615384614
    ],
    "opt": 2230,
    "stdevs": [
        94.56812453207895,
        82.04772027525728,
        85.41497208113636,
        90.64301035073684,
        83.16153099051502,
        81.26904874565511,
        84.64779973513782,
        87.1029537743297,
        65.56807971050453,
        88.23134766090321,
        90.81192770235499,
        92.98460138471616,
        82.11119607404376,
        87.61036150928143,
        76.20018015478246,
        93.78513937113867,
        91.9748888420899,
        77.5406841103926,
        86.71995497990054,
        96.4001767780549,
        90.48089798077982,
        86.13204566211596,
        83.53762040942175,
        85.51338176881126,
        84.86184386624356,
        77.23176524028295,
        86.42126251903876,
        84.50818384094332,
        81.98380739241264,
        87.83814627386214,
        80.37464052943993,
        79.61200290105229,
        74.63965703543165,
        96.43728225268495,
        76.69234626956826,
        96.01124810830036,
        80.07061417547557,
        85.56170997015985,
        72.29915047746628,
        77.74826621480561,
        93.11115073143787,
        75.7443926489049,
        95.02152512292355,
        89.09805282805837,
        95.60514983282131,
        88.512593962333,
        94.33800021212909,
        93.47851222885777,
        95.87742575408859,
        92.29333221635045,
        80.3666247810509,
        80.41155235088607,
        64.69510878414005,
        84.897928620336,
        91.27654837921769,
        98.16202190449573,
        72.3517459908812,
        82.61410434475695,
        81.15763753447678,
        90.07777704384009,
        70.05120696771138,
        89.07307850079881,
        94.48036801806184,
        85.77954405051821,
        73.10664375381177,
        92.30189885665614,
        87.65418368315207,
        89.05832973211746,
        76.49948756451337,
        81.8251852839061,
        73.80304230351508,
        83.47604446785915,
        95.6908004457107,
        79.20036758028381,
        79.63007110917377,
        95.94941344702636,
        77.55677439423245,
        104.1641640725018,
        84.40620998495116,
        87.12811929335805,
        85.65995971412111,
        88.85597681295623,
        81.73753818123588,
        96.0185201563623,
        89.25199515446843,
        94.39981696903328,
        83.20954513976665,
        87.01754567004214,
        72.94831801071028,
        82.08212260943918,
        94.84774469936654,
        87.95592124945448,
        100.09466672951316,
        73.50651060002588,
        82.47273173170598,
        85.4902067127398,
        91.34980559502314,
        85.64745580804214,
        75.61225441521684,
        73.49057017961859,
        86.0601224409785,
        87.01473214041089,
        71.97999598836616,
        83.14367866395585,
        82.3500969127448,
        78.66760270896991,
        95.44251499535756,
        79.03775032433147,
        76.51744009736117,
        80.882420687881,
        80.94596049655632
    ]
}