{
    "agg": 2250,
    "iters": [
        1,
        2,
        3,
        4,
        5,
        6,
        7,
        8,
        9,
        10,
        11,
        12,
        13,
        14,
        15,
        16,
        17,
        18,
        19,
        20,
        21,
        22,
        23,
        24,
        25,
        26,
        27,
        28,
        29,
        30,
        31,
        32,
        33,
        34,
        35,
        36,
        37,
        38,
        39,
        40,
        41,
        42,
        43,
        44,
        45,
        46,
        47,
        48,
        49,
        50,
        51,
        52,
        53,
        54,
        55,
        56,
        57,
        58,
        59,
        60,
        61,
        62,
        63,
        64,
        65,
        66,
        67,
        68,
        69,
        70,
        71,
        72,
        73,
        74,
        75,
        76,
        77,
        78,
        79,
        80,
        81,
        82,
        83,
        84,
        85,
        86,
        87,
        88,
        89,
        90,
        91,
        92,
        93,
        94,
        95,
        96,
        97,
        98,
        99,
        100,
        101,
        102,
        103,
        104,
        105,
        106,
        107,
        108,
        109,
        110,
        111,
        112,
        113,
        114,
        115,
        116,
        117,
        118,
        119,
        120,
        121,
        122,
        123,
        124,
        125
    ],
    "means": [
        2217.3636363636365,
        2180.4545454545455,
        2156.181818181818,
        2148.181818181818,
        2171.3636363636365,
        2144.5454545454545,
        2110.3636363636365,
        2179.090909090909,
        2105.4545454545455,
        2122.5454545454545,
        2143.0,
        2163.2727272727275,
        2197.7272727272725,
        2192.5454545454545,
        2152.6363636363635,
        2181.181818181818,
        2156.5454545454545,
        2140.6363636363635,
        2140.6363636363635,
        2163.5454545454545,
        2185.6363636363635,
        2190.909090909091,
        2153.5454545454545,
        2108.7272727272725,
        2174.2727272727275,
        2109.6363636363635,
        2106.090909090909,
        2103.909090909091,
        2161.181818181818,
        2125.3636363636365,
        2161.3636363636365,
        2173.818181818182,
        2207.818181818182,
        2121.7272727272725,
        2170.0,
        2145.5454545454545,
        2168.6363636363635,
        2135.6363636363635,
        2173.090909090909,
        2116.6363636363635,
        2122.6363636363635,
        2127.181818181818,
        2172.181818181818,
        2139.4545454545455,
        2104.4545454545455,
        2140.3636363636365,
        2150.7272727272725,
        2134.818181818182,
        2158.909090909091,
        2146.5454545454545,
        2138.090909090909,
        2131.7272727272725,
        2150.4545454545455,
        2156.818181818182,
        2139.2727272727275,
        2182.5454545454545,
        2129.6363636363635,
        2150.2727272727275,
        2142.909090909091,
        2130.181818181818,
        2150.5454545454545,
        2157.909090909091,
        2203.0,
        2156.5454545454545,
        2173.909090909091,
        2162.181818181818,
        2134.6363636363635,
        2124.6363636363635,
        2150.909090909091,
        2188.2727272727275,
        2137.3636363636365,
        2123.090909090909,
        2192.818181818182,
        2161.6363636363635,
        2170.6363636363635,
        2190.090909090909,
        2137.2727272727275,
        2162.818181818182,
        2174.2727272727275,
        2135.909090909091,
        2138.5454545454545,
        2165.090909090909,
        2131.181818181818,
        2157.6363636363635,
        2165.5454545454545,
        2151.5454545454545,
        2175.909090909091,
        2131.909090909091,
        2171.5454545454545,
        2162.2727272727275,
        2150.818181818182,
        2148.4545454545455,
        2182.0,
        2122.3636363636365,
        2125.0,
        2160.6363636363635,
        2153.818181818182,
        2193.4545454545455,
        2154.4545454545455,
        2178.4545454545455,
        2170.0,
        2160.090909090909,
        2143.2727272727275,
        2181.818181818182,
        2164.090909090909,
        2157.6363636363635,
        2192.818181818182,
        2131.818181818182,
        2139.4545454545455,
        2176.909090909091,
        2148.4545454545455,
        2132.181818181818,
        2189.4545454545455,
        2165.818181818182,
        2162.6363636363635,
        2139.6363636363635,
        2152.6363636363635,
        2117.3636363636365,
        2183.0,
        2178.2727272727275,
        2133.7272727272725,
        2158.909090909091,
        2148.6363636363635,
        2107.7272727272725,
        2162.5454545454545
    ],
    "opt": 2283,