{
    "agg": 2273,
    "iters": [
        1,
        2,
        3,
        4,
        5,
        6,
        7,
        8,
        9,
        10,
        11,
        12,
        13,
        14,
        15,
        16,
        17,
        18,
        19,
        20,
        21,
        22,
        23,
        24,
        25,
        26,
        27,
        28,
        29,
        30,
        31,
        32,
        33,
        34,
        35,
        36,
        37,
        38,
        39,
        40,
        41,
        42,
        43,
        44,
        45,
        46,
        47,
        48,
        49,
        50,
        51,
        52,
        53,
        54,
        55,
        56,
        57,
        58,
        59,
        60,
        61,
        62,
        63,
        64,
        65,
        66,
        67,
        68,
        69,
        70,
        71,
        72,
        73,
        74,
        75,
        76,
        77,
        78,
        79,
        80,
        81,
        82,
        83,
        84,
        85,
        86,
        87,
        88,
        89,
        90,
        91,
        92,
        93,
        94,
        95,
        96,
        97,
        98,
        99,
        100,
        101,
        102,
        103,
        104,
        105,
        106,
        107,
        108,
        109,
        110,
        111,
        112,
        113,
        114,
        115,
        116,
        117,
        118,
        119,
        120,
        121,
        122,
        123,
        124,
        125,
        126,
        127,
        128,
        129,
        130,
        131,
        132,
        133,
        134,
        135,
        136,
        137,
        138
    ],
    "means": [
        2175.5777777777776,
        2148.288888888889,
        2147.866666666667,
        2153.6222222222223,
        2112.1111111111113,
        2143.1555555555556,
        2147.5333333333333,
        2147.6,
        2182.9777777777776,
        2168.866666666667,
        2163.1111111111113,
        2148.088888888889,
        2173.133333333333,
        2169.1111111111113,
        2164.911111111111,
        2174.9333333333334,
        2145.5777777777776,
        2155.9333333333334,
        2167.9555555555557,
        2158.711111111111,
        2143.2,
        2144.9555555555557,
        2158.0444444444443,
        2137.9777777777776,
        2146.7555555555555,
        2138.1111111111113,
        2144.1555555555556,
        2138.0,
        2143.0666666666666,
        2151.688888888889,
        2150.6666666666665,
        2149.7555555555555,
        2145.6222222222223,
        2138.9777777777776,
        2138.2,
        2142.511111111111,
        2155.1555555555556,
        2146.688888888889,
        2154.4222222222224,
        2146.133333333333,
        2134.222222222222,
        2146.133333333333,
        2172.9777777777776,
        2140.222222222222,
        2150.733333333333,
        2146.5333333333333,
        2143.488888888889,
        2147.511111111111,
        2140.4222222222224,
        2151.866666666667,
        2145.0,
        2150.9777777777776,
        2135.2444444444445,
        2144.0222222222224,
        2126.4222222222224,
        2140.9555555555557,
        2139.6666666666665,
        2140.266666666667,
        2132.3333333333335,
        2160.8,
        2145.5777777777776,
        2137.4222222222224,
        2150.088888888889,
        2148.5777777777776,
        2133.822222222222,
        2139.311111111111,
        2137.177777777778,
        2178.733333333333,
        2163.511111111111,
        2172.4222222222224,
        2165.9333333333334,
        2127.088888888889,
        2134.266666666667,
        2148.5333333333333,
        2141.511111111111,
        2160.1555555555556,
        2139.9333333333334,
        2138.6222222222223,
        2152.3555555555554,
        2156.3555555555554,
        2147.133333333333,
        2148.8,
        2149.6444444444446,
        2177.0444444444443,
        2143.311111111111,
        2170.2444444444445,
        2149.5555555555557,
        2131.4,
        2145.733333333333,
        2152.8444444444444,
        2164.177777777778,
        2145.3333333333335,
        2164.6,
        2126.3777777777777,
        2142.177777777778,
        2158.1555555555556,
        2130.9777777777776,
        2134.711111111111,
        2152.5777777777776,
        2140.5333333333333,
        2159.088888888889,
        2129.6444444444446,
        2147.4666666666667,
        2156.488888888889,
        2158.222222222222,
        2155.6,
        2156.9555555555557,
        2171.177777777778,
        2151.177777777778,
        2158.1111111111113,
        2152.0444444444443,
        2166.0444444444443,
        2144.3555555555554,
        2147.266666666667,
        2141.5333333333333,
        2154.4666666666667,
        2151.866666666667,
        2132.4222222222224,
        2151.6444444444446,
        2147.0222222222224,
        2160.4222222222224,
        2169.2444444444445,
        2158.4666666666667,
        2158.0444444444443,
        2132.8444444444444,
        2133.511111111111,
        2122.222222222222,
        2158.1555555555556,
        2140.511111111111,
        2155.2,
        2145.866666666667,
        2139.4444444444443,
        2165.133333333333,
        2146.511111111111,
        2159.4,
        2142.2,
        2136.733333333333,
        2156.222222222222
    ],
    "opt": 2209,