{
    "agg": 2101,
    "iters": [
        1,
        2,
        3,
        4,
        5,
        6,
        7,
        8,
        9,
        10,
        11,
        12,
        13,
        14,
        15,
        16,
        17,
        18,
        19,
        20,
        21,
        22,
        23,
        24,
        25,
        26,
        27,
        28,
        29,
        30,
        31,
        32,
        33,
        34,
        35,
        36,
        37,
        38,
        39,
        40,
        41,
        42,
        43,
        44,
        45,
        46,
        47,
        48,
        49,
        50,
        51,
        52,
        53,
        54,
        55,
        56,
        57,
        58,
        59,
        60,
        61,
        62,
        63,
        64,
        65,
        66,
        67,
        68,
        69,
        70,
        71,
        72,
        73,
        74,
        75,
        76,
        77,
        78,
        79,
        80,
        81,
        82,
        83,
        84,
        85,
        86,
        87,
        88,
        89,
        90,
        91,
        92,
        93,
        94,
        95,
        96,
        97,
        98,
        99,
        100,
        101,
        102,
        103
    ],
    "means": [
        2175.740740740741,
        2158.4444444444443,
        2142.3703703703704,
        2126.777777777778,
        2169.777777777778,
        2164.3703703703704,
        2160.222222222222,
        2169.0,
        2129.3333333333335,
        2137.1111111111113,
        2141.777777777778,
        2149.962962962963,
        2163.4444444444443,
        2154.3333333333335,
        2150.6296296296296,
        2162.296296296296,
        2135.259259259259,
        2123.3703703703704,
        2131.0,
        2151.8888888888887,
        2150.777777777778,
        2137.1111111111113,
        2162.814814814815,
        2147.037037037037,
        2145.222222222222,
        2147.5185185185187,
        2150.925925925926,
        2169.6666666666665,
        2158.777777777778,
        2115.740740740741,
        2135.6666666666665,
        2158.1481481481483,
        2152.814814814815,
        2146.3333333333335,
        2168.6666666666665,
        2155.814814814815,
        2159.703703703704,
        2138.6666666666665,
        2140.740740740741,
        2128.8518518518517,
        2173.5555555555557,
        2145.5925925925926,
        2145.8518518518517,
        2127.1481481481483,
        2128.703703703704,
        2140.296296296296,
        2148.5925925925926,
        2158.0,
        2162.703703703704,
        2139.185185185185,
        2137.962962962963,
        2150.6666666666665,
        2170.3703703703704,
        2163.222222222222,
        2148.5925925925926,
        2169.1481481481483,
        2154.8518518518517,
        2164.6666666666665,
        2159.3703703703704,
        2173.4074074074074,
        2124.703703703704,
        2131.4074074074074,
        2136.5925925925926,
        2158.259259259259,
        2132.3703703703704,
        2131.4814814814813,
        2139.5185185185187,
        2142.259259259259,
        2144.185185185185,
        2151.5555555555557,
        2132.296296296296,
        2175.5185185185187,
        2151.185185185185,
        2152.259259259259,
        2116.4074074074074,
        2143.4814814814813,
        2128.8518518518517,
        2128.740740740741,
        2130.5925925925926,
        2171.074074074074,
        2133.1111111111113,
        2152.5555555555557,
        2144.5555555555557,
        2153.740740740741,
        2114.4814814814813,
        2111.740740740741,
        2147.962962962963,
        2150.1111111111113,
        2152.4074074074074,
        2157.703703703704,
        2157.8888888888887,
        2167.222222222222,
        2151.3333333333335,
        2163.074074074074,
        2141.1111111111113,
        2111.3703703703704,
        2127.185185185185,
        2142.3703703703704,
        2133.962962962963,
        2123.0,
        2123.8518518518517,
        2158.8518518518517,
        2149.8518518518517
    ],
    "opt": 2237,
    "stdevs": [
        85.47799915880135,
        86.64415662087784,
        94.75666619690519,
        75.25184055006788,
        81.9667201361415,
        85.19352616169157,
        87.15687573366958,
        86.68803155462012,
        98.73008472410844,
        77.91559218906598,
        86.97991821587041,
        84.22126127338694,
        87.43223125214405,
        84.07888711953352,
        81.53942384272511,
        74.18536084740948,
        80.88107071157815,
        74.33315802079383,
        82.58329128825031,
        90.33654497502486,
        87.9824617764638,
        93.17976784582835,
        77.71983732519385,
        82.70943404539618,
        84.46754070114014,
        100.99885234785091,
        88.52742865430274,
        78.22806165072498,
        74.384055108074,
        80.61136423542122,
        94.00078801876157,
        81.37735771344813,
        80.78734638590885,
        96.63179447626803,
        85.2312757757994,
        99.30910854388192,
        85.3167582925057,
        94.437908270559,
        85.80580684510923,
        75.21263866591282,
        79.07255614815085,
        80.294946688125,
        85.99728837400488,
        94.58787946145684,
        87.95108691759461,
        97.50890360669058,
        89.08350608413112,
        94.99005795929968,
        90.38797642706066,
        69.99155347825221,
        88.33751834173522,
        87.60136985230311,
        88.57185747685244,
        100.60422394980844,
        86.59024804353795,
        89.95542258322286,
        86.77501932037886,
        72.64831572567789,
        87.38851019829575,
        81.53720316938687,
        89.52335297017935,
        71.93734890411612,
        92.97759955604569,
        84.14167619869109,
        81.85359475268572,
        93.19011645669632,
        80.35493963491689,
        94.2300544147506,
        93.6142744089482,
        80.65120757899795,
        74.08294391339462,
        75.99628176594994,
        95.4393493803834,
        77.27708327474132,
        81.73138445168767,
        78.32050503486508,
        84.36547639693475,
        86.4396996381025,
        88.5509935779878,
        79.4494602577876,
        83.86070166621919,
        85.10052153443068,
        97.78749951669894,
        84.79631045109198,
        72.38291714280041,
        88.47162867797103,
        85.8558143079437,
        85.7599290583823,
        86.2529695717494,
        83.50906573753926,
        90.79905911298019,
        82.06877573485109,
        86.85535016250785,
        91.78716360102015,
        87.11309521549956,
        88.20059130907362,
        86.44503157628532,
        86.76667227905737,
        80.19443108100485,
        72.48703587794421,
        81.51696197211497,
        90.12078467203877,
        80.85043516853212
    ]
}