{
    "agg": 2190,
    "iters": [
        1,
        2,
        3,
        4,
        5,
        6,
        7,
        8,
        9,
        10,
        11,
        12,
        13,
        14,
        15,
        16,
        17,
        18,
        19,
        20,
        21,
        22,
        23,
        24,
        25,
        26,
        27,
        28,
        29,
        30,
        31,
        32,
        33,
        34,
        35,
        36,
        37,
        38,
        39,
        40,
        41,
        42,
        43,
        44,
        45,
        46,
        47,
        48,
        49,
        50,
        51,
        52,
        53,
        54,
        55,
        56,
        57,
        58,
        59,
        60,
        61,
        62,
        63,
        64,
        65,
        66,
        67,
        68,
        69,
        70,
        71,
        72,
        73,
        74,
        75,
        76,
        77,
        78,
        79,
        80,
        81,
        82,
        83,
        84,
        85,
        86,
        87,
        88,
        89,
        90,
        91,
        92,
        93,
        94,
        95,
        96,
        97,
        98,
        99,
        100,
        101,
        102,
        103,
        104,
        105,
        106,
        107,
        108,
        109,
        110,
        111,
        112,
        113,
        114,
        115,
        116,
        117,
        118,
        119,
        120,
        121,
        122,
        123,
        124,
        125,
        126,
        127,
        128,
        129,
        130,
        131,
        132,
        133,
        134,
        135,
        136,
        137
    ],
    "means": [
        2117.222222222222,
        2163.3333333333335,
        2136.1111111111113,
        2151.1111111111113,
        2154.1111111111113,
        2141.6666666666665,
        2150.222222222222,
        2138.9444444444443,
        2170.722222222222,
        2181.0,
        2107.722222222222,
        2207.777777777778,
        2198.777777777778,
        2151.8888888888887,
        2102.722222222222,
        2173.3888888888887,
        2109.8333333333335,
        2136.5555555555557,
        2128.277777777778,
        2128.0555555555557,
        2120.8888888888887,
        2173.8333333333335,
        2154.1666666666665,
        2173.8888888888887,
        2115.5555555555557,
        2129.722222222222,
        2151.1666666666665,
        2163.9444444444443,
        2147.5555555555557,
        2144.5555555555557,
        2185.1111111111113,
        2104.277777777778,
        2157.277777777778,
        2172.8888888888887,
        2150.0555555555557,
        2131.3333333333335,
        2145.6111111111113,
        2172.222222222222,
        2140.8888888888887,
        2150.277777777778,
        2168.222222222222,
        2155.5555555555557,
        2188.277777777778,
        2158.8888888888887,
        2153.1111111111113,
        2136.777777777778,
        2144.4444444444443,
        2156.722222222222,
        2178.5,
        2139.0555555555557,
        2152.6111111111113,
        2155.3333333333335,
        2131.0,
        2170.722222222222,
        2143.6111111111113,
        2109.0,
        2147.5555555555557,
        2150.777777777778,
        2168.722222222222,
        2131.722222222222,
        2136.6111111111113,
        2211.0,
        2155.4444444444443,
        2126.5,
        2160.1666666666665,
        2132.3333333333335,
        2171.277777777778,
        2144.0555555555557,
        2151.277777777778,
        2126.9444444444443,
        2121.277777777778,
        2130.6111111111113,
        2157.3333333333335,
        2144.1666666666665,
        2128.8888888888887,
        2114.722222222222,
        2148.8888888888887,
        2142.0555555555557,
        2129.8888888888887,
        2165.3888888888887,
        2137.5555555555557,
        2151.1666666666665,
        2152.222222222222,
        2120.8888888888887,
        2174.5555555555557,
        2145.3888888888887,
        2154.1666666666665,
        2124.8888888888887,
        2109.9444444444443,
        2126.9444444444443,
        2153.1111111111113,
        2158.0,
        2145.5555555555557,
        2131.722222222222,
        2168.0,
        2156.6111111111113,
        2112.9444444444443,
        2182.777777777778,
        2189.0,
        2120.777777777778,
        2137.5,
        2170.8888888888887,
        2130.6111111111113,
        2161.222222222222,
        2149.722222222222,
        2145.0,
        2139.3333333333335,
        2191.277777777778,
        2136.5555555555557,
        2132.277777777778,
        2143.222222222222,
        2168.5555555555557,
        2163.0555555555557,
        2148.1111111111113,
        2201.5,
        2143.0,
        2155.722222222222,
        2165.8333333333335,
        2123.722222222222,
        2143.1666666666665,
        2151.8888888888887,
        2172.1666666666665,
        2113.4444444444443,
        2119.9444444444443,
        2175.8333333333335,
        2171.3333333333335,
        2158.722222222222,
        2122.4444444444443,
        2141.3888888888887,
        2123.9444444444443,
        2154.4444444444443,
        2156.3333333333335,
        2169.222222222222,
        2156.1111111111113,
        2168.5,
        2167.8888888888887,
        2107.6666666666665
    ],
    "opt": 2294,