{
    "agg": 2159,
    "iters": [
        1,
        2,
        3,
        4,
        5,
        6,
        7,
        8,
        9,
        10,
        11,
        12,
        13,
        14,
        15,
        16,
        17,
        18,
        19,
        20,
        21,
        22,
        23,
        24,
        25,
        26,
        27,
        28,
        29,
        30,
        31,
        32,
        33,
        34,
        35,
        36,
        37,
        38,
        39,
        40,
        41,
        42,
        43,
        44,
        45,
        46,
        47,
        48,
        49,
        50,
        51,
        52,
        53,
        54,
        55,
        56,
        57,
        58,
        59,
        60,
        61,
        62,
        63,
        64,
        65,
        66,
        67,
        68,
        69,
        70,
        71,
        72,
        73,
        74,
        75,
        76,
        77,
        78,
        79,
        80,
        81,
        82,
        83,
        84,
        85,
        86,
        87,
        88,
        89,
        90,
        91,
        92,
        93,
        94,
        95,
        96,
        97,
        98,
        99,
        100,
        101,
        102,
        103,
        104,
        105,
        106,
        107,
        108,
        109,
        110,
        111,
        112,
        113,
        114,
        115,
        116,
        117,
        118,
        119,
        120,
        121
    ],
    "means": [
        2136.133333333333,
        2130.0222222222224,
        2163.0444444444443,
        2155.866666666667,
        2147.6444444444446,
        2154.266666666667,
        2146.2,
        2121.8888888888887,
        2164.0666666666666,
        2167.8888888888887,
        2160.3777777777777,
        2145.5555555555557,
        2125.2,
        2145.711111111111,
        2154.8,
        2162.3555555555554,
        2168.6,
        2155.7555555555555,
        2159.1555555555556,
        2140.488888888889,
        2155.911111111111,
        2164.511111111111,
        2143.911111111111,
        2139.911111111111,
        2169.0666666666666,
        2153.8888888888887,
        2150.911111111111,
        2142.1111111111113,
        2156.1111111111113,
        2145.9777777777776,
        2164.9333333333334,
        2144.0666666666666,
        2161.866666666667,
        2168.688888888889,
        2146.511111111111,
        2165.9333333333334,
        2159.0666666666666,
        2160.4222222222224,
        2120.911111111111,
        2146.866666666667,
        2145.711111111111,
        2136.4222222222224,
        2157.6666666666665,
        2163.777777777778,
        2139.9333333333334,
        2144.733333333333,
        2151.2444444444445,
        2167.3555555555554,
        2164.3333333333335,
        2146.2444444444445,
        2166.6444444444446,
        2154.9333333333334,
        2152.4,
        2173.5555555555557,
        2144.9555555555557,
        2145.9777777777776,
        2178.911111111111,
        2143.4222222222224,
        2164.7555555555555,
        2144.088888888889,
        2139.911111111111,
        2141.1111111111113,
        2135.911111111111,
        2152.0444444444443,
        2146.088888888889,
        2154.6222222222223,
        2151.733333333333,
        2141.288888888889,
        2159.3333333333335,
        2160.866666666667,
        2170.511111111111,
        2152.6,
        2150.2444444444445,
        2161.866666666667,
        2158.133333333333,
        2135.311111111111,
        2156.2444444444445,
        2167.2,
        2134.6222222222223,
        2155.266666666667,
        2129.222222222222,
        2160.4,
        2163.4666666666667,
        2154.5555555555557,
        2147.3333333333335,
        2160.733333333333,
        2148.6666666666665,
        2129.6222222222223,
        2142.688888888889,
        2144.1555555555556,
        2134.0,
        2160.777777777778,
        2128.1111111111113,
        2192.4444444444443,
        2170.8,
        2148.3555555555554,
        2132.3555555555554,
        2162.9777777777776,
        2147.6,
        2150.3555555555554,
        2161.133333333333,
        2142.4222222222224,
        2158.9777777777776,
        2156.6666666666665,
        2141.1111111111113,
        2151.911111111111,
        2133.511111111111,
        2146.266666666667,
        2129.088888888889,
        2145.3333333333335,
        2141.0,
        2137.0666666666666,
        2152.511111111111,
        2133.088888888889,
        2167.0444444444443,
        2151.2,
        2145.3555555555554,
        2160.2444444444445,
        2179.0,
        2135.177777777778,
        2144.4
    ],
    "opt": 2245,
    "stdevs": [
        92.16304393121284,
        93.61231848875181,
        86.41423636712635,
        81.05597517216796,
        92.1677590183744,
        80.69652340026111,
        90.71802466985268,
        83.93495423963651,
        90.68514517579797,
        86.44155950627304,
        93.95277510865385,
        87.48525096153334,
        84.11727263502756,
        82.7106394398158,
        81.17405168319902,
        79.25350481014299,
        78.47700300087918,
        80.75866807430519,
        91.68907739518512,
        82.30961121743579,
        84.13027522762863,
        87.46799344070499,
        93.75590582221052,
        79.8687318103127,
        88.23967361680346,
        89.23657003773042,
        89.7821616091408,
        91.02923150095424,
        82.90616441957397,
        89.0044914943782,
        97.35328562622949,
        83.36090210644316,
        78.61455901351154,
        79.89043113949455,
        88.81657058160118,
        72.84058697670628,
        98.32133260104058,
        93.04443117586085,
        80.58420639919248,
        86.54725106360495,
        78.41701125598314,
        91.94406243626585,
        80.32932216818465,
        90.77343930881224,
        80.76451365956875,
        78.49880395408724,
        95.26411369463683,
        89.98028316261674,
        87.88755442167123,
        89.26070568983259,
        96.08587722693244,
        90.9545429810347,
        75.2821064766094,
        90.63787669268308,
        78.59769732435778,
        82.27609046210445,
        81.47005509107754,
        74.61649769585183,
        82.12758517644106,
        82.02054545382644,
        80.35361354585459,
        86.52455585226716,
        89.38750154299406,
        82.62632229382154,
        96.02588128490781,
        85.73636305919025,
        98.26255079575783,
        73.11379934267529,
        86.54452932193666,
        81.53924753693087,
        81.84826672222265,
        91.5402522269727,
        89.92543962282322,
        85.71596506291384,
        93.32871417141077,
        100.39849981664118,
        88.14386108466988,
        96.52348016012591,
        81.99438704065565,
        79.31327477513179,
        87.00980503850991,
        73.10005319955505,
        88.93933013264966,
        93.34560765850635,
        76.13584350794747,
        93.9040645197711,
        83.92456930680868,
        81.32904056673836,
        95.86722814444342,
        77.01946523244209,
        84.29603918466289,
        87.52342896210105,
        94.20903995836358,
        76.04985369422863,
        90.31441376288358,
        97.03038597506007,
        77.96641885540083,
        87.35991679098828,
        88.43865419348914,
        90.80899504039736,
        76.94344243230435,
        86.4305730087293,
        89.56474725368952,
        84.17257405011577,
        94.52858996614545,
        93.0421224135062,
        90.2482064388656,
        105.30809824299152,
        90.22683075257781,
        93.41163382220296,
        92.41957464616345,
        86.22049253706065,
        90.12451195052869,
        86.43760041458866,
        78.9826860226849,
        85.94742579042143,
        77.08124301470079,
        85.81715849035102,
        77.32413738427492,
        79.77002747868787,
        82.75194526078795
    ]
}