{
    "agg": 2264,
    "iters": [
        1,
        2,
        3,
        4,
        5,
        6,
        7,
        8,
        9,
        10,
        11,
        12,
        13,
        14,
        15,
        16,
        17,
        18,
        19,
        20,
        21,
        22,
        23,
        24,
        25,
        26,
        27,
        28,
        29,
        30,
        31,
        32,
        33,
        34,
        35,
        36,
        37,
        38,
        39,
        40,
        41,
        42,
        43,
        44,
        45,
        46,
        47,
        48,
        49,
        50,
        51,
        52,
        53,
        54,
        55,
        56,
        57,
        58,
        59,
        60,
        61,
        62,
        63,
        64,
        65,
        66,
        67,
        68,
        69,
        70,
        71,
        72,
        73,
        74,
        75,
        76,
        77,
        78,
        79,
        80,
        81,
        82,
        83,
        84,
        85,
        86,
        87,
        88,
        89,
        90,
        91,
        92,
        93,
        94,
        95,
        96,
        97,
        98,
        99,
        100,
        101,
        102,
        103,
        104,
        105,
        106,
        107,
        108,
        109,
        110,
        111,
        112,
        113,
        114,
        115,
        116,
        117,
        118,
        119,
        120,
        121,
        122,
        123,
        124,
        125,
        126,
        127,
        128,
        129,
        130,
        131,
        132,
        133,
        134,
        135,
        136,
        137,
        138
    ],
    "means": [
        2156.9736842105262,
        2169.842105263158,
        2148.7631578947367,
        2160.8684210526317,
        2105.5526315789475,
        2140.7894736842104,
        2141.6052631578946,
        2126.0789473684213,
        2170.8947368421054,
        2144.684210526316,
        2132.315789473684,
        2159.4210526315787,
        2129.3684210526317,
        2175.7105263157896,
        2154.7368421052633,
        2157.6315789473683,
        2158.2368421052633,
        2166.315789473684,
        2132.6315789473683,
        2156.8684210526317,
        2113.2894736842104,
        2147.0526315789475,
        2167.1052631578946,
        2170.0263157894738,
        2158.5263157894738,
        2163.0526315789475,
        2159.2894736842104,
        2162.4210526315787,
        2138.7894736842104,
        2147.5263157894738,
        2158.3684210526317,
        2130.0526315789475,
        2164.842105263158,
        2165.315789473684,
        2120.1052631578946,
        2145.184210526316,
        2140.7368421052633,
        2156.657894736842,
        2140.3684210526317,
        2146.184210526316,
        2161.0526315789475,
        2178.0263157894738,
        2149.815789473684,
        2169.8947368421054,
        2147.684210526316,
        2182.2368421052633,
        2156.0789473684213,
        2119.4210526315787,
        2140.2368421052633,
        2176.8684210526317,
        2160.7368421052633,
        2161.842105263158,
        2133.9736842105262,
        2136.157894736842,
        2141.6052631578946,
        2147.5263157894738,
        2153.2105263157896,
        2170.2894736842104,
        2155.315789473684,
        2159.6052631578946,
        2147.9210526315787,
        2142.0526315789475,
        2151.7368421052633,
        2172.9736842105262,
        2148.1315789473683,
        2143.6052631578946,
        2158.2631578947367,
        2127.315789473684,
        2158.1315789473683,
        2168.5263157894738,
        2150.0789473684213,
        2158.157894736842,
        2127.1315789473683,
        2156.3684210526317,
        2148.8947368421054,
        2143.842105263158,
        2148.7105263157896,
        2144.0,
        2162.7368421052633,
        2149.4473684210525,
        2151.3947368421054,
        2149.5526315789475,
        2166.157894736842,
        2162.315789473684,
        2139.2105263157896,
        2142.4473684210525,
        2131.1052631578946,
        2141.1315789473683,
        2115.2105263157896,
        2145.7894736842104,
        2154.3947368421054,
        2172.7105263157896,
        2156.3684210526317,
        2165.815789473684,
        2151.2368421052633,
        2169.2894736842104,
        2155.7105263157896,
        2145.9736842105262,
        2146.9473684210525,
        2151.7631578947367,
        2150.342105263158,
        2145.9473684210525,
        2156.4210526315787,
        2160.157894736842,
        2135.842105263158,
        2149.7368421052633,
        2149.2105263157896,
        2143.7631578947367,
        2176.4210526315787,
        2175.5263157894738,
        2132.6315789473683,
        2141.7631578947367,
        2155.7368421052633,
        2166.4473684210525,
        2151.8947368421054,
        2143.5789473684213,
        2162.5526315789475,
        2156.6052631578946,
        2143.4210526315787,
        2129.0526315789475,
        2127.7368421052633,
        2147.5526315789475,
        2146.8947368421054,
        2150.7894736842104,
        2156.684210526316,
        2137.842105263158,
        2174.684210526316,
        2167.5789473684213,
        2155.6052631578946,
        2166.315789473684,
        2127.3947368421054,
        2147.342105263158,
        2154.184210526316,
        2139.7368421052633,
        2157.657894736842,
        2161.2894736842104,
        2154.315789473684,
        2150.684210526316
    ],
    "opt": 2220,