{
    "agg": 2103,
    "iters": [
        1,
        2,
        3,
        4,
        5,
        6,
        7,
        8,
        9,
        10,
        11,
        12,
        13,
        14,
        15,
        16,
        17,
        18,
        19,
        20,
        21,
        22,
        23,
        24,
        25,
        26,
        27,
        28,
        29,
        30,
        31,
        32,
        33,
        34,
        35,
        36,
        37,
        38,
        39,
        40,
        41,
        42,
        43,
        44,
        45,
        46,
        47,
        48,
        49,
        50,
        51,
        52,
        53,
        54,
        55,
        56,
        57,
        58,
        59,
        60,
        61,
        62,
        63,
        64,
        65,
        66,
        67,
        68,
        69,
        70,
        71,
        72,
        73,
        74,
        75,
        76,
        77,
        78,
        79,
        80,
        81,
        82,
        83,
        84,
        85,
        86,
        87,
        88,
        89,
        90,
        91,
        92,
        93,
        94,
        95,
        96,
        97,
        98,
        99,
        100,
        101,
        102,
        103,
        104,
        105,
        106,
        107,
        108,
        109,
        110,
        111,
        112,
        113,
        114,
        115,
        116,
        117,
        118,
        119,
        120,
        121,
        122,
        123,
        124,
        125,
        126,
        127,
        128,
        129,
        130,
        131,
        132,
        133,
        134,
        135,
        136,
        137,
        138,
        139,
        140,
        141
    ],
    "means": [
        2149.0,
        2143.6521739130435,
        2137.8260869565215,
        2152.7391304347825,
        2190.0434782608695,
        2194.3478260869565,
        2106.8695652173915,
        2166.086956521739,
        2180.9565217391305,
        2172.2608695652175,
        2138.217391304348,
        2169.8695652173915,
        2118.9565217391305,
        2160.1739130434785,
        2139.8695652173915,
        2171.521739130435,
        2144.1304347826085,
        2165.913043478261,
        2140.4347826086955,
        2160.7391304347825,
        2143.8695652173915,
        2138.4347826086955,
        2126.608695652174,
        2117.521739130435,
        2146.304347826087,
        2196.3478260869565,
        2146.913043478261,
        2175.0,
        2141.9565217391305,
        2142.9565217391305,
        2157.9565217391305,
        2134.8695652173915,
        2155.8695652173915,
        2144.4347826086955,
        2159.217391304348,
        2140.086956521739,
        2140.1304347826085,
        2147.9565217391305,
        2148.3478260869565,
        2164.8260869565215,
        2155.391304347826,
        2105.478260869565,
        2135.1739130434785,
        2154.217391304348,
        2164.3478260869565,
        2179.391304347826,
        2162.217391304348,
        2209.3478260869565,
        2125.3478260869565,
        2161.1304347826085,
        2155.304347826087,
        2143.0,
        2151.8260869565215,
        2145.8260869565215,
        2130.2608695652175,
        2124.521739130435,
        2136.4347826086955,
        2136.086956521739,
        2158.217391304348,
        2145.391304347826,
        2138.1739130434785,
        2154.217391304348,
        2149.608695652174,
        2163.521739130435,
        2146.5652173913045,
        2127.217391304348,
        2162.6521739130435,
        2163.1739130434785,
        2141.8260869565215,
        2129.8695652173915,
        2129.4347826086955,
        2156.8695652173915,
        2154.2608695652175,
        2126.521739130435,
        2129.478260869565,
        2163.2608695652175,
        2115.8260869565215,
        2173.9565217391305,
        2170.5652173913045,
        2155.695652173913,
        2158.0,
        2168.3478260869565,
        2160.086956521739,
        2115.0,
        2155.4347826086955,
        2155.6521739130435,
        2152.391304347826,
        2143.8260869565215,
        2133.217391304348,
        2143.695652173913,
        2183.3478260869565,
        2159.2608695652175,
        2148.8695652173915,
        2130.7391304347825,
        2142.391304347826,
        2147.8695652173915,
        2138.0,
        2156.4347826086955,
        2141.8695652173915,
        2132.8695652173915,
        2151.2608695652175,
        2170.1304347826085,
        2178.1304347826085,
        2174.9565217391305,
        2146.1304347826085,
        2125.9565217391305,
        2143.217391304348,
        2146.1304347826085,
        2149.217391304348,
        2147.695652173913,
        2170.217391304348,
        2147.6521739130435,
        2159.913043478261,
        2174.9565217391305,
        2137.304347826087,
        2133.8260869565215,
        2153.608695652174,
        2172.7391304347825,
        2143.521739130435,
        2140.3478260869565,
        2131.7391304347825,
        2132.7391304347825,
        2149.8695652173915,
        2159.3478260869565,
        2152.1739130434785,
        2155.478260869565,
        2145.695652173913,
        2121.2608695652175,
        2149.478260869565,
        2161.1739130434785,
        2148.913043478261,
        2135.086956521739,
        2154.608695652174,
        2135.0434782608695,
        2161.217391304348,
        2158.8695652173915,
        2139.5652173913045,
        2127.608695652174,
        2159.086956521739,
        2178.304347826087,
        2139.6521739130435
    ],
    "opt": 2265,