{
    "agg": 2266,
    "iters": [
        1,
        2,
        3,
        4,
        5,
        6,
        7,
        8,
        9,
        10,
        11,
        12,
        13,
        14,
        15,
        16,
        17,
        18,
        19,
        20,
        21,
        22,
        23,
        24,
        25,
        26,
        27,
        28,
        29,
        30,
        31,
        32,
        33,
        34,
        35,
        36,
        37,
        38,
        39,
        40,
        41,
        42,
        43,
        44,
        45,
        46,
        47,
        48,
        49,
        50,
        51,
        52,
        53,
        54,
        55,
        56,
        57,
        58,
        59,
        60,
        61,
        62,
        63,
        64,
        65,
        66,
        67,
        68,
        69,
        70,
        71,
        72,
        73,
        74,
        75,
        76,
        77,
        78,
        79,
        80,
        81,
        82,
        83,
        84,
        85,
        86,
        87,
        88,
        89,
        90,
        91,
        92,
        93,
        94,
        95,
        96,
        97,
        98,
        99,
        100,
        101,
        102,
        103,
        104,
        105,
        106,
        107,
        108,
        109,
        110,
        111,
        112,
        113,
        114,
        115,
        116,
        117
    ],
    "means": [
        2150.695652173913,
        2142.478260869565,
        2134.782608695652,
        2159.3695652173915,
        2138.804347826087,
        2139.478260869565,
        2157.521739130435,
        2160.782608695652,
        2172.891304347826,
        2144.4347826086955,
        2153.304347826087,
        2155.521739130435,
        2155.7608695652175,
        2150.1304347826085,
        2163.521739130435,
        2135.3695652173915,
        2131.6521739130435,
        2158.5,
        2157.413043478261,
        2157.8695652173915,
        2141.108695652174,
        2146.8695652173915,
        2143.978260869565,
        2148.0434782608695,
        2162.0434782608695,
        2147.1521739130435,
        2176.195652173913,
        2153.478260869565,
        2146.304347826087,
        2166.717391304348,
        2143.0652173913045,
        2148.6521739130435,
        2126.608695652174,
        2178.891304347826,
        2162.4347826086955,
        2155.6521739130435,
        2132.4347826086955,
        2172.695652173913,
        2140.6304347826085,
        2158.2391304347825,
        2148.8695652173915,
        2143.7608695652175,
        2169.4347826086955,
        2166.978260869565,
        2154.5,
        2144.5,
        2148.9347826086955,
        2148.391304347826,
        2151.304347826087,
        2136.608695652174,
        2147.304347826087,
        2111.108695652174,
        2152.3478260869565,
        2137.1521739130435,
        2158.108695652174,
        2164.391304347826,
        2139.5434782608695,
        2135.695652173913,
        2134.2391304347825,
        2131.108695652174,
        2160.978260869565,
        2144.6521739130435,
        2153.391304347826,
        2156.021739130435,
        2136.217391304348,
        2132.7608695652175,
        2153.086956521739,
        2150.108695652174,
        2158.0652173913045,
        2148.4565217391305,
        2149.8478260869565,
        2153.282608695652,
        2157.086956521739,
        2151.5434782608695,
        2160.282608695652,
        2133.8260869565215,
        2155.804347826087,
        2129.8260869565215,
        2135.5434782608695,
        2177.3260869565215,
        2147.586956521739,
        2149.717391304348,
        2133.804347826087,
        2139.021739130435,
        2123.0,
        2160.913043478261,
        2151.521739130435,
        2137.804347826087,
        2163.1521739130435,
        2143.978260869565,
        2165.4565217391305,
        2154.978260869565,
        2174.217391304348,
        2148.3260869565215,
        2140.195652173913,
        2132.413043478261,
        2173.5652173913045,
        2151.521739130435,
        2177.2391304347825,
        2155.6521739130435,
        2143.695652173913,
        2130.021739130435,
        2160.8260869565215,
        2164.4565217391305,
        2161.3260869565215,
        2125.7608695652175,
        2161.108695652174,
        2124.413043478261,
        2155.6521739130435,
        2156.086956521739,
        2129.521739130435,
        2160.8478260869565,
        2161.608695652174,
        2145.3260869565215,
        2161.608695652174,
        2154.6521739130435,
        2162.1304347826085
    ],
    "opt": 2244,
    "stdevs": [
        92.79591200825732,
        81.99330278335695,
        92.47394769279809,
        76.5799833920895,
        93.6577069335617,
        71.4580263330174,
        80.39352643482933,
        77.55108079404916,
        72.53401848394388,
        84.40292910997843,
        86.90146082857231,
        87.64000950787627,
        90.41743405921532,
        75.63143143925079,
        91.43796641069424,
        83.25951014896586,
        82.86086226484795,
        83.69633257769735,
        87.33109812336549,
        82.46649087479271,
        88.55880587665281,
        84.54214505863517,
        84.14699589833589,
        74.32126400670185,
        78.29208314736475,
        85.86616669113991,
        81.21351878394583,
        85.7488088725574,
        86.53068557635376,
        96.17074106334508,
        79.41536434795195,
        88.97098144199806,
        87.81637914492241,
        80.30329146453343,
        82.96611465818127,
        73.16693758893881,
        88.68818169733117,
        76.04056971095083,
        87.34050275530873,
        83.9353231292349,
        92.0830458585812,
        76.05838283347772,
        92.62938123744001,
        86.97588099718389,
        82.86834765746364,
        84.70479427938564,
        79.98461867729783,
        94.36204060422988,
        90.71020976168808,
        83.83458823931325,
        84.86072209809112,
        83.02912748753991,
        91.46993266768388,
        86.90648832317072,
        72.63914032389376,
        88.00308252033723,
        81.38147062946666,
        87.6841836824232,
        85.81937168125619,
        81.56731769336284,
        91.83905798127759,
        87.3409653851189,
        72.1404060513607,
        77.81876635475163,
        83.79242288133898,
        84.97063042031915,
        86.8095932604317,
        86.48679925933646,
        84.4656869292555,
        92.17415145580324,
        90.9397716100689,
        78.23755993446532,
        88.95866800079895,
        71.4014086213927,
        85.81037310445132,
        96.18173566739394,
        87.25789351741427,
        82.5422959689063,
        84.3096535093,
        80.29999576258207,
        79.09888585126312,
        87.7827513619445,
        96.77621419166138,
        82.91784544130172,
        82.76131211265742,
        87.3727213640695,
        89.70282801281778,
        84.74427505743058,
        75.41882114055234,
        81.44443000957229,
        86.898167920283,
        86.47731271476195,
        90.59367312669252,
        88.89589767710615,
        86.67320421515807,
        90.74296621129483,
        83.8232229350173,
        90.03060811177178,
        83.69956230279008,
        90.27258657299264,
        86.39315330289864,
        83.63208483809746,
        86.99532829731523,
        86.57936959851126,
        85.5471022932691,
        97.47958198305778,
        89.71627457928486,
        78.7620456175922,
        88.83086454197158,
        81.28314068921338,
        76.43176528644038,
        77.39929428711652,
        94.41984828664252,
        86.78861234352222,
        87.07854481939793,
        78.19657987386503,
        77.44215476466015
    ]
}