{
    "agg": 2170,
    "iters": [
        1,
        2,
        3,
        4,
        5,
        6,
        7,
        8,
        9,
        10,
        11,
        12,
        13,
        14,
        15,
        16,
        17,
        18,
        19,
        20,
        21,
        22,
        23,
        24,
        25,
        26,
        27,
        28,
        29,
        30,
        31,
        32,
        33,
        34,
        35,
        36,
        37,
        38,
        39,
        40,
        41,
        42,
        43,
        44,
        45,
        46,
        47,
        48,
        49,
        50,
        51,
        52,
        53,
        54,
        55,
        56,
        57,
        58,
        59,
        60,
        61,
        62,
        63,
        64,
        65,
        66,
        67,
        68,
        69,
        70,
        71,
        72,
        73,
        74,
        75,
        76,
        77,
        78,
        79,
        80,
        81,
        82,
        83,
        84,
        85,
        86,
        87,
        88,
        89,
        90,
        91,
        92,
        93,
        94,
        95,
        96,
        97,
        98,
        99,
        100,
        101,
        102,
        103,
        104,
        105,
        106,
        107,
        108,
        109,
        110,
        111,
        112,
        113,
        114,
        115,
        116,
        117,
        118,
        119,
        120,
        121,
        122,
        123,
        124,
        125,
        126,
        127,
        128,
        129,
        130,
        131,
        132,
        133,
        134,
        135,
        136,
        137,
        138,
        139,
        140,
        141,
        142
    ],
    "means": [
        2145.2727272727275,
        2130.181818181818,
        2177.0,
        2118.7272727272725,
        2150.3636363636365,
        2172.090909090909,
        2157.7272727272725,
        2148.181818181818,
        2115.181818181818,
        2152.818181818182,
        2151.818181818182,
        2143.6363636363635,
        2188.5454545454545,
        2184.5454545454545,
        2155.6363636363635,
        2139.2727272727275,
        2156.909090909091,
        2140.6363636363635,
        2125.2727272727275,
        2107.909090909091,
        2131.0,
        2173.7272727272725,
        2130.3636363636365,
        2143.181818181818,
        2156.5454545454545,
        2166.6363636363635,
        2120.4545454545455,
        2180.5454545454545,
        2145.5454545454545,
        2162.181818181818,
        2165.4545454545455,
        2175.7272727272725,
        2173.909090909091,
        2096.6363636363635,
        2146.5454545454545,
        2134.5454545454545,
        2112.090909090909,
        2175.909090909091,
        2117.5454545454545,
        2176.7272727272725,
        2125.7272727272725,
        2105.909090909091,
        2114.909090909091,
        2120.818181818182,
        2178.818181818182,
        2148.909090909091,
        2172.5454545454545,
        2162.090909090909,
        2162.6363636363635,
        2160.5454545454545,
        2143.090909090909,
        2151.5454545454545,
        2158.2727272727275,
        2173.818181818182,
        2148.5454545454545,
        2142.2727272727275,
        2157.6363636363635,
        2120.0,
        2127.181818181818,
        2181.5454545454545,
        2130.818181818182,
        2176.909090909091,
        2182.3636363636365,
        2148.0,
        2144.2727272727275,
        2163.181818181818,
        2117.3636363636365,
        2143.818181818182,
        2170.0,
        2170.3636363636365,
        2153.909090909091,
        2144.7272727272725,
        2132.5454545454545,
        2179.090909090909,
        2152.909090909091,
        2161.5454545454545,
        2151.181818181818,
        2126.181818181818,
        2181.909090909091,
        2187.0,
        2126.4545454545455,
        2134.5454545454545,
        2144.5454545454545,
        2193.3636363636365,
        2131.818181818182,
        2183.7272727272725,
        2210.3636363636365,
        2175.181818181818,
        2109.7272727272725,
        2211.2727272727275,
        2187.3636363636365,
        2167.7272727272725,
        2122.4545454545455,
        2123.7272727272725,
        2121.818181818182,
        2140.5454545454545,
        2164.909090909091,
        2177.5454545454545,
        2213.4545454545455,
        2181.4545454545455,
        2168.3636363636365,
        2136.0,
        2121.0,
        2194.3636363636365,
        2165.181818181818,
        2121.2727272727275,
        2140.0,
        2150.909090909091,
        2219.090909090909,
        2141.6363636363635,
        2128.2727272727275,
        2165.181818181818,
        2208.2727272727275,
        2151.5454545454545,
        2176.090909090909,
        2147.7272727272725,
        2150.3636363636365,
        2178.818181818182,
        2134.090909090909,
        2135.818181818182,
        2111.6363636363635,
        2142.6363636363635,
        2128.4545454545455,
        2108.7272727272725,
        2148.6363636363635,
        2152.3636363636365,
        2175.818181818182,
        2140.909090909091,
        2127.090909090909,
        2101.2727272727275,
        2147.5454545454545,
        2146.090909090909,
        2127.0,
        2181.6363636363635,
        2139.0,
        2107.181818181818,
        2116.0,
        2093.4545454545455,
        2173.3636363636365,
        2138.3636363636365,
        2163.0,
        2175.4545454545455
    ],
    "opt": 2248,