{
    "agg": 2119,
    "iters": [
        1,
        2,
        3,
        4,
        5,
        6,
        7,
        8,
        9,
        10,
        11,
        12,
        13,
        14,
        15,
        16,
        17,
        18,
        19,
        20,
        21,
        22,
        23,
        24,
        25,
        26,
        27,
        28,
        29,
        30,
        31,
        32,
        33,
        34,
        35,
        36,
        37,
        38,
        39,
        40,
        41,
        42,
        43,
        44,
        45,
        46,
        47,
        48,
        49,
        50,
        51,
        52,
        53,
        54,
        55,
        56,
        57,
        58,
        59,
        60,
        61,
        62,
        63,
        64,
        65,
        66,
        67,
        68,
        69,
        70,
        71,
        72,
        73,
        74,
        75,
        76,
        77,
        78,
        79,
        80,
        81,
        82,
        83,
        84,
        85,
        86,
        87,
        88,
        89,
        90,
        91,
        92,
        93,
        94,
        95,
        96,
        97,
        98,
        99,
        100,
        101,
        102,
        103,
        104,
        105,
        106,
        107,
        108,
        109,
        110,
        111,
        112,
        113,
        114,
        115,
        116,
        117,
        118,
        119,
        120,
        121,
        122,
        123,
        124,
        125,
        126,
        127,
        128
    ],
    "means": [
        2161.1666666666665,
        2124.5,
        2105.2,
        2142.366666666667,
        2153.0,
        2159.7,
        2158.766666666667,
        2140.2,
        2152.5,
        2171.233333333333,
        2190.4666666666667,
        2142.766666666667,
        2149.5333333333333,
        2154.1666666666665,
        2169.3333333333335,
        2135.5333333333333,
        2160.7,
        2142.2,
        2135.233333333333,
        2146.7,
        2135.2,
        2130.2,
        2127.6666666666665,
        2167.1,
        2153.4333333333334,
        2116.6666666666665,
        2130.3333333333335,
        2142.866666666667,
        2152.2,
        2173.5666666666666,
        2147.8,
        2150.633333333333,
        2166.5,
        2137.133333333333,
        2084.4666666666667,
        2143.1666666666665,
        2161.7,
        2164.6666666666665,
        2146.2,
        2136.0,
        2155.9333333333334,
        2150.3,
        2164.9666666666667,
        2148.1,
        2152.9333333333334,
        2123.7,
        2118.3333333333335,
        2158.866666666667,
        2160.3,
        2149.766666666667,
        2153.3,
        2138.7,
        2132.5333333333333,
        2127.9333333333334,
        2132.2,
        2135.0333333333333,
        2159.733333333333,
        2130.633333333333,
        2176.6,
        2151.0333333333333,
        2145.733333333333,
        2141.5,
        2154.1666666666665,
        2140.866666666667,
        2166.8,
        2172.4,
        2171.5666666666666,
        2133.7,
        2156.4666666666667,
        2164.5333333333333,
        2132.0333333333333,
        2143.9,
        2161.233333333333,
        2160.7,
        2137.8,
        2153.6666666666665,
        2141.4666666666667,
        2138.733333333333,
        2154.3333333333335,
        2156.4666666666667,
        2149.133333333333,
        2156.7,
        2167.9666666666667,
        2109.7,
        2134.366666666667,
        2159.266666666667,
        2148.633333333333,
        2184.133333333333,
        2130.0,
        2165.5,
        2164.1666666666665,
        2143.2,
        2163.266666666667,
        2148.3333333333335,
        2141.733333333333,
        2165.0333333333333,
        2153.633333333333,
        2145.366666666667,
        2151.4333333333334,
        2177.6,
        2135.866666666667,
        2113.8,
        2179.266666666667,
        2154.3,
        2142.766666666667,
        2159.1,
        2162.233333333333,
        2151.4333333333334,
        2148.1666666666665,
        2142.0666666666666,
        2126.866666666667,
        2151.3333333333335,
        2153.4333333333334,
        2156.5,
        2142.8,
        2158.4,
        2164.866666666667,
        2162.633333333333,
        2145.1666666666665,
        2140.266666666667,
        2159.766666666667,
        2151.2,
        2146.6666666666665,
        2138.633333333333,
        2157.4,
        2147.5,
        2154.233333333333,
        2170.8
    ],
    "opt": 2274,