{
    "agg": 2189,
    "iters": [
        1,
        2,
        3,
        4,
        5,
        6,
        7,
        8,
        9,
        10,
        11,
        12,
        13,
        14,
        15,
        16,
        17,
        18,
        19,
        20,
        21,
        22,
        23,
        24,
        25,
        26,
        27,
        28,
        29,
        30,
        31,
        32,
        33,
        34,
        35,
        36,
        37,
        38,
        39,
        40,
        41,
        42,
        43,
        44,
        45,
        46,
        47,
        48,
        49,
        50,
        51,
        52,
        53,
        54,
        55,
        56,
        57,
        58,
        59,
        60,
        61,
        62,
        63,
        64,
        65,
        66,
        67,
        68,
        69,
        70,
        71,
        72,
        73,
        74,
        75,
        76,
        77,
        78,
        79,
        80,
        81,
        82,
        83,
        84,
        85,
        86,
        87,
        88,
        89,
        90,
        91,
        92,
        93,
        94,
        95,
        96,
        97,
        98,
        99,
        100,
        101,
        102,
        103,
        104,
        105,
        106,
        107,
        108,
        109,
        110,
        111,
        112,
        113,
        114,
        115,
        116,
        117
    ],
    "means": [
        2148.8333333333335,
        2152.233333333333,
        2157.133333333333,
        2121.266666666667,
        2140.733333333333,
        2185.3,
        2145.4666666666667,
        2160.4,
        2176.4333333333334,
        2139.8,
        2179.1666666666665,
        2156.6666666666665,
        2146.9,
        2144.7,
        2151.133333333333,
        2149.0666666666666,
        2151.9333333333334,
        2135.5,
        2162.366666666667,
        2164.766666666667,
        2138.233333333333,
        2154.866666666667,
        2143.9333333333334,
        2138.866666666667,
        2127.266666666667,
        2172.2,
        2154.0,
        2119.0333333333333,
        2168.866666666667,
        2144.1666666666665,
        2149.5,
        2184.733333333333,
        2129.2,
        2159.6666666666665,
        2150.5666666666666,
        2155.4,
        2127.8,
        2160.366666666667,
        2156.3333333333335,
        2139.133333333333,
        2158.133333333333,
        2139.0,
        2144.866666666667,
        2171.1,
        2151.766666666667,
        2174.0666666666666,
        2154.4666666666667,
        2129.0333333333333,
        2132.866666666667,
        2169.7,
        2144.633333333333,
        2146.133333333333,
        2146.9,
        2145.733333333333,
        2139.5666666666666,
        2145.366666666667,
        2178.766666666667,
        2131.5333333333333,
        2177.8,
        2172.4666666666667,
        2144.366666666667,
        2159.233333333333,
        2135.733333333333,
        2143.1,
        2149.633333333333,
        2142.766666666667,
        2172.9333333333334,
        2176.0333333333333,
        2154.266666666667,
        2166.4333333333334,
        2161.1666666666665,
        2171.8333333333335,
        2161.133333333333,
        2168.5333333333333,
        2180.9666666666667,
        2151.6666666666665,
        2157.9333333333334,
        2175.633333333333,
        2156.6,
        2156.233333333333,
        2163.4,
        2164.9,
        2141.366666666667,
        2136.733333333333,
        2156.366666666667,
        2164.133333333333,
        2157.5333333333333,
        2133.6666666666665,
        2128.8,
        2163.133333333333,
        2144.866666666667,
        2123.233333333333,
        2150.133333333333,
        2146.5,
        2159.366666666667,
        2142.0333333333333,
        2146.0666666666666,
        2167.8333333333335,
        2119.4333333333334,
        2164.5666666666666,
        2147.266666666667,
        2141.633333333333,
        2138.1666666666665,
        2184.8333333333335,
        2147.1666666666665,
        2147.1666666666665,
        2142.3333333333335,
        2157.1666666666665,
        2165.133333333333,
        2140.6666666666665,
        2162.1666666666665,
        2141.5333333333333,
        2144.5,
        2145.0333333333333,
        2160.8,
        2151.733333333333,
        2141.3
    ],
    "opt": 2239,
    "stdevs": [
        86.48509826682411,
        86.5230926143741,
        82.56098082966042,
        71.13645728847871,
        91.33562040932088,
        65.44827474171238,
        84.55599065445071,
        76.80173609148862,
        94.83659045373199,
        89.66433702054196,
        82.01507314038207,
        69.60427828485514,
        87.2969453455656,
        88.91574663691466,
        77.82533149445764,
        78.1118571167158,
        89.99738267799174,
        84.17353107321406,
        65.83792389058317,
        97.65677424303732,
        70.34613627548346,
        70.55670690224204,
        101.05046044207594,
        93.84729913831063,
        82.76590817211851,
        82.18734695803242,
        88.73293263120144,
        82.59115502818017,
        81.1092815623191,
        75.81999882763267,
        90.88188304974027,
        91.68748854426954,
        98.14968160926452,
        84.59051693633015,
        91.57171445860828,
        81.63397985316327,
        81.5521918773493,
        95.15407972803314,
        92.33068588262276,
        87.42148223151764,
        85.6160940218342,
        82.13200756505753,
        85.07123812167985,
        82.1236263203227,
        85.11783335797239,
        68.3910000576749,
        72.94232120122187,
        98.35360807932885,
        86.90521017496911,
        91.45022325469377,
        77.02185115638001,
        89.19220195111727,
        84.77592032332451,
        87.5286365838188,
        79.78416022132603,
        77.65542837146387,
        85.8493577274881,
        82.81253259957431,
        91.72364289901849,
        82.07993393976116,
        84.512517153115,
        81.59929874426344,
        83.85222451167027,
        90.83697852013059,
        76.5011909856456,
        88.34843267175461,
        80.14692064508087,
        88.05016878020292,
        87.43909626451749,
        90.3912544933905,
        77.52379563004439,
        81.1312037518378,
        87.05198957455762,
        91.19529714970076,
        77.05992617581607,
        92.31732713249927,
        91.1493036482208,
        72.03030997819984,
        73.0126016520436,
        75.36607695479151,
        87.30467723247517,
        83.93106298226738,
        90.49990178017997,
        84.17756365102414,
        84.42491075242873,
        88.01201938119337,
        81.44189476075702,
        90.51568311010467,
        90.42175254513337,
        82.22316515975828,
        83.94114340152602,
        84.42775346742063,
        83.43330003994542,
        78.80894619267536,
        73.160318631224,
        93.92425435187418,
        92.17047008427133,
        84.38605071666498,
        85.62074644747162,
        83.73318073234502,
        90.78543691339243,
        92.08926225256788,
        94.01031267307268,
        93.11572847209482,
        82.79616872510198,
        90.47249428540269,
        90.12004339891443,
        80.68253976060883,
        88.92271300904449,
        82.84295718741308,
        79.3465325154302,
        90.21889430096607,
        89.93729296941656,
        88.22829604056865,
        86.88053099899118,
        90.27400265611111,
        73.57859743159011
    ]
}