{
    "agg": 2135,
    "iters": [
        1,
        2,
        3,
        4,
        5,
        6,
        7,
        8,
        9,
        10,
        11,
        12,
        13,
        14,
        15,
        16,
        17,
        18,
        19,
        20,
        21,
        22,
        23,
        24,
        25,
        26,
        27,
        28,
        29,
        30,
        31,
        32,
        33,
        34,
        35,
        36,
        37,
        38,
        39,
        40,
        41,
        42,
        43,
        44,
        45,
        46,
        47,
        48,
        49,
        50,
        51,
        52,
        53,
        54,
        55,
        56,
        57,
        58,
        59,
        60,
        61,
        62,
        63,
        64,
        65,
        66,
        67,
        68,
        69,
        70,
        71,
        72,
        73,
        74,
        75,
        76,
        77,
        78,
        79,
        80,
        81,
        82,
        83,
        84,
        85,
        86,
        87,
        88,
        89,
        90,
        91,
        92,
        93,
        94,
        95,
        96,
        97,
        98,
        99,
        100,
        101,
        102,
        103,
        104,
        105,
        106,
        107,
        108,
        109
    ],
    "means": [
        2134.689655172414,
        2119.4827586206898,
        2159.344827586207,
        2149.344827586207,
        2171.310344827586,
        2165.2413793103447,
        2130.689655172414,
        2144.344827586207,
        2144.3793103448274,
        2166.0,
        2155.5172413793102,
        2138.862068965517,
        2140.137931034483,
        2159.310344827586,
        2159.103448275862,
        2152.689655172414,
        2167.2758620689656,
        2140.862068965517,
        2170.0344827586205,
        2156.7241379310344,
        2166.896551724138,
        2144.448275862069,
        2161.2758620689656,
        2171.7586206896553,
        2168.2413793103447,
        2142.2758620689656,
        2132.0689655172414,
        2116.8275862068967,
        2151.3793103448274,
        2174.137931034483,
        2156.3793103448274,
        2131.896551724138,
        2126.344827586207,
        2177.1724137931033,
        2165.1724137931033,
        2147.551724137931,
        2179.310344827586,
        2149.4137931034484,
        2155.2413793103447,
        2136.862068965517,
        2142.6206896551726,
        2124.1724137931033,
        2163.1724137931033,
        2162.0,
        2148.448275862069,
        2164.793103448276,
        2135.344827586207,
        2176.2758620689656,
        2162.6206896551726,
        2135.2758620689656,
        2165.3793103448274,
        2174.137931034483,
        2128.310344827586,
        2137.103448275862,
        2144.655172413793,
        2160.7586206896553,
        2184.6206896551726,
        2134.689655172414,
        2128.8275862068967,
        2154.5172413793102,
        2155.448275862069,
        2152.3793103448274,
        2151.7586206896553,
        2145.103448275862,
        2133.4137931034484,
        2130.3793103448274,
        2154.9655172413795,
        2134.7586206896553,
        2153.655172413793,
        2150.137931034483,
        2184.0689655172414,
        2117.9310344827586,
        2184.4137931034484,
        2168.103448275862,
        2127.103448275862,
        2159.344827586207,
        2141.3793103448274,
        2151.206896551724,
        2128.0689655172414,
        2141.2413793103447,
        2164.0344827586205,
        2142.1724137931033,
        2134.2413793103447,
        2134.655172413793,
        2134.137931034483,
        2141.2413793103447,
        2125.344827586207,
        2119.0344827586205,
        2159.2758620689656,
        2148.310344827586,
        2170.0,
        2179.344827586207,
        2173.344827586207,
        2154.344827586207,
        2176.4827586206898,
        2151.310344827586,
        2140.3793103448274,
        2160.8275862068967,
        2150.1724137931033,
        2164.206896551724,
        2163.689655172414,
        2111.8275862068967,
        2125.0344827586205,
        2175.2413793103447,
        2149.9310344827586,
        2143.7586206896553,
        2119.896551724138,
        2150.0344827586205,
        2155.655172413793
    ],
    "opt": 2293,
    "stdevs": [
        68.82115926043429,
        88.8899438436539,
        93.44232071621693,
        69.9543081723122,
        103.36313737908023,
        91.97887882455211,
        89.10710465434893,
        85.02667973259678,
        88.97245361893002,
        94.74539384673227,
        65.95485430340298,
        97.14465720411796,
        76.98084138632785,
        84.5658704484775,
        76.83809437206314,
        91.2371307687587,
        83.4794612575036,
        81.37428388918701,
        87.60982575921521,
        88.10217287692822,
        70.64107666398725,
        89.98413124733545,
        97.26993955738955,
        84.4677678466411,
        80.59719134851981,
        84.47970437828866,
        79.42419115300548,
        77.49708291084796,
        92.85525027144482,
        95.4075555953767,
        74.09379600493504,
        82.25626265963027,
        86.41530669891084,
        82.5670339849395,
        79.45550434070424,
        86.31801114918883,
        76.05311367643729,
        84.2752130456413,
        101.85915061306345,
        87.20436723401471,
        78.02360995153455,
        77.8531194270238,
        82.62923794359426,
        87.08299647957728,
        85.01585499467511,
        72.79417336968326,
        77.4629058555833,
        81.77382455821378,
        96.20144589676303,
        81.98439571954054,
        95.89916176437927,
        90.61465365926391,
        83.07375345844316,
        74.62196442279104,
        80.84010436192011,
        81.35815037585516,
        84.79037591496005,
        90.19217163378995,
        99.25483362346581,
        90.56322641446089,
        81.48009539331193,
        98.69752251829077,
        87.52838167187547,
        80.4728889140831,
        82.50079090169665,
        80.57654907970023,
        87.97902679483869,
        82.57354305036576,
        93.469255820248,
        93.32173644050515,
        88.76273333986695,
        73.20963335635021,
        71.98827358596834,
        82.72986569410448,
        82.32959195967952,
        74.86736587623565,
        83.97553576144024,
        86.05466558925758,
        73.37242319248249,
        87.58942432320192,
        102.8284419123025,
        92.23174297070928,
        106.22573724512301,
        86.96581804208418,
        86.47532003427177,
        85.12451536037595,
        85.56073699206573,
        75.13183023451269,
        79.8558600409358,
        83.01894401519652,
        75.39779563227891,
        81.09138134486642,
        67.58406048667706,
        76.83043392233583,
        95.75637934620055,
        88.6387879010693,
        82.18331645153201,
        85.59168061631532,
        83.64830685077366,
        74.60904045727177,
        74.13273438082294,
        86.84749573167471,
        90.76171255607605,
        80.35166464915713,
        94.97220320540357,
        77.02559143575944,
        88.23727604964422,
        97.53389605621666,
        79.74583584937272
    ]
}