{
    "agg": 2124,
    "iters": [
        1,
        2,
        3,
        4,
        5,
        6,
        7,
        8,
        9,
        10,
        11,
        12,
        13,
        14,
        15,
        16,
        17,
        18,
        19,
        20,
        21,
        22,
        23,
        24,
        25,
        26,
        27,
        28,
        29,
        30,
        31,
        32,
        33,
        34,
        35,
        36,
        37,
        38,
        39,
        40,
        41,
        42,
        43,
        44,
        45,
        46,
        47,
        48,
        49,
        50,
        51,
        52,
        53,
        54,
        55,
        56,
        57,
        58,
        59,
        60,
        61,
        62,
        63,
        64,
        65,
        66,
        67,
        68,
        69,
        70,
        71,
        72,
        73,
        74,
        75,
        76,
        77,
        78,
        79,
        80,
        81,
        82,
        83,
        84,
        85,
        86,
        87,
        88,
        89,
        90,
        91,
        92,
        93,
        94,
        95,
        96,
        97,
        98,
        99,
        100,
        101,
        102,
        103,
        104,
        105,
        106,
        107,
        108,
        109,
        110,
        111,
        112,
        113,
        114,
        115,
        116,
        117,
        118,
        119,
        120,
        121,
        122,
        123,
        124,
        125,
        126,
        127,
        128
    ],
    "means": [
        2148.3571428571427,
        2145.1428571428573,
        2149.964285714286,
        2136.3571428571427,
        2134.0714285714284,
        2144.6071428571427,
        2141.285714285714,
        2137.1428571428573,
        2113.6785714285716,
        2132.285714285714,
        2152.5,
        2131.75,
        2116.8214285714284,
        2153.6785714285716,
        2137.1071428571427,
        2151.4285714285716,
        2162.5714285714284,
        2129.0714285714284,
        2132.1785714285716,
        2138.6785714285716,
        2153.0,
        2166.1428571428573,
        2162.4285714285716,
        2160.0714285714284,
        2176.5,
        2146.3214285714284,
        2153.3928571428573,
        2145.464285714286,
        2134.464285714286,
        2180.035714285714,
        2139.3571428571427,
        2143.6071428571427,
        2181.25,
        2177.214285714286,
        2131.464285714286,
        2148.8571428571427,
        2176.6785714285716,
        2153.464285714286,
        2149.964285714286,
        2155.3928571428573,
        2132.5,
        2154.8571428571427,
        2169.964285714286,
        2127.9285714285716,
        2145.8928571428573,
        2147.464285714286,
        2116.214285714286,
        2128.75,
        2140.964285714286,
        2177.4285714285716,
        2206.3571428571427,
        2145.4285714285716,
        2135.1428571428573,
        2139.9285714285716,
        2159.6071428571427,
        2127.1785714285716,
        2156.3928571428573,
        2172.964285714286,
        2178.4285714285716,
        2154.964285714286,
        2179.1071428571427,
        2167.8214285714284,
        2132.1428571428573,
        2146.25,
        2174.035714285714,
        2164.3928571428573,
        2142.964285714286,
        2165.3928571428573,
        2175.035714285714,
        2132.8214285714284,
        2170.3214285714284,
        2183.535714285714,
        2107.75,
        2162.785714285714,
        2164.464285714286,
        2152.75,
        2148.9285714285716,
        2155.3214285714284,
        2164.6428571428573,
        2135.0714285714284,
        2114.25,
        2168.8928571428573,
        2138.5714285714284,
        2124.8214285714284,
        2151.785714285714,
        2166.464285714286,
        2180.6071428571427,
        2141.3928571428573,
        2134.285714285714,
        2169.1785714285716,
        2167.75,
        2144.714285714286,
        2151.6071428571427,
        2122.1428571428573,
        2156.8571428571427,
        2165.535714285714,
        2174.1071428571427,
        2151.0714285714284,
        2145.6071428571427,
        2176.8214285714284,
        2164.6785714285716,
        2162.285714285714,
        2134.8571428571427,
        2162.0,
        2132.1428571428573,
        2174.785714285714,
        2143.25,
        2174.4285714285716,
        2178.5714285714284,
        2144.0714285714284,
        2137.035714285714,
        2170.3928571428573,
        2173.214285714286,
        2140.214285714286,
        2157.035714285714,
        2135.3214285714284,
        2167.6785714285716,
        2169.464285714286,
        2153.1071428571427,
        2183.3571428571427,
        2135.285714285714,
        2135.75,
        2119.4285714285716,
        2158.6071428571427,
        2124.214285714286,
        2120.714285714286,
        2134.035714285714,
        2122.5
    ],
    "opt": 2238,