{
    "agg": 2279,
    "iters": [
        1,
        2,
        3,
        4,
        5,
        6,
        7,
        8,
        9,
        10,
        11,
        12,
        13,
        14,
        15,
        16,
        17,
        18,
        19,
        20,
        21,
        22,
        23,
        24,
        25,
        26,
        27,
        28,
        29,
        30,
        31,
        32,
        33,
        34,
        35,
        36,
        37,
        38,
        39,
        40,
        41,
        42,
        43,
        44,
        45,
        46,
        47,
        48,
        49,
        50,
        51,
        52,
        53,
        54,
        55,
        56,
        57,
        58,
        59,
        60,
        61,
        62,
        63,
        64,
        65,
        66,
        67,
        68,
        69,
        70,
        71,
        72,
        73,
        74,
        75,
        76,
        77,
        78,
        79,
        80,
        81,
        82,
        83,
        84,
        85,
        86,
        87,
        88,
        89,
        90,
        91,
        92,
        93,
        94,
        95,
        96,
        97,
        98,
        99,
        100,
        101,
        102,
        103,
        104,
        105,
        106,
        107,
        108,
        109,
        110,
        111,
        112,
        113,
        114,
        115,
        116,
        117,
        118,
        119,
        120,
        121,
        122,
        123,
        124,
        125,
        126,
        127,
        128,
        129,
        130,
        131
    ],
    "means": [
        2129.7380952380954,
        2128.190476190476,
        2165.7380952380954,
        2159.0476190476193,
        2137.809523809524,
        2129.2380952380954,
        2155.3571428571427,
        2132.9761904761904,
        2130.6666666666665,
        2165.0238095238096,
        2152.309523809524,
        2154.8333333333335,
        2177.0238095238096,
        2161.4523809523807,
        2169.690476190476,
        2177.6666666666665,
        2143.3571428571427,
        2136.2380952380954,
        2147.095238095238,
        2140.6666666666665,
        2163.595238095238,
        2167.7619047619046,
        2118.309523809524,
        2156.714285714286,
        2159.595238095238,
        2149.9523809523807,
        2131.5238095238096,
        2152.9285714285716,
        2146.6190476190477,
        2159.0238095238096,
        2146.6666666666665,
        2165.809523809524,
        2152.5714285714284,
        2161.1190476190477,
        2150.4761904761904,
        2145.6666666666665,
        2163.190476190476,
        2154.190476190476,
        2171.809523809524,
        2131.6428571428573,
        2133.595238095238,
        2121.095238095238,
        2160.9523809523807,
        2113.3571428571427,
        2173.5238095238096,
        2133.5476190476193,
        2134.1190476190477,
        2130.2380952380954,
        2138.809523809524,
        2138.809523809524,
        2164.7380952380954,
        2136.4285714285716,
        2163.190476190476,
        2155.690476190476,
        2139.6190476190477,
        2135.714285714286,
        2169.3809523809523,
        2133.5476190476193,
        2153.8571428571427,
        2145.3571428571427,
        2161.4523809523807,
        2159.2619047619046,
        2166.0476190476193,
        2157.7619047619046,
        2153.5476190476193,
        2151.714285714286,
        2166.1428571428573,
        2169.0714285714284,
        2148.309523809524,
        2147.1190476190477,
        2135.8571428571427,
        2149.6666666666665,
        2148.1666666666665,
        2171.0476190476193,
        2151.8809523809523,
        2133.3571428571427,
        2155.5476190476193,
        2153.3809523809523,
        2146.8333333333335,
        2140.6428571428573,
        2157.190476190476,
        2174.714285714286,
        2183.0714285714284,
        2157.0238095238096,
        2151.214285714286,
        2146.0,
        2147.5476190476193,
        2151.904761904762,
        2150.8571428571427,
        2162.3333333333335,
        2141.5,
        2156.690476190476,
        2171.095238095238,
        2147.5,
        2151.0476190476193,
        2158.785714285714,
        2156.095238095238,
        2139.690476190476,
        2143.3571428571427,
        2155.8571428571427,
        2145.714285714286,
        2149.8333333333335,
        2136.785714285714,
        2156.3809523809523,
        2141.309523809524,
        2146.809523809524,
        2159.904761904762,
        2165.190476190476,
        2153.9761904761904,
        2153.6190476190477,
        2138.0476190476193,
        2136.9761904761904,
        2168.404761904762,
        2128.8571428571427,
        2141.6428571428573,
        2129.714285714286,
        2137.4285714285716,
        2152.595238095238,
        2121.309523809524,
        2151.9285714285716,
        2137.0714285714284,
        2149.6666666666665,
        2144.0238095238096,
        2142.8809523809523,
        2138.0,
        2140.690476190476,
        2144.9761904761904,
        2164.7380952380954,
        2140.3333333333335,
        2139.0714285714284,
        2157.190476190476
    ],
    "opt": 2216,