{
    "agg": 2169,
    "iters": [
        1,
        2,
        3,
        4,
        5,
        6,
        7,
        8,
        9,
        10,
        11,
        12,
        13,
        14,
        15,
        16,
        17,
        18,
        19,
        20,
        21,
        22,
        23,
        24,
        25,
        26,
        27,
        28,
        29,
        30,
        31,
        32,
        33,
        34,
        35,
        36,
        37,
        38,
        39,
        40,
        41,
        42,
        43,
        44,
        45,
        46,
        47,
        48,
        49,
        50,
        51,
        52,
        53,
        54,
        55,
        56,
        57,
        58,
        59,
        60,
        61,
        62,
        63,
        64,
        65,
        66,
        67,
        68,
        69,
        70,
        71,
        72,
        73,
        74,
        75,
        76,
        77,
        78,
        79,
        80,
        81,
        82,
        83,
        84,
        85,
        86,
        87,
        88,
        89,
        90,
        91,
        92,
        93,
        94,
        95,
        96,
        97,
        98,
        99,
        100,
        101,
        102,
        103,
        104,
        105,
        106,
        107,
        108,
        109,
        110,
        111,
        112,
        113,
        114,
        115,
        116,
        117,
        118,
        119,
        120,
        121,
        122,
        123,
        124,
        125,
        126,
        127,
        128,
        129
    ],
    "means": [
        2169.7567567567567,
        2145.3513513513512,
        2161.135135135135,
        2147.4054054054054,
        2149.5405405405404,
        2131.108108108108,
        2159.0810810810813,
        2139.108108108108,
        2163.162162162162,
        2130.3783783783783,
        2129.4864864864867,
        2137.0,
        2159.7297297297296,
        2165.6216216216217,
        2149.2702702702704,
        2140.6216216216217,
        2137.054054054054,
        2120.5675675675675,
        2145.864864864865,
        2162.7297297297296,
        2145.5405405405404,
        2165.864864864865,
        2137.7027027027025,
        2151.027027027027,
        2157.7297297297296,
        2146.4864864864867,
        2142.0,
        2155.135135135135,
        2155.2162162162163,
        2138.864864864865,
        2135.2432432432433,
        2166.945945945946,
        2148.7837837837837,
        2149.162162162162,
        2155.6216216216217,
        2123.945945945946,
        2134.7837837837837,
        2125.6216216216217,
        2128.6216216216217,
        2146.7297297297296,
        2153.6216216216217,
        2149.4054054054054,
        2158.4054054054054,
        2168.6486486486488,
        2149.3513513513512,
        2158.4594594594596,
        2164.027027027027,
        2143.7837837837837,
        2143.7567567567567,
        2146.7567567567567,
        2163.189189189189,
        2177.7567567567567,
        2147.5405405405404,
        2155.675675675676,
        2133.7297297297296,
        2139.0,
        2139.5405405405404,
        2160.5945945945946,
        2164.7297297297296,
        2138.2702702702704,
        2155.054054054054,
        2127.3783783783783,
        2153.7567567567567,
        2146.5675675675675,
        2159.4054054054054,
        2134.3783783783783,
        2121.2702702702704,
        2143.135135135135,
        2145.864864864865,
        2141.4324324324325,
        2151.7567567567567,
        2156.2702702702704,
        2148.189189189189,
        2140.3513513513512,
        2152.4594594594596,
        2150.0810810810813,
        2120.5675675675675,
        2141.9189189189187,
        2143.972972972973,
        2132.0810810810813,
        2138.7027027027025,
        2134.9189189189187,
        2157.7567567567567,
        2139.6486486486488,
        2143.3783783783783,
        2166.9189189189187,
        2149.675675675676,
        2168.0810810810813,
        2153.189189189189,
        2153.6216216216217,
        2159.0810810810813,
        2158.027027027027,
        2155.4864864864867,
        2139.837837837838,
        2134.0,
        2161.6216216216217,
        2153.5675675675675,
        2151.864864864865,
        2138.3513513513512,
        2178.054054054054,
        2150.945945945946,
        2138.4594594594596,
        2162.675675675676,
        2156.3783783783783,
        2155.4864864864867,
        2163.837837837838,
        2114.5405405405404,
        2160.6486486486488,
        2165.4594594594596,
        2144.6216216216217,
        2179.6216216216217,
        2159.108108108108,
        2167.6486486486488,
        2148.6216216216217,
        2151.5945945945946,
        2130.7027027027025,
        2125.027027027027,
        2166.7297297297296,
        2148.810810810811,
        2156.3783783783783,
        2144.810810810811,
        2145.2162162162163,
        2176.2162162162163,
        2166.0,
        2143.7027027027025,
        2140.027027027027,
        2173.837837837838,
        2163.4864864864867,
        2145.2162162162163
    ],
    "opt": 2210,