{
    "agg": 2207,
    "iters": [
        1,
        2,
        3,
        4,
        5,
        6,
        7,
        8,
        9,
        10,
        11,
        12,
        13,
        14,
        15,
        16,
        17,
        18,
        19,
        20,
        21,
        22,
        23,
        24,
        25,
        26,
        27,
        28,
        29,
        30,
        31,
        32,
        33,
        34,
        35,
        36,
        37,
        38,
        39,
        40,
        41,
        42,
        43,
        44,
        45,
        46,
        47,
        48,
        49,
        50,
        51,
        52,
        53,
        54,
        55,
        56,
        57,
        58,
        59,
        60,
        61,
        62,
        63,
        64,
        65,
        66,
        67,
        68,
        69,
        70,
        71,
        72,
        73,
        74,
        75,
        76,
        77,
        78,
        79,
        80,
        81,
        82,
        83,
        84,
        85,
        86,
        87,
        88,
        89,
        90,
        91,
        92,
        93,
        94,
        95,
        96,
        97,
        98,
        99,
        100,
        101,
        102,
        103,
        104,
        105,
        106,
        107,
        108,
        109,
        110,
        111,
        112,
        113,
        114,
        115,
        116,
        117,
        118,
        119,
        120,
        121,
        122,
        123,
        124,
        125,
        126,
        127,
        128,
        129,
        130
    ],
    "means": [
        2104.764705882353,
        2159.823529411765,
        2146.235294117647,
        2110.6470588235293,
        2148.470588235294,
        2171.5882352941176,
        2184.3529411764707,
        2137.0588235294117,
        2157.823529411765,
        2158.8823529411766,
        2179.5882352941176,
        2139.294117647059,
        2150.4117647058824,
        2156.3529411764707,
        2165.176470588235,
        2137.9411764705883,
        2164.8823529411766,
        2131.764705882353,
        2175.764705882353,
        2142.529411764706,
        2119.235294117647,
        2166.9411764705883,
        2166.0,
        2149.0588235294117,
        2127.8823529411766,
        2163.294117647059,
        2132.1176470588234,
        2182.705882352941,
        2130.764705882353,
        2122.235294117647,
        2135.0,
        2151.1176470588234,
        2164.235294117647,
        2133.823529411765,
        2109.0588235294117,
        2149.235294117647,
        2149.0588235294117,
        2165.9411764705883,
        2155.294117647059,
        2171.5882352941176,
        2152.529411764706,
        2176.6470588235293,
        2180.9411764705883,
        2163.529411764706,
        2120.705882352941,
        2156.235294117647,
        2138.9411764705883,
        2143.4117647058824,
        2144.8823529411766,
        2184.176470588235,
        2171.823529411765,
        2118.764705882353,
        2114.0,
        2137.5882352941176,
        2154.5882352941176,
        2162.529411764706,
        2200.0,
        2120.764705882353,
        2144.5882352941176,
        2141.5882352941176,
        2159.0588235294117,
        2164.1176470588234,
        2180.5882352941176,
        2101.470588235294,
        2105.176470588235,
        2131.5882352941176,
        2127.8823529411766,
        2143.0588235294117,
        2157.529411764706,
        2136.823529411765,
        2167.176470588235,
        2175.235294117647,
        2145.8823529411766,
        2169.176470588235,
        2122.8823529411766,
        2146.470588235294,
        2157.9411764705883,
        2189.6470588235293,
        2155.9411764705883,
        2136.1176470588234,
        2105.235294117647,
        2145.705882352941,
        2182.8823529411766,
        2172.5882352941176,
        2182.6470588235293,
        2158.0588235294117,
        2138.705882352941,
        2112.8823529411766,
        2116.3529411764707,
        2155.294117647059,
        2128.529411764706,
        2191.3529411764707,
        2119.235294117647,
        2138.764705882353,
        2128.235294117647,
        2114.1176470588234,
        2168.5882352941176,
        2199.0,
        2154.1176470588234,
        2112.0588235294117,
        2144.0588235294117,
        2153.176470588235,
        2110.3529411764707,
        2158.1176470588234,
        2153.470588235294,
        2155.764705882353,
        2164.0,
        2137.0588235294117,
        2157.294117647059,
        2144.294117647059,
        2187.0588235294117,
        2133.6470588235293,
        2156.470588235294,
        2201.8823529411766,
        2136.8823529411766,
        2117.5882352941176,
        2133.823529411765,
        2186.6470588235293,
        2154.764705882353,
        2163.176470588235,
        2131.4117647058824,
        2154.9411764705883,
        2124.5882352941176,
        2142.3529411764707,
        2155.235294117647,
        2149.3529411764707,
        2186.294117647059,
        2156.3529411764707,
        2186.235294117647,
        2166.470588235294
    ],
    "opt": 2215,