{
    "agg": 2203,
    "iters": [
        1,
        2,
        3,
        4,
        5,
        6,
        7,
        8,
        9,
        10,
        11,
        12,
        13,
        14,
        15,
        16,
        17,
        18,
        19,
        20,
        21,
        22,
        23,
        24,
        25,
        26,
        27,
        28,
        29,
        30,
        31,
        32,
        33,
        34,
        35,
        36,
        37,
        38,
        39,
        40,
        41,
        42,
        43,
        44,
        45,
        46,
        47,
        48,
        49,
        50,
        51,
        52,
        53,
        54,
        55,
        56,
        57,
        58,
        59,
        60,
        61,
        62,
        63,
        64,
        65,
        66,
        67,
        68,
        69,
        70,
        71,
        72,
        73,
        74,
        75,
        76,
        77,
        78,
        79,
        80,
        81,
        82,
        83,
        84,
        85,
        86,
        87,
        88,
        89,
        90,
        91,
        92,
        93,
        94,
        95,
        96,
        97,
        98,
        99,
        100,
        101,
        102,
        103,
        104,
        105,
        106,
        107,
        108,
        109,
        110,
        111,
        112,
        113,
        114,
        115,
        116,
        117,
        118,
        119,
        120,
        121,
        122,
        123,
        124,
        125,
        126,
        127,
        128,
        129,
        130,
        131,
        132,
        133,
        134,
        135,
        136,
        137,
        138,
        139,
        140,
        141,
        142,
        143,
        144,
        145,
        146,
        147,
        148
    ],
    "means": [
        2142.633333333333,
        2181.1,
        2137.766666666667,
        2137.0666666666666,
        2142.9,
        2150.5,
        2147.9,
        2180.0666666666666,
        2172.0333333333333,
        2156.866666666667,
        2138.733333333333,
        2155.4666666666667,
        2161.1666666666665,
        2172.366666666667,
        2170.0333333333333,
        2131.3,
        2123.266666666667,
        2158.3333333333335,
        2112.0666666666666,
        2141.4333333333334,
        2144.1666666666665,
        2155.766666666667,
        2138.9666666666667,
        2151.9,
        2158.2,
        2143.766666666667,
        2171.9666666666667,
        2149.6,
        2131.5333333333333,
        2169.4,
        2142.4666666666667,
        2148.0333333333333,
        2170.266666666667,
        2148.9666666666667,
        2158.266666666667,
        2150.3,
        2147.9333333333334,
        2150.1666666666665,
        2143.766666666667,
        2129.733333333333,
        2139.4333333333334,
        2159.266666666667,
        2169.8333333333335,
        2168.4,
        2149.5666666666666,
        2146.9,
        2165.9,
        2163.1,
        2172.733333333333,
        2117.8,
        2127.1,
        2190.2,
        2136.9666666666667,
        2157.9333333333334,
        2147.3,
        2131.1666666666665,
        2127.633333333333,
        2166.8333333333335,
        2122.366666666667,
        2177.0666666666666,
        2124.8333333333335,
        2157.4,
        2167.266666666667,
        2166.5666666666666,
        2159.233333333333,
        2157.6666666666665,
        2161.9,
        2153.4666666666667,
        2159.0,
        2134.0,
        2127.6666666666665,
        2152.8,
        2118.6666666666665,
        2142.1,
        2139.733333333333,
        2131.0666666666666,
        2139.8,
        2171.733333333333,
        2155.1666666666665,
        2143.8,
        2134.366666666667,
        2157.9333333333334,
        2125.0666666666666,
        2173.766666666667,
        2145.366666666667,
        2155.866666666667,
        2189.5666666666666,
        2162.866666666667,
        2162.8333333333335,
        2147.233333333333,
        2134.9666666666667,
        2134.9,
        2147.4666666666667,
        2146.633333333333,
        2162.3333333333335,
        2158.6,
        2146.1666666666665,
        2146.766666666667,
        2156.8,
        2156.5333333333333,
        2147.2,
        2140.3,
        2135.5666666666666,
        2121.4,
        2161.4666666666667,
        2154.633333333333,
        2128.9,
        2164.8333333333335,
        2171.4,
        2147.0666666666666,
        2168.4,
        2144.866666666667,
        2166.633333333333,
        2155.0,
        2151.8333333333335,
        2147.9666666666667,
        2154.6,
        2160.133333333333,
        2140.866666666667,
        2148.7,
        2146.5,
        2148.133333333333,
        2149.266666666667,
        2140.3333333333335,
        2189.0,
        2162.9,
        2164.0,
        2150.5666666666666,
        2148.2,
        2113.4666666666667,
        2143.9666666666667,
        2140.4666666666667,
        2162.4666666666667,
        2171.5333333333333,
        2161.8333333333335,
        2163.9,
        2144.1,
        2143.4,
        2163.5,
        2179.866666666667,
        2185.8,
        2161.2,
        2133.4,
        2139.6666666666665,
        2156.0,
        2143.7,
        2141.9333333333334,
        2170.5
    ],
    "opt": 2251,