{
    "agg": 2234,
    "iters": [
        1,
        2,
        3,
        4,
        5,
        6,
        7,
        8,
        9,
        10,
        11,
        12,
        13,
        14,
        15,
        16,
        17,
        18,
        19,
        20,
        21,
        22,
        23,
        24,
        25,
        26,
        27,
        28,
        29,
        30,
        31,
        32,
        33,
        34,
        35,
        36,
        37,
        38,
        39,
        40,
        41,
        42,
        43,
        44,
        45,
        46,
        47,
        48,
        49,
        50,
        51,
        52,
        53,
        54,
        55,
        56,
        57,
        58,
        59,
        60,
        61,
        62,
        63,
        64,
        65,
        66,
        67,
        68,
        69,
        70,
        71,
        72,
        73,
        74,
        75,
        76,
        77,
        78,
        79,
        80,
        81,
        82,
        83,
        84,
        85,
        86,
        87,
        88,
        89,
        90,
        91,
        92,
        93,
        94,
        95,
        96,
        97,
        98,
        99,
        100,
        101,
        102,
        103,
        104,
        105,
        106,
        107,
        108,
        109,
        110,
        111,
        112,
        113,
        114,
        115,
        116
    ],
    "means": [
        2164.5,
        2118.277777777778,
        2141.1111111111113,
        2144.722222222222,
        2179.0,
        2145.0,
        2185.9444444444443,
        2164.6666666666665,
        2162.8888888888887,
        2159.3333333333335,
        2140.277777777778,
        2171.6666666666665,
        2167.1666666666665,
        2096.222222222222,
        2132.1666666666665,
        2178.5555555555557,
        2144.3333333333335,
        2150.9444444444443,
        2139.8333333333335,
        2164.777777777778,
        2130.8888888888887,
        2170.6111111111113,
        2141.1666666666665,
        2154.8888888888887,
        2138.722222222222,
        2130.777777777778,
        2142.3888888888887,
        2150.6666666666665,
        2175.9444444444443,
        2147.8333333333335,
        2129.3888888888887,
        2153.1111111111113,
        2147.0,
        2124.1666666666665,
        2106.222222222222,
        2166.6111111111113,
        2183.1111111111113,
        2140.0,
        2178.9444444444443,
        2166.1666666666665,
        2174.5555555555557,
        2176.277777777778,
        2151.0,
        2139.3888888888887,
        2154.3888888888887,
        2146.1111111111113,
        2137.0555555555557,
        2124.777777777778,
        2147.4444444444443,
        2177.5,
        2139.0555555555557,
        2136.6666666666665,
        2169.5,
        2130.3333333333335,
        2146.8333333333335,
        2132.6666666666665,
        2157.5,
        2106.5,
        2177.0,
        2121.777777777778,
        2164.4444444444443,
        2149.0,
        2132.277777777778,
        2134.1111111111113,
        2141.222222222222,
        2181.0555555555557,
        2135.777777777778,
        2163.8333333333335,
        2170.0,
        2160.0,
        2160.722222222222,
        2164.722222222222,
        2137.277777777778,
        2145.222222222222,
        2141.9444444444443,
        2128.0,
        2160.5,
        2144.8333333333335,
        2163.5,
        2168.8888888888887,
        2155.6666666666665,
        2177.4444444444443,
        2130.6666666666665,
        2135.5555555555557,
        2159.3333333333335,
        2158.222222222222,
        2160.5,
        2135.9444444444443,
        2137.1666666666665,
        2145.6111111111113,
        2148.5,
        2177.4444444444443,
        2113.3333333333335,
        2134.722222222222,
        2148.3333333333335,
        2112.222222222222,
        2158.277777777778,
        2176.277777777778,
        2193.1111111111113,
        2125.5555555555557,
        2160.777777777778,
        2147.1666666666665,
        2124.5555555555557,
        2136.6666666666665,
        2129.0,
        2102.0555555555557,
        2154.9444444444443,
        2137.0,
        2169.3333333333335,
        2128.1111111111113,
        2151.0555555555557,
        2118.0,
        2129.3333333333335,
        2132.722222222222,
        2135.777777777778,
        2095.1111111111113
    ],
    "opt": 2285,
    "stdevs": [
        85.09553454794205,
        83.2598379609518,
        97.25904064740882,
        91.75801845406909,
        71.9976851479731,
        75.31415685130003,
        67.54461260054738,
        70.21158498899356,
        84.24823696730256,
        94.73764944425328,
        85.50750815347904,
        88.44835278913402,
        83.30949659085825,
        59.52082320551126,
        93.45542609536733,
        91.19467712428434,
        85.605036196606,
        88.26001499497708,
        64.32059459371384,
        64.42700913570984,
        77.16784656325378,
        94.47641615703118,
        81.1735110050618,
        64.02941068055183,
        74.48549863008799,
        84.061191703528,
        94.22793811278932,
        85.41337392027343,
        92.26018295031011,
        90.30211637731544,
        83.97627898459639,
        59.994341296945,
        81.2376486338419,
        90.55339124884647,
        67.45743971453042,
        69.22839726336528,
        95.40666695134796,
        80.3520033629806,
        82.43480401857123,
        84.55126649948342,
        67.71937374375898,
        84.81863366786776,
        81.28755542311914,
        45.31756942693895,
        72.04793071967892,
        87.61778668289833,
        90.67001968200846,
        77.80499523777775,
        74.70030657546953,
        84.72389797978424,
        80.55258615216813,
        87.26269407815563,
        76.56678276003389,
        91.36009340333813,
        65.46606415201357,
        66.08328079022712,
        92.5372297450539,
        56.947587989113096,
        86.36550237218562,
        77.44356766600765,
        71.40123109911437,
        96.80851661341005,
        86.2475800340415,
        106.91995390576015,
        97.88970866096392,
        85.08066252564367,
        64.48389597028216,
        89.47392543827131,
        90.8845421400141,
        86.69999359220789,
        99.58960541227601,
        102.87306393779967,
        72.77805343459247,
        90.09658740334395,
        83.58260865237338,
        78.09680602374921,
        73.42967156856054,
        77.1652267684235,
        84.3361330233568,
        77.16208689713484,
        69.1487928712827,
        79.89244312909577,
        79.68479570574719,
        92.47235155693367,
        96.32756614801393,
        89.64656252662176,
        74.80288913018148,
        88.73523177422084,
        85.41093476702954,
        66.24629036900346,
        80.84158033531452,
        63.21148121998639,
        85.88752334691382,
        94.47563210547149,
        89.97900989798799,
        63.55798363660239,
        87.90386513784726,
        73.35742449401465,
        62.356402940310154,
        84.63202849343492,
        90.37364141013902,
        86.47494820274058,
        75.51616620316932,
        87.51952163184319,
        76.20731956679461,
        74.1496026978359,
        97.25994506260142,
        83.21992282834415,
        81.58703600722632,
        81.62576451157297,
        99.80729889933023,
        81.8121153755495,
        70.91465919602864,
        93.12823032760053,
        92.85146774137927,
        64.18453334712073
    ]
}