{
    "agg": 2113,
    "iters": [
        1,
        2,
        3,
        4,
        5,
        6,
        7,
        8,
        9,
        10,
        11,
        12,
        13,
        14,
        15,
        16,
        17,
        18,
        19,
        20,
        21,
        22,
        23,
        24,
        25,
        26,
        27,
        28,
        29,
        30,
        31,
        32,
        33,
        34,
        35,
        36,
        37,
        38,
        39,
        40,
        41,
        42,
        43,
        44,
        45,
        46,
        47,
        48,
        49,
        50,
        51,
        52,
        53,
        54,
        55,
        56,
        57,
        58,
        59,
        60,
        61,
        62,
        63,
        64,
        65,
        66,
        67,
        68,
        69,
        70,
        71,
        72,
        73,
        74,
        75,
        76,
        77,
        78,
        79,
        80,
        81,
        82,
        83,
        84,
        85,
        86,
        87,
        88,
        89,
        90,
        91,
        92,
        93,
        94,
        95,
        96,
        97,
        98,
        99,
        100,
        101,
        102,
        103,
        104,
        105,
        106,
        107,
        108,
        109,
        110,
        111,
        112,
        113,
        114,
        115,
        116,
        117,
        118,
        119,
        120,
        121,
        122,
        123,
        124,
        125,
        126,
        127,
        128,
        129,
        130,
        131,
        132,
        133,
        134,
        135,
        136,
        137,
        138,
        139,
        140,
        141
    ],
    "means": [
        2157.4736842105262,
        2149.842105263158,
        2139.7105263157896,
        2165.1052631578946,
        2150.5263157894738,
        2147.8684210526317,
        2148.5,
        2144.0526315789475,
        2149.842105263158,
        2144.7368421052633,
        2145.6315789473683,
        2131.315789473684,
        2161.5789473684213,
        2148.4210526315787,
        2174.6052631578946,
        2161.9736842105262,
        2142.0,
        2145.0,
        2157.7631578947367,
        2157.157894736842,
        2155.815789473684,
        2163.7105263157896,
        2131.1052631578946,
        2152.657894736842,
        2155.1315789473683,
        2134.2894736842104,
        2146.3684210526317,
        2123.684210526316,
        2127.8684210526317,
        2160.3684210526317,
        2144.9210526315787,
        2167.7894736842104,
        2157.3947368421054,
        2121.5,
        2162.684210526316,
        2141.3947368421054,
        2150.0,
        2152.315789473684,
        2147.2631578947367,
        2158.6315789473683,
        2140.8947368421054,
        2162.1052631578946,
        2151.842105263158,
        2158.342105263158,
        2155.0526315789475,
        2130.7894736842104,
        2150.1052631578946,
        2139.0789473684213,
        2158.815789473684,
        2138.4473684210525,
        2158.5789473684213,
        2175.0,
        2169.157894736842,
        2163.5526315789475,
        2157.5263157894738,
        2167.6052631578946,
        2145.0526315789475,
        2169.7105263157896,
        2146.342105263158,
        2164.4736842105262,
        2158.2631578947367,
        2125.7105263157896,
        2136.8947368421054,
        2141.9473684210525,
        2139.6052631578946,
        2132.0,
        2156.4210526315787,
        2139.0,
        2170.6052631578946,
        2161.157894736842,
        2135.9736842105262,
        2144.7631578947367,
        2153.4736842105262,
        2142.0789473684213,
        2166.8947368421054,
        2177.0789473684213,
        2132.8947368421054,
        2140.6052631578946,
        2143.0263157894738,
        2142.2368421052633,
        2145.5263157894738,
        2145.4736842105262,
        2146.5789473684213,
        2155.5,
        2171.8947368421054,
        2161.1052631578946,
        2130.7105263157896,
        2134.2105263157896,
        2117.657894736842,
        2152.0526315789475,
        2180.157894736842,
        2123.7894736842104,
        2158.2368421052633,
        2165.2105263157896,
        2148.5789473684213,
        2154.2368421052633,
        2150.2368421052633,
        2165.815789473684,
        2128.8684210526317,
        2146.9210526315787,
        2147.7894736842104,
        2141.815789473684,
        2148.1315789473683,
        2136.0526315789475,
        2163.5526315789475,
        2148.0526315789475,
        2146.4473684210525,
        2148.815789473684,
        2153.0526315789475,
        2139.815789473684,
        2147.8947368421054,
        2121.2105263157896,
        2172.842105263158,
        2143.8947368421054,
        2136.9210526315787,
        2151.0263157894738,
        2149.8684210526317,
        2140.657894736842,
        2165.5526315789475,
        2142.2105263157896,
        2144.815789473684,
        2152.9736842105262,
        2139.9210526315787,
        2165.342105263158,
        2130.4210526315787,
        2152.1315789473683,
        2135.1315789473683,
        2131.8947368421054,
        2156.2894736842104,
        2139.1052631578946,
        2167.9736842105262,
        2128.4473684210525,
        2176.3684210526317,
        2125.1315789473683,
        2152.0526315789475,
        2158.2894736842104,
        2169.4473684210525,
        2157.0263157894738,
        2149.684210526316,
        2163.0263157894738,
        2146.8684210526317
    ],
    "opt": 2252,