{
    "agg": 2168,
    "iters": [
        1,
        2,
        3,
        4,
        5,
        6,
        7,
        8,
        9,
        10,
        11,
        12,
        13,
        14,
        15,
        16,
        17,
        18,
        19,
        20,
        21,
        22,
        23,
        24,
        25,
        26,
        27,
        28,
        29,
        30,
        31,
        32,
        33,
        34,
        35,
        36,
        37,
        38,
        39,
        40,
        41,
        42,
        43,
        44,
        45,
        46,
        47,
        48,
        49,
        50,
        51,
        52,
        53,
        54,
        55,
        56,
        57,
        58,
        59,
        60,
        61,
        62,
        63,
        64,
        65,
        66,
        67,
        68,
        69,
        70,
        71,
        72,
        73,
        74,
        75,
        76,
        77,
        78,
        79,
        80,
        81,
        82,
        83,
        84,
        85,
        86,
        87,
        88,
        89,
        90,
        91,
        92,
        93,
        94,
        95,
        96,
        97,
        98,
        99,
        100,
        101,
        102,
        103,
        104,
        105,
        106,
        107,
        108,
        109,
        110,
        111,
        112,
        113,
        114,
        115,
        116,
        117,
        118,
        119,
        120,
        121,
        122,
        123,
        124,
        125,
        126,
        127,
        128,
        129,
        130,
        131,
        132,
        133,
        134
    ],
    "means": [
        2202.25,
        2132.0416666666665,
        2159.5833333333335,
        2160.4166666666665,
        2166.625,
        2169.2916666666665,
        2126.0,
        2142.0416666666665,
        2151.3333333333335,
        2105.875,
        2139.75,
        2151.4166666666665,
        2143.9583333333335,
        2145.4583333333335,
        2123.3333333333335,
        2166.3333333333335,
        2154.4583333333335,
        2147.5,
        2140.0,
        2155.125,
        2124.6666666666665,
        2168.5416666666665,
        2124.9166666666665,
        2120.875,
        2170.875,
        2180.2083333333335,
        2121.5,
        2192.0833333333335,
        2151.1666666666665,
        2122.0,
        2150.0416666666665,
        2167.375,
        2137.0416666666665,
        2141.0833333333335,
        2121.4583333333335,
        2154.0833333333335,
        2143.7916666666665,
        2137.5,
        2147.25,
        2130.0833333333335,
        2157.0833333333335,
        2131.5416666666665,
        2169.625,
        2143.4166666666665,
        2145.7916666666665,
        2138.375,
        2134.4583333333335,
        2151.0416666666665,
        2172.4166666666665,
        2154.125,
        2184.5,
        2133.9583333333335,
        2164.875,
        2128.875,
        2179.9166666666665,
        2138.3333333333335,
        2154.0,
        2108.3333333333335,
        2170.4583333333335,
        2171.75,
        2145.25,
        2173.6666666666665,
        2136.6666666666665,
        2183.4166666666665,
        2127.75,
        2125.75,
        2161.5833333333335,
        2158.125,
        2160.7083333333335,
        2128.5,
        2166.3333333333335,
        2131.375,
        2140.4166666666665,
        2170.125,
        2151.3333333333335,
        2172.6666666666665,
        2148.1666666666665,
        2121.9166666666665,
        2138.2083333333335,
        2171.75,
        2151.375,
        2175.3333333333335,
        2163.6666666666665,
        2162.5416666666665,
        2146.9166666666665,
        2166.7916666666665,
        2147.25,
        2160.4166666666665,
        2169.2916666666665,
        2145.4166666666665,
        2147.4583333333335,
        2145.9166666666665,
        2136.5833333333335,
        2152.7916666666665,
        2163.5833333333335,
        2135.5,
        2164.0,
        2144.2916666666665,
        2159.875,
        2143.7083333333335,
        2132.4583333333335,
        2157.4583333333335,
        2159.2083333333335,
        2161.125,
        2134.2083333333335,
        2148.625,
        2143.75,
        2174.2916666666665,
        2156.875,
        2137.9166666666665,
        2134.375,
        2202.2083333333335,
        2163.0,
        2117.4166666666665,
        2135.9166666666665,
        2152.3333333333335,
        2186.5,
        2150.4166666666665,
        2130.6666666666665,
        2122.5833333333335,
        2129.3333333333335,
        2181.375,
        2159.7916666666665,
        2127.9166666666665,
        2160.5,
        2164.1666666666665,
        2147.9166666666665,
        2159.5833333333335,
        2164.5416666666665,
        2162.9583333333335,
        2149.7916666666665,
        2130.0,
        2147.75,
        2146.7083333333335
    ],
    "opt": 2240,