{
    "agg": 2247,
    "iters": [
        1,
        2,
        3,
        4,
        5,
        6,
        7,
        8,
        9,
        10,
        11,
        12,
        13,
        14,
        15,
        16,
        17,
        18,
        19,
        20,
        21,
        22,
        23,
        24,
        25,
        26,
        27,
        28,
        29,
        30,
        31,
        32,
        33,
        34,
        35,
        36,
        37,
        38,
        39,
        40,
        41,
        42,
        43,
        44,
        45,
        46,
        47,
        48,
        49,
        50,
        51,
        52,
        53,
        54,
        55,
        56,
        57,
        58,
        59,
        60,
        61,
        62,
        63,
        64,
        65,
        66,
        67,
        68,
        69,
        70,
        71,
        72,
        73,
        74,
        75,
        76,
        77,
        78,
        79,
        80,
        81,
        82,
        83,
        84,
        85,
        86,
        87,
        88,
        89,
        90,
        91,
        92,
        93,
        94,
        95,
        96,
        97,
        98,
        99,
        100,
        101,
        102,
        103,
        104,
        105,
        106,
        107,
        108,
        109,
        110,
        111,
        112,
        113,
        114,
        115,
        116,
        117,
        118,
        119,
        120,
        121,
        122,
        123,
        124,
        125,
        126,
        127,
        128,
        129,
        130,
        131,
        132,
        133,
        134,
        135,
        136,
        137,
        138,
        139,
        140,
        141,
        142,
        143,
        144,
        145,
        146,
        147
    ],
    "means": [
        2146.127659574468,
        2117.063829787234,
        2150.723404255319,
        2147.9148936170213,
        2151.7659574468084,
        2159.531914893617,
        2145.021276595745,
        2157.468085106383,
        2170.0,
        2152.1063829787236,
        2132.553191489362,
        2136.276595744681,
        2153.3617021276596,
        2135.978723404255,
        2131.1063829787236,
        2134.872340425532,
        2169.744680851064,
        2137.6170212765956,
        2144.276595744681,
        2167.6382978723404,
        2173.276595744681,
        2155.2127659574467,
        2161.7872340425533,
        2162.446808510638,
        2153.148936170213,
        2140.5106382978724,
        2147.531914893617,
        2161.4893617021276,
        2152.744680851064,
        2181.4893617021276,
        2152.425531914894,
        2167.3617021276596,
        2122.31914893617,
        2148.148936170213,
        2157.0,
        2173.0851063829787,
        2160.978723404255,
        2151.808510638298,
        2158.936170212766,
        2123.021276595745,
        2149.9574468085107,
        2160.851063829787,
        2149.148936170213,
        2160.7659574468084,
        2162.4893617021276,
        2131.0851063829787,
        2157.191489361702,
        2171.127659574468,
        2158.3617021276596,
        2141.574468085106,
        2143.127659574468,
        2129.127659574468,
        2154.063829787234,
        2137.127659574468,
        2166.7659574468084,
        2154.8936170212764,
        2146.68085106383,
        2136.0425531914893,
        2157.9148936170213,
        2149.404255319149,
        2156.6170212765956,
        2152.6170212765956,
        2147.021276595745,
        2135.468085106383,
        2168.404255319149,
        2146.3617021276596,
        2133.851063829787,
        2130.404255319149,
        2156.425531914894,
        2151.2127659574467,
        2142.744680851064,
        2167.255319148936,
        2158.723404255319,
        2150.8297872340427,
        2139.7659574468084,
        2137.7659574468084,
        2153.468085106383,
        2168.595744680851,
        2148.127659574468,
        2136.0851063829787,
        2138.468085106383,
        2151.936170212766,
        2160.425531914894,
        2150.531914893617,
        2132.1702127659573,
        2148.0,
        2150.936170212766,
        2164.723404255319,
        2145.3617021276596,
        2143.021276595745,
        2132.0,
        2151.6382978723404,
        2139.6382978723404,
        2158.744680851064,
        2131.574468085106,
        2161.127659574468,
        2155.7021276595747,
        2148.8936170212764,
        2148.574468085106,
        2145.255319148936,
        2152.531914893617,
        2162.021276595745,
        2166.7659574468084,
        2165.808510638298,
        2155.723404255319,
        2143.1702127659573,
        2132.7872340425533,
        2164.68085106383,
        2149.574468085106,
        2182.31914893617,
        2134.2127659574467,
        2127.659574468085,
        2131.872340425532,
        2157.872340425532,
        2149.744680851064,
        2163.7872340425533,
        2142.851063829787,
        2139.68085106383,
        2146.31914893617,
        2126.1702127659573,
        2156.595744680851,
        2135.4893617021276,
        2136.7872340425533,
        2168.425531914894,
        2159.7659574468084,
        2156.4893617021276,
        2158.425531914894,
        2125.2978723404253,
        2159.2127659574467,
        2150.2127659574467,
        2150.1702127659573,
        2149.3617021276596,
        2137.808510638298,
        2154.553191489362,
        2148.8297872340427,
        2158.978723404255,
        2143.6382978723404,
        2152.2127659574467,
        2141.0425531914893,
        2164.2340425531916,
        2152.8936170212764,
        2163.0425531914893,
        2139.2340425531916,
        2141.8297872340427,
        2145.8936170212764,
        2144.9574468085107,
        2141.7659574468084
    ],
    "opt": 2294,