{
    "agg": 2256,
    "iters": [
        1,
        2,
        3,
        4,
        5,
        6,
        7,
        8,
        9,
        10,
        11,
        12,
        13,
        14,
        15,
        16,
        17,
        18,
        19,
        20,
        21,
        22,
        23,
        24,
        25,
        26,
        27,
        28,
        29,
        30,
        31,
        32,
        33,
        34,
        35,
        36,
        37,
        38,
        39,
        40,
        41,
        42,
        43,
        44,
        45,
        46,
        47,
        48,
        49,
        50,
        51,
        52,
        53,
        54,
        55,
        56,
        57,
        58,
        59,
        60,
        61,
        62,
        63,
        64,
        65,
        66,
        67,
        68,
        69,
        70,
        71,
        72,
        73,
        74,
        75,
        76,
        77,
        78,
        79,
        80,
        81,
        82,
        83,
        84,
        85,
        86,
        87,
        88,
        89,
        90,
        91,
        92,
        93,
        94,
        95,
        96,
        97,
        98,
        99,
        100,
        101,
        102,
        103,
        104,
        105,
        106,
        107,
        108,
        109,
        110,
        111,
        112,
        113,
        114,
        115,
        116,
        117,
        118,
        119,
        120,
        121,
        122,
        123,
        124,
        125
    ],
    "means": [
        2145.3617021276596,
        2169.68085106383,
        2145.0,
        2151.3829787234044,
        2165.936170212766,
        2151.978723404255,
        2192.9574468085107,
        2142.0,
        2144.2127659574467,
        2135.744680851064,
        2161.468085106383,
        2166.1702127659573,
        2158.9574468085107,
        2153.8297872340427,
        2153.425531914894,
        2165.5106382978724,
        2157.127659574468,
        2153.659574468085,
        2162.31914893617,
        2166.063829787234,
        2157.2340425531916,
        2135.872340425532,
        2166.2978723404253,
        2161.595744680851,
        2127.148936170213,
        2146.191489361702,
        2171.340425531915,
        2140.1063829787236,
        2142.978723404255,
        2153.191489361702,
        2151.0,
        2162.595744680851,
        2129.723404255319,
        2142.4893617021276,
        2164.2978723404253,
        2165.425531914894,
        2157.425531914894,
        2137.8936170212764,
        2145.255319148936,
        2161.7021276595747,
        2146.425531914894,
        2152.468085106383,
        2161.553191489362,
        2130.191489361702,
        2149.425531914894,
        2150.127659574468,
        2144.255319148936,
        2160.31914893617,
        2137.9148936170213,
        2164.1702127659573,
        2148.808510638298,
        2146.851063829787,
        2140.978723404255,
        2152.0,
        2149.1702127659573,
        2141.5106382978724,
        2134.553191489362,
        2156.574468085106,
        2133.1702127659573,
        2162.723404255319,
        2157.2127659574467,
        2162.2340425531916,
        2164.5106382978724,
        2136.9148936170213,
        2169.6170212765956,
        2146.9148936170213,
        2127.6382978723404,
        2154.7872340425533,
        2149.3829787234044,
        2154.595744680851,
        2128.659574468085,
        2166.3829787234044,
        2129.063829787234,
        2149.574468085106,
        2138.9148936170213,
        2132.744680851064,
        2157.446808510638,
        2142.425531914894,
        2160.3829787234044,
        2154.446808510638,
        2148.8297872340427,
        2153.872340425532,
        2167.1702127659573,
        2143.340425531915,
        2173.7659574468084,
        2153.9574468085107,
        2140.872340425532,
        2157.9148936170213,
        2136.7021276595747,
        2158.9574468085107,
        2136.553191489362,
        2141.936170212766,
        2161.553191489362,
        2124.2340425531916,
        2125.2127659574467,
        2141.595744680851,
        2161.7021276595747,
        2166.2340425531916,
        2173.2127659574467,
        2135.7872340425533,
        2126.063829787234,
        2135.6170212765956,
        2146.574468085106,
        2148.446808510638,
        2160.0,
        2149.553191489362,
        2148.7021276595747,
        2149.0,
        2139.7659574468084,
        2146.127659574468,
        2148.574468085106,
        2146.2978723404253,
        2160.0425531914893,
        2157.7872340425533,
        2147.723404255319,
        2160.2978723404253,
        2154.531914893617,
        2146.0851063829787,
        2170.978723404255,
        2154.446808510638,
        2156.595744680851,
        2144.0,
        2148.468085106383,
        2154.978723404255,
        2167.5106382978724
    ],
    "opt": 2271,