{
    "agg": 2168,
    "iters": [
        1,
        2,
        3,
        4,
        5,
        6,
        7,
        8,
        9,
        10,
        11,
        12,
        13,
        14,
        15,
        16,
        17,
        18,
        19,
        20,
        21,
        22,
        23,
        24,
        25,
        26,
        27,
        28,
        29,
        30,
        31,
        32,
        33,
        34,
        35,
        36,
        37,
        38,
        39,
        40,
        41,
        42,
        43,
        44,
        45,
        46,
        47,
        48,
        49,
        50,
        51,
        52,
        53,
        54,
        55,
        56,
        57,
        58,
        59,
        60,
        61,
        62,
        63,
        64,
        65,
        66,
        67,
        68,
        69,
        70,
        71,
        72,
        73,
        74,
        75,
        76,
        77,
        78,
        79,
        80,
        81,
        82,
        83,
        84,
        85,
        86,
        87,
        88,
        89,
        90,
        91,
        92,
        93,
        94,
        95,
        96,
        97,
        98,
        99,
        100,
        101,
        102,
        103,
        104,
        105,
        106,
        107,
        108,
        109,
        110,
        111,
        112,
        113,
        114,
        115,
        116,
        117,
        118,
        119,
        120,
        121,
        122,
        123,
        124,
        125,
        126,
        127,
        128,
        129,
        130,
        131
    ],
    "means": [
        2175.3846153846152,
        2161.769230769231,
        2137.923076923077,
        2155.8205128205127,
        2167.051282051282,
        2154.2820512820513,
        2156.5384615384614,
        2153.948717948718,
        2169.25641025641,
        2159.025641025641,
        2139.2051282051284,
        2147.25641025641,
        2158.897435897436,
        2151.923076923077,
        2137.3846153846152,
        2131.871794871795,
        2154.0,
        2141.102564102564,
        2140.897435897436,
        2162.7948717948716,
        2167.5641025641025,
        2139.5641025641025,
        2149.974358974359,
        2142.025641025641,
        2130.5641025641025,
        2149.871794871795,
        2148.6153846153848,
        2130.153846153846,
        2163.5128205128203,
        2162.5384615384614,
        2166.2820512820513,
        2155.5897435897436,
        2152.897435897436,
        2137.897435897436,
        2166.5897435897436,
        2132.769230769231,
        2139.4615384615386,
        2137.3333333333335,
        2157.051282051282,
        2171.74358974359,
        2173.4871794871797,
        2166.974358974359,
        2151.4871794871797,
        2144.6923076923076,
        2157.153846153846,
        2124.846153846154,
        2119.3333333333335,
        2129.4102564102564,
        2139.6923076923076,
        2185.641025641026,
        2148.5641025641025,
        2158.6923076923076,
        2166.923076923077,
        2182.128205128205,
        2164.74358974359,
        2153.025641025641,
        2180.5128205128203,
        2166.5384615384614,
        2148.948717948718,
        2162.1794871794873,
        2169.8205128205127,
        2171.5897435897436,
        2147.7948717948716,
        2140.3846153846152,
        2149.974358974359,
        2152.3076923076924,
        2147.1794871794873,
        2173.4615384615386,
        2157.769230769231,
        2161.051282051282,
        2157.5128205128203,
        2146.974358974359,
        2156.3076923076924,
        2179.7179487179487,
        2179.4358974358975,
        2163.8205128205127,
        2148.8205128205127,
        2158.769230769231,
        2150.4871794871797,
        2142.7179487179487,
        2156.6153846153848,
        2151.4358974358975,
        2161.4102564102564,
        2140.769230769231,
        2135.6923076923076,
        2150.6923076923076,
        2156.358974358974,
        2153.3333333333335,
        2159.0,
        2150.6923076923076,
        2147.102564102564,
        2160.5641025641025,
        2113.769230769231,
        2144.641025641026,
        2154.641025641026,
        2139.102564102564,
        2146.076923076923,
        2139.25641025641,
        2147.051282051282,
        2141.4871794871797,
        2127.051282051282,
        2162.076923076923,
        2167.5897435897436,
        2138.871794871795,
        2158.923076923077,
        2115.051282051282,
        2157.974358974359,
        2157.923076923077,
        2150.153846153846,
        2148.6666666666665,
        2131.0,
        2152.4102564102564,
        2158.974358974359,
        2173.3333333333335,
        2170.4102564102564,
        2136.948717948718,
        2179.7179487179487,
        2162.358974358974,
        2156.025641025641,
        2146.7948717948716,
        2132.5897435897436,
        2156.25641025641,
        2141.7179487179487,
        2142.5897435897436,
        2143.8205128205127,
        2113.5641025641025,
        2144.4871794871797,
        2158.641025641026,
        2174.0,
        2166.3333333333335,
        2136.3846153846152
    ],
    "opt": 2216,