{
    "agg": 2222,
    "iters": [
        1,
        2,
        3,
        4,
        5,
        6,
        7,
        8,
        9,
        10,
        11,
        12,
        13,
        14,
        15,
        16,
        17,
        18,
        19,
        20,
        21,
        22,
        23,
        24,
        25,
        26,
        27,
        28,
        29,
        30,
        31,
        32,
        33,
        34,
        35,
        36,
        37,
        38,
        39,
        40,
        41,
        42,
        43,
        44,
        45,
        46,
        47,
        48,
        49,
        50,
        51,
        52,
        53,
        54,
        55,
        56,
        57,
        58,
        59,
        60,
        61,
        62,
        63,
        64,
        65,
        66,
        67,
        68,
        69,
        70,
        71,
        72,
        73,
        74,
        75,
        76,
        77,
        78,
        79,
        80,
        81,
        82,
        83,
        84,
        85,
        86,
        87,
        88,
        89,
        90,
        91,
        92,
        93,
        94,
        95,
        96,
        97,
        98,
        99,
        100,
        101,
        102,
        103,
        104,
        105,
        106,
        107,
        108,
        109,
        110,
        111,
        112,
        113,
        114,
        115,
        116,
        117,
        118,
        119,
        120,
        121,
        122,
        123
    ],
    "means": [
        2113.6153846153848,
        2161.4615384615386,
        2141.3846153846152,
        2105.3076923076924,
        2171.769230769231,
        2147.923076923077,
        2133.4615384615386,
        2133.153846153846,
        2207.923076923077,
        2110.3846153846152,
        2135.6923076923076,
        2139.923076923077,
        2144.4615384615386,
        2174.4615384615386,
        2111.153846153846,
        2137.4615384615386,
        2175.0,
        2141.923076923077,
        2147.6923076923076,
        2146.6923076923076,
        2144.4615384615386,
        2155.076923076923,
        2130.3076923076924,
        2155.923076923077,
        2183.5384615384614,
        2143.6923076923076,
        2184.076923076923,
        2130.846153846154,
        2136.923076923077,
        2111.769230769231,
        2165.230769230769,
        2159.3846153846152,
        2155.076923076923,
        2127.4615384615386,
        2151.769230769231,
        2155.923076923077,
        2120.5384615384614,
        2118.6923076923076,
        2191.4615384615386,
        2097.4615384615386,
        2192.3076923076924,
        2100.6923076923076,
        2121.846153846154,
        2134.6153846153848,
        2154.6153846153848,
        2174.3076923076924,
        2178.846153846154,
        2172.3846153846152,
        2165.3846153846152,
        2154.923076923077,
        2138.846153846154,
        2150.6923076923076,
        2129.769230769231,
        2148.6153846153848,
        2158.6923076923076,
        2155.6923076923076,
        2172.6923076923076,
        2142.6923076923076,
        2178.3846153846152,
        2179.153846153846,
        2131.4615384615386,
        2147.6923076923076,
        2192.6923076923076,
        2212.846153846154,
        2151.076923076923,
        2140.153846153846,
        2158.6923076923076,
        2188.153846153846,
        2147.4615384615386,
        2121.230769230769,
        2131.076923076923,
        2151.769230769231,
        2153.846153846154,
        2164.6923076923076,
        2058.230769230769,
        2152.6153846153848,
        2155.6923076923076,
        2164.3076923076924,
        2136.4615384615386,
        2185.5384615384614,
        2172.0,
        2108.5384615384614,
        2154.6153846153848,
        2120.4615384615386,
        2148.3076923076924,
        2138.4615384615386,
        2146.5384615384614,
        2145.923076923077,
        2173.846153846154,
        2142.5384615384614,
        2110.076923076923,
        2150.230769230769,
        2164.0,
        2151.6153846153848,
        2170.4615384615386,
        2181.923076923077,
        2159.3846153846152,
        2149.5384615384614,
        2148.3846153846152,
        2137.6153846153848,
        2147.153846153846,
        2142.846153846154,
        2162.076923076923,
        2188.230769230769,
        2163.0,
        2082.6153846153848,
        2181.3846153846152,
        2149.3846153846152,
        2174.5384615384614,
        2143.923076923077,
        2167.153846153846,
        2126.4615384615386,
        2161.4615384615386,
        2135.3846153846152,
        2105.6923076923076,
        2166.0,
        2159.769230769231,
        2144.4615384615386,
        2202.6153846153848,
        2153.923076923077,
        2142.4615384615386,
        2185.6153846153848,
        2160.0
    ],
    "opt": 2247,