{
    "agg": 2233,
    "iters": [
        1,
        2,
        3,
        4,
        5,
        6,
        7,
        8,
        9,
        10,
        11,
        12,
        13,
        14,
        15,
        16,
        17,
        18,
        19,
        20,
        21,
        22,
        23,
        24,
        25,
        26,
        27,
        28,
        29,
        30,
        31,
        32,
        33,
        34,
        35,
        36,
        37,
        38,
        39,
        40,
        41,
        42,
        43,
        44,
        45,
        46,
        47,
        48,
        49,
        50,
        51,
        52,
        53,
        54,
        55,
        56,
        57,
        58,
        59,
        60,
        61,
        62,
        63,
        64,
        65,
        66,
        67,
        68,
        69,
        70,
        71,
        72,
        73,
        74,
        75,
        76,
        77,
        78,
        79,
        80,
        81,
        82,
        83,
        84,
        85,
        86,
        87,
        88,
        89,
        90,
        91,
        92,
        93,
        94,
        95,
        96,
        97,
        98,
        99,
        100,
        101,
        102,
        103,
        104,
        105,
        106,
        107,
        108,
        109,
        110,
        111,
        112,
        113,
        114,
        115,
        116,
        117
    ],
    "means": [
        2183.8205128205127,
        2141.153846153846,
        2125.2051282051284,
        2120.974358974359,
        2149.871794871795,
        2167.1794871794873,
        2154.5128205128203,
        2145.2051282051284,
        2150.871794871795,
        2129.153846153846,
        2144.3333333333335,
        2185.5128205128203,
        2124.3076923076924,
        2124.6153846153848,
        2157.769230769231,
        2159.4615384615386,
        2127.846153846154,
        2142.923076923077,
        2140.3076923076924,
        2138.4871794871797,
        2149.2051282051284,
        2139.4358974358975,
        2137.230769230769,
        2154.3333333333335,
        2169.6153846153848,
        2126.6666666666665,
        2153.0,
        2146.4871794871797,
        2133.128205128205,
        2142.3846153846152,
        2144.897435897436,
        2165.3333333333335,
        2143.230769230769,
        2155.5384615384614,
        2139.076923076923,
        2141.8205128205127,
        2162.7948717948716,
        2157.4871794871797,
        2136.6153846153848,
        2167.3846153846152,
        2119.2051282051284,
        2142.128205128205,
        2142.6153846153848,
        2139.948717948718,
        2157.153846153846,
        2127.4871794871797,
        2172.3333333333335,
        2143.7948717948716,
        2149.102564102564,
        2140.5641025641025,
        2133.3846153846152,
        2139.6666666666665,
        2142.7948717948716,
        2150.923076923077,
        2138.4871794871797,
        2151.74358974359,
        2153.5128205128203,
        2180.74358974359,
        2145.25641025641,
        2146.5384615384614,
        2147.3076923076924,
        2139.5128205128203,
        2130.871794871795,
        2133.3076923076924,
        2156.2820512820513,
        2151.025641025641,
        2155.6666666666665,
        2153.153846153846,
        2144.5128205128203,
        2141.3846153846152,
        2161.102564102564,
        2144.8205128205127,
        2145.923076923077,
        2149.5128205128203,
        2158.25641025641,
        2146.051282051282,
        2141.641025641026,
        2143.6923076923076,
        2137.25641025641,
        2134.641025641026,
        2118.4871794871797,
        2148.25641025641,
        2147.5384615384614,
        2173.4102564102564,
        2138.4871794871797,
        2174.7179487179487,
        2146.230769230769,
        2146.897435897436,
        2156.2051282051284,
        2154.128205128205,
        2134.2051282051284,
        2133.0,
        2159.051282051282,
        2171.358974358974,
        2174.641025641026,
        2164.3333333333335,
        2175.74358974359,
        2155.5641025641025,
        2167.3076923076924,
        2123.4102564102564,
        2115.4615384615386,
        2161.6153846153848,
        2138.5128205128203,
        2177.846153846154,
        2141.8205128205127,
        2159.871794871795,
        2142.2820512820513,
        2146.74358974359,
        2135.923076923077,
        2149.128205128205,
        2163.2820512820513,
        2152.846153846154,
        2142.948717948718,
        2137.4102564102564,
        2155.6923076923076,
        2155.5384615384614,
        2143.025641025641
    ],
    "opt": 2261,
    "stdevs": [
        84.34966046315678,
        93.14547168522746,
        83.49272330865956,
        100.43839473731946,
        92.21357024757299,
        80.88956441041233,
        90.8080172092784,
        91.74328159212125,
        86.15554790749098,
        77.94657554410749,
        89.26633538170273,
        88.20078254053449,
        84.33636981849371,
        81.76596225708123,
        85.80522413671486,
        86.68920204661761,
        91.29595111687762,
        88.29129661070343,
        85.30312581706332,
        81.06941368749654,
        93.91326590084624,
        74.21824880016936,
        80.29639374297099,
        90.98896335815378,
        85.29214211698141,
        85.00236296363596,
        93.93096209996808,
        86.72380910916957,
        93.60889161338322,
        81.99644000546621,
        93.96856945121293,
        82.70377578995127,
        84.33555126457995,
        90.65427314064559,
        84.02026148049347,
        82.12900165323775,
        82.39559967314021,
        83.13408131843457,
        89.90069033265523,
        85.59883038519632,
        74.63867818627162,
        81.45603800546444,
        85.38138132013398,
        89.73092218289212,
        91.84645449420363,
        86.00145252049207,
        82.0072959022341,
        87.86971109288835,
        78.3662652669305,
        87.62823420178461,
        79.42440863104069,
        80.71740298906516,
        93.47704489562912,
        90.34645129902677,
        78.77161788583753,
        88.49705715771164,
        86.43060705348802,
        87.45950504668534,
        98.8481658646535,
        89.16157794839953,
        92.00310860025576,
        91.62545604038657,
        88.2427245456529,
        88.39455658091222,
        98.35804523504372,
        79.04509818873026,
        90.45336901305538,
        87.87652714842933,
        84.20849332730616,
        91.70119127504468,
        97.08515819703507,
        88.50637288219791,
        75.79066467627135,
        79.31723768897156,
        79.05263353718851,
        85.38808801747129,
        90.24595656244738,
        85.2859906270582,
        89.25955179762971,
        81.03892296202793,
        93.01967583282963,
        86.30379198036819,
        77.62990639479031,
        82.66823342664928,
        83.72417222715093,
        84.15033821342175,
        86.02547670892633,
        87.5752555122779,
        88.25056969008523,
        84.46488558435651,
        80.78435348861379,
        82.43692227300916,
        89.8191769592574,
        92.26424903628768,
        81.30489851186695,
        96.14527825075201,
        83.56103801589128,
        79.84626088954174,
        91.22756945138838,
        87.13818025933645,
        73.96147512564457,
        76.55385749031164,
        85.88867923218889,
        73.57589434588509,
        83.11989233812275,
        82.00318301739003,
        88.81324361797674,
        94.31853230321013,
        84.33887220547545,
        88.95524068595613,
        83.79766495674266,
        85.40898243205393,
        79.74701946619045,
        92.21038318216078,
        84.02751498266349,
        85.14297060701479,
        92.40087888900669
    ]
}