{
    "agg": 2209,
    "iters": [
        1,
        2,
        3,
        4,
        5,
        6,
        7,
        8,
        9,
        10,
        11,
        12,
        13,
        14,
        15,
        16,
        17,
        18,
        19,
        20,
        21,
        22,
        23,
        24,
        25,
        26,
        27,
        28,
        29,
        30,
        31,
        32,
        33,
        34,
        35,
        36,
        37,
        38,
        39,
        40,
        41,
        42,
        43,
        44,
        45,
        46,
        47,
        48,
        49,
        50,
        51,
        52,
        53,
        54,
        55,
        56,
        57,
        58,
        59,
        60,
        61,
        62,
        63,
        64,
        65,
        66,
        67,
        68,
        69,
        70,
        71,
        72,
        73,
        74,
        75,
        76,
        77,
        78,
        79,
        80,
        81,
        82,
        83,
        84,
        85,
        86,
        87,
        88,
        89,
        90,
        91,
        92,
        93,
        94,
        95,
        96,
        97,
        98,
        99,
        100,
        101,
        102,
        103,
        104,
        105,
        106,
        107,
        108,
        109,
        110,
        111,
        112,
        113,
        114,
        115,
        116,
        117,
        118
    ],
    "means": [
        2133.8048780487807,
        2158.0243902439024,
        2161.390243902439,
        2136.3658536585367,
        2154.048780487805,
        2131.439024390244,
        2160.8536585365855,
        2131.0975609756097,
        2139.0731707317073,
        2140.121951219512,
        2149.5853658536585,
        2151.5853658536585,
        2145.560975609756,
        2148.390243902439,
        2128.2926829268295,
        2146.9756097560976,
        2141.439024390244,
        2177.7073170731705,
        2155.8048780487807,
        2159.829268292683,
        2164.390243902439,
        2150.3658536585367,
        2142.0243902439024,
        2161.243902439024,
        2134.9756097560976,
        2145.609756097561,
        2143.9024390243903,
        2151.9024390243903,
        2138.1463414634145,
        2138.0,
        2142.243902439024,
        2158.4634146341464,
        2134.512195121951,
        2153.6585365853657,
        2165.609756097561,
        2167.439024390244,
        2157.512195121951,
        2130.1463414634145,
        2125.2926829268295,
        2152.4146341463415,
        2149.9756097560976,
        2170.121951219512,
        2148.243902439024,
        2165.829268292683,
        2173.6341463414633,
        2134.8048780487807,
        2155.0243902439024,
        2141.6585365853657,
        2142.0731707317073,
        2129.5853658536585,
        2150.487804878049,
        2151.6585365853657,
        2158.731707317073,
        2158.829268292683,
        2149.487804878049,
        2152.390243902439,
        2161.170731707317,
        2139.1463414634145,
        2151.4146341463415,
        2169.2926829268295,
        2139.317073170732,
        2140.4146341463415,
        2153.9756097560976,
        2155.317073170732,
        2161.4146341463415,
        2171.9024390243903,
        2164.268292682927,
        2143.2195121951218,
        2140.0243902439024,
        2157.731707317073,
        2107.1463414634145,
        2155.8536585365855,
        2161.9756097560976,
        2147.1463414634145,
        2155.0243902439024,
        2161.121951219512,
        2147.609756097561,
        2140.0731707317073,
        2171.048780487805,
        2153.1463414634145,
        2144.731707317073,
        2111.121951219512,
        2158.682926829268,
        2138.8536585365855,
        2157.243902439024,
        2145.0,
        2162.048780487805,
        2158.0243902439024,
        2159.1463414634145,
        2164.7073170731705,
        2158.1951219512193,
        2158.560975609756,
        2172.0975609756097,
        2172.048780487805,
        2164.0,
        2146.1463414634145,
        2135.2195121951218,
        2155.682926829268,
        2159.9268292682927,
        2153.951219512195,
        2162.439024390244,
        2130.6341463414633,
        2184.8536585365855,
        2164.439024390244,
        2172.682926829268,
        2157.878048780488,
        2156.170731707317,
        2149.878048780488,
        2144.048780487805,
        2169.0,
        2127.6341463414633,
        2156.439024390244,
        2148.2195121951218,
        2142.7804878048782,
        2169.6341463414633,
        2148.512195121951,
        2146.9756097560976,
        2137.121951219512
    ],
    "opt": 2264,
    "stdevs": [
        86.3255945180082,
        90.60810489911312,
        91.64429593809585,
        93.55649293668895,
        84.59745461762478,
        86.24979286804052,
        89.9508160934819,
        84.94698630237589,
        84.8928708673043,
        85.98048420708868,
        90.40288566777762,
        80.73654100922607,
        82.63881116789682,
        94.8394993477184,
        81.21673620100336,
        79.30444203868547,
        88.71413360613522,
        81.94800371158591,
        86.4551821048918,
        94.25624193318468,
        82.23549706780699,
        105.94240407112171,
        86.93128427444177,
        74.87380618790294,
        94.34019597100543,
        94.93409216945234,
        85.58259592790158,
        83.50428786363089,
        88.25726280502145,
        83.25746139565379,
        89.3288745517003,
        82.53339237322646,
        91.14532003056505,
        82.20990675453977,
        79.30763751514222,
        82.7355613460337,
        89.95801783737912,
        82.04150079361523,
        90.74951962580352,
        86.9608758706076,
        85.49268626681467,
        79.45490978457951,
        90.8868984864061,
        87.96476634981076,
        90.023508067388,
        84.52513539054526,
        81.33744459300944,
        78.60944204321909,
        82.82729320521442,
        92.4334897628787,
        86.54031119099989,
        86.27850812173374,
        77.52577050379455,
        87.18578493416548,
        83.25486053377612,
        88.56549954523267,
        83.32566214939631,
        93.36593648848175,
        91.99442602673328,
        80.7015712672128,
        79.51543461902968,
        83.46518935833218,
        94.06367532088092,
        98.17789702679724,
        83.6102968363423,
        79.18635164429591,
        104.3687235624767,
        91.14836797841143,
        94.14842661661582,
        89.32320715306554,
        76.79035793627324,
        93.34608068525446,
        90.15798810837644,
        85.74936847541316,
        92.973242362305,
        85.42696070740746,
        94.23915556393705,
        87.68635632222616,
        81.24997597583501,
        86.93046309231521,
        82.06541839950046,
        74.07978399126675,
        89.59296548616082,
        87.03225109416364,
        80.31425487415345,
        100.9348981202071,
        84.0542656364537,
        80.82938604875359,
        84.08258454163071,
        88.9346824997902,
        95.47141559501898,
        83.82765385162404,
        78.37956580330471,
        85.6145506266347,
        74.53203599958815,
        83.77599661338759,
        89.6547611933694,
        90.90049210320262,
        73.59857840750048,
        97.95592618174025,
        86.79385410985796,
        73.49224485304255,
        79.68583464275612,
        88.76415690056261,
        78.81854400608114,
        91.34928814705253,
        88.45169618498669,
        81.34275422239787,
        81.37445851440604,
        86.08164020560834,
        97.03903064320926,
        93.12070550726158,
        90.26478993606017,
        94.12666924510121,
        78.58745512052192,
        78.29279689984867,
        88.67630579807692,
        87.99949975521652
    ]
}