{
    "agg": 2145,
    "iters": [
        1,
        2,
        3,
        4,
        5,
        6,
        7,
        8,
        9,
        10,
        11,
        12,
        13,
        14,
        15,
        16,
        17,
        18,
        19,
        20,
        21,
        22,
        23,
        24,
        25,
        26,
        27,
        28,
        29,
        30,
        31,
        32,
        33,
        34,
        35,
        36,
        37,
        38,
        39,
        40,
        41,
        42,
        43,
        44,
        45,
        46,
        47,
        48,
        49,
        50,
        51,
        52,
        53,
        54,
        55,
        56,
        57,
        58,
        59,
        60,
        61,
        62,
        63,
        64,
        65,
        66,
        67,
        68,
        69,
        70,
        71,
        72,
        73,
        74,
        75,
        76,
        77,
        78,
        79,
        80,
        81,
        82,
        83,
        84,
        85,
        86,
        87,
        88,
        89,
        90,
        91,
        92,
        93,
        94,
        95,
        96,
        97,
        98,
        99
    ],
    "means": [
        2171.714285714286,
        2180.714285714286,
        2167.4285714285716,
        2144.5714285714284,
        2166.4285714285716,
        2154.285714285714,
        2153.6428571428573,
        2184.3571428571427,
        2154.214285714286,
        2124.285714285714,
        2127.285714285714,
        2156.285714285714,
        2152.214285714286,
        2162.0,
        2140.0714285714284,
        2168.4285714285716,
        2128.214285714286,
        2162.214285714286,
        2170.6428571428573,
        2189.785714285714,
        2203.6428571428573,
        2170.8571428571427,
        2151.4285714285716,
        2103.0714285714284,
        2134.4285714285716,
        2155.9285714285716,
        2145.6428571428573,
        2177.4285714285716,
        2138.9285714285716,
        2157.3571428571427,
        2148.5714285714284,
        2128.1428571428573,
        2144.214285714286,
        2137.8571428571427,
        2151.3571428571427,
        2134.4285714285716,
        2159.4285714285716,
        2130.9285714285716,
        2148.0,
        2156.8571428571427,
        2125.1428571428573,
        2147.214285714286,
        2150.5714285714284,
        2122.0,
        2154.5,
        2180.5,
        2151.9285714285716,
        2145.6428571428573,
        2195.0,
        2138.6428571428573,
        2115.9285714285716,
        2148.0714285714284,
        2159.8571428571427,
        2168.0,
        2144.5714285714284,
        2178.4285714285716,
        2101.5,
        2188.9285714285716,
        2156.5,
        2167.714285714286,
        2105.8571428571427,
        2161.714285714286,
        2140.4285714285716,
        2148.8571428571427,
        2152.214285714286,
        2144.285714285714,
        2146.9285714285716,
        2139.6428571428573,
        2131.1428571428573,
        2146.214285714286,
        2100.3571428571427,
        2152.3571428571427,
        2148.9285714285716,
        2126.0714285714284,
        2123.714285714286,
        2176.0714285714284,
        2113.0,
        2149.9285714285716,
        2156.6428571428573,
        2164.8571428571427,
        2148.3571428571427,
        2179.714285714286,
        2165.3571428571427,
        2171.1428571428573,
        2114.9285714285716,
        2202.9285714285716,
        2146.4285714285716,
        2115.785714285714,
        2190.214285714286,
        2153.3571428571427,
        2113.4285714285716,
        2142.5714285714284,
        2135.5714285714284,
        2147.285714285714,
        2194.0,
        2126.285714285714,
        2169.6428571428573,
        2165.6428571428573,
        2158.285714285714
    ],
    "opt": 2240,
    "stdevs": [
        96.39682016942005,
        79.30540296080406,
        88.32789098880723,
        81.77470293933402,
        84.22988465733378,
        76.31553724170324,
        97.0990710142828,
        77.30053330333234,
        77.76445990611518,
        73.49482836171785,
        92.78810620473523,
        85.74416146006557,
        93.2639714324183,
        89.7918227266349,
        91.55518576692599,
        74.49229517753044,
        88.60359438970583,
        87.33038954897378,
        88.42721554464775,
        86.30194383792339,
        66.43321796345252,
        90.95749175368927,
        100.78528399219677,
        76.95310657955855,
        88.01194260335541,
        83.38162206361294,
        73.91849482741799,
        94.40846987253563,
        90.59916767649396,
        80.69927167564519,
        92.67509627396001,
        61.45481167126802,
        74.51958378404255,
        98.04653205993363,
        88.42802330778659,
        89.34420941002298,
        94.5490910175497,
        80.30963675115235,
        85.11253055304405,
        92.45914707345628,
        88.43872547286797,
        54.59876839457171,
        100.53124197106537,
        80.96471894773498,
        76.95894081540216,
        81.23400941547995,
        82.53264660182685,
        98.97879076048648,
        88.93657451079554,
        77.5754076853678,
        82.03785213956706,
        76.51373759539085,
        86.02230370487572,
        77.89461745571018,
        67.06043573386864,
        90.36727780540467,
        51.645425741298716,
        80.5068446830226,
        97.73195851043667,
        97.1930542575876,
        78.27958787289967,
        87.1848844790922,
        97.93417197697812,
        79.6975148768832,
        108.15873161464957,
        75.59707909269339,
        90.44292934988204,
        86.31222984263681,
        84.37573884786106,
        82.06894189941647,
        84.86342569333483,
        93.51898748600823,
        93.48373753585952,
        70.40948017106207,
        88.30420518333894,
        98.70697202594461,
        74.91519014382673,
        103.89518364040497,
        99.72219064041087,
        99.78681357406552,
        76.51667151940264,
        91.13054103978578,
        97.6777552851775,
        94.96981260444,
        82.31773310577417,
        72.3596812416124,
        89.89336085902346,
        82.21850553896748,
        67.07371059559196,
        89.93379083911607,
        69.57084188664334,
        100.30077217030377,
        85.0241262278909,
        89.69824697397425,
        81.81337648226341,
        92.17873055833942,
        66.67576893643826,
        99.16120147290987,
        76.68807745986201
    ]
}