{
    "agg": 2227,
    "iters": [
        1,
        2,
        3,
        4,
        5,
        6,
        7,
        8,
        9,
        10,
        11,
        12,
        13,
        14,
        15,
        16,
        17,
        18,
        19,
        20,
        21,
        22,
        23,
        24,
        25,
        26,
        27,
        28,
        29,
        30,
        31,
        32,
        33,
        34,
        35,
        36,
        37,
        38,
        39,
        40,
        41,
        42,
        43,
        44,
        45,
        46,
        47,
        48,
        49,
        50,
        51,
        52,
        53,
        54,
        55,
        56,
        57,
        58,
        59,
        60,
        61,
        62,
        63,
        64,
        65,
        66,
        67,
        68,
        69,
        70,
        71,
        72,
        73,
        74,
        75,
        76,
        77,
        78,
        79,
        80,
        81,
        82,
        83,
        84,
        85,
        86,
        87,
        88,
        89,
        90,
        91,
        92,
        93,
        94,
        95,
        96,
        97,
        98,
        99,
        100,
        101,
        102,
        103,
        104,
        105,
        106,
        107,
        108,
        109,
        110,
        111,
        112,
        113,
        114,
        115
    ],
    "means": [
        2130.2432432432433,
        2172.864864864865,
        2148.675675675676,
        2149.5135135135133,
        2144.864864864865,
        2128.189189189189,
        2167.2432432432433,
        2185.4324324324325,
        2150.2702702702704,
        2142.027027027027,
        2156.135135135135,
        2138.4864864864867,
        2134.675675675676,
        2157.7567567567567,
        2134.3783783783783,
        2155.108108108108,
        2146.675675675676,
        2144.2702702702704,
        2158.891891891892,
        2160.2702702702704,
        2156.2162162162163,
        2145.2162162162163,
        2149.5405405405404,
        2147.6216216216217,
        2136.189189189189,
        2126.2702702702704,
        2166.945945945946,
        2145.2432432432433,
        2163.027027027027,
        2140.3783783783783,
        2190.135135135135,
        2155.675675675676,
        2147.7567567567567,
        2161.675675675676,
        2134.4864864864867,
        2152.7297297297296,
        2137.2432432432433,
        2141.5135135135133,
        2149.4054054054054,
        2114.3783783783783,
        2147.2702702702704,
        2146.0,
        2152.054054054054,
        2133.027027027027,
        2128.0,
        2156.4864864864867,
        2151.027027027027,
        2165.3783783783783,
        2118.324324324324,
        2137.837837837838,
        2149.0,
        2135.4054054054054,
        2139.6486486486488,
        2151.189189189189,
        2162.837837837838,
        2131.2972972972975,
        2157.027027027027,
        2148.0,
        2134.7837837837837,
        2166.0810810810813,
        2177.2972972972975,
        2143.864864864865,
        2144.6216216216217,
        2150.864864864865,
        2122.2432432432433,
        2202.864864864865,
        2125.0810810810813,
        2140.4054054054054,
        2137.864864864865,
        2119.135135135135,
        2159.5945945945946,
        2147.2432432432433,
        2161.7837837837837,
        2145.108108108108,
        2147.108108108108,
        2164.2972972972975,
        2154.837837837838,
        2155.189189189189,
        2160.7297297297296,
        2157.675675675676,
        2155.135135135135,
        2150.9189189189187,
        2151.027027027027,
        2155.837837837838,
        2166.5675675675675,
        2151.5945945945946,
        2153.7567567567567,
        2170.5405405405404,
        2153.2162162162163,
        2159.324324324324,
        2140.4864864864867,
        2167.189189189189,
        2161.2162162162163,
        2143.324324324324,
        2151.675675675676,
        2136.7297297297296,
        2155.7027027027025,
        2141.7027027027025,
        2131.972972972973,
        2172.324324324324,
        2125.7027027027025,
        2148.5135135135133,
        2155.4594594594596,
        2126.864864864865,
        2140.6486486486488,
        2157.675675675676,
        2137.4864864864867,
        2142.189189189189,
        2137.054054054054,
        2156.2702702702704,
        2151.9189189189187,
        2151.2432432432433,
        2134.972972972973,
        2154.3783783783783,
        2168.135135135135
    ],
    "opt": 2274,
    "stdevs": [
        82.8340592586477,
        85.63756505941807,
        90.01593073842888,
        90.61460464043148,
        97.95646086390492,
        82.65422532579596,
        91.97984661911525,
        91.01426693642686,
        80.39283571974613,
        90.32298994598803,
        83.71385049991595,
        93.24151193065609,
        63.1600515439146,
        90.47633867344346,
        86.06262689879792,
        84.0275964269216,
        95.30578214898584,
        83.30914379867012,
        81.00109568287425,
        77.85768328092546,
        92.9461149138299,
        82.39494052137435,
        85.58750685373155,
        75.45621653373935,
        79.54255629224365,
        79.57680248993138,
        90.90771856325213,
        87.32462127815536,
        83.01269407535163,
        84.05993722350138,
        94.20999033561034,
        82.38802525625034,
        90.36664219674097,
        91.62852561088465,
        94.81407741914919,
        75.9902727233927,
        69.0896031625385,
        90.06352761564551,
        78.46309494328457,
        75.2481844447772,
        87.4613887469698,
        89.14882788636939,
        81.42578977401081,
        82.37012266215007,
        87.88629017087932,
        81.27518208401848,
        90.80941923000698,
        91.92075063537256,
        85.10408700258444,
        80.52044008201104,
        91.00400941568306,
        82.72764153222487,
        93.95404748447184,
        94.34664027815202,
        89.89859557978059,
        84.19182243940543,
        83.517431903178,
        91.50956234186677,
        84.683555675817,
        72.15949990027849,
        78.61602369672856,
        85.6189427645359,
        85.96018919883828,
        89.55872666736076,
        92.04681693790553,
        84.32567566484771,
        81.81831499793634,
        90.79304041058327,
        76.25531870228558,
        88.50657699249071,
        83.62123726741278,
        80.56838807528013,
        82.15908600215808,
        82.02728082244009,
        92.70172562718875,
        82.18202107085219,
        84.56614667165947,
        84.43991557661477,
        87.54077000712563,
        92.95568663937412,
        81.84664703203879,
        82.84057576710738,
        96.18773492821677,
        83.25100876379769,
        94.13031235948431,
        92.58406244829744,
        84.97548307963015,
        86.76392156993772,
        84.20892137853943,
        76.64345463284504,
        86.7333975456824,
        81.00978847690146,
        86.45609263233302,
        93.16218176400739,
        81.0468846806301,
        84.65052119015448,
        84.62727975766374,
        96.72526287987996,
        80.4935741892235,
        81.23774054839491,
        91.50597820224344,
        82.90229404501116,
        91.6814681367386,
        81.9050743113924,
        83.65831931174412,
        91.51459905807204,
        80.20872151190383,
        82.24315886700649,
        95.53517703512257,
        86.19984594224918,
        96.13064825520735,
        98.5748187255684,
        79.39755816467394,
        85.8359060984896,
        87.97977721019025
    ]
}