{
    "agg": 2259,
    "iters": [
        1,
        2,
        3,
        4,
        5,
        6,
        7,
        8,
        9,
        10,
        11,
        12,
        13,
        14,
        15,
        16,
        17,
        18,
        19,
        20,
        21,
        22,
        23,
        24,
        25,
        26,
        27,
        28,
        29,
        30,
        31,
        32,
        33,
        34,
        35,
        36,
        37,
        38,
        39,
        40,
        41,
        42,
        43,
        44,
        45,
        46,
        47,
        48,
        49,
        50,
        51,
        52,
        53,
        54,
        55,
        56,
        57,
        58,
        59,
        60,
        61,
        62,
        63,
        64,
        65,
        66,
        67,
        68,
        69,
        70,
        71,
        72,
        73,
        74,
        75,
        76,
        77,
        78,
        79,
        80,
        81,
        82,
        83,
        84,
        85,
        86,
        87,
        88,
        89,
        90,
        91,
        92,
        93,
        94,
        95,
        96,
        97,
        98,
        99,
        100,
        101,
        102,
        103
    ],
    "means": [
        2105.2916666666665,
        2173.7916666666665,
        2163.0,
        2128.75,
        2148.75,
        2151.9166666666665,
        2128.875,
        2175.7916666666665,
        2142.9166666666665,
        2139.75,
        2163.6666666666665,
        2117.4583333333335,
        2117.75,
        2145.3333333333335,
        2156.375,
        2136.2083333333335,
        2146.4166666666665,
        2170.75,
        2166.0833333333335,
        2128.0416666666665,
        2170.4166666666665,
        2177.5,
        2181.375,
        2149.3333333333335,
        2170.875,
        2146.9166666666665,
        2128.0416666666665,
        2166.4583333333335,
        2162.9583333333335,
        2140.625,
        2156.5,
        2126.125,
        2198.25,
        2150.5833333333335,
        2147.75,
        2157.7916666666665,
        2170.875,
        2139.4583333333335,
        2158.3333333333335,
        2134.2083333333335,
        2130.875,
        2141.2083333333335,
        2159.4166666666665,
        2137.5,
        2145.5,
        2138.3333333333335,
        2166.4166666666665,
        2154.0833333333335,
        2175.7083333333335,
        2156.2083333333335,
        2125.5833333333335,
        2145.9583333333335,
        2162.9583333333335,
        2138.25,
        2168.7083333333335,
        2145.3333333333335,
        2180.75,
        2160.3333333333335,
        2106.0833333333335,
        2148.7916666666665,
        2156.0,
        2152.9166666666665,
        2136.9583333333335,
        2174.625,
        2165.7083333333335,
        2142.5833333333335,
        2139.6666666666665,
        2191.2083333333335,
        2110.5833333333335,
        2133.7916666666665,
        2135.7916666666665,
        2147.0,
        2163.625,
        2158.375,
        2155.5416666666665,
        2151.125,
        2156.0416666666665,
        2169.125,
        2168.1666666666665,
        2192.5,
        2148.2083333333335,
        2126.375,
        2131.8333333333335,
        2184.9166666666665,
        2160.7916666666665,
        2148.7083333333335,
        2162.4166666666665,
        2148.2916666666665,
        2152.875,
        2160.0,
        2143.0833333333335,
        2147.375,
        2137.125,
        2152.7916666666665,
        2159.625,
        2158.4166666666665,
        2135.0833333333335,
        2155.125,
        2162.6666666666665,
        2149.7083333333335,
        2155.7083333333335,
        2134.25,
        2157.125
    ],
    "opt": 2270,
    "stdevs": [
        86.87849713185011,
        94.21384327098056,
        88.15752945721653,
        84.2324412958966,
        86.45868473824169,
        86.35677770479602,
        80.29441268440372,
        59.1347184871591,
        92.18455974595506,
        81.7624863043356,
        94.80052156443492,
        90.89461808722353,
        69.70488385567637,
        84.84773944477773,
        90.3515414459912,
        91.44168413378125,
        89.79138631046719,
        87.54486944799602,
        90.3063843565645,
        74.65781895123615,
        89.51346112301893,
        83.16299257081441,
        98.3953812008809,
        79.4269405736422,
        87.03366805437997,
        93.28983361307681,
        81.50791330021616,
        82.21312707766862,
        71.1907526571316,
        76.77554542300562,
        67.30775091572539,
        73.45140825743235,
        87.091068237028,
        86.20514131354864,
        85.8973466800149,
        72.10061209094476,
        85.67589728155755,
        81.02004853052662,
        86.4150192707006,
        81.14440788221673,
        83.93663904994052,
        88.40483544781674,
        80.57755925538794,
        81.91509832340637,
        72.64869808422814,
        82.60229348443593,
        71.62106107067173,
        77.54993910736201,
        83.02533707984703,
        81.91254440289079,
        77.72543377528076,
        74.18191556722044,
        74.19651786902732,
        78.01882785584516,
        75.26922742543744,
        97.81686403115206,
        74.27047977942964,
        89.60406736799892,
        81.23572524176512,
        89.29398037133049,
        87.11438840206976,
        88.08987676736123,
        92.01018021876106,
        93.88282257686973,
        86.75275171748477,
        81.43500305287783,
        86.46611410771787,
        78.1104875409755,
        86.95253334754287,
        83.99106061890687,
        80.60344242372999,
        94.82308087521027,
        92.76709748073398,
        85.66009013342601,
        70.31001538819977,
        93.41721491067193,
        65.77137115712952,
        86.49581516851937,
        89.09108946590686,
        78.08862486517056,
        79.14016003620131,
        84.66591822175752,
        72.57735337019545,
        99.15808786422261,
        77.83796158616238,
        80.74521614656533,
        91.34819678327293,
        81.70244751875892,
        89.22785089309279,
        82.14570388441909,
        97.97062343149378,
        86.72793307233835,
        94.30107479945991,
        84.06742292482994,
        89.59622969187933,
        74.15969068316171,
        81.09301072773714,
        82.7512902719146,
        84.94884081348935,
        82.85302205646387,
        93.72187541100294,
        88.78403103411485,
        76.82464475457512
    ]
}