{
    "agg": 2265,
    "iters": [
        1,
        2,
        3,
        4,
        5,
        6,
        7,
        8,
        9,
        10,
        11,
        12,
        13,
        14,
        15,
        16,
        17,
        18,
        19,
        20,
        21,
        22,
        23,
        24,
        25,
        26,
        27,
        28,
        29,
        30,
        31,
        32,
        33,
        34,
        35,
        36,
        37,
        38,
        39,
        40,
        41,
        42,
        43,
        44,
        45,
        46,
        47,
        48,
        49,
        50,
        51,
        52,
        53,
        54,
        55,
        56,
        57,
        58,
        59,
        60,
        61,
        62,
        63,
        64,
        65,
        66,
        67,
        68,
        69,
        70,
        71,
        72,
        73,
        74,
        75,
        76,
        77,
        78,
        79,
        80,
        81,
        82,
        83,
        84,
        85,
        86,
        87,
        88,
        89,
        90,
        91,
        92,
        93,
        94,
        95,
        96,
        97,
        98,
        99,
        100,
        101,
        102,
        103,
        104,
        105,
        106,
        107,
        108,
        109,
        110,
        111,
        112,
        113,
        114,
        115,
        116,
        117,
        118,
        119,
        120,
        121,
        122,
        123,
        124,
        125,
        126,
        127,
        128,
        129,
        130,
        131,
        132,
        133,
        134,
        135,
        136,
        137,
        138,
        139,
        140,
        141,
        142,
        143,
        144
    ],
    "means": [
        2152.5416666666665,
        2154.7083333333335,
        2146.6041666666665,
        2154.7291666666665,
        2161.7083333333335,
        2128.8125,
        2148.5208333333335,
        2133.2916666666665,
        2150.8958333333335,
        2160.9166666666665,
        2150.8958333333335,
        2147.4583333333335,
        2157.9583333333335,
        2151.8958333333335,
        2140.2083333333335,
        2142.7083333333335,
        2138.7291666666665,
        2163.2708333333335,
        2139.2291666666665,
        2147.4583333333335,
        2140.3958333333335,
        2158.25,
        2140.2708333333335,
        2149.9583333333335,
        2155.7291666666665,
        2147.4375,
        2143.7708333333335,
        2157.2291666666665,
        2152.2916666666665,
        2143.0208333333335,
        2166.0416666666665,
        2143.7708333333335,
        2142.6875,
        2171.7083333333335,
        2152.8958333333335,
        2148.2083333333335,
        2148.0208333333335,
        2158.3958333333335,
        2163.6041666666665,
        2128.6875,
        2147.5625,
        2145.5416666666665,
        2147.3125,
        2159.625,
        2127.125,
        2170.2708333333335,
        2165.3333333333335,
        2156.5833333333335,
        2152.0833333333335,
        2145.4791666666665,
        2147.6666666666665,
        2142.3541666666665,
        2136.7291666666665,
        2143.0833333333335,
        2145.6458333333335,
        2159.1041666666665,
        2143.1875,
        2160.2291666666665,
        2163.7916666666665,
        2162.4583333333335,
        2154.875,
        2150.7083333333335,
        2135.4791666666665,
        2170.7916666666665,
        2138.7916666666665,
        2149.4791666666665,
        2157.5416666666665,
        2156.0,
        2136.4583333333335,
        2153.8958333333335,
        2132.5208333333335,
        2166.0416666666665,
        2142.2708333333335,
        2143.3333333333335,
        2143.5625,
        2151.1875,
        2150.625,
        2128.2916666666665,
        2162.3125,
        2151.9166666666665,
        2152.875,
        2128.7708333333335,
        2147.7708333333335,
        2151.0625,
        2139.1041666666665,
        2155.4166666666665,
        2141.9791666666665,
        2128.6666666666665,
        2150.4375,
        2167.9791666666665,
        2171.0833333333335,
        2167.0416666666665,
        2140.9583333333335,
        2133.25,
        2169.0625,
        2137.5208333333335,
        2148.3958333333335,
        2142.6875,
        2144.5625,
        2128.5,
        2158.8958333333335,
        2129.8958333333335,
        2146.625,
        2157.2083333333335,
        2144.6458333333335,
        2153.2916666666665,
        2153.8541666666665,
        2154.7083333333335,
        2161.2916666666665,
        2148.9791666666665,
        2121.7291666666665,
        2151.625,
        2146.4375,
        2127.375,
        2137.1666666666665,
        2133.3125,
        2155.4166666666665,
        2164.4791666666665,
        2149.5416666666665,
        2155.5625,
        2159.8541666666665,
        2159.8958333333335,
        2142.7291666666665,
        2149.8958333333335,
        2149.6458333333335,
        2162.5,
        2152.7916666666665,
        2144.9166666666665,
        2154.4583333333335,
        2152.5208333333335,
        2134.8333333333335,
        2157.7291666666665,
        2170.2708333333335,
        2128.125,
        2143.1875,
        2148.5416666666665,
        2131.5833333333335,
        2153.4375,
        2143.6041666666665,
        2164.375,
        2137.7708333333335,
        2132.7708333333335,
        2161.5416666666665,
        2156.875
    ],
    "opt": 2202,