{
    "agg": 2262,
    "iters": [
        1,
        2,
        3,
        4,
        5,
        6,
        7,
        8,
        9,
        10,
        11,
        12,
        13,
        14,
        15,
        16,
        17,
        18,
        19,
        20,
        21,
        22,
        23,
        24,
        25,
        26,
        27,
        28,
        29,
        30,
        31,
        32,
        33,
        34,
        35,
        36,
        37,
        38,
        39,
        40,
        41,
        42,
        43,
        44,
        45,
        46,
        47,
        48,
        49,
        50,
        51,
        52,
        53,
        54,
        55,
        56,
        57,
        58,
        59,
        60,
        61,
        62,
        63,
        64,
        65,
        66,
        67,
        68,
        69,
        70,
        71,
        72,
        73,
        74,
        75,
        76,
        77,
        78,
        79,
        80,
        81,
        82,
        83,
        84,
        85,
        86,
        87,
        88,
        89,
        90,
        91,
        92,
        93,
        94,
        95,
        96,
        97,
        98,
        99,
        100,
        101,
        102,
        103,
        104,
        105,
        106,
        107,
        108,
        109,
        110,
        111,
        112,
        113,
        114,
        115,
        116,
        117,
        118,
        119,
        120,
        121,
        122,
        123,
        124,
        125,
        126,
        127,
        128,
        129,
        130,
        131,
        132,
        133,
        134,
        135,
        136,
        137,
        138,
        139,
        140,
        141,
        142,
        143
    ],
    "means": [
        2156.391304347826,
        2159.1304347826085,
        2142.7391304347825,
        2153.217391304348,
        2128.1739130434785,
        2139.5652173913045,
        2154.8695652173915,
        2119.913043478261,
        2156.0,
        2158.304347826087,
        2165.4347826086955,
        2122.695652173913,
        2147.0,
        2147.0434782608695,
        2148.913043478261,
        2175.0,
        2156.9565217391305,
        2173.304347826087,
        2115.086956521739,
        2125.391304347826,
        2150.0434782608695,
        2190.0,
        2135.782608695652,
        2115.1739130434785,
        2127.913043478261,
        2140.7391304347825,
        2138.9565217391305,
        2149.695652173913,
        2164.0434782608695,
        2171.1739130434785,
        2135.6521739130435,
        2157.4347826086955,
        2170.695652173913,
        2128.521739130435,
        2177.6521739130435,
        2153.2608695652175,
        2164.8695652173915,
        2142.391304347826,
        2139.913043478261,
        2130.9565217391305,
        2154.6521739130435,
        2166.8260869565215,
        2131.086956521739,
        2137.0,
        2129.391304347826,
        2144.608695652174,
        2162.6521739130435,
        2159.782608695652,
        2153.7391304347825,
        2164.478260869565,
        2159.695652173913,
        2136.8260869565215,
        2192.0,
        2186.608695652174,
        2149.1304347826085,
        2181.2608695652175,
        2154.695652173913,
        2127.913043478261,
        2171.217391304348,
        2158.086956521739,
        2174.478260869565,
        2167.217391304348,
        2158.0,
        2155.6521739130435,
        2113.913043478261,
        2117.9565217391305,
        2153.0434782608695,
        2172.391304347826,
        2160.608695652174,
        2134.9565217391305,
        2144.1739130434785,
        2148.521739130435,
        2170.1304347826085,
        2171.217391304348,
        2163.8695652173915,
        2148.2608695652175,
        2138.608695652174,
        2154.2608695652175,
        2139.4347826086955,
        2161.086956521739,
        2154.4347826086955,
        2156.217391304348,
        2122.5652173913045,
        2122.5652173913045,
        2175.086956521739,
        2132.478260869565,
        2159.608695652174,
        2135.217391304348,
        2161.2608695652175,
        2192.086956521739,
        2127.4347826086955,
        2162.304347826087,
        2142.478260869565,
        2168.0,
        2117.391304347826,
        2122.0434782608695,
        2163.6521739130435,
        2140.3478260869565,
        2135.304347826087,
        2149.6521739130435,
        2134.521739130435,
        2135.478260869565,
        2157.478260869565,
        2160.782608695652,
        2167.478260869565,
        2161.0434782608695,
        2140.695652173913,
        2166.3478260869565,
        2130.521739130435,
        2160.6521739130435,
        2144.608695652174,
        2161.4347826086955,
        2164.0,
        2147.521739130435,
        2154.608695652174,
        2153.0434782608695,
        2150.217391304348,
        2132.521739130435,
        2177.608695652174,
        2150.6521739130435,
        2212.391304347826,
        2130.478260869565,
        2178.7391304347825,
        2151.1304347826085,
        2159.2608695652175,
        2146.391304347826,
        2125.8695652173915,
        2177.3478260869565,
        2141.0434782608695,
        2184.2608695652175,
        2133.913043478261,
        2142.8695652173915,
        2156.478260869565,
        2175.9565217391305,
        2191.304347826087,
        2135.5652173913045,
        2141.3478260869565,
        2162.1739130434785,
        2157.2608695652175,
        2161.7391304347825,
        2116.7391304347825,
        2165.6521739130435,
        2174.391304347826
    ],
    "opt": 2249,