{
    "agg": 2225,
    "iters": [
        1,
        2,
        3,
        4,
        5,
        6,
        7,
        8,
        9,
        10,
        11,
        12,
        13,
        14,
        15,
        16,
        17,
        18,
        19,
        20,
        21,
        22,
        23,
        24,
        25,
        26,
        27,
        28,
        29,
        30,
        31,
        32,
        33,
        34,
        35,
        36,
        37,
        38,
        39,
        40,
        41,
        42,
        43,
        44,
        45,
        46,
        47,
        48,
        49,
        50,
        51,
        52,
        53,
        54,
        55,
        56,
        57,
        58,
        59,
        60,
        61,
        62,
        63,
        64,
        65,
        66,
        67,
        68,
        69,
        70,
        71,
        72,
        73,
        74,
        75,
        76,
        77,
        78,
        79,
        80,
        81,
        82,
        83,
        84,
        85,
        86,
        87,
        88,
        89,
        90,
        91,
        92,
        93,
        94,
        95,
        96,
        97,
        98,
        99,
        100,
        101,
        102,
        103,
        104,
        105,
        106
    ],
    "means": [
        2138.846153846154,
        2118.769230769231,
        2148.923076923077,
        2165.6923076923076,
        2154.153846153846,
        2148.076923076923,
        2153.923076923077,
        2151.3076923076924,
        2154.5384615384614,
        2170.923076923077,
        2133.769230769231,
        2119.3846153846152,
        2140.230769230769,
        2139.230769230769,
        2191.923076923077,
        2164.153846153846,
        2138.3076923076924,
        2149.3076923076924,
        2149.076923076923,
        2152.3076923076924,
        2162.6923076923076,
        2134.4615384615386,
        2145.6153846153848,
        2147.5384615384614,
        2140.6153846153848,
        2146.076923076923,
        2146.769230769231,
        2154.3076923076924,
        2115.230769230769,
        2153.769230769231,
        2160.230769230769,
        2155.4615384615386,
        2181.6923076923076,
        2173.0,
        2174.3846153846152,
        2147.076923076923,
        2135.769230769231,
        2144.6923076923076,
        2165.3076923076924,
        2187.6923076923076,
        2201.923076923077,
        2163.0,
        2117.769230769231,
        2125.230769230769,
        2158.923076923077,
        2165.5384615384614,
        2159.5384615384614,
        2133.846153846154,
        2141.153846153846,
        2111.3076923076924,
        2134.0,
        2105.846153846154,
        2117.6923076923076,
        2129.3076923076924,
        2159.153846153846,
        2154.6923076923076,
        2152.153846153846,
        2175.3076923076924,
        2152.3076923076924,
        2198.846153846154,
        2187.153846153846,
        2151.153846153846,
        2122.4615384615386,
        2151.153846153846,
        2124.6923076923076,
        2123.153846153846,
        2124.4615384615386,
        2116.0,
        2139.3076923076924,
        2152.923076923077,
        2151.153846153846,
        2102.076923076923,
        2158.769230769231,
        2142.846153846154,
        2198.923076923077,
        2113.230769230769,
        2160.4615384615386,
        2125.3076923076924,
        2169.5384615384614,
        2184.230769230769,
        2176.769230769231,
        2139.076923076923,
        2134.153846153846,
        2184.076923076923,
        2129.846153846154,
        2173.6153846153848,
        2156.153846153846,
        2141.230769230769,
        2159.6923076923076,
        2130.5384615384614,
        2165.230769230769,
        2156.3076923076924,
        2211.3076923076924,
        2167.153846153846,
        2165.0,
        2153.923076923077,
        2132.846153846154,
        2122.769230769231,
        2158.0,
        2175.769230769231,
        2214.6923076923076,
        2147.5384615384614,
        2144.3846153846152,
        2111.230769230769,
        2148.6923076923076,
        2129.3076923076924
    ],
    "opt": 2206,
    "stdevs": [
        98.16927778379403,
        80.01360831004249,
        90.84599101138275,
        96.8395855290789,
        76.9443816650864,
        80.92775651868726,
        80.28455310615873,
        85.00803999566936,
        86.89836272213063,
        86.79814030129513,
        79.88371726468209,
        63.26809678665794,
        77.24701024451352,
        73.2772961440139,
        79.97736366138142,
        93.7729222470195,
        73.39816033681228,
        101.63916917241686,
        96.84679537882464,
        78.44192816775067,
        91.29191102037178,
        78.54113609549837,
        92.65779759751092,
        90.79106647396146,
        57.3672896096701,
        87.97067827797163,
        92.69897837471551,
        86.419713398653,
        82.90694862421071,
        73.62812364657934,
        80.49668301446565,
        84.88509462762487,
        100.26302686540548,
        80.81983762571015,
        78.41167344563166,
        97.48093426090405,
        72.09732081457017,
        95.19323231874176,
        91.36266247584162,
        83.41037070309905,
        81.34869063147619,
        83.8065538101792,
        100.68469736769173,
        77.15833256378515,
        73.17677388821122,
        86.09084234745687,
        88.25976989687045,
        83.99619602544846,
        79.96041920258583,
        81.41478283398737,
        65.4886954425665,
        57.724606343523845,
        102.44351885899378,
        77.50670900527516,
        80.28971210449372,
        75.3906590983919,
        76.81931463240034,
        73.80367367902976,
        82.00786511566072,
        74.23128736367597,
        86.83923798858365,
        87.66706789267796,
        77.06602103153593,
        90.25591491705568,
        79.92341008296596,
        64.79297938445795,
        85.17819817175625,
        67.78699671085099,
        75.44063852346693,
        95.14318079647646,
        66.29519782335572,
        74.82745438002073,
        93.10883114866078,
        88.33924657368944,
        67.46333652546343,
        91.2689633371556,
        73.21161675856071,
        101.703478962797,
        83.62334545643007,
        90.75593122906315,
        94.4010705986829,
        87.74040516332741,
        77.72124365948046,
        89.27266920763387,
        67.11969349183495,
        70.3754092339936,
        96.6777726055805,
        65.54405898812685,
        91.3567686140312,
        48.78621398055206,
        97.62184012114838,
        91.59222726123957,
        75.16994552385397,
        88.13001423059016,
        91.08153574597956,
        85.80878701504925,
        69.72235725068191,
        70.34547040926368,
        74.39189368576287,
        92.56278854099637,
        59.64817956521211,
        69.61279213192333,
        68.95431984184944,
        90.51914701504518,
        73.79533507810599,
        78.42721722952348
    ]
}