{
    "agg": 2191,
    "iters": [
        1,
        2,
        3,
        4,
        5,
        6,
        7,
        8,
        9,
        10,
        11,
        12,
        13,
        14,
        15,
        16,
        17,
        18,
        19,
        20,
        21,
        22,
        23,
        24,
        25,
        26,
        27,
        28,
        29,
        30,
        31,
        32,
        33,
        34,
        35,
        36,
        37,
        38,
        39,
        40,
        41,
        42,
        43,
        44,
        45,
        46,
        47,
        48,
        49,
        50,
        51,
        52,
        53,
        54,
        55,
        56,
        57,
        58,
        59,
        60,
        61,
        62,
        63,
        64,
        65,
        66,
        67,
        68,
        69,
        70,
        71,
        72,
        73,
        74,
        75,
        76,
        77,
        78,
        79,
        80,
        81,
        82,
        83,
        84,
        85,
        86,
        87,
        88,
        89,
        90,
        91,
        92,
        93,
        94,
        95,
        96,
        97,
        98,
        99,
        100,
        101,
        102,
        103,
        104,
        105,
        106,
        107,
        108,
        109,
        110,
        111,
        112,
        113,
        114,
        115,
        116,
        117,
        118,
        119,
        120,
        121,
        122,
        123,
        124,
        125,
        126,
        127,
        128,
        129,
        130,
        131,
        132,
        133,
        134,
        135,
        136,
        137,
        138,
        139,
        140,
        141,
        142,
        143,
        144,
        145,
        146,
        147
    ],
    "means": [
        2147.785714285714,
        2138.5,
        2130.5,
        2146.0714285714284,
        2163.1666666666665,
        2161.404761904762,
        2151.6666666666665,
        2160.690476190476,
        2172.0714285714284,
        2120.7619047619046,
        2145.3333333333335,
        2180.5714285714284,
        2147.785714285714,
        2164.9523809523807,
        2150.2619047619046,
        2130.6190476190477,
        2127.2619047619046,
        2146.404761904762,
        2167.0238095238096,
        2157.0238095238096,
        2119.714285714286,
        2120.4523809523807,
        2129.1666666666665,
        2146.5238095238096,
        2187.8809523809523,
        2169.3571428571427,
        2177.4523809523807,
        2142.904761904762,
        2145.1428571428573,
        2146.404761904762,
        2143.9285714285716,
        2144.9285714285716,
        2149.0,
        2160.5238095238096,
        2141.3333333333335,
        2136.9761904761904,
        2116.7619047619046,
        2136.9523809523807,
        2146.190476190476,
        2147.714285714286,
        2136.309523809524,
        2146.0,
        2141.190476190476,
        2158.0714285714284,
        2158.309523809524,
        2137.3809523809523,
        2161.1428571428573,
        2147.5238095238096,
        2146.4761904761904,
        2147.595238095238,
        2130.9285714285716,
        2156.9761904761904,
        2134.5714285714284,
        2147.5238095238096,
        2161.7380952380954,
        2161.5238095238096,
        2154.2619047619046,
        2157.8809523809523,
        2178.404761904762,
        2147.3809523809523,
        2136.1428571428573,
        2153.5714285714284,
        2175.309523809524,
        2146.690476190476,
        2133.690476190476,
        2139.4761904761904,
        2152.8809523809523,
        2156.690476190476,
        2155.285714285714,
        2146.8333333333335,
        2151.0238095238096,
        2125.6666666666665,
        2164.4523809523807,
        2150.095238095238,
        2120.4761904761904,
        2143.404761904762,
        2151.6190476190477,
        2182.785714285714,
        2160.6666666666665,
        2127.214285714286,
        2150.3333333333335,
        2167.809523809524,
        2164.3333333333335,
        2167.785714285714,
        2160.1666666666665,
        2166.0,
        2168.595238095238,
        2136.404761904762,
        2157.2380952380954,
        2138.5238095238096,
        2168.5476190476193,
        2137.4285714285716,
        2131.714285714286,
        2155.404761904762,
        2143.6666666666665,
        2166.9523809523807,
        2142.2380952380954,
        2139.904761904762,
        2145.1190476190477,
        2159.1666666666665,
        2159.6190476190477,
        2174.1428571428573,
        2133.404761904762,
        2173.095238095238,
        2158.4285714285716,
        2144.9523809523807,
        2159.6428571428573,
        2151.714285714286,
        2122.8333333333335,
        2162.190476190476,
        2132.3571428571427,
        2149.2619047619046,
        2162.904761904762,
        2157.190476190476,
        2146.285714285714,
        2152.9523809523807,
        2132.6666666666665,
        2174.095238095238,
        2154.6666666666665,
        2177.0476190476193,
        2157.3333333333335,
        2147.190476190476,
        2156.6428571428573,
        2138.4761904761904,
        2160.8333333333335,
        2151.6190476190477,
        2144.8809523809523,
        2177.5,
        2154.3333333333335,
        2150.5,
        2141.690476190476,
        2164.8809523809523,
        2148.809523809524,
        2152.809523809524,
        2152.5,
        2165.1428571428573,
        2131.809523809524,
        2133.9761904761904,
        2144.285714285714,
        2155.2380952380954,
        2171.190476190476,
        2114.595238095238,
        2163.1428571428573,
        2161.7619047619046,
        2142.595238095238,
        2165.8571428571427,
        2159.2619047619046
    ],
    "opt": 2223,