{
    "agg": 2141,
    "iters": [
        1,
        2,
        3,
        4,
        5,
        6,
        7,
        8,
        9,
        10,
        11,
        12,
        13,
        14,
        15,
        16,
        17,
        18,
        19,
        20,
        21,
        22,
        23,
        24,
        25,
        26,
        27,
        28,
        29,
        30,
        31,
        32,
        33,
        34,
        35,
        36,
        37,
        38,
        39,
        40,
        41,
        42,
        43,
        44,
        45,
        46,
        47,
        48,
        49,
        50,
        51,
        52,
        53,
        54,
        55,
        56,
        57,
        58,
        59,
        60,
        61,
        62,
        63,
        64,
        65,
        66,
        67,
        68,
        69,
        70,
        71,
        72,
        73,
        74,
        75,
        76,
        77,
        78,
        79,
        80,
        81,
        82,
        83,
        84,
        85,
        86,
        87,
        88,
        89,
        90,
        91,
        92,
        93,
        94,
        95,
        96,
        97,
        98,
        99
    ],
    "means": [
        2155.9583333333335,
        2125.75,
        2158.9166666666665,
        2189.9583333333335,
        2154.7916666666665,
        2144.9166666666665,
        2108.5,
        2148.1666666666665,
        2144.75,
        2133.9166666666665,
        2170.375,
        2097.5,
        2120.9583333333335,
        2150.6666666666665,
        2166.8333333333335,
        2140.25,
        2161.5,
        2164.6666666666665,
        2142.9583333333335,
        2148.7083333333335,
        2141.5,
        2183.5416666666665,
        2174.5833333333335,
        2154.2083333333335,
        2132.7916666666665,
        2141.625,
        2115.7916666666665,
        2163.875,
        2142.6666666666665,
        2161.25,
        2140.625,
        2139.4166666666665,
        2144.5833333333335,
        2159.25,
        2140.9583333333335,
        2153.7083333333335,
        2137.5416666666665,
        2123.5,
        2143.0,
        2154.7916666666665,
        2127.0,
        2161.1666666666665,
        2172.7083333333335,
        2168.25,
        2116.875,
        2136.4583333333335,
        2144.6666666666665,
        2126.375,
        2185.3333333333335,
        2117.4583333333335,
        2116.1666666666665,
        2141.75,
        2155.625,
        2148.6666666666665,
        2179.9166666666665,
        2141.0416666666665,
        2152.75,
        2168.4583333333335,
        2136.5416666666665,
        2151.375,
        2130.0,
        2132.75,
        2144.9583333333335,
        2138.4166666666665,
        2137.0,
        2177.2083333333335,
        2147.125,
        2140.0833333333335,
        2146.7083333333335,
        2160.5,
        2173.3333333333335,
        2158.7916666666665,
        2173.6666666666665,
        2152.0,
        2149.0,
        2149.375,
        2119.2916666666665,
        2138.0833333333335,
        2168.2916666666665,
        2160.0,
        2152.7083333333335,
        2159.25,
        2146.625,
        2168.0416666666665,
        2147.1666666666665,
        2141.1666666666665,
        2115.9166666666665,
        2157.7916666666665,
        2190.25,
        2159.7083333333335,
        2147.5833333333335,
        2176.5416666666665,
        2140.9166666666665,
        2148.0833333333335,
        2109.5833333333335,
        2152.9166666666665,
        2140.125,
        2165.1666666666665,
        2168.1666666666665
    ],
    "opt": 2237,
    "stdevs": [
        92.7328057587437,
        93.54822731261845,
        88.05013565514189,
        73.7843022863867,
        90.32717345233874,
        89.64463019178685,
        77.3611659684625,
        100.7181159915578,
        81.80833800210506,
        83.08475425063789,
        100.98383224556295,
        85.72533658920992,
        89.08305074791475,
        85.65855992770885,
        76.74506860740665,
        91.37936036107935,
        69.18393358769553,
        91.4533882489994,
        85.85379003799943,
        94.99670133161935,
        83.49750495274294,
        82.39588337545888,
        70.23823547201496,
        73.8681139862721,
        91.57464130727216,
        91.18882081520007,
        92.40354392855046,
        74.20597039097775,
        80.5929415161292,
        81.21896843307808,
        82.27991477268313,
        84.70139543649141,
        85.29845478605628,
        96.20864912608775,
        80.86433039700233,
        83.89600664248303,
        98.73828165351516,
        102.07880942356907,
        95.5414395258239,
        99.68616552572489,
        87.18323615619386,
        84.32608664517102,
        84.1206866980742,
        89.0487928048438,
        72.45706343529709,
        77.94441350874496,
        85.47108022925389,
        85.27251046888831,
        80.13616883502452,
        83.77995940093443,
        78.00462949224374,
        90.03945894254733,
        90.70915632760932,
        76.05243074499474,
        86.98798607981577,
        83.51470886749364,
        89.93342445016387,
        82.9030453635785,
        89.60793266905684,
        99.01086325079014,
        77.42523275177587,
        77.72025154359706,
        89.13729072179736,
        86.97888473008199,
        79.16754385478939,
        76.82880274060994,
        93.47027713842157,
        83.26009281495881,
        89.40986111100324,
        96.55007336437744,
        85.45742929799738,
        92.31647522096054,
        88.02588003283782,
        85.107774811314,
        68.1395626636978,
        70.62271382730441,
        83.83290879614175,
        72.29852272964428,
        87.30811300917128,
        85.36490301445124,
        79.28928004816008,
        90.97630185933038,
        76.5777450808436,
        75.1600953335981,
        79.73532606205497,
        97.78832013873414,
        89.57720909298799,
        86.53610959529489,
        80.50892807633201,
        86.46457808772844,
        105.81545124518546,
        73.89574816741639,
        87.15595058412376,
        86.64146268130263,
        77.09405330864084,
        67.20113879656769,
        86.64982809177023,
        73.09563750472542,
        79.84551055354055
    ]
}