{
    "agg": 2202,
    "iters": [
        1,
        2,
        3,
        4,
        5,
        6,
        7,
        8,
        9,
        10,
        11,
        12,
        13,
        14,
        15,
        16,
        17,
        18,
        19,
        20,
        21,
        22,
        23,
        24,
        25,
        26,
        27,
        28,
        29,
        30,
        31,
        32,
        33,
        34,
        35,
        36,
        37,
        38,
        39,
        40,
        41,
        42,
        43,
        44,
        45,
        46,
        47,
        48,
        49,
        50,
        51,
        52,
        53,
        54,
        55,
        56,
        57,
        58,
        59,
        60,
        61,
        62,
        63,
        64,
        65,
        66,
        67,
        68,
        69,
        70,
        71,
        72,
        73,
        74,
        75,
        76,
        77,
        78,
        79,
        80,
        81,
        82,
        83,
        84,
        85,
        86,
        87,
        88,
        89,
        90,
        91,
        92,
        93,
        94,
        95,
        96,
        97,
        98,
        99,
        100,
        101,
        102,
        103,
        104,
        105,
        106,
        107,
        108,
        109,
        110,
        111,
        112,
        113,
        114,
        115,
        116,
        117,
        118,
        119,
        120,
        121,
        122,
        123,
        124,
        125,
        126,
        127,
        128,
        129,
        130,
        131,
        132,
        133,
        134,
        135,
        136,
        137,
        138
    ],
    "means": [
        2185.7,
        2136.9,
        2129.9,
        2129.7,
        2152.9666666666667,
        2127.6666666666665,
        2158.633333333333,
        2159.4666666666667,
        2142.4666666666667,
        2143.266666666667,
        2124.0666666666666,
        2164.3333333333335,
        2163.0666666666666,
        2154.5,
        2129.5333333333333,
        2144.6666666666665,
        2144.3333333333335,
        2142.0,
        2145.233333333333,
        2161.5,
        2145.366666666667,
        2147.766666666667,
        2165.5666666666666,
        2127.6666666666665,
        2136.3,
        2151.0333333333333,
        2147.0666666666666,
        2162.9333333333334,
        2143.5,
        2149.8333333333335,
        2142.1666666666665,
        2139.0333333333333,
        2165.633333333333,
        2128.9,
        2137.733333333333,
        2146.766666666667,
        2157.3333333333335,
        2146.6,
        2176.9333333333334,
        2129.5,
        2142.8333333333335,
        2163.2,
        2139.0666666666666,
        2127.8333333333335,
        2172.1,
        2168.1666666666665,
        2152.1,
        2143.8333333333335,
        2144.3333333333335,
        2145.8333333333335,
        2135.233333333333,
        2126.866666666667,
        2159.3,
        2132.733333333333,
        2153.866666666667,
        2127.6,
        2159.733333333333,
        2129.6666666666665,
        2165.6,
        2134.133333333333,
        2176.4333333333334,
        2136.1,
        2149.3,
        2154.866666666667,
        2161.5666666666666,
        2153.1,
        2155.233333333333,
        2136.7,
        2152.7,
        2148.5,
        2128.5,
        2153.733333333333,
        2145.8333333333335,
        2154.9666666666667,
        2190.8,
        2129.733333333333,
        2115.8333333333335,
        2157.0,
        2156.0,
        2126.9,
        2155.9666666666667,
        2122.233333333333,
        2157.6,
        2160.4666666666667,
        2158.733333333333,
        2145.6,
        2144.0333333333333,
        2147.7,
        2190.133333333333,
        2164.0666666666666,
        2182.866666666667,
        2137.866666666667,
        2136.1,
        2166.1666666666665,
        2159.866666666667,
        2117.5333333333333,
        2146.4666666666667,
        2163.7,
        2163.2,
        2153.5,
        2117.5333333333333,
        2156.366666666667,
        2150.5333333333333,
        2156.9,
        2154.6666666666665,
        2150.133333333333,
        2157.3333333333335,
        2146.766666666667,
        2154.4666666666667,
        2179.5666666666666,
        2169.2,
        2165.9666666666667,
        2140.3,
        2120.233333333333,
        2130.5333333333333,
        2149.2,
        2130.1666666666665,
        2150.0333333333333,
        2137.133333333333,
        2137.766666666667,
        2166.133333333333,
        2136.0333333333333,
        2160.3333333333335,
        2151.5333333333333,
        2137.233333333333,
        2139.1,
        2132.1666666666665,
        2153.5333333333333,
        2188.0,
        2159.5666666666666,
        2139.3,
        2152.1,
        2166.5,
        2139.366666666667,
        2142.5333333333333,
        2154.9,
        2143.0666666666666,
        2142.4
    ],
    "opt": 2268,