{
    "agg": 2184,
    "iters": [
        1,
        2,
        3,
        4,
        5,
        6,
        7,
        8,
        9,
        10,
        11,
        12,
        13,
        14,
        15,
        16,
        17,
        18,
        19,
        20,
        21,
        22,
        23,
        24,
        25,
        26,
        27,
        28,
        29,
        30,
        31,
        32,
        33,
        34,
        35,
        36,
        37,
        38,
        39,
        40,
        41,
        42,
        43,
        44,
        45,
        46,
        47,
        48,
        49,
        50,
        51,
        52,
        53,
        54,
        55,
        56,
        57,
        58,
        59,
        60,
        61,
        62,
        63,
        64,
        65,
        66,
        67,
        68,
        69,
        70,
        71,
        72,
        73,
        74,
        75,
        76,
        77,
        78,
        79,
        80,
        81,
        82,
        83,
        84,
        85,
        86,
        87,
        88,
        89,
        90,
        91,
        92,
        93,
        94,
        95,
        96,
        97,
        98,
        99,
        100,
        101,
        102,
        103,
        104,
        105,
        106,
        107,
        108,
        109,
        110,
        111,
        112,
        113,
        114,
        115,
        116,
        117,
        118,
        119,
        120,
        121,
        122,
        123,
        124,
        125,
        126,
        127,
        128,
        129,
        130,
        131,
        132
    ],
    "means": [
        2147.5384615384614,
        2166.4871794871797,
        2131.076923076923,
        2138.6666666666665,
        2140.6923076923076,
        2135.923076923077,
        2181.871794871795,
        2158.897435897436,
        2170.25641025641,
        2115.923076923077,
        2165.6666666666665,
        2152.3846153846152,
        2148.2051282051284,
        2142.5641025641025,
        2148.8205128205127,
        2127.5897435897436,
        2148.8205128205127,
        2183.5384615384614,
        2119.025641025641,
        2149.230769230769,
        2147.974358974359,
        2136.4102564102564,
        2151.4615384615386,
        2138.5128205128203,
        2156.076923076923,
        2150.4871794871797,
        2157.4358974358975,
        2153.769230769231,
        2163.3333333333335,
        2177.4871794871797,
        2161.846153846154,
        2164.974358974359,
        2136.1794871794873,
        2159.4615384615386,
        2156.948717948718,
        2153.6666666666665,
        2160.974358974359,
        2138.7948717948716,
        2135.0,
        2136.6153846153848,
        2180.4871794871797,
        2153.6666666666665,
        2157.3076923076924,
        2160.2820512820513,
        2139.74358974359,
        2163.1794871794873,
        2142.5128205128203,
        2131.7179487179487,
        2158.153846153846,
        2130.897435897436,
        2162.4871794871797,
        2137.846153846154,
        2150.4615384615386,
        2145.5897435897436,
        2162.025641025641,
        2177.3333333333335,
        2146.3333333333335,
        2145.3333333333335,
        2141.5128205128203,
        2139.0,
        2176.846153846154,
        2144.871794871795,
        2162.4358974358975,
        2145.3846153846152,
        2135.6153846153848,
        2120.4871794871797,
        2139.102564102564,
        2154.7179487179487,
        2162.897435897436,
        2133.6923076923076,
        2175.25641025641,
        2141.25641025641,
        2156.0,
        2154.74358974359,
        2161.4358974358975,
        2166.8205128205127,
        2161.6153846153848,
        2132.025641025641,
        2162.7179487179487,
        2134.7948717948716,
        2164.846153846154,
        2130.5641025641025,
        2123.3846153846152,
        2136.3333333333335,
        2163.948717948718,
        2148.4871794871797,
        2141.5897435897436,
        2125.897435897436,
        2130.0,
        2158.7179487179487,
        2177.3333333333335,
        2162.769230769231,
        2107.2051282051284,
        2133.6666666666665,
        2166.4871794871797,
        2163.102564102564,
        2148.923076923077,
        2132.74358974359,
        2157.230769230769,
        2147.923076923077,
        2121.948717948718,
        2126.4102564102564,
        2149.025641025641,
        2144.2820512820513,
        2138.25641025641,
        2145.3333333333335,
        2155.5384615384614,
        2155.4615384615386,
        2168.076923076923,
        2143.6153846153848,
        2156.897435897436,
        2134.897435897436,
        2162.5384615384614,
        2161.128205128205,
        2137.153846153846,
        2129.0,
        2158.153846153846,
        2155.7179487179487,
        2171.051282051282,
        2176.3076923076924,
        2144.8205128205127,
        2148.128205128205,
        2147.948717948718,
        2172.74358974359,
        2186.6153846153848,
        2150.6153846153848,
        2156.923076923077,
        2149.5641025641025,
        2122.6153846153848,
        2151.358974358974,
        2149.128205128205,
        2140.2820512820513
    ],
    "opt": 2275,