{
    "agg": 2137,
    "iters": [
        1,
        2,
        3,
        4,
        5,
        6,
        7,
        8,
        9,
        10,
        11,
        12,
        13,
        14,
        15,
        16,
        17,
        18,
        19,
        20,
        21,
        22,
        23,
        24,
        25,
        26,
        27,
        28,
        29,
        30,
        31,
        32,
        33,
        34,
        35,
        36,
        37,
        38,
        39,
        40,
        41,
        42,
        43,
        44,
        45,
        46,
        47,
        48,
        49,
        50,
        51,
        52,
        53,
        54,
        55,
        56,
        57,
        58,
        59,
        60,
        61,
        62,
        63,
        64,
        65,
        66,
        67,
        68,
        69,
        70,
        71,
        72,
        73,
        74,
        75,
        76,
        77,
        78,
        79,
        80,
        81,
        82,
        83,
        84,
        85,
        86,
        87,
        88,
        89,
        90,
        91,
        92,
        93,
        94,
        95,
        96,
        97,
        98,
        99,
        100,
        101,
        102,
        103,
        104,
        105,
        106,
        107,
        108,
        109,
        110,
        111,
        112,
        113
    ],
    "means": [
        2138.5925925925926,
        2181.4444444444443,
        2160.5185185185187,
        2166.925925925926,
        2165.740740740741,
        2152.962962962963,
        2165.259259259259,
        2160.3333333333335,
        2154.6666666666665,
        2124.8518518518517,
        2158.4814814814813,
        2154.962962962963,
        2172.074074074074,
        2149.296296296296,
        2133.5925925925926,
        2139.5925925925926,
        2177.6666666666665,
        2142.5555555555557,
        2159.037037037037,
        2134.4444444444443,
        2144.5185185185187,
        2132.4444444444443,
        2130.1111111111113,
        2141.5925925925926,
        2143.4814814814813,
        2166.6296296296296,
        2137.0,
        2161.6666666666665,
        2147.8888888888887,
        2155.5925925925926,
        2142.962962962963,
        2114.5555555555557,
        2196.814814814815,
        2185.4814814814813,
        2180.1111111111113,
        2123.5555555555557,
        2150.259259259259,
        2134.740740740741,
        2129.037037037037,
        2161.1111111111113,
        2144.3703703703704,
        2166.3333333333335,
        2130.3703703703704,
        2130.074074074074,
        2182.6666666666665,
        2142.5555555555557,
        2140.6666666666665,
        2160.3333333333335,
        2151.5185185185187,
        2146.4814814814813,
        2140.037037037037,
        2138.296296296296,
        2136.222222222222,
        2124.740740740741,
        2168.814814814815,
        2142.1111111111113,
        2150.037037037037,
        2145.5925925925926,
        2120.222222222222,
        2156.296296296296,
        2167.3333333333335,
        2165.814814814815,
        2148.037037037037,
        2155.4814814814813,
        2161.740740740741,
        2147.4814814814813,
        2155.5925925925926,
        2142.703703703704,
        2150.8888888888887,
        2145.703703703704,
        2152.740740740741,
        2164.259259259259,
        2145.4444444444443,
        2127.8888888888887,
        2126.5555555555557,
        2125.814814814815,
        2148.5555555555557,
        2144.962962962963,
        2122.037037037037,
        2145.925925925926,
        2150.703703703704,
        2128.3703703703704,
        2165.8888888888887,
        2158.962962962963,
        2153.8888888888887,
        2142.925925925926,
        2146.962962962963,
        2181.6666666666665,
        2154.6296296296296,
        2147.4444444444443,
        2161.074074074074,
        2126.5555555555557,
        2150.962962962963,
        2153.259259259259,
        2158.259259259259,
        2153.1481481481483,
        2160.814814814815,
        2173.3333333333335,
        2164.925925925926,
        2162.1481481481483,
        2158.3703703703704,
        2147.703703703704,
        2141.5555555555557,
        2142.1111111111113,
        2164.3333333333335,
        2133.074074074074,
        2140.3703703703704,
        2173.777777777778,
        2151.1111111111113,
        2158.4074074074074,
        2159.703703703704,
        2166.703703703704,
        2165.222222222222
    ],
    "opt": 2254,
    "stdevs": [
        85.16400702925189,
        65.48301070780134,
        75.26071739619812,
        91.92425461816715,
        88.366489623274,
        88.7870867660722,
        75.9422746626198,
        92.13516640723502,
        82.85864804325229,
        81.50832891033794,
        84.78267222089856,
        84.32102742077402,
        80.13780997198279,
        87.96624555278547,
        96.65182233121698,
        73.39707293551075,
        87.48925859995826,
        83.82182749995432,
        82.80565443274793,
        89.32227681716623,
        86.30023834582354,
        73.22331815062503,
        88.44221102707702,
        98.39988680332968,
        87.13011571478532,
        76.5236095972266,
        91.4083228239173,
        82.47693280211409,
        80.40883189621387,
        104.66428138090936,
        88.08770102972566,
        78.69083119131636,
        85.1656499339341,
        84.67645191501782,
        75.18635284625121,
        89.19156800095587,
        81.16448438434898,
        84.92418954468552,
        90.18026452466952,
        84.5652644447901,
        85.69201879433119,
        81.5752322615052,
        80.44788888335573,
        94.0259719541385,
        77.46253574757571,
        83.18401437123349,
        79.71151689640541,
        88.89402762924037,
        77.45267150803217,
        100.1415185182377,
        86.63096763965997,
        88.76553168833163,
        82.24594252440903,
        88.04905728251833,
        86.03962783682319,
        76.37739307438757,
        69.87951614318774,
        91.1003757601956,
        89.13175155803049,
        101.82694644994328,
        92.53267691089616,
        92.91295689137785,
        82.58530112308861,
        86.36716212833156,
        85.49966107474198,
        88.9574889610181,
        78.552298813173,
        100.56905304678484,
        86.67321912551908,
        69.8537174253055,
        79.83900123354388,
        95.17025390888129,
        101.5532457797143,
        90.59774068531705,
        94.28849870294002,
        82.39607912149302,
        91.40602676188841,
        85.75437856501965,
        95.32575007970243,
        82.87068280512177,
        89.54775875137071,
        77.86652784812024,
        85.18012867440183,
        94.71535582078488,
        81.64345853151774,
        90.05180645808768,
        86.63139516513564,
        68.88476690176944,
        77.31807711014918,
        81.24691827014155,
        90.3093145296172,
        81.13698217547415,
        95.53183742392491,
        91.12815257670867,
        71.41511023461123,
        88.84931217712617,
        95.55996257422838,
        96.12645991763296,
        90.25311154005261,
        77.54028998298058,
        88.43040709994966,
        75.43543465174304,
        72.01148742379688,
        86.00100487497906,
        94.10120635271917,
        90.71115163831881,
        81.26461037784422,
        81.83059888318212,
        85.25053853781603,
        90.31929339817229,
        75.36027778454682,
        83.57689509481663,
        81.36353416216643
    ]
}