{
    "agg": 2282,
    "iters": [
        1,
        2,
        3,
        4,
        5,
        6,
        7,
        8,
        9,
        10,
        11,
        12,
        13,
        14,
        15,
        16,
        17,
        18,
        19,
        20,
        21,
        22,
        23,
        24,
        25,
        26,
        27,
        28,
        29,
        30,
        31,
        32,
        33,
        34,
        35,
        36,
        37,
        38,
        39,
        40,
        41,
        42,
        43,
        44,
        45,
        46,
        47,
        48,
        49,
        50,
        51,
        52,
        53,
        54,
        55,
        56,
        57,
        58,
        59,
        60,
        61,
        62,
        63,
        64,
        65,
        66,
        67,
        68,
        69,
        70,
        71,
        72,
        73,
        74,
        75,
        76,
        77,
        78,
        79,
        80,
        81,
        82,
        83,
        84,
        85,
        86,
        87,
        88,
        89,
        90,
        91,
        92,
        93,
        94,
        95,
        96,
        97,
        98,
        99,
        100,
        101,
        102,
        103,
        104,
        105,
        106,
        107,
        108,
        109
    ],
    "means": [
        2164.782608695652,
        2135.0434782608695,
        2151.8260869565215,
        2162.782608695652,
        2162.478260869565,
        2158.478260869565,
        2123.0434782608695,
        2120.7391304347825,
        2148.5652173913045,
        2126.521739130435,
        2138.391304347826,
        2126.3478260869565,
        2164.2608695652175,
        2159.0434782608695,
        2160.695652173913,
        2167.217391304348,
        2147.608695652174,
        2116.695652173913,
        2148.695652173913,
        2136.5652173913045,
        2163.913043478261,
        2168.478260869565,
        2157.8260869565215,
        2165.2608695652175,
        2150.086956521739,
        2153.9565217391305,
        2161.608695652174,
        2158.3478260869565,
        2135.7391304347825,
        2127.7391304347825,
        2160.6521739130435,
        2153.6521739130435,
        2161.1739130434785,
        2139.391304347826,
        2145.7391304347825,
        2137.6521739130435,
        2118.913043478261,
        2125.695652173913,
        2141.086956521739,
        2142.695652173913,
        2148.6521739130435,
        2155.521739130435,
        2176.782608695652,
        2132.695652173913,
        2126.0,
        2129.0,
        2137.4347826086955,
        2155.1739130434785,
        2158.391304347826,
        2153.2608695652175,
        2147.5652173913045,
        2121.608695652174,
        2170.4347826086955,
        2165.8695652173915,
        2128.5652173913045,
        2147.8260869565215,
        2143.086956521739,
        2172.782608695652,
        2123.1739130434785,
        2163.0,
        2132.217391304348,
        2119.7391304347825,
        2133.608695652174,
        2159.5652173913045,
        2149.1739130434785,
        2133.0434782608695,
        2143.913043478261,
        2126.391304347826,
        2148.478260869565,
        2164.478260869565,
        2151.5652173913045,
        2137.6521739130435,
        2115.9565217391305,
        2155.782608695652,
        2143.3478260869565,
        2144.913043478261,
        2136.086956521739,
        2178.695652173913,
        2169.695652173913,
        2159.4347826086955,
        2158.695652173913,
        2155.1304347826085,
        2149.0,
        2177.782608695652,
        2161.8695652173915,
        2135.913043478261,
        2155.3478260869565,
        2172.5652173913045,
        2151.217391304348,
        2147.217391304348,
        2170.4347826086955,
        2166.1304347826085,
        2143.7391304347825,
        2135.6521739130435,
        2121.1304347826085,
        2141.086956521739,
        2142.478260869565,
        2140.8695652173915,
        2135.9565217391305,
        2163.695652173913,
        2152.5652173913045,
        2147.0,
        2157.6521739130435,
        2160.9565217391305,
        2108.086956521739,
        2171.9565217391305,
        2170.608695652174,
        2177.8695652173915,
        2120.2608695652175
    ],
    "opt": 2227,
    "stdevs": [
        86.02019809411757,
        92.08241972648368,
        90.60840357125585,
        79.59405512088206,
        91.8253870197303,
        108.67017092629118,
        89.26827093988858,
        78.36382117284145,
        80.7695735259351,
        84.02787817158604,
        66.79543015508638,
        83.20671413944189,
        81.01970634750018,
        78.53521960456011,
        79.62380831548832,
        95.72603867366094,
        84.2995379483107,
        71.42915905780428,
        89.08737029632091,
        89.97430845232698,
        81.5112225100634,
        86.4129969920575,
        91.75375939409219,
        101.99369860812772,
        91.6097170864002,
        91.78873581591756,
        97.8404820326721,
        90.70094611253448,
        93.59543717571611,
        81.00414234781286,
        82.73509780206693,
        92.63279947595431,
        98.45398491456633,
        90.48215732370029,
        85.33831261071346,
        80.68220465163316,
        91.58076171786406,
        75.12218151125174,
        98.90175759790436,
        86.54550689495731,
        88.80687825674813,
        73.51419239801216,
        83.95286282077224,
        98.37259904041355,
        73.63245976086078,
        88.47205404999981,
        79.47973550149449,
        79.24900338087541,
        81.11009111637944,
        86.46246604178292,
        89.89840937169821,
        89.7817349152133,
        84.65162680424349,
        93.7514309909691,
        75.68230284606287,
        96.80489215715112,
        73.18405210181784,
        96.79829163141218,
        93.42406922616382,
        82.01007361241084,
        88.64828232070883,
        66.03899861728894,
        83.85533045742986,
        90.56721073178387,
        94.76224352415664,
        83.06910599320543,
        95.61331226373024,
        97.06463070079279,
        86.3269163351266,
        86.54371580190853,
        70.36354422133327,
        85.57051945396806,
        81.9917696086252,
        95.91389096554904,
        109.29282911185939,
        84.57253796412735,
        88.31953501151533,
        81.5920045009786,
        86.07551526957302,
        85.44859939165896,
        89.8203205354802,
        84.43279001813067,
        81.92148945656817,
        85.31677877780427,
        81.52636508614124,
        97.60876343563058,
        86.61338820882851,
        77.79170967730404,
        90.6579604033703,
        82.73738260394288,
        72.90781915897607,
        88.80281250335834,
        88.04555016349029,
        72.93034717284954,
        78.56667306945273,
        86.64465815264906,
        89.88730604640331,
        83.39028425725994,
        74.38061824501324,
        77.03327049856513,
        91.95879327033032,
        88.43273051357714,
        83.28818941046865,
        78.20679291127415,
        86.81610401776963,
        93.74919281316024,
        85.037454218937,
        67.56658831354963,
        73.00221401723218
    ]
}