{
    "agg": 2248,
    "iters": [
        1,
        2,
        3,
        4,
        5,
        6,
        7,
        8,
        9,
        10,
        11,
        12,
        13,
        14,
        15,
        16,
        17,
        18,
        19,
        20,
        21,
        22,
        23,
        24,
        25,
        26,
        27,
        28,
        29,
        30,
        31,
        32,
        33,
        34,
        35,
        36,
        37,
        38,
        39,
        40,
        41,
        42,
        43,
        44,
        45,
        46,
        47,
        48,
        49,
        50,
        51,
        52,
        53,
        54,
        55,
        56,
        57,
        58,
        59,
        60,
        61,
        62,
        63,
        64,
        65,
        66,
        67,
        68,
        69,
        70,
        71,
        72,
        73,
        74,
        75,
        76,
        77,
        78,
        79,
        80,
        81,
        82,
        83,
        84,
        85,
        86,
        87,
        88,
        89,
        90,
        91,
        92,
        93,
        94,
        95,
        96,
        97,
        98,
        99,
        100,
        101,
        102,
        103,
        104,
        105,
        106,
        107,
        108,
        109,
        110,
        111,
        112,
        113,
        114,
        115,
        116,
        117,
        118,
        119,
        120,
        121,
        122,
        123,
        124,
        125,
        126
    ],
    "means": [
        2130.064516129032,
        2147.2258064516127,
        2148.1290322580644,
        2125.2580645161293,
        2161.3548387096776,
        2166.7419354838707,
        2149.4193548387098,
        2166.7096774193546,
        2132.7096774193546,
        2151.1290322580644,
        2189.3548387096776,
        2156.6774193548385,
        2155.3225806451615,
        2159.1935483870966,
        2168.6774193548385,
        2120.935483870968,
        2159.2903225806454,
        2147.2580645161293,
        2163.0967741935483,
        2146.451612903226,
        2145.5806451612902,
        2147.2258064516127,
        2142.1290322580644,
        2156.1290322580644,
        2137.0,
        2146.6774193548385,
        2139.7419354838707,
        2142.4193548387098,
        2157.1612903225805,
        2117.7419354838707,
        2151.8387096774195,
        2139.0967741935483,
        2153.2258064516127,
        2153.7419354838707,
        2150.3548387096776,
        2165.8709677419356,
        2142.0,
        2161.483870967742,
        2144.6774193548385,
        2147.0967741935483,
        2136.548387096774,
        2126.967741935484,
        2129.0,
        2157.8064516129034,
        2157.7419354838707,
        2141.064516129032,
        2137.3548387096776,
        2149.8064516129034,
        2151.3870967741937,
        2163.7096774193546,
        2145.7741935483873,
        2138.548387096774,
        2150.548387096774,
        2145.4193548387098,
        2138.0967741935483,
        2146.8064516129034,
        2190.516129032258,
        2128.9032258064517,
        2141.5806451612902,
        2173.7741935483873,
        2149.967741935484,
        2146.7419354838707,
        2186.935483870968,
        2145.0,
        2127.3548387096776,
        2143.3870967741937,
        2167.3870967741937,
        2138.2580645161293,
        2137.5806451612902,
        2157.5806451612902,
        2129.1612903225805,
        2173.2258064516127,
        2165.4193548387098,
        2167.1935483870966,
        2147.7419354838707,
        2161.8064516129034,
        2149.6129032258063,
        2144.9032258064517,
        2157.0967741935483,
        2157.064516129032,
        2137.3225806451615,
        2144.6774193548385,
        2140.2903225806454,
        2162.0967741935483,
        2150.4193548387098,
        2124.1612903225805,
        2163.516129032258,
        2158.064516129032,
        2136.1290322580644,
        2143.516129032258,
        2157.2903225806454,
        2163.548387096774,
        2141.0,
        2117.7741935483873,
        2139.7741935483873,
        2141.6451612903224,
        2165.3225806451615,
        2149.1935483870966,
        2140.0,
        2137.1290322580644,
        2155.8387096774195,
        2139.516129032258,
        2145.0,
        2160.3548387096776,
        2112.2580645161293,
        2143.4193548387098,
        2175.8709677419356,
        2146.967741935484,
        2166.967741935484,
        2132.9032258064517,
        2143.2580645161293,
        2146.548387096774,
        2142.8709677419356,
        2155.7419354838707,
        2161.3225806451615,
        2137.2903225806454,
        2151.548387096774,
        2174.0,
        2155.8064516129034,
        2121.0,
        2127.451612903226,
        2098.3225806451615,
        2144.6129032258063,
        2134.516129032258,
        2145.548387096774,
        2161.1290322580644
    ],
    "opt": 2230,