{
    "agg": 2257,
    "iters": [
        1,
        2,
        3,
        4,
        5,
        6,
        7,
        8,
        9,
        10,
        11,
        12,
        13,
        14,
        15,
        16,
        17,
        18,
        19,
        20,
        21,
        22,
        23,
        24,
        25,
        26,
        27,
        28,
        29,
        30,
        31,
        32,
        33,
        34,
        35,
        36,
        37,
        38,
        39,
        40,
        41,
        42,
        43,
        44,
        45,
        46,
        47,
        48,
        49,
        50,
        51,
        52,
        53,
        54,
        55,
        56,
        57,
        58,
        59,
        60,
        61,
        62,
        63,
        64,
        65,
        66,
        67,
        68,
        69,
        70,
        71,
        72,
        73,
        74,
        75,
        76,
        77,
        78,
        79,
        80,
        81,
        82,
        83,
        84,
        85,
        86,
        87,
        88,
        89,
        90,
        91,
        92,
        93,
        94,
        95,
        96,
        97,
        98,
        99,
        100,
        101,
        102,
        103,
        104,
        105,
        106,
        107,
        108,
        109,
        110,
        111,
        112,
        113,
        114,
        115,
        116,
        117,
        118,
        119,
        120,
        121,
        122,
        123,
        124,
        125,
        126,
        127,
        128,
        129,
        130,
        131,
        132,
        133,
        134,
        135,
        136,
        137,
        138,
        139,
        140,
        141
    ],
    "means": [
        2146.8571428571427,
        2157.6190476190477,
        2149.904761904762,
        2122.8571428571427,
        2173.8571428571427,
        2162.3809523809523,
        2161.4761904761904,
        2171.4761904761904,
        2157.9523809523807,
        2130.4285714285716,
        2147.0476190476193,
        2158.3333333333335,
        2148.6190476190477,
        2142.9523809523807,
        2116.2380952380954,
        2130.4761904761904,
        2150.904761904762,
        2141.7619047619046,
        2135.6190476190477,
        2147.285714285714,
        2132.0,
        2145.809523809524,
        2152.809523809524,
        2138.8571428571427,
        2160.095238095238,
        2168.5238095238096,
        2166.0476190476193,
        2153.2380952380954,
        2146.809523809524,
        2144.904761904762,
        2136.8571428571427,
        2139.5714285714284,
        2160.4285714285716,
        2158.095238095238,
        2145.2380952380954,
        2128.0476190476193,
        2143.2380952380954,
        2146.7619047619046,
        2161.4761904761904,
        2152.904761904762,
        2159.2380952380954,
        2143.714285714286,
        2127.3333333333335,
        2147.1428571428573,
        2120.285714285714,
        2115.3809523809523,
        2145.4285714285716,
        2169.714285714286,
        2128.7619047619046,
        2171.809523809524,
        2149.190476190476,
        2144.6666666666665,
        2143.6190476190477,
        2137.6190476190477,
        2165.3809523809523,
        2152.190476190476,
        2107.6190476190477,
        2151.095238095238,
        2179.9523809523807,
        2164.095238095238,
        2130.285714285714,
        2136.7619047619046,
        2133.8571428571427,
        2191.3333333333335,
        2160.4285714285716,
        2159.904761904762,
        2144.904761904762,
        2129.7619047619046,
        2160.1428571428573,
        2152.809523809524,
        2147.0,
        2142.714285714286,
        2131.0476190476193,
        2151.9523809523807,
        2155.6190476190477,
        2123.5714285714284,
        2167.8571428571427,
        2143.0476190476193,
        2135.904761904762,
        2131.6666666666665,
        2139.5238095238096,
        2137.095238095238,
        2141.3809523809523,
        2168.0,
        2140.5238095238096,
        2146.7619047619046,
        2137.8571428571427,
        2174.9523809523807,
        2138.5238095238096,
        2137.4761904761904,
        2178.8571428571427,
        2137.3333333333335,
        2147.190476190476,
        2124.190476190476,
        2117.095238095238,
        2165.0,
        2161.3333333333335,
        2142.3333333333335,
        2129.0,
        2156.6666666666665,
        2162.285714285714,
        2156.285714285714,
        2109.0476190476193,
        2155.095238095238,
        2155.6666666666665,
        2116.3333333333335,
        2125.4285714285716,
        2171.4761904761904,
        2149.190476190476,
        2156.0476190476193,
        2154.6666666666665,
        2154.4761904761904,
        2154.0,
        2145.095238095238,
        2163.2380952380954,
        2119.095238095238,
        2154.190476190476,
        2139.4761904761904,
        2164.8571428571427,
        2177.190476190476,
        2153.190476190476,
        2163.2380952380954,
        2164.190476190476,
        2169.5714285714284,
        2126.3809523809523,
        2143.0,
        2139.6666666666665,
        2155.5238095238096,
        2160.6190476190477,
        2137.8571428571427,
        2167.4285714285716,
        2153.0,
        2149.809523809524,
        2124.0476190476193,
        2164.1428571428573,
        2167.4285714285716,
        2142.095238095238,
        2136.6190476190477,
        2161.285714285714,
        2198.5714285714284,
        2181.285714285714
    ],
    "opt": 2286,