{
    "agg": 2168,
    "iters": [
        1,
        2,
        3,
        4,
        5,
        6,
        7,
        8,
        9,
        10,
        11,
        12,
        13,
        14,
        15,
        16,
        17,
        18,
        19,
        20,
        21,
        22,
        23,
        24,
        25,
        26,
        27,
        28,
        29,
        30,
        31,
        32,
        33,
        34,
        35,
        36,
        37,
        38,
        39,
        40,
        41,
        42,
        43,
        44,
        45,
        46,
        47,
        48,
        49,
        50,
        51,
        52,
        53,
        54,
        55,
        56,
        57,
        58,
        59,
        60,
        61,
        62,
        63,
        64,
        65,
        66,
        67,
        68,
        69,
        70,
        71,
        72,
        73,
        74,
        75,
        76,
        77,
        78,
        79,
        80,
        81,
        82,
        83,
        84,
        85,
        86,
        87,
        88,
        89,
        90,
        91,
        92,
        93,
        94,
        95,
        96,
        97,
        98,
        99,
        100,
        101,
        102,
        103,
        104,
        105,
        106,
        107,
        108,
        109,
        110,
        111,
        112,
        113,
        114,
        115,
        116,
        117,
        118,
        119,
        120,
        121,
        122,
        123,
        124,
        125,
        126,
        127,
        128,
        129,
        130,
        131,
        132,
        133,
        134,
        135,
        136,
        137,
        138
    ],
    "means": [
        2154.0,
        2175.086956521739,
        2148.086956521739,
        2166.9565217391305,
        2140.9565217391305,
        2144.608695652174,
        2117.521739130435,
        2193.0,
        2167.478260869565,
        2141.4347826086955,
        2153.5652173913045,
        2137.913043478261,
        2140.9565217391305,
        2152.913043478261,
        2157.1739130434785,
        2163.521739130435,
        2155.0,
        2170.5652173913045,
        2170.913043478261,
        2132.0434782608695,
        2146.0,
        2130.217391304348,
        2114.5652173913045,
        2154.2608695652175,
        2142.478260869565,
        2127.1304347826085,
        2178.9565217391305,
        2170.9565217391305,
        2168.1304347826085,
        2126.4347826086955,
        2151.7391304347825,
        2180.304347826087,
        2135.478260869565,
        2162.7391304347825,
        2162.086956521739,
        2130.913043478261,
        2181.782608695652,
        2124.8695652173915,
        2147.782608695652,
        2115.4347826086955,
        2136.3478260869565,
        2166.0434782608695,
        2151.695652173913,
        2164.782608695652,
        2110.1304347826085,
        2121.0434782608695,
        2138.2608695652175,
        2137.3478260869565,
        2148.695652173913,
        2154.608695652174,
        2132.5652173913045,
        2135.913043478261,
        2133.086956521739,
        2190.478260869565,
        2139.0434782608695,
        2113.4347826086955,
        2140.521739130435,
        2108.5652173913045,
        2148.695652173913,
        2119.086956521739,
        2109.3478260869565,
        2193.608695652174,
        2145.478260869565,
        2168.3478260869565,
        2175.0434782608695,
        2160.391304347826,
        2161.5652173913045,
        2167.608695652174,
        2164.217391304348,
        2157.391304347826,
        2137.9565217391305,
        2146.5652173913045,
        2148.5652173913045,
        2119.086956521739,
        2139.9565217391305,
        2150.9565217391305,
        2145.1304347826085,
        2128.5652173913045,
        2122.782608695652,
        2154.391304347826,
        2158.3478260869565,
        2115.5652173913045,
        2157.9565217391305,
        2159.478260869565,
        2149.391304347826,
        2139.8260869565215,
        2137.2608695652175,
        2187.695652173913,
        2155.1739130434785,
        2154.695652173913,
        2126.0,
        2136.521739130435,
        2171.6521739130435,
        2134.9565217391305,
        2169.391304347826,
        2140.478260869565,
        2151.521739130435,
        2142.608695652174,
        2126.0,
        2139.521739130435,
        2135.608695652174,
        2168.217391304348,
        2162.0434782608695,
        2140.3478260869565,
        2102.478260869565,
        2166.521739130435,
        2149.695652173913,
        2145.304347826087,
        2149.1739130434785,
        2137.782608695652,
        2151.086956521739,
        2151.2608695652175,
        2161.0,
        2180.217391304348,
        2140.391304347826,
        2133.1304347826085,
        2131.1739130434785,
        2103.1739130434785,
        2150.086956521739,
        2158.1739130434785,
        2205.4347826086955,
        2159.8695652173915,
        2123.4347826086955,
        2172.7391304347825,
        2135.086956521739,
        2157.7391304347825,
        2176.695652173913,
        2134.5652173913045,
        2161.695652173913,
        2140.608695652174,
        2136.3478260869565,
        2150.6521739130435,
        2168.086956521739,
        2151.9565217391305,
        2165.2608695652175,
        2168.782608695652,
        2120.4347826086955,
        2152.3478260869565
    ],
    "opt": 2202,