{
    "agg": 2112,
    "iters": [
        1,
        2,
        3,
        4,
        5,
        6,
        7,
        8,
        9,
        10,
        11,
        12,
        13,
        14,
        15,
        16,
        17,
        18,
        19,
        20,
        21,
        22,
        23,
        24,
        25,
        26,
        27,
        28,
        29,
        30,
        31,
        32,
        33,
        34,
        35,
        36,
        37,
        38,
        39,
        40,
        41,
        42,
        43,
        44,
        45,
        46,
        47,
        48,
        49,
        50,
        51,
        52,
        53,
        54,
        55,
        56,
        57,
        58,
        59,
        60,
        61,
        62,
        63,
        64,
        65,
        66,
        67,
        68,
        69,
        70,
        71,
        72,
        73,
        74,
        75,
        76,
        77,
        78,
        79,
        80,
        81,
        82,
        83,
        84,
        85,
        86,
        87,
        88,
        89,
        90,
        91,
        92,
        93,
        94,
        95,
        96,
        97,
        98,
        99,
        100,
        101,
        102,
        103,
        104,
        105,
        106,
        107,
        108,
        109,
        110,
        111,
        112,
        113,
        114,
        115,
        116,
        117,
        118,
        119,
        120,
        121,
        122,
        123,
        124,
        125,
        126,
        127,
        128,
        129,
        130,
        131,
        132,
        133,
        134,
        135,
        136,
        137,
        138
    ],
    "means": [
        2107.1176470588234,
        2152.0,
        2163.3529411764707,
        2105.3529411764707,
        2115.0,
        2171.3529411764707,
        2176.4117647058824,
        2113.6470588235293,
        2204.470588235294,
        2201.8823529411766,
        2131.235294117647,
        2170.8823529411766,
        2150.9411764705883,
        2163.6470588235293,
        2142.470588235294,
        2137.470588235294,
        2146.1176470588234,
        2174.3529411764707,
        2157.8823529411766,
        2129.294117647059,
        2133.764705882353,
        2180.9411764705883,
        2148.0,
        2163.3529411764707,
        2132.6470588235293,
        2118.0,
        2107.705882352941,
        2141.176470588235,
        2141.9411764705883,
        2157.176470588235,
        2138.0588235294117,
        2137.4117647058824,
        2162.6470588235293,
        2149.764705882353,
        2145.294117647059,
        2156.3529411764707,
        2138.764705882353,
        2166.1176470588234,
        2132.764705882353,
        2187.529411764706,
        2134.294117647059,
        2132.764705882353,
        2125.3529411764707,
        2139.529411764706,
        2111.0,
        2149.5882352941176,
        2123.0588235294117,
        2167.294117647059,
        2163.294117647059,
        2143.529411764706,
        2139.6470588235293,
        2178.294117647059,
        2139.3529411764707,
        2130.823529411765,
        2138.529411764706,
        2118.176470588235,
        2120.235294117647,
        2145.529411764706,
        2112.705882352941,
        2131.529411764706,
        2132.705882352941,
        2175.9411764705883,
        2134.6470588235293,
        2164.0,
        2102.1176470588234,
        2144.705882352941,
        2159.0,
        2148.3529411764707,
        2157.764705882353,
        2092.0588235294117,
        2142.8823529411766,
        2141.529411764706,
        2153.294117647059,
        2160.6470588235293,
        2153.1176470588234,
        2148.176470588235,
        2164.823529411765,
        2154.4117647058824,
        2146.529411764706,
        2112.1176470588234,
        2168.529411764706,
        2159.0588235294117,
        2171.4117647058824,
        2157.294117647059,
        2141.529411764706,
        2136.235294117647,
        2164.0588235294117,
        2186.529411764706,
        2136.470588235294,
        2133.176470588235,
        2159.764705882353,
        2185.176470588235,
        2154.529411764706,
        2150.470588235294,
        2136.3529411764707,
        2102.9411764705883,
        2112.9411764705883,
        2136.6470588235293,
        2129.4117647058824,
        2165.5882352941176,
        2173.529411764706,
        2162.470588235294,
        2138.470588235294,
        2133.0588235294117,
        2157.294117647059,
        2138.823529411765,
        2115.4117647058824,
        2180.294117647059,
        2159.5882352941176,
        2169.705882352941,
        2139.1176470588234,
        2172.470588235294,
        2174.294117647059,
        2161.294117647059,
        2150.764705882353,
        2154.764705882353,
        2168.470588235294,
        2184.235294117647,
        2155.9411764705883,
        2141.5882352941176,
        2182.764705882353,
        2193.470588235294,
        2172.470588235294,
        2149.8823529411766,
        2182.1176470588234,
        2145.9411764705883,
        2164.3529411764707,
        2155.294117647059,
        2138.764705882353,
        2155.9411764705883,
        2130.0588235294117,
        2149.4117647058824,
        2161.5882352941176,
        2156.3529411764707,
        2136.3529411764707,
        2141.8823529411766,
        2187.176470588235,
        2127.0588235294117
    ],
    "opt": 2251,