{
    "agg": 2260,
    "iters": [
        1,
        2,
        3,
        4,
        5,
        6,
        7,
        8,
        9,
        10,
        11,
        12,
        13,
        14,
        15,
        16,
        17,
        18,
        19,
        20,
        21,
        22,
        23,
        24,
        25,
        26,
        27,
        28,
        29,
        30,
        31,
        32,
        33,
        34,
        35,
        36,
        37,
        38,
        39,
        40,
        41,
        42,
        43,
        44,
        45,
        46,
        47,
        48,
        49,
        50,
        51,
        52,
        53,
        54,
        55,
        56,
        57,
        58,
        59,
        60,
        61,
        62,
        63,
        64,
        65,
        66,
        67,
        68,
        69,
        70,
        71,
        72,
        73,
        74,
        75,
        76,
        77,
        78,
        79,
        80,
        81,
        82,
        83,
        84,
        85,
        86,
        87,
        88,
        89,
        90,
        91,
        92,
        93,
        94,
        95,
        96,
        97,
        98,
        99,
        100,
        101,
        102,
        103,
        104,
        105,
        106,
        107,
        108,
        109,
        110,
        111,
        112,
        113,
        114,
        115,
        116
    ],
    "means": [
        2134.6666666666665,
        2152.8055555555557,
        2157.722222222222,
        2163.1111111111113,
        2146.472222222222,
        2156.8888888888887,
        2156.222222222222,
        2162.25,
        2147.3055555555557,
        2163.5555555555557,
        2124.1666666666665,
        2140.527777777778,
        2137.1111111111113,
        2156.0555555555557,
        2139.527777777778,
        2145.0833333333335,
        2123.972222222222,
        2155.972222222222,
        2123.277777777778,
        2150.9444444444443,
        2180.777777777778,
        2158.972222222222,
        2149.6111111111113,
        2161.4444444444443,
        2156.3888888888887,
        2166.777777777778,
        2138.4166666666665,
        2128.9444444444443,
        2159.0,
        2134.222222222222,
        2129.6111111111113,
        2163.527777777778,
        2151.0833333333335,
        2135.1111111111113,
        2135.3055555555557,
        2146.4444444444443,
        2126.277777777778,
        2150.25,
        2135.472222222222,
        2163.1111111111113,
        2148.0555555555557,
        2155.5555555555557,
        2140.777777777778,
        2172.8055555555557,
        2148.472222222222,
        2139.9166666666665,
        2144.5,
        2120.972222222222,
        2148.777777777778,
        2148.6666666666665,
        2162.527777777778,
        2156.3611111111113,
        2168.5833333333335,
        2156.0833333333335,
        2153.777777777778,
        2160.1666666666665,
        2153.6111111111113,
        2157.5,
        2173.027777777778,
        2176.3333333333335,
        2160.6944444444443,
        2146.5,
        2157.3055555555557,
        2179.6388888888887,
        2150.027777777778,
        2118.9166666666665,
        2147.5,
        2156.8333333333335,
        2170.3888888888887,
        2155.527777777778,
        2147.5833333333335,
        2162.6388888888887,
        2138.8055555555557,
        2133.5,
        2154.222222222222,
        2130.8333333333335,
        2145.8888888888887,
        2112.1666666666665,
        2129.1388888888887,
        2138.472222222222,
        2148.1666666666665,
        2134.75,
        2157.0555555555557,
        2150.3333333333335,
        2145.8888888888887,
        2166.3333333333335,
        2141.9444444444443,
        2155.1111111111113,
        2148.6944444444443,
        2167.3055555555557,
        2159.9166666666665,
        2147.527777777778,
        2136.4444444444443,
        2157.222222222222,
        2147.6111111111113,
        2164.8333333333335,
        2142.4166666666665,
        2120.3611111111113,
        2152.8888888888887,
        2153.277777777778,
        2140.5,
        2141.1388888888887,
        2132.222222222222,
        2143.972222222222,
        2147.75,
        2158.6944444444443,
        2127.6666666666665,
        2166.8888888888887,
        2122.6944444444443,
        2133.472222222222,
        2178.777777777778,
        2143.0555555555557,
        2161.5,
        2146.222222222222,
        2120.277777777778,
        2138.5
    ],
    "opt": 2213,
    "stdevs": [
        79.96005947415942,
        86.18449829820662,
        82.73975636869265,
        81.3615995205552,
        90.68611498248937,
        83.91489663071278,
        80.60504227097815,
        92.19706400483213,
        84.23967772059159,
        86.52117417283999,
        83.07944658243966,
        92.1841412340633,
        84.98325906310991,
        91.07534867241776,
        89.13425769625127,
        85.54835377336805,
        84.11284949766763,
        79.38250790777774,
        84.57396864780264,
        99.97553713129706,
        80.32057682641725,
        80.79448761143958,
        89.94667487454805,
        93.98033022465819,
        86.25552406715042,
        90.22352215812285,
        81.01967353674044,
        83.54105592276984,
        95.50014543328076,
        89.07490952099161,
        80.64850958799816,
        90.19962001370784,
        79.29669146804157,
        86.46379389270973,
        86.4487065144684,
        86.48520889738714,
        77.77732142723264,
        86.4347457784066,
        90.75072271249142,
        82.01753802211987,
        89.87705937818134,
        87.24819146309135,
        78.79195923129576,
        88.89001301372528,
        79.23575445435361,
        92.7943888988505,
        99.23499046875217,
        83.72789463199331,
        94.11255410149154,
        85.59270477739976,
        80.28922928703558,
        91.49868025088843,
        90.68761247025724,
        78.91077063508011,
        82.35057549252839,
        85.90450124023381,
        80.53269790649487,
        82.96602383573116,
        91.36084929525676,
        86.61216234840617,
        80.7227144972372,
        84.74225628339147,
        86.24088339723684,
        78.77610776321072,
        84.5919900696905,
        86.27455367088903,
        86.94075249527373,
        87.36243153921738,
        80.61405921556039,
        83.18002100902433,
        82.13382541789818,
        87.63407276782554,
        78.14083419784947,
        90.42569079390854,
        83.8388371656236,
        81.44817711622254,
        79.24321834908642,
        79.02091846818509,
        76.00553809419189,
        91.30701753215513,
        76.56641996767686,
        77.41029754927096,
        91.45367511127164,
        86.30694577430538,
        91.53438266507588,
        84.42221929747589,
        82.56544355319484,
        95.81544116389644,
        81.22288246425677,
        86.41913993389184,
        83.01551896416048,
        82.0116814549106,
        87.05631780138535,
        77.14240479323904,
        86.32795278528714,
        96.8138247703636,
        91.28112102486229,
        89.88577714020592,
        91.81224130975667,
        73.57030315400937,
        81.38471737508353,
        89.34643957893398,
        82.70298634642695,
        79.55134125243728,
        80.52962705323634,
        90.71439290568456,
        87.40455111466196,
        87.89222496829024,
        75.02252233845975,
        88.29196707864926,
        91.32545924424821,
        80.20492657507755,
        86.52215515885705,
        81.84779611202163,
        74.60250632932706,
        79.72888086787901
    ]
}