{
    "agg": 2181,
    "iters": [
        1,
        2,
        3,
        4,
        5,
        6,
        7,
        8,
        9,
        10,
        11,
        12,
        13,
        14,
        15,
        16,
        17,
        18,
        19,
        20,
        21,
        22,
        23,
        24,
        25,
        26,
        27,
        28,
        29,
        30,
        31,
        32,
        33,
        34,
        35,
        36,
        37,
        38,
        39,
        40,
        41,
        42,
        43,
        44,
        45,
        46,
        47,
        48,
        49,
        50,
        51,
        52,
        53,
        54,
        55,
        56,
        57,
        58,
        59,
        60,
        61,
        62,
        63,
        64,
        65,
        66,
        67,
        68,
        69,
        70,
        71,
        72,
        73,
        74,
        75,
        76,
        77,
        78,
        79,
        80,
        81,
        82,
        83,
        84,
        85,
        86,
        87,
        88,
        89,
        90,
        91,
        92,
        93,
        94,
        95,
        96,
        97,
        98,
        99,
        100,
        101,
        102,
        103,
        104,
        105,
        106,
        107,
        108,
        109,
        110,
        111,
        112,
        113
    ],
    "means": [
        2188.818181818182,
        2170.3636363636365,
        2169.909090909091,
        2145.5454545454545,
        2185.909090909091,
        2147.909090909091,
        2142.2727272727275,
        2139.818181818182,
        2128.3636363636365,
        2159.181818181818,
        2128.7272727272725,
        2204.181818181818,
        2158.3636363636365,
        2141.4545454545455,
        2179.3636363636365,
        2147.3636363636365,
        2120.7272727272725,
        2135.909090909091,
        2147.7272727272725,
        2148.2727272727275,
        2164.818181818182,
        2149.181818181818,
        2168.181818181818,
        2167.4545454545455,
        2152.6363636363635,
        2071.818181818182,
        2099.6363636363635,
        2140.909090909091,
        2144.7272727272725,
        2140.5454545454545,
        2188.3636363636365,
        2177.909090909091,
        2156.818181818182,
        2125.090909090909,
        2156.090909090909,
        2164.181818181818,
        2179.181818181818,
        2119.7272727272725,
        2113.5454545454545,
        2179.818181818182,
        2149.5454545454545,
        2170.4545454545455,
        2140.7272727272725,
        2140.7272727272725,
        2135.5454545454545,
        2170.5454545454545,
        2138.909090909091,
        2129.6363636363635,
        2168.5454545454545,
        2161.7272727272725,
        2171.909090909091,
        2138.3636363636365,
        2172.2727272727275,
        2171.090909090909,
        2141.3636363636365,
        2116.181818181818,
        2134.6363636363635,
        2151.818181818182,
        2132.6363636363635,
        2164.909090909091,
        2109.4545454545455,
        2104.909090909091,
        2123.0,
        2188.2727272727275,
        2094.6363636363635,
        2147.3636363636365,
        2198.181818181818,
        2140.7272727272725,
        2163.2727272727275,
        2143.909090909091,
        2151.4545454545455,
        2156.818181818182,
        2134.2727272727275,
        2172.818181818182,
        2150.3636363636365,
        2177.090909090909,
        2123.090909090909,
        2145.909090909091,
        2107.181818181818,
        2186.0,
        2131.818181818182,
        2114.7272727272725,
        2119.818181818182,
        2147.2727272727275,
        2160.0,
        2129.0,
        2110.3636363636365,
        2184.909090909091,
        2179.5454545454545,
        2148.181818181818,
        2144.4545454545455,
        2169.5454545454545,
        2146.181818181818,
        2126.0,
        2171.181818181818,
        2157.818181818182,
        2190.3636363636365,
        2168.5454545454545,
        2114.5454545454545,
        2163.181818181818,
        2130.7272727272725,
        2169.909090909091,
        2147.2727272727275,
        2170.0,
        2137.818181818182,
        2200.181818181818,
        2141.3636363636365,
        2182.2727272727275,
        2160.181818181818,
        2189.818181818182,
        2151.181818181818,
        2153.5454545454545,
        2173.0
    ],
    "opt": 2243,
    "stdevs": [
        79.150969880715,
        88.73379260695005,
        66.99451069162247,
        75.57941474954869,
        83.29733657801873,
        67.47855490376796,
        62.941662613581975,
        78.40665345355026,
        101.17336401828724,
        82.86880999158544,
        68.48767760313584,
        75.14932792516048,
        92.7913325960926,
        83.49236615770073,
        69.94448802413724,
        96.31508210722926,
        98.14654248445481,
        61.393595380291984,
        82.8570410779817,
        96.98930672932306,
        95.41756859559048,
        93.91758300070448,
        92.50633214868756,
        87.0928069635684,
        65.97144385989046,
        66.61670304035574,
        59.739240533372474,
        92.45387503109029,
        99.0794822435649,
        93.66998513772957,
        74.85291362188883,
        93.60988151555034,
        69.87757890094541,
        70.19641864142817,
        88.18313026202867,
        90.17237853821796,
        63.23235389033368,
        83.45286193588123,
        72.68783021357167,
        90.68909745219773,
        63.09641055395615,
        94.87251123707937,
        91.91507039266878,
        97.80043772823674,
        102.4538598024972,
        92.91576208036614,
        85.76018841721007,
        89.50700605109863,
        76.65787469051119,
        79.96145765769782,
        99.37573743164197,
        84.34266980842628,
        75.65963365817507,
        78.58689983989878,
        81.18359969540728,
        66.64671877869864,
        63.03717911211781,
        88.82241545692902,
        95.02561638103191,
        91.93817541790544,
        71.60162978892137,
        75.10048365109309,
        100.30680208966163,
        63.05422040390161,
        67.1460724191841,
        82.0557158025434,
        66.53340675837991,
        67.58844832593391,
        90.78154689251745,
        74.1797013958236,
        93.5281811068569,
        91.60569472355485,
        103.988715217383,
        44.03060543390283,
        113.93560599764056,
        67.36934094358912,
        97.96609297048049,
        86.48852214490613,
        85.49621807884324,
        66.89068422705539,
        74.67848440520102,
        86.80499661895351,
        101.79106781836659,
        97.68696843311749,
        80.94442537939224,
        78.39990723556664,
        77.74816306192791,
        94.64138489866465,
        82.1886561917858,
        92.52107198001208,
        80.69174074707638,
        78.27848146941166,
        80.66182850960172,
        84.07572344456676,
        61.53759853177447,
        84.61873656887343,
        77.34488609441918,
        76.06739073929313,
        69.54967307466936,
        68.34646786353694,
        57.48215677153597,
        83.82823840281392,
        68.21368952062723,
        83.54748241677794,
        67.35093733817354,
        63.504929202841026,
        80.23859049708362,
        50.838587544020875,
        71.61617158894946,
        66.84557261713297,
        82.74035860539138,
        88.48149640807151,
        86.50801329146546
    ]
}