{
    "agg": 2300,
    "iters": [
        1,
        2,
        3,
        4,
        5,
        6,
        7,
        8,
        9,
        10,
        11,
        12,
        13,
        14,
        15,
        16,
        17,
        18,
        19,
        20,
        21,
        22,
        23,
        24,
        25,
        26,
        27,
        28,
        29,
        30,
        31,
        32,
        33,
        34,
        35,
        36,
        37,
        38,
        39,
        40,
        41,
        42,
        43,
        44,
        45,
        46,
        47,
        48,
        49,
        50,
        51,
        52,
        53,
        54,
        55,
        56,
        57,
        58,
        59,
        60,
        61,
        62,
        63,
        64,
        65,
        66,
        67,
        68,
        69,
        70,
        71,
        72,
        73,
        74,
        75,
        76,
        77,
        78,
        79,
        80,
        81,
        82,
        83,
        84,
        85,
        86,
        87,
        88,
        89,
        90,
        91,
        92,
        93,
        94,
        95,
        96,
        97,
        98,
        99,
        100,
        101,
        102
    ],
    "means": [
        2122.785714285714,
        2135.714285714286,
        2172.3214285714284,
        2130.714285714286,
        2121.1071428571427,
        2147.8571428571427,
        2143.4285714285716,
        2146.964285714286,
        2138.4285714285716,
        2126.785714285714,
        2160.6071428571427,
        2148.5714285714284,
        2153.214285714286,
        2172.75,
        2136.1071428571427,
        2149.464285714286,
        2159.8928571428573,
        2147.964285714286,
        2153.4285714285716,
        2155.0,
        2150.1428571428573,
        2191.75,
        2171.0714285714284,
        2118.3928571428573,
        2182.9285714285716,
        2156.535714285714,
        2155.464285714286,
        2152.5714285714284,
        2121.214285714286,
        2144.9285714285716,
        2172.3571428571427,
        2131.8928571428573,
        2149.464285714286,
        2140.3928571428573,
        2146.8571428571427,
        2174.3571428571427,
        2190.4285714285716,
        2154.1071428571427,
        2150.035714285714,
        2136.3214285714284,
        2127.5714285714284,
        2166.535714285714,
        2136.285714285714,
        2173.8214285714284,
        2152.464285714286,
        2126.25,
        2142.8928571428573,
        2142.0714285714284,
        2179.785714285714,
        2134.25,
        2150.6071428571427,
        2148.964285714286,
        2152.8928571428573,
        2150.785714285714,
        2171.3928571428573,
        2159.1428571428573,
        2175.6071428571427,
        2164.5714285714284,
        2124.3928571428573,
        2156.75,
        2118.714285714286,
        2187.6785714285716,
        2153.035714285714,
        2157.285714285714,
        2147.464285714286,
        2165.6071428571427,
        2179.785714285714,
        2160.1428571428573,
        2153.8928571428573,
        2133.964285714286,
        2145.9285714285716,
        2136.5,
        2166.214285714286,
        2155.6428571428573,
        2159.535714285714,
        2140.5,
        2124.714285714286,
        2150.75,
        2145.964285714286,
        2159.714285714286,
        2139.214285714286,
        2166.1428571428573,
        2145.5,
        2130.035714285714,
        2164.0,
        2162.6071428571427,
        2137.535714285714,
        2126.5714285714284,
        2129.0714285714284,
        2156.0,
        2174.964285714286,
        2133.1785714285716,
        2184.714285714286,
        2167.5,
        2172.285714285714,
        2141.464285714286,
        2161.0714285714284,
        2169.4285714285716,
        2170.535714285714,
        2163.285714285714,
        2146.285714285714,
        2139.535714285714
    ],
    "opt": 2260,
    "stdevs": [
        77.69002378631615,
        87.52708035755772,
        87.79076325129482,
        79.87126121044376,
        87.89171067923554,
        92.85653845957148,
        88.79125945216704,
        80.05332247180944,
        83.76558642657349,
        84.54219451292488,
        85.47110593048151,
        85.99602506238652,
        78.97257984482297,
        94.40059965003249,
        84.17301030179036,
        92.02735701287693,
        93.6358216273918,
        81.64928577364861,
        70.853686551648,
        73.34264010207744,
        72.60593948830626,
        79.07484022837389,
        86.09584715861261,
        89.90921583373272,
        86.69648558185561,
        81.22520814855146,
        91.9399967924955,
        81.38024881971782,
        79.11580894163818,
        94.52812452667519,
        87.63651158772413,
        90.00529321169088,
        99.22178697344692,
        86.78929298911831,
        72.68558232243187,
        80.48567498350883,
        81.19483998885845,
        89.56575369355119,
        76.66647718846744,
        77.11265116300798,
        78.53681055559167,
        83.27728302092316,
        96.51641501499596,
        96.65921490748109,
        86.88148008426568,
        87.16717312973142,
        88.31410633387522,
        68.84606460971388,
        86.30980623927518,
        80.74900485897201,
        78.09533518431829,
        79.0558040441132,
        75.91223282078282,
        79.99837370795963,
        91.70112138499347,
        71.81211312749915,
        84.62410129749186,
        87.75348123799851,
        81.60809627451813,
        92.86496532985024,
        78.03197931565217,
        76.87887206110503,
        84.73719125409251,
        95.6361621469833,
        85.79147565998831,
        69.2713810652991,
        65.78501628294195,
        95.59128557327294,
        82.51984146066859,
        86.91846842335192,
        73.84536380235417,
        95.50037397084594,
        81.79694246069573,
        80.03446324004709,
        82.7959980670465,
        94.86663571260746,
        75.0189771909449,
        80.29126664837216,
        94.4285376593845,
        80.99111818273529,
        96.08751856765683,
        70.27685774630136,
        79.45955844686924,
        87.18350193817683,
        95.33924390601925,
        101.92796450915515,
        88.35984953701586,
        77.3592863441324,
        87.32694256619307,
        91.12942131151404,
        86.29454631950848,
        93.1481360795912,
        95.53789717132342,
        74.28203974428428,
        95.48928778471779,
        76.10494734380993,
        89.14031017423702,
        87.34759321707912,
        81.33022726727707,
        79.14356626809696,
        82.95173172344485,
        85.69067383112736
    ]
}