{
    "agg": 2133,
    "iters": [
        1,
        2,
        3,
        4,
        5,
        6,
        7,
        8,
        9,
        10,
        11,
        12,
        13,
        14,
        15,
        16,
        17,
        18,
        19,
        20,
        21,
        22,
        23,
        24,
        25,
        26,
        27,
        28,
        29,
        30,
        31,
        32,
        33,
        34,
        35,
        36,
        37,
        38,
        39,
        40,
        41,
        42,
        43,
        44,
        45,
        46,
        47,
        48,
        49,
        50,
        51,
        52,
        53,
        54,
        55,
        56,
        57,
        58,
        59,
        60,
        61,
        62,
        63,
        64,
        65,
        66,
        67,
        68,
        69,
        70,
        71,
        72,
        73,
        74,
        75,
        76,
        77,
        78,
        79,
        80,
        81,
        82,
        83,
        84,
        85,
        86,
        87,
        88,
        89,
        90,
        91,
        92,
        93,
        94,
        95,
        96,
        97,
        98,
        99,
        100,
        101,
        102,
        103,
        104,
        105
    ],
    "means": [
        2155.9333333333334,
        2138.8,
        2113.4,
        2164.2,
        2144.5333333333333,
        2164.4,
        2131.133333333333,
        2126.4666666666667,
        2159.266666666667,
        2133.0,
        2120.866666666667,
        2157.0,
        2166.5333333333333,
        2151.733333333333,
        2161.0,
        2157.9333333333334,
        2144.866666666667,
        2168.6666666666665,
        2145.3333333333335,
        2189.8,
        2135.0666666666666,
        2141.3333333333335,
        2119.0666666666666,
        2145.3333333333335,
        2147.9333333333334,
        2161.8,
        2181.866666666667,
        2157.6666666666665,
        2138.0666666666666,
        2147.0,
        2192.9333333333334,
        2127.0666666666666,
        2177.0,
        2163.9333333333334,
        2170.5333333333333,
        2172.3333333333335,
        2174.3333333333335,
        2143.4,
        2148.0666666666666,
        2141.8,
        2123.866666666667,
        2159.0666666666666,
        2130.866666666667,
        2104.5333333333333,
        2130.2,
        2121.3333333333335,
        2145.266666666667,
        2109.4,
        2169.733333333333,
        2114.0666666666666,
        2170.6,
        2151.5333333333333,
        2161.9333333333334,
        2171.0,
        2116.4,
        2137.9333333333334,
        2175.9333333333334,
        2151.4666666666667,
        2142.3333333333335,
        2166.0,
        2125.0666666666666,
        2181.733333333333,
        2115.4,
        2151.6666666666665,
        2146.5333333333333,
        2142.4,
        2157.0,
        2142.6,
        2131.3333333333335,
        2144.4,
        2153.266666666667,
        2131.8,
        2163.4666666666667,
        2174.5333333333333,
        2125.133333333333,
        2152.0666666666666,
        2161.5333333333333,
        2169.133333333333,
        2133.5333333333333,
        2150.6666666666665,
        2149.9333333333334,
        2098.266666666667,
        2125.733333333333,
        2130.2,
        2140.4666666666667,
        2160.9333333333334,
        2150.0,
        2207.2,
        2114.733333333333,
        2178.3333333333335,
        2173.5333333333333,
        2119.3333333333335,
        2133.0,
        2138.8,
        2143.3333333333335,
        2164.266666666667,
        2119.8,
        2183.0,
        2141.6666666666665,
        2127.4666666666667,
        2130.266666666667,
        2175.6,
        2183.4,
        2169.866666666667,
        2182.6666666666665
    ],
    "opt": 2290,
    "stdevs": [
        99.25285330351409,
        96.45738264470307,
        71.43929824216734,
        78.0369143418677,
        83.81476931636546,
        87.22599001062318,
        87.49237427087891,
        71.5009246249461,
        83.3422395240786,
        74.7288431597867,
        83.3689523876978,
        77.49150491075349,
        77.35706532409019,
        68.7851405141805,
        99.6875117554852,
        78.11228385400653,
        83.77021480746535,
        81.24421346915867,
        83.3135976630199,
        83.44355377539158,
        75.64607649368796,
        77.6596563359781,
        81.3989898927226,
        93.85070887082075,
        70.79780285354121,
        65.30972362519995,
        99.57701653605726,
        85.8453389662026,
        88.08137651563405,
        95.93192030462714,
        77.19021239048956,
        86.05460798560154,
        99.11340306268707,
        100.02097557790344,
        73.95842676050437,
        80.78091083638236,
        75.42472332656507,
        96.5358655284829,
        68.1796320188238,
        85.60233641671236,
        90.87197343271221,
        79.45520051506313,
        93.12992119733713,
        66.76113307073877,
        90.9792650369669,
        79.37309927733003,
        84.34490039250875,
        65.50195925822881,
        98.95215454394557,
        86.32223866935385,
        97.13893829630491,
        79.4505017115828,
        85.54879049732706,
        103.30859919032233,
        70.30960105135001,
        91.64967115174075,
        73.8877226307291,
        86.54853487430557,
        67.15421720851856,
        102.13063529943729,
        85.75038710635008,
        84.14389791039844,
        71.12224218437811,
        86.6384569473754,
        89.85608246276685,
        97.9216012940965,
        91.81648363266079,
        69.13445836435932,
        77.60126001267993,
        98.46271714038095,
        73.99231191294284,
        90.90155847582226,
        89.28969083208256,
        79.52849943399046,
        93.44792964831032,
        95.21167061984693,
        79.0947673504526,
        88.4675960765045,
        98.37605851470614,
        92.96283606306817,
        90.210469951602,
        62.843155730932395,
        85.71539470182057,
        81.43152542678624,
        97.56629654866593,
        78.09265152510973,
        89.927378107745,
        56.499203534209215,
        74.8745320890592,
        81.8011138201811,
        69.2857529045875,
        69.5602057373483,
        75.1469671155574,
        64.75306942531759,
        75.35840290829476,
        78.81409913348134,
        65.2852203795009,
        83.64847079694086,
        81.56197371052,
        98.76765102445682,
        102.67844088328486,
        86.79923194744678,
        57.815568837467985,
        87.31770852594691,
        86.37026237208164
    ]
}