{
    "agg": 2194,
    "iters": [
        1,
        2,
        3,
        4,
        5,
        6,
        7,
        8,
        9,
        10,
        11,
        12,
        13,
        14,
        15,
        16,
        17,
        18,
        19,
        20,
        21,
        22,
        23,
        24,
        25,
        26,
        27,
        28,
        29,
        30,
        31,
        32,
        33,
        34,
        35,
        36,
        37,
        38,
        39,
        40,
        41,
        42,
        43,
        44,
        45,
        46,
        47,
        48,
        49,
        50,
        51,
        52,
        53,
        54,
        55,
        56,
        57,
        58,
        59,
        60,
        61,
        62,
        63,
        64,
        65,
        66,
        67,
        68,
        69,
        70,
        71,
        72,
        73,
        74,
        75,
        76,
        77,
        78,
        79,
        80,
        81,
        82,
        83,
        84,
        85,
        86,
        87,
        88,
        89,
        90,
        91,
        92,
        93,
        94,
        95,
        96,
        97,
        98,
        99,
        100,
        101,
        102,
        103,
        104,
        105
    ],
    "means": [
        2166.318181818182,
        2153.75,
        2154.4545454545455,
        2161.681818181818,
        2148.818181818182,
        2175.3636363636365,
        2161.75,
        2168.3636363636365,
        2157.931818181818,
        2154.409090909091,
        2157.818181818182,
        2139.6136363636365,
        2150.3636363636365,
        2181.159090909091,
        2150.068181818182,
        2140.068181818182,
        2158.659090909091,
        2147.068181818182,
        2130.2272727272725,
        2138.75,
        2152.5227272727275,
        2156.25,
        2131.181818181818,
        2146.159090909091,
        2131.6363636363635,
        2141.931818181818,
        2161.25,
        2147.9772727272725,
        2163.409090909091,
        2138.7727272727275,
        2154.5227272727275,
        2142.431818181818,
        2132.2954545454545,
        2157.1363636363635,
        2141.409090909091,
        2146.8636363636365,
        2164.068181818182,
        2148.1363636363635,
        2155.181818181818,
        2164.5227272727275,
        2147.75,
        2142.75,
        2159.090909090909,
        2150.681818181818,
        2139.6136363636365,
        2152.590909090909,
        2137.068181818182,
        2139.7954545454545,
        2145.8863636363635,
        2143.4545454545455,
        2134.4545454545455,
        2133.159090909091,
        2154.1136363636365,
        2142.409090909091,
        2152.2727272727275,
        2152.5227272727275,
        2126.0227272727275,
        2165.7954545454545,
        2136.1363636363635,
        2146.0454545454545,
        2157.840909090909,
        2131.7727272727275,
        2151.7045454545455,
        2162.2272727272725,
        2144.3863636363635,
        2164.6136363636365,
        2148.681818181818,
        2146.431818181818,
        2167.3636363636365,
        2139.5,
        2131.9772727272725,
        2149.0,
        2142.1363636363635,
        2148.8863636363635,
        2144.7045454545455,
        2141.9545454545455,
        2136.431818181818,
        2138.4545454545455,
        2134.75,
        2139.9545454545455,
        2134.0454545454545,
        2165.1136363636365,
        2157.909090909091,
        2144.818181818182,
        2155.931818181818,
        2146.1363636363635,
        2151.7045454545455,
        2157.568181818182,
        2127.75,
        2179.659090909091,
        2171.1363636363635,
        2135.909090909091,
        2157.3636363636365,
        2152.2045454545455,
        2159.840909090909,
        2139.4772727272725,
        2137.181818181818,
        2142.5,
        2153.068181818182,
        2160.318181818182,
        2114.1363636363635,
        2135.068181818182,
        2155.0454545454545,
        2161.681818181818,
        2141.7727272727275
    ],
    "opt": 2226,
    "stdevs": [
        76.39126935100536,
        85.31282675595101,
        98.46745067775039,
        83.06918604044154,
        87.30908333648826,
        82.60092749564315,
        87.58375861269755,
        84.27150141307098,
        87.31926730194637,
        83.75324096356407,
        76.31194137678726,
        94.71805431938299,
        89.77372841789287,
        78.75218414916797,
        81.93300970007385,
        78.4623238269845,
        79.14628090435922,
        81.05088124900107,
        93.78429400306266,
        80.73951522136987,
        92.7169418264693,
        86.4788794498928,
        92.5773074313553,
        79.77979442925104,
        87.78307222121497,
        86.06693952100537,
        89.55499199323894,
        87.99935140162931,
        95.28887137680067,
        88.98489750216648,
        83.39268788426227,
        83.76954255772547,
        90.65709106935334,
        77.45984030130796,
        93.6090317568037,
        86.05748367148419,
        87.967297055438,
        92.39726257975073,
        82.91432399752738,
        82.97877292535934,
        74.28664538002899,
        89.97224950960258,
        84.15754116855594,
        87.80499383377213,
        80.7524882558063,
        85.8061552628466,
        86.1094435026181,
        91.36305687287955,
        86.27841189720714,
        94.33534345510905,
        90.31622590186673,
        97.80243145839245,
        81.75051178852613,
        83.42724598055979,
        90.99534544448956,
        78.32957430462521,
        77.07891134662039,
        73.84183944124167,
        83.91136853010468,
        80.57152512616989,
        79.78178852966218,
        86.20453047479677,
        81.26320299592568,
        89.68780793709914,
        77.48671906998905,
        91.1642413721448,
        90.83295675611276,
        81.39756466294216,
        89.55320686331747,
        84.18607636982172,
        89.74623026683315,
        77.0619585434049,
        93.65740054948114,
        90.46551726514136,
        90.4550565312195,
        78.81392197778678,
        84.61984447227728,
        80.40563485044116,
        93.61044157959769,
        82.4367400841547,
        84.6358387836475,
        83.42122465620182,
        83.97586725358504,
        90.1542296510094,
        85.39464474567284,
        92.29315716511236,
        84.60001599652077,
        81.64373764529778,
        74.22971868708406,
        86.54949797181699,
        81.15265942796579,
        92.89530230362912,
        77.51219578793886,
        88.96694471581068,
        98.73447937450914,
        74.92799229210416,
        88.15205683344514,
        77.28915600757739,
        93.79920471829772,
        90.83220612437796,
        82.48377000385946,
        80.66017315291265,
        91.90507814277593,
        86.59145788420702,
        87.31444315501918
    ]
}