{
    "agg": 2219,
    "iters": [
        1,
        2,
        3,
        4,
        5,
        6,
        7,
        8,
        9,
        10,
        11,
        12,
        13,
        14,
        15,
        16,
        17,
        18,
        19,
        20,
        21,
        22,
        23,
        24,
        25,
        26,
        27,
        28,
        29,
        30,
        31,
        32,
        33,
        34,
        35,
        36,
        37,
        38,
        39,
        40,
        41,
        42,
        43,
        44,
        45,
        46,
        47,
        48,
        49,
        50,
        51,
        52,
        53,
        54,
        55,
        56,
        57,
        58,
        59,
        60,
        61,
        62,
        63,
        64,
        65,
        66,
        67,
        68,
        69,
        70,
        71,
        72,
        73,
        74,
        75,
        76,
        77,
        78,
        79,
        80,
        81,
        82,
        83,
        84,
        85,
        86,
        87,
        88,
        89,
        90,
        91,
        92,
        93,
        94,
        95,
        96,
        97,
        98,
        99,
        100,
        101,
        102,
        103,
        104,
        105,
        106,
        107,
        108,
        109,
        110,
        111,
        112,
        113,
        114,
        115,
        116,
        117,
        118,
        119,
        120,
        121,
        122,
        123,
        124,
        125,
        126,
        127,
        128,
        129,
        130,
        131,
        132,
        133,
        134,
        135,
        136,
        137,
        138,
        139,
        140,
        141,
        142,
        143,
        144,
        145
    ],
    "means": [
        2152.3529411764707,
        2156.235294117647,
        2158.5882352941176,
        2167.823529411765,
        2152.0588235294117,
        2154.529411764706,
        2165.3529411764707,
        2138.5882352941176,
        2143.176470588235,
        2153.4117647058824,
        2109.5882352941176,
        2149.4117647058824,
        2152.9411764705883,
        2160.470588235294,
        2169.5882352941176,
        2146.6470588235293,
        2135.0,
        2154.5882352941176,
        2159.294117647059,
        2173.529411764706,
        2159.4117647058824,
        2128.8823529411766,
        2096.3529411764707,
        2130.0,
        2129.4117647058824,
        2134.705882352941,
        2135.705882352941,
        2136.9411764705883,
        2160.764705882353,
        2136.6470588235293,
        2145.0,
        2151.1176470588234,
        2139.823529411765,
        2129.9411764705883,
        2154.764705882353,
        2154.529411764706,
        2160.3529411764707,
        2176.3529411764707,
        2170.470588235294,
        2136.705882352941,
        2139.705882352941,
        2133.6470588235293,
        2133.1176470588234,
        2160.1176470588234,
        2138.6470588235293,
        2117.8823529411766,
        2165.3529411764707,
        2136.764705882353,
        2132.0588235294117,
        2181.176470588235,
        2140.764705882353,
        2139.235294117647,
        2102.4117647058824,
        2122.176470588235,
        2158.529411764706,
        2146.8823529411766,
        2129.764705882353,
        2128.1176470588234,
        2091.470588235294,
        2131.529411764706,
        2117.1176470588234,
        2162.8823529411766,
        2167.529411764706,
        2153.9411764705883,
        2123.3529411764707,
        2122.1176470588234,
        2153.176470588235,
        2180.0588235294117,
        2173.823529411765,
        2140.764705882353,
        2132.6470588235293,
        2148.6470588235293,
        2143.5882352941176,
        2129.9411764705883,
        2152.0588235294117,
        2140.1176470588234,
        2085.5882352941176,
        2141.8823529411766,
        2163.3529411764707,
        2137.3529411764707,
        2142.235294117647,
        2162.6470588235293,
        2152.0588235294117,
        2150.294117647059,
        2089.4117647058824,
        2136.0,
        2165.294117647059,
        2135.529411764706,
        2154.705882352941,
        2198.6470588235293,
        2167.1176470588234,
        2154.8823529411766,
        2148.529411764706,
        2161.3529411764707,
        2135.9411764705883,
        2180.3529411764707,
        2135.470588235294,
        2151.5882352941176,
        2163.764705882353,
        2149.4117647058824,
        2116.294117647059,
        2150.6470588235293,
        2151.3529411764707,
        2152.4117647058824,
        2151.6470588235293,
        2165.529411764706,
        2126.4117647058824,
        2168.529411764706,
        2149.6470588235293,
        2145.764705882353,
        2169.5882352941176,
        2153.529411764706,
        2169.8823529411766,
        2154.9411764705883,
        2176.9411764705883,
        2112.823529411765,
        2120.705882352941,
        2156.529411764706,
        2156.0588235294117,
        2162.1176470588234,
        2129.5882352941176,
        2137.470588235294,
        2185.1176470588234,
        2160.294117647059,
        2138.1176470588234,
        2143.0588235294117,
        2094.5882352941176,
        2130.705882352941,
        2188.176470588235,
        2140.9411764705883,
        2114.4117647058824,
        2124.4117647058824,
        2120.9411764705883,
        2182.1176470588234,
        2110.6470588235293,
        2170.176470588235,
        2164.4117647058824,
        2109.235294117647,
        2171.0588235294117,
        2167.705882352941,
        2179.8823529411766,
        2138.3529411764707,
        2170.823529411765,
        2183.5882352941176,
        2154.764705882353
    ],
    "opt": 2280,