{
    "agg": 2247,
    "iters": [
        1,
        2,
        3,
        4,
        5,
        6,
        7,
        8,
        9,
        10,
        11,
        12,
        13,
        14,
        15,
        16,
        17,
        18,
        19,
        20,
        21,
        22,
        23,
        24,
        25,
        26,
        27,
        28,
        29,
        30,
        31,
        32,
        33,
        34,
        35,
        36,
        37,
        38,
        39,
        40,
        41,
        42,
        43,
        44,
        45,
        46,
        47,
        48,
        49,
        50,
        51,
        52,
        53,
        54,
        55,
        56,
        57,
        58,
        59,
        60,
        61,
        62,
        63,
        64,
        65,
        66,
        67,
        68,
        69,
        70,
        71,
        72,
        73,
        74,
        75,
        76,
        77,
        78,
        79,
        80,
        81,
        82,
        83,
        84,
        85,
        86,
        87,
        88,
        89,
        90,
        91,
        92,
        93,
        94,
        95,
        96,
        97,
        98,
        99,
        100,
        101,
        102,
        103,
        104,
        105,
        106,
        107,
        108,
        109,
        110,
        111,
        112,
        113,
        114,
        115,
        116,
        117,
        118,
        119,
        120,
        121,
        122,
        123,
        124,
        125,
        126,
        127,
        128,
        129,
        130
    ],
    "means": [
        2137.5714285714284,
        2127.2,
        2162.5142857142855,
        2162.5714285714284,
        2161.2571428571428,
        2147.457142857143,
        2145.942857142857,
        2164.2,
        2141.657142857143,
        2159.2,
        2159.285714285714,
        2134.5714285714284,
        2153.6857142857143,
        2129.5142857142855,
        2117.657142857143,
        2146.8285714285716,
        2149.5714285714284,
        2141.9714285714285,
        2145.285714285714,
        2124.6857142857143,
        2129.0285714285715,
        2175.9714285714285,
        2149.885714285714,
        2153.057142857143,
        2164.5142857142855,
        2153.657142857143,
        2151.6857142857143,
        2163.8,
        2135.7714285714287,
        2171.885714285714,
        2147.6285714285714,
        2122.8285714285716,
        2136.4285714285716,
        2137.057142857143,
        2155.9142857142856,
        2151.885714285714,
        2157.3142857142857,
        2129.4285714285716,
        2146.0857142857144,
        2142.457142857143,
        2160.1714285714284,
        2149.6857142857143,
        2168.1714285714284,
        2161.8285714285716,
        2172.714285714286,
        2141.8285714285716,
        2151.0,
        2145.7714285714287,
        2164.542857142857,
        2153.5714285714284,
        2137.8571428571427,
        2173.4857142857145,
        2154.8571428571427,
        2157.5142857142855,
        2155.885714285714,
        2182.8571428571427,
        2137.457142857143,
        2154.6,
        2136.1428571428573,
        2161.714285714286,
        2157.0,
        2146.3142857142857,
        2138.942857142857,
        2145.5142857142855,
        2133.542857142857,
        2163.0,
        2153.1714285714284,
        2137.8285714285716,
        2149.285714285714,
        2149.7714285714287,
        2140.542857142857,
        2130.5142857142855,
        2146.457142857143,
        2145.542857142857,
        2126.8,
        2156.657142857143,
        2143.114285714286,
        2141.4857142857145,
        2144.4857142857145,
        2182.342857142857,
        2162.1714285714284,
        2184.057142857143,
        2144.2,
        2149.0,
        2184.1428571428573,
        2171.4857142857145,
        2146.114285714286,
        2162.3714285714286,
        2151.4285714285716,
        2125.285714285714,
        2147.3142857142857,
        2155.2,
        2170.0857142857144,
        2178.0857142857144,
        2142.7428571428572,
        2129.057142857143,
        2152.457142857143,
        2153.0285714285715,
        2140.657142857143,
        2154.3714285714286,
        2155.1428571428573,
        2164.657142857143,
        2152.885714285714,
        2156.7714285714287,
        2164.285714285714,
        2136.4285714285716,
        2137.2285714285713,
        2160.5142857142855,
        2157.342857142857,
        2161.7428571428572,
        2173.6,
        2160.4857142857145,
        2143.9142857142856,
        2150.285714285714,
        2160.0285714285715,
        2136.4285714285716,
        2157.8,
        2137.5142857142855,
        2131.0857142857144,
        2153.6285714285714,
        2165.6,
        2182.4285714285716,
        2161.114285714286,
        2139.885714285714,
        2179.8,
        2151.057142857143,
        2151.942857142857,
        2148.0,
        2153.5142857142855,
        2163.3142857142857
    ],
    "opt": 2275,