{
    "agg": 2106,
    "iters": [
        1,
        2,
        3,
        4,
        5,
        6,
        7,
        8,
        9,
        10,
        11,
        12,
        13,
        14,
        15,
        16,
        17,
        18,
        19,
        20,
        21,
        22,
        23,
        24,
        25,
        26,
        27,
        28,
        29,
        30,
        31,
        32,
        33,
        34,
        35,
        36,
        37,
        38,
        39,
        40,
        41,
        42,
        43,
        44,
        45,
        46,
        47,
        48,
        49,
        50,
        51,
        52,
        53,
        54,
        55,
        56,
        57,
        58,
        59,
        60,
        61,
        62,
        63,
        64,
        65,
        66,
        67,
        68,
        69,
        70,
        71,
        72,
        73,
        74,
        75,
        76,
        77,
        78,
        79,
        80,
        81,
        82,
        83,
        84,
        85,
        86,
        87,
        88,
        89,
        90,
        91,
        92,
        93,
        94,
        95,
        96,
        97,
        98,
        99
    ],
    "means": [
        2142.945945945946,
        2140.2162162162163,
        2161.5135135135133,
        2142.4324324324325,
        2159.4594594594596,
        2150.5405405405404,
        2152.108108108108,
        2164.4054054054054,
        2160.945945945946,
        2140.972972972973,
        2138.5135135135133,
        2141.0,
        2170.837837837838,
        2149.5675675675675,
        2152.324324324324,
        2154.7567567567567,
        2168.4054054054054,
        2141.2702702702704,
        2165.162162162162,
        2141.0,
        2129.162162162162,
        2164.5675675675675,
        2137.6216216216217,
        2155.5135135135133,
        2176.2432432432433,
        2176.7837837837837,
        2138.3513513513512,
        2148.675675675676,
        2154.945945945946,
        2128.0,
        2158.054054054054,
        2143.4054054054054,
        2166.972972972973,
        2140.810810810811,
        2123.891891891892,
        2124.4864864864867,
        2144.810810810811,
        2166.891891891892,
        2159.4324324324325,
        2144.4864864864867,
        2172.9189189189187,
        2163.891891891892,
        2157.5405405405404,
        2128.864864864865,
        2145.027027027027,
        2154.5675675675675,
        2139.054054054054,
        2156.5945945945946,
        2141.135135135135,
        2125.837837837838,
        2173.4594594594596,
        2164.9189189189187,
        2164.324324324324,
        2133.108108108108,
        2167.0810810810813,
        2144.5135135135133,
        2140.135135135135,
        2149.162162162162,
        2135.810810810811,
        2175.6216216216217,
        2138.189189189189,
        2140.4324324324325,
        2153.675675675676,
        2144.7837837837837,
        2141.5405405405404,
        2132.972972972973,
        2148.2162162162163,
        2135.2972972972975,
        2133.5675675675675,
        2126.7567567567567,
        2158.972972972973,
        2137.324324324324,
        2147.135135135135,
        2151.4324324324325,
        2175.7567567567567,
        2162.4054054054054,
        2148.5945945945946,
        2137.4324324324325,
        2136.2432432432433,
        2138.675675675676,
        2175.4324324324325,
        2140.5945945945946,
        2132.2702702702704,
        2154.810810810811,
        2160.324324324324,
        2125.4594594594596,
        2122.9189189189187,
        2114.7027027027025,
        2152.864864864865,
        2153.135135135135,
        2155.675675675676,
        2154.7297297297296,
        2150.864864864865,
        2147.2162162162163,
        2162.2972972972975,
        2136.837837837838,
        2145.9189189189187,
        2128.2162162162163,
        2165.3783783783783
    ],
    "opt": 2285,
    "stdevs": [
        87.04734528635828,
        85.50300615392804,
        93.1234639986866,
        80.25417073965876,
        80.1834365165257,
        85.34274129414702,
        83.21440356864676,
        95.66621574854132,
        92.70906132160012,
        83.27534481059561,
        81.16370564902917,
        87.76381080198425,
        84.32130105460463,
        86.3770929782924,
        81.68199843164163,
        89.48000090776901,
        80.43310447263562,
        88.96025491184818,
        82.18157665359676,
        90.7256035258798,
        88.85199157101582,
        81.39677280957152,
        93.44151266574313,
        84.58279859040461,
        79.72534115269627,
        88.476943136413,
        90.82064779410801,
        83.88507390795732,
        79.77635833020652,
        88.30475485346035,
        86.64495616889992,
        89.26651848332018,
        88.15296487064832,
        98.39820857461754,
        78.83159737738032,
        89.34797495296557,
        74.81177745040236,
        77.74031052294896,
        91.52360219609002,
        98.4330261050414,
        84.98660574224635,
        85.84580261230293,
        85.86211277693221,
        84.27149245858861,
        81.90320143117084,
        81.21960239377063,
        81.38329264291586,
        77.84998028414041,
        94.37079316907385,
        103.53756688993236,
        84.11529879635277,
        87.7106355467822,
        79.66655307340412,
        83.77730576525846,
        90.13604683683327,
        80.63820488859622,
        92.86874264313518,
        81.6401178255415,
        83.75635121955145,
        83.58952195792321,
        91.24153802684799,
        75.04900760657613,
        86.35440928477158,
        95.74152566694524,
        89.49606501831167,
        76.31778740860622,
        77.64233142381947,
        84.90467305283562,
        94.40640740409593,
        86.88495201574706,
        87.9682026356411,
        87.07438697910369,
        83.26972200842343,
        84.7248457577697,
        79.35871532219686,
        88.8909016897344,
        87.1027536907492,
        83.52812782127057,
        86.27999843545382,
        86.89821758320511,
        82.57430414417117,
        103.18062343222526,
        77.62371072999873,
        92.8217815298199,
        90.80512369579333,
        81.1147317558033,
        83.13466066711688,
        87.1273888314535,
        83.90025034983819,
        102.2136506888581,
        92.00119095999233,
        96.20295231988513,
        85.67763660472276,
        94.08338312517029,
        101.07820490199116,
        81.48271695821526,
        83.10702262529969,
        82.06000939824305,
        81.50952567490945
    ]
}