{
    "agg": 2267,
    "iters": [
        1,
        2,
        3,
        4,
        5,
        6,
        7,
        8,
        9,
        10,
        11,
        12,
        13,
        14,
        15,
        16,
        17,
        18,
        19,
        20,
        21,
        22,
        23,
        24,
        25,
        26,
        27,
        28,
        29,
        30,
        31,
        32,
        33,
        34,
        35,
        36,
        37,
        38,
        39,
        40,
        41,
        42,
        43,
        44,
        45,
        46,
        47,
        48,
        49,
        50,
        51,
        52,
        53,
        54,
        55,
        56,
        57,
        58,
        59,
        60,
        61,
        62,
        63,
        64,
        65,
        66,
        67,
        68,
        69,
        70,
        71,
        72,
        73,
        74,
        75,
        76,
        77,
        78,
        79,
        80,
        81,
        82,
        83,
        84,
        85,
        86,
        87,
        88,
        89,
        90,
        91,
        92,
        93,
        94,
        95,
        96,
        97,
        98,
        99,
        100,
        101,
        102,
        103,
        104,
        105,
        106,
        107,
        108,
        109,
        110,
        111,
        112,
        113,
        114,
        115,
        116,
        117,
        118,
        119,
        120,
        121,
        122,
        123,
        124,
        125,
        126,
        127,
        128,
        129,
        130,
        131,
        132,
        133,
        134,
        135,
        136,
        137,
        138,
        139,
        140,
        141,
        142,
        143,
        144,
        145
    ],
    "means": [
        2142.095238095238,
        2144.7380952380954,
        2156.404761904762,
        2156.190476190476,
        2149.309523809524,
        2151.0,
        2143.285714285714,
        2137.309523809524,
        2143.4523809523807,
        2142.214285714286,
        2151.404761904762,
        2141.2619047619046,
        2152.2619047619046,
        2129.4285714285716,
        2177.9761904761904,
        2178.9523809523807,
        2147.0476190476193,
        2160.8809523809523,
        2107.5476190476193,
        2147.2380952380954,
        2141.2619047619046,
        2155.7380952380954,
        2168.404761904762,
        2140.9761904761904,
        2153.809523809524,
        2164.595238095238,
        2151.190476190476,
        2148.4285714285716,
        2150.5238095238096,
        2153.190476190476,
        2167.1190476190477,
        2168.2619047619046,
        2160.404761904762,
        2174.5476190476193,
        2132.6190476190477,
        2190.1190476190477,
        2130.1428571428573,
        2147.9285714285716,
        2123.690476190476,
        2167.5,
        2162.3809523809523,
        2157.8333333333335,
        2160.3333333333335,
        2166.8571428571427,
        2168.3809523809523,
        2156.7619047619046,
        2142.1666666666665,
        2146.904761904762,
        2132.904761904762,
        2145.0238095238096,
        2158.6190476190477,
        2127.7380952380954,
        2129.9285714285716,
        2157.8333333333335,
        2156.595238095238,
        2163.5238095238096,
        2147.8571428571427,
        2150.1190476190477,
        2132.809523809524,
        2157.5,
        2173.9285714285716,
        2161.2619047619046,
        2157.8809523809523,
        2163.309523809524,
        2127.809523809524,
        2174.0476190476193,
        2173.0476190476193,
        2144.5,
        2141.0238095238096,
        2131.809523809524,
        2142.1666666666665,
        2146.0476190476193,
        2145.8333333333335,
        2129.785714285714,
        2146.7380952380954,
        2175.6666666666665,
        2125.0238095238096,
        2150.5476190476193,
        2151.4523809523807,
        2158.0238095238096,
        2137.5476190476193,
        2130.0476190476193,
        2144.3809523809523,
        2153.190476190476,
        2183.0476190476193,
        2169.1666666666665,
        2153.3333333333335,
        2167.2619047619046,
        2164.1428571428573,
        2141.8809523809523,
        2150.309523809524,
        2164.690476190476,
        2169.285714285714,
        2168.0238095238096,
        2141.5476190476193,
        2145.904761904762,
        2157.1666666666665,
        2164.0238095238096,
        2138.4285714285716,
        2168.2380952380954,
        2134.095238095238,
        2153.595238095238,
        2127.404761904762,
        2162.4285714285716,
        2134.7619047619046,
        2148.9523809523807,
        2143.6666666666665,
        2149.9523809523807,
        2147.3571428571427,
        2138.9523809523807,
        2158.809523809524,
        2148.6428571428573,
        2127.6428571428573,
        2160.1190476190477,
        2136.214285714286,
        2154.8571428571427,
        2136.5476190476193,
        2142.6190476190477,
        2145.3809523809523,
        2143.2619047619046,
        2149.5476190476193,
        2137.3571428571427,
        2139.095238095238,
        2155.714285714286,
        2138.5714285714284,
        2141.7619047619046,
        2176.6666666666665,
        2136.8571428571427,
        2161.690476190476,
        2126.714285714286,
        2153.8809523809523,
        2157.0238095238096,
        2153.1190476190477,
        2156.6190476190477,
        2162.9523809523807,
        2148.190476190476,
        2153.2380952380954,
        2153.3333333333335,
        2145.2380952380954,
        2141.7619047619046,
        2151.9761904761904,
        2148.0714285714284,
        2139.1428571428573,
        2160.309523809524,
        2144.1190476190477
    ],
    "opt": 2257,