{
    "agg": 2289,
    "iters": [
        1,
        2,
        3,
        4,
        5,
        6,
        7,
        8,
        9,
        10,
        11,
        12,
        13,
        14,
        15,
        16,
        17,
        18,
        19,
        20,
        21,
        22,
        23,
        24,
        25,
        26,
        27,
        28,
        29,
        30,
        31,
        32,
        33,
        34,
        35,
        36,
        37,
        38,
        39,
        40,
        41,
        42,
        43,
        44,
        45,
        46,
        47,
        48,
        49,
        50,
        51,
        52,
        53,
        54,
        55,
        56,
        57,
        58,
        59,
        60,
        61,
        62,
        63,
        64,
        65,
        66,
        67,
        68,
        69,
        70,
        71,
        72,
        73,
        74,
        75,
        76,
        77,
        78,
        79,
        80,
        81,
        82,
        83,
        84,
        85,
        86,
        87,
        88,
        89,
        90,
        91,
        92,
        93,
        94,
        95,
        96,
        97,
        98,
        99,
        100,
        101,
        102,
        103,
        104,
        105,
        106,
        107,
        108,
        109,
        110,
        111,
        112,
        113,
        114,
        115,
        116,
        117,
        118,
        119,
        120,
        121,
        122,
        123,
        124,
        125,
        126,
        127,
        128,
        129,
        130,
        131,
        132,
        133,
        134,
        135,
        136,
        137,
        138,
        139,
        140
    ],
    "means": [
        2132.939393939394,
        2164.2727272727275,
        2172.060606060606,
        2144.4545454545455,
        2164.939393939394,
        2154.060606060606,
        2160.2727272727275,
        2117.6060606060605,
        2139.3636363636365,
        2165.060606060606,
        2153.151515151515,
        2156.3030303030305,
        2154.5757575757575,
        2153.969696969697,
        2138.969696969697,
        2169.3030303030305,
        2128.848484848485,
        2146.787878787879,
        2156.878787878788,
        2135.090909090909,
        2123.181818181818,
        2142.212121212121,
        2142.6060606060605,
        2156.090909090909,
        2169.969696969697,
        2155.4242424242425,
        2170.969696969697,
        2152.6060606060605,
        2139.5454545454545,
        2179.3939393939395,
        2130.848484848485,
        2162.5151515151515,
        2154.0,
        2121.060606060606,
        2158.6060606060605,
        2159.5151515151515,
        2141.878787878788,
        2136.181818181818,
        2154.3030303030305,
        2134.939393939394,
        2130.2727272727275,
        2170.4848484848485,
        2151.787878787879,
        2151.5151515151515,
        2136.212121212121,
        2175.6363636363635,
        2148.5757575757575,
        2155.878787878788,
        2141.4848484848485,
        2169.242424242424,
        2174.0,
        2152.4848484848485,
        2131.6969696969695,
        2166.4242424242425,
        2171.939393939394,
        2133.909090909091,
        2145.909090909091,
        2163.5151515151515,
        2142.3030303030305,
        2147.3030303030305,
        2161.121212121212,
        2142.6969696969695,
        2155.4242424242425,
        2158.787878787879,
        2150.060606060606,
        2133.848484848485,
        2135.969696969697,
        2161.787878787879,
        2146.242424242424,
        2136.0,
        2144.5757575757575,
        2132.818181818182,
        2143.121212121212,
        2155.030303030303,
        2154.181818181818,
        2164.151515151515,
        2139.818181818182,
        2158.878787878788,
        2151.242424242424,
        2155.818181818182,
        2155.878787878788,
        2163.4848484848485,
        2143.6969696969695,
        2164.0,
        2154.939393939394,
        2167.818181818182,
        2139.787878787879,
        2145.6060606060605,
        2156.151515151515,
        2158.757575757576,
        2169.2727272727275,
        2163.151515151515,
        2148.4545454545455,
        2175.030303030303,
        2156.0,
        2141.3636363636365,
        2149.4848484848485,
        2136.2727272727275,
        2147.0,
        2141.969696969697,
        2147.4848484848485,
        2144.3636363636365,
        2146.6363636363635,
        2133.818181818182,
        2150.3030303030305,
        2159.939393939394,
        2170.848484848485,
        2146.909090909091,
        2167.787878787879,
        2139.090909090909,
        2161.787878787879,
        2147.969696969697,
        2149.181818181818,
        2155.4545454545455,
        2177.121212121212,
        2179.060606060606,
        2163.6969696969695,
        2163.3333333333335,
        2146.818181818182,
        2170.878787878788,
        2130.181818181818,
        2132.060606060606,
        2153.3636363636365,
        2158.212121212121,
        2139.181818181818,
        2146.060606060606,
        2136.6969696969695,
        2149.212121212121,
        2156.212121212121,
        2160.3636363636365,
        2139.6060606060605,
        2129.939393939394,
        2175.4242424242425,
        2143.3333333333335,
        2146.3333333333335,
        2164.757575757576,
        2167.090909090909,
        2168.2727272727275,
        2160.939393939394,
        2159.6969696969695
    ],
    "opt": 2224,