{
    "agg": 2140,
    "iters": [
        1,
        2,
        3,
        4,
        5,
        6,
        7,
        8,
        9,
        10,
        11,
        12,
        13,
        14,
        15,
        16,
        17,
        18,
        19,
        20,
        21,
        22,
        23,
        24,
        25,
        26,
        27,
        28,
        29,
        30,
        31,
        32,
        33,
        34,
        35,
        36,
        37,
        38,
        39,
        40,
        41,
        42,
        43,
        44,
        45,
        46,
        47,
        48,
        49,
        50,
        51,
        52,
        53,
        54,
        55,
        56,
        57,
        58,
        59,
        60,
        61,
        62,
        63,
        64,
        65,
        66,
        67,
        68,
        69,
        70,
        71,
        72,
        73,
        74,
        75,
        76,
        77,
        78,
        79,
        80,
        81,
        82,
        83,
        84,
        85,
        86,
        87,
        88,
        89,
        90,
        91,
        92,
        93,
        94,
        95,
        96,
        97,
        98,
        99,
        100,
        101,
        102,
        103
    ],
    "means": [
        2117.230769230769,
        2121.153846153846,
        2167.5384615384614,
        2140.6153846153848,
        2127.4615384615386,
        2097.3076923076924,
        2153.6923076923076,
        2143.846153846154,
        2155.3846153846152,
        2178.4615384615386,
        2184.4615384615386,
        2142.6153846153848,
        2176.6923076923076,
        2133.5384615384614,
        2188.5384615384614,
        2188.5384615384614,
        2119.769230769231,
        2140.923076923077,
        2139.3846153846152,
        2144.5384615384614,
        2135.3076923076924,
        2189.5384615384614,
        2144.230769230769,
        2159.230769230769,
        2143.846153846154,
        2161.4615384615386,
        2118.5384615384614,
        2178.3076923076924,
        2179.923076923077,
        2140.0,
        2138.769230769231,
        2204.846153846154,
        2138.230769230769,
        2178.5384615384614,
        2125.230769230769,
        2151.3076923076924,
        2109.846153846154,
        2160.769230769231,
        2122.4615384615386,
        2106.6923076923076,
        2153.6153846153848,
        2140.230769230769,
        2152.923076923077,
        2107.230769230769,
        2178.3846153846152,
        2137.846153846154,
        2120.076923076923,
        2147.769230769231,
        2066.0,
        2158.3076923076924,
        2169.076923076923,
        2159.923076923077,
        2164.846153846154,
        2156.0,
        2150.769230769231,
        2118.3076923076924,
        2147.923076923077,
        2145.6153846153848,
        2161.153846153846,
        2152.769230769231,
        2168.5384615384614,
        2168.153846153846,
        2174.0,
        2108.0,
        2161.153846153846,
        2136.0,
        2135.0,
        2152.6153846153848,
        2147.3846153846152,
        2169.153846153846,
        2148.3846153846152,
        2141.3076923076924,
        2154.769230769231,
        2146.3846153846152,
        2153.769230769231,
        2113.230769230769,
        2165.3076923076924,
        2158.769230769231,
        2131.230769230769,
        2101.3846153846152,
        2129.769230769231,
        2165.153846153846,
        2146.076923076923,
        2156.230769230769,
        2103.3076923076924,
        2159.153846153846,
        2120.923076923077,
        2180.076923076923,
        2147.923076923077,
        2157.6923076923076,
        2139.6923076923076,
        2111.6923076923076,
        2137.769230769231,
        2165.6923076923076,
        2141.923076923077,
        2163.3846153846152,
        2168.230769230769,
        2173.5384615384614,
        2170.076923076923,
        2154.3846153846152,
        2160.3076923076924,
        2129.3076923076924,
        2148.4615384615386
    ],
    "opt": 2273,
    "stdevs": [
        79.87697641339928,
        84.3635412994957,
        96.64336929351319,
        82.06426980542888,
        87.85969180339174,
        89.20278075640107,
        97.6645629893736,
        81.61433335072967,
        66.8851351331157,
        79.44385088719568,
        67.14120067739603,
        63.013476533612014,
        84.939240379303,
        78.79829692089248,
        61.04804587638694,
        79.92074476496688,
        82.08827691638186,
        73.59918638603548,
        86.10060167889337,
        88.7066170323581,
        64.7068949071172,
        80.65845883878838,
        91.1913911643265,
        89.95653125144888,
        90.3904744418486,
        94.4332205110822,
        75.46330273166949,
        82.7213902347323,
        82.10917829185304,
        87.537244820529,
        80.84662958214707,
        83.0725782339628,
        86.56536333994974,
        89.9877046170671,
        90.48939916336468,
        63.19978653248347,
        53.76565411236226,
        81.5146554507497,
        102.53900975097262,
        85.65079784565718,
        78.32431439120339,
        80.31395495769551,
        71.59336189518984,
        78.76757810766271,
        72.0080534614956,
        87.58015770520535,
        71.3609045502147,
        81.27839512928942,
        47.26358168660257,
        68.47951362986048,
        92.58381777400125,
        84.04162113405617,
        91.19366219024565,
        62.50169228478168,
        80.02322148183839,
        97.90842237314232,
        80.5609769424202,
        90.56620057389253,
        80.39216011704141,
        71.03645201439117,
        91.3670664320704,
        74.26961916800803,
        63.061630416357225,
        78.329678038011,
        79.64811664570043,
        79.92400236378403,
        87.5530608347787,
        73.81738221557146,
        93.85384583861348,
        93.08048308512879,
        76.53308833091381,
        95.43373425123893,
        100.84348409304226,
        91.87243535848076,
        64.89892004097763,
        68.28126654468812,
        77.50869391968938,
        92.3756160351303,
        78.43483708556457,
        58.615485564217536,
        65.72922760041187,
        92.18113118608146,
        74.82025799151698,
        82.96074497676955,
        66.41985872565596,
        92.08261019645195,
        88.03099239075847,
        63.09390015434448,
        93.71352544895004,
        58.47601035452272,
        85.11836520207937,
        79.59163525375556,
        84.48318343921274,
        84.37223806568733,
        88.40419546123323,
        98.198808124945,
        65.95937426366655,
        86.17389876524311,
        74.20497758388484,
        91.83391233973047,
        86.32976544834848,
        85.46378865693724,
        85.9925000169875
    ]
}