{
    "agg": 2128,
    "iters": [
        1,
        2,
        3,
        4,
        5,
        6,
        7,
        8,
        9,
        10,
        11,
        12,
        13,
        14,
        15,
        16,
        17,
        18,
        19,
        20,
        21,
        22,
        23,
        24,
        25,
        26,
        27,
        28,
        29,
        30,
        31,
        32,
        33,
        34,
        35,
        36,
        37,
        38,
        39,
        40,
        41,
        42,
        43,
        44,
        45,
        46,
        47,
        48,
        49,
        50,
        51,
        52,
        53,
        54,
        55,
        56,
        57,
        58,
        59,
        60,
        61,
        62,
        63,
        64,
        65,
        66,
        67,
        68,
        69,
        70,
        71,
        72,
        73,
        74,
        75,
        76,
        77,
        78,
        79,
        80,
        81,
        82,
        83,
        84,
        85,
        86,
        87,
        88,
        89,
        90,
        91,
        92,
        93,
        94,
        95,
        96,
        97,
        98,
        99,
        100,
        101,
        102,
        103,
        104,
        105,
        106,
        107,
        108,
        109,
        110,
        111,
        112,
        113,
        114,
        115,
        116
    ],
    "means": [
        2174.0714285714284,
        2150.8571428571427,
        2145.3928571428573,
        2137.285714285714,
        2146.785714285714,
        2159.3571428571427,
        2142.535714285714,
        2141.5714285714284,
        2156.535714285714,
        2138.75,
        2169.3571428571427,
        2139.535714285714,
        2194.1785714285716,
        2142.8214285714284,
        2161.535714285714,
        2138.5714285714284,
        2159.714285714286,
        2121.3928571428573,
        2148.714285714286,
        2162.035714285714,
        2138.964285714286,
        2166.1428571428573,
        2159.25,
        2151.9285714285716,
        2122.3928571428573,
        2142.5714285714284,
        2159.6428571428573,
        2134.3571428571427,
        2167.75,
        2148.3214285714284,
        2166.214285714286,
        2142.3571428571427,
        2186.9285714285716,
        2144.464285714286,
        2133.9285714285716,
        2173.714285714286,
        2164.785714285714,
        2147.0714285714284,
        2165.5,
        2136.714285714286,
        2185.464285714286,
        2166.3571428571427,
        2146.0714285714284,
        2148.785714285714,
        2145.3928571428573,
        2153.214285714286,
        2146.964285714286,
        2148.785714285714,
        2123.8214285714284,
        2137.6071428571427,
        2129.8928571428573,
        2165.0714285714284,
        2172.3571428571427,
        2162.8928571428573,
        2179.3214285714284,
        2166.5714285714284,
        2183.785714285714,
        2137.5,
        2156.8571428571427,
        2124.8214285714284,
        2159.535714285714,
        2156.1428571428573,
        2161.535714285714,
        2138.75,
        2160.464285714286,
        2142.964285714286,
        2171.1071428571427,
        2155.3571428571427,
        2139.3571428571427,
        2161.1428571428573,
        2158.964285714286,
        2159.6071428571427,
        2157.3214285714284,
        2156.9285714285716,
        2146.964285714286,
        2146.8571428571427,
        2133.285714285714,
        2145.3214285714284,
        2149.0714285714284,
        2131.1785714285716,
        2168.464285714286,
        2144.8571428571427,
        2156.75,
        2174.0714285714284,
        2159.25,
        2146.9285714285716,
        2117.3214285714284,
        2163.6071428571427,
        2161.3571428571427,
        2125.464285714286,
        2127.0714285714284,
        2160.6428571428573,
        2152.75,
        2206.25,
        2191.535714285714,
        2181.0,
        2151.214285714286,
        2143.4285714285716,
        2170.3928571428573,
        2154.6785714285716,
        2153.3928571428573,
        2146.5,
        2155.0714285714284,
        2167.535714285714,
        2131.3571428571427,
        2147.1428571428573,
        2143.5,
        2135.3571428571427,
        2150.714285714286,
        2149.785714285714,
        2142.6785714285716,
        2145.1428571428573,
        2157.3214285714284,
        2189.3928571428573,
        2125.214285714286,
        2159.8928571428573
    ],
    "opt": 2206,
    "stdevs": [
        77.05421494516912,
        90.11330735948663,
        90.58474299386904,
        77.19680653223622,
        79.95148401323372,
        81.09483614250412,
        97.07047592300331,
        87.74452712743016,
        91.00097414818353,
        85.25408452720274,
        76.12218293437122,
        80.29743019498424,
        73.09780804385538,
        80.19799319337672,
        78.1242061184154,
        87.78562710677991,
        90.24484834638055,
        92.43118648320964,
        79.78536257755962,
        93.10419744368485,
        81.05134269746074,
        96.21802410809165,
        66.68670085878122,
        95.92740133314678,
        96.91098245507659,
        85.1722744003623,
        68.61029404527861,
        88.14201782420487,
        82.82064313063155,
        89.37363528285884,
        91.6380134562294,
        85.93237136830096,
        88.38710659505095,
        81.04517353341423,
        91.46620319293139,
        79.77730483882581,
        84.86643167053624,
        92.22717625958373,
        98.40822410463757,
        77.77662940519248,
        80.83470000247293,
        75.73790062998007,
        73.16709280399047,
        80.54695043569183,
        72.53734963339049,
        76.63939547501344,
        103.88402948303774,
        74.0922962753007,
        68.12071930007187,
        95.36334249509471,
        85.49742656349133,
        84.69142669185612,
        74.56359427922406,
        92.12194530144514,
        88.16666586294254,
        77.01086591765966,
        81.61991928744965,
        75.04546241160374,
        84.13497416384592,
        75.11137139105435,
        87.19701917532058,
        98.85187847254608,
        78.2196915940048,
        87.75274720974349,
        87.34434405715982,
        79.55522885879665,
        100.51309057804869,
        76.74783118653409,
        93.9191195678929,
        101.53982831723658,
        82.59387825068995,
        92.0595068752948,
        93.42569758577002,
        68.17830015661067,
        89.44690449920441,
        99.02658888461445,
        79.11016601769293,
        87.232879438329,
        87.38131893007328,
        95.95238907597744,
        100.6761009173397,
        87.74545746716721,
        91.69694846145566,
        94.39087749937512,
        76.5957034416049,
        92.67605969621457,
        73.14030234098443,
        83.44088552712645,
        83.19135183664324,
        94.1076443467256,
        92.95157286436407,
        81.44201016924964,
        91.00770179338826,
        78.34977664294902,
        82.53115521809114,
        83.32209448022432,
        98.27125620403132,
        81.44341969886148,
        85.32682515971594,
        87.13456488649716,
        85.64141992121831,
        77.3694753393463,
        89.0035828217159,
        88.17777584551122,
        86.23150496761373,
        93.76822271876937,
        93.38801544401417,
        88.55999350146539,
        84.0590171685759,
        78.73252964620022,
        76.7016732781852,
        89.14823701714637,
        84.18816237258935,
        84.42635814116106,
        78.75248619334283,
        74.02573842238651
    ]
}