{
    "agg": 2242,
    "iters": [
        1,
        2,
        3,
        4,
        5,
        6,
        7,
        8,
        9,
        10,
        11,
        12,
        13,
        14,
        15,
        16,
        17,
        18,
        19,
        20,
        21,
        22,
        23,
        24,
        25,
        26,
        27,
        28,
        29,
        30,
        31,
        32,
        33,
        34,
        35,
        36,
        37,
        38,
        39,
        40,
        41,
        42,
        43,
        44,
        45,
        46,
        47,
        48,
        49,
        50,
        51,
        52,
        53,
        54,
        55,
        56,
        57,
        58,
        59,
        60,
        61,
        62,
        63,
        64,
        65,
        66,
        67,
        68,
        69,
        70,
        71,
        72,
        73,
        74,
        75,
        76,
        77,
        78,
        79,
        80,
        81,
        82,
        83,
        84,
        85,
        86,
        87,
        88,
        89,
        90,
        91,
        92,
        93,
        94,
        95,
        96,
        97,
        98,
        99,
        100,
        101,
        102,
        103,
        104,
        105,
        106,
        107,
        108,
        109,
        110,
        111,
        112,
        113,
        114,
        115,
        116,
        117,
        118,
        119,
        120,
        121,
        122,
        123,
        124,
        125,
        126,
        127,
        128,
        129,
        130,
        131,
        132,
        133,
        134,
        135,
        136,
        137,
        138,
        139,
        140,
        141,
        142,
        143,
        144,
        145
    ],
    "means": [
        2138.6363636363635,
        2141.6363636363635,
        2147.818181818182,
        2169.4242424242425,
        2158.5757575757575,
        2144.0,
        2168.909090909091,
        2138.757575757576,
        2162.909090909091,
        2163.4242424242425,
        2149.909090909091,
        2139.2727272727275,
        2153.878787878788,
        2180.3939393939395,
        2156.787878787879,
        2143.4242424242425,
        2172.6060606060605,
        2148.3333333333335,
        2131.4545454545455,
        2140.242424242424,
        2169.030303030303,
        2162.242424242424,
        2153.5151515151515,
        2139.151515151515,
        2140.6969696969695,
        2116.757575757576,
        2167.6666666666665,
        2168.6060606060605,
        2137.818181818182,
        2161.878787878788,
        2151.3636363636365,
        2163.090909090909,
        2154.151515151515,
        2162.6666666666665,
        2146.030303030303,
        2153.030303030303,
        2148.151515151515,
        2142.121212121212,
        2156.3939393939395,
        2152.878787878788,
        2142.939393939394,
        2164.5757575757575,
        2136.6363636363635,
        2128.878787878788,
        2150.909090909091,
        2148.121212121212,
        2138.969696969697,
        2145.787878787879,
        2141.121212121212,
        2155.0,
        2169.3939393939395,
        2162.969696969697,
        2136.6363636363635,
        2150.3939393939395,
        2168.5757575757575,
        2149.3333333333335,
        2181.939393939394,
        2136.0,
        2140.6969696969695,
        2139.6666666666665,
        2172.757575757576,
        2157.5454545454545,
        2138.181818181818,
        2166.181818181818,
        2129.6969696969695,
        2159.787878787879,
        2127.212121212121,
        2152.0,
        2125.5757575757575,
        2196.2727272727275,
        2145.2727272727275,
        2157.7272727272725,
        2129.090909090909,
        2147.787878787879,
        2150.757575757576,
        2137.151515151515,
        2164.4545454545455,
        2141.2727272727275,
        2157.4545454545455,
        2149.2727272727275,
        2163.848484848485,
        2168.4848484848485,
        2163.0,
        2146.5151515151515,
        2130.0,
        2148.212121212121,
        2146.6666666666665,
        2151.6363636363635,
        2163.3939393939395,
        2144.060606060606,
        2174.6363636363635,
        2164.4848484848485,
        2147.909090909091,
        2145.6666666666665,
        2153.090909090909,
        2149.181818181818,
        2162.2727272727275,
        2160.939393939394,
        2140.7272727272725,
        2141.060606060606,
        2147.909090909091,
        2158.3636363636365,
        2144.242424242424,
        2148.121212121212,
        2162.030303030303,
        2156.6969696969695,
        2148.3333333333335,
        2156.4242424242425,
        2139.2727272727275,
        2162.121212121212,
        2127.848484848485,
        2127.090909090909,
        2139.242424242424,
        2150.3939393939395,
        2166.3333333333335,
        2120.818181818182,
        2164.757575757576,
        2148.818181818182,
        2171.181818181818,
        2139.242424242424,
        2177.3939393939395,
        2155.848484848485,
        2134.4242424242425,
        2157.242424242424,
        2175.181818181818,
        2160.121212121212,
        2148.5151515151515,
        2153.3333333333335,
        2122.5757575757575,
        2162.2727272727275,
        2178.848484848485,
        2165.3333333333335,
        2148.181818181818,
        2165.151515151515,
        2136.181818181818,
        2135.212121212121,
        2161.848484848485,
        2165.969696969697,
        2145.2727272727275,
        2131.212121212121,
        2125.4848484848485,
        2160.6363636363635,
        2152.6666666666665,
        2166.3030303030305,
        2140.060606060606
    ],
    "opt": 2253,