{
    "agg": 2232,
    "iters": [
        1,
        2,
        3,
        4,
        5,
        6,
        7,
        8,
        9,
        10,
        11,
        12,
        13,
        14,
        15,
        16,
        17,
        18,
        19,
        20,
        21,
        22,
        23,
        24,
        25,
        26,
        27,
        28,
        29,
        30,
        31,
        32,
        33,
        34,
        35,
        36,
        37,
        38,
        39,
        40,
        41,
        42,
        43,
        44,
        45,
        46,
        47,
        48,
        49,
        50,
        51,
        52,
        53,
        54,
        55,
        56,
        57,
        58,
        59,
        60,
        61,
        62,
        63,
        64,
        65,
        66,
        67,
        68,
        69,
        70,
        71,
        72,
        73,
        74,
        75,
        76,
        77,
        78,
        79,
        80,
        81,
        82,
        83,
        84,
        85,
        86,
        87,
        88,
        89,
        90,
        91,
        92,
        93,
        94,
        95,
        96,
        97,
        98,
        99,
        100,
        101,
        102,
        103,
        104,
        105,
        106,
        107,
        108,
        109,
        110,
        111,
        112,
        113,
        114
    ],
    "means": [
        2136.7714285714287,
        2161.457142857143,
        2153.3142857142857,
        2167.6,
        2134.114285714286,
        2182.7428571428572,
        2131.114285714286,
        2172.2571428571428,
        2151.4,
        2143.2285714285713,
        2159.285714285714,
        2175.9714285714285,
        2150.8285714285716,
        2137.1714285714284,
        2166.942857142857,
        2178.7428571428572,
        2150.7714285714287,
        2167.114285714286,
        2146.542857142857,
        2172.1428571428573,
        2133.5714285714284,
        2147.3714285714286,
        2163.4285714285716,
        2157.0,
        2133.7714285714287,
        2162.3714285714286,
        2156.2,
        2136.3714285714286,
        2124.457142857143,
        2132.6857142857143,
        2151.057142857143,
        2177.0857142857144,
        2155.457142857143,
        2153.7714285714287,
        2134.342857142857,
        2125.6285714285714,
        2140.2285714285713,
        2145.885714285714,
        2171.342857142857,
        2157.4,
        2149.7714285714287,
        2139.6,
        2161.885714285714,
        2141.7428571428572,
        2164.6,
        2165.4857142857145,
        2159.8285714285716,
        2153.5142857142855,
        2135.6857142857143,
        2148.3142857142857,
        2143.457142857143,
        2176.0,
        2163.1428571428573,
        2179.457142857143,
        2175.4285714285716,
        2177.2285714285713,
        2124.5714285714284,
        2143.2285714285713,
        2120.057142857143,
        2163.7714285714287,
        2158.057142857143,
        2150.2571428571428,
        2163.714285714286,
        2164.3714285714286,
        2138.0,
        2132.542857142857,
        2147.714285714286,
        2154.0285714285715,
        2145.9142857142856,
        2146.0857142857144,
        2141.2,
        2142.7714285714287,
        2125.2,
        2158.1428571428573,
        2146.7714285714287,
        2133.885714285714,
        2157.4,
        2135.0285714285715,
        2149.885714285714,
        2142.1714285714284,
        2128.885714285714,
        2151.542857142857,
        2151.6857142857143,
        2130.2285714285713,
        2165.7428571428572,
        2141.2,
        2143.4857142857145,
        2164.942857142857,
        2141.885714285714,
        2129.7428571428572,
        2152.1428571428573,
        2160.1428571428573,
        2155.4,
        2153.8,
        2152.942857142857,
        2118.0,
        2157.0,
        2154.542857142857,
        2137.657142857143,
        2166.4285714285716,
        2133.657142857143,
        2153.0285714285715,
        2140.6,
        2147.714285714286,
        2141.7714285714287,
        2118.4857142857145,
        2121.5714285714284,
        2131.2,
        2123.057142857143,
        2165.9714285714285,
        2140.6285714285714,
        2154.9714285714285,
        2127.2285714285713,
        2131.7428571428572
    ],
    "opt": 2269,
    "stdevs": [
        86.00966248519015,
        79.47518673222763,
        91.98874820280123,
        80.69845103841833,
        93.0406275094216,
        81.66598972369722,
        82.39999009312403,
        82.9710251859537,
        76.23055255510839,
        91.31611834384856,
        82.57103311818305,
        89.54312152390544,
        78.00933486789009,
        79.49464877382293,
        90.9442349879915,
        88.8058372782661,
        95.27946434846605,
        88.5353106081963,
        83.45001681319454,
        88.74719886352723,
        78.5287156629565,
        84.29034369853007,
        78.39835483488366,
        90.8823415191312,
        79.51175500310296,
        70.64562900816429,
        94.24460575696476,
        81.95960179582752,
        69.97564590918874,
        73.22246783548317,
        83.26719225554834,
        82.20961759119061,
        77.33428101694722,
        87.72687671380524,
        83.08685399100419,
        83.26621187982751,
        88.15573418324956,
        101.71606740012584,
        76.96527709006848,
        87.98675224957773,
        94.75926964510369,
        81.72574345245899,
        94.51644495719748,
        83.89699223525507,
        84.98107352312547,
        90.48989570382871,
        80.23091164678031,
        87.1722011484236,
        81.05369346605862,
        93.67474775704997,
        78.62327639978338,
        80.78047854702096,
        92.34752463451551,
        85.28685809235387,
        83.0498252218977,
        81.22951107441035,
        86.80233233018099,
        89.38778622681407,
        78.10174421214671,
        82.72124816490128,
        86.9735404286492,
        80.78625868201061,
        90.4833280392649,
        83.34989440880645,
        89.76381708206742,
        93.57329987223702,
        88.75538500478119,
        80.26188766933468,
        81.26337127023517,
        86.91058506257087,
        89.96342113802223,
        82.81203698368827,
        72.59980322680929,
        60.459262722758965,
        79.52181577198466,
        85.83764456513119,
        88.04453418583121,
        85.53211116777328,
        77.0431313072921,
        82.24266731162488,
        85.65604688139034,
        73.79289274996721,
        85.54489929807836,
        83.63563345652061,
        78.7920746040372,
        86.85383452346,
        81.68349070076049,
        86.31799774493079,
        75.17323666175403,
        77.94296187676247,
        91.78457475668397,
        87.35286171030455,
        88.4921949746336,
        90.70133090849014,
        89.04539543951496,
        79.7822035293586,
        73.73155943788831,
        87.12039054652814,
        84.68426835087169,
        79.39567664166454,
        83.20849642645287,
        87.8779952025325,
        74.12005705032112,
        85.99121929545113,
        80.03466595858347,
        83.27557399675968,
        92.73688916631232,
        80.97329365731818,
        78.75856156893778,
        93.92412917252055,
        84.29407222483026,
        71.93905583966223,
        85.75316261199457,
        90.24960399031214
    ]
}