{
    "agg": 2133,
    "iters": [
        1,
        2,
        3,
        4,
        5,
        6,
        7,
        8,
        9,
        10,
        11,
        12,
        13,
        14,
        15,
        16,
        17,
        18,
        19,
        20,
        21,
        22,
        23,
        24,
        25,
        26,
        27,
        28,
        29,
        30,
        31,
        32,
        33,
        34,
        35,
        36,
        37,
        38,
        39,
        40,
        41,
        42,
        43,
        44,
        45,
        46,
        47,
        48,
        49,
        50,
        51,
        52,
        53,
        54,
        55,
        56,
        57,
        58,
        59,
        60,
        61,
        62,
        63,
        64,
        65,
        66,
        67,
        68,
        69,
        70,
        71,
        72,
        73,
        74,
        75,
        76,
        77,
        78,
        79,
        80,
        81,
        82,
        83,
        84,
        85,
        86,
        87,
        88,
        89,
        90,
        91,
        92,
        93,
        94,
        95,
        96,
        97,
        98,
        99,
        100,
        101,
        102,
        103,
        104,
        105,
        106,
        107
    ],
    "means": [
        2131.3823529411766,
        2127.6176470588234,
        2137.5882352941176,
        2139.029411764706,
        2153.3823529411766,
        2147.6470588235293,
        2144.176470588235,
        2153.0882352941176,
        2133.705882352941,
        2128.970588235294,
        2153.323529411765,
        2147.9411764705883,
        2157.029411764706,
        2152.294117647059,
        2138.823529411765,
        2138.1176470588234,
        2183.205882352941,
        2133.294117647059,
        2151.794117647059,
        2144.5,
        2134.5882352941176,
        2123.735294117647,
        2154.3529411764707,
        2132.264705882353,
        2148.8529411764707,
        2153.294117647059,
        2163.8823529411766,
        2180.529411764706,
        2168.8823529411766,
        2145.205882352941,
        2157.6176470588234,
        2124.0882352941176,
        2142.764705882353,
        2160.529411764706,
        2116.4117647058824,
        2148.705882352941,
        2168.8823529411766,
        2160.264705882353,
        2160.970588235294,
        2156.6470588235293,
        2152.705882352941,
        2129.970588235294,
        2123.029411764706,
        2143.0882352941176,
        2164.3823529411766,
        2152.676470588235,
        2113.705882352941,
        2136.529411764706,
        2125.794117647059,
        2155.823529411765,
        2126.0588235294117,
        2159.6176470588234,
        2143.6176470588234,
        2165.5588235294117,
        2160.4117647058824,
        2142.823529411765,
        2136.8529411764707,
        2173.205882352941,
        2154.029411764706,
        2149.176470588235,
        2178.235294117647,
        2161.9117647058824,
        2141.235294117647,
        2165.323529411765,
        2144.4117647058824,
        2145.323529411765,
        2156.6176470588234,
        2115.0,
        2164.823529411765,
        2167.294117647059,
        2147.8823529411766,
        2138.8823529411766,
        2164.9117647058824,
        2189.794117647059,
        2138.5588235294117,
        2125.235294117647,
        2180.676470588235,
        2134.6176470588234,
        2186.1470588235293,
        2183.1470588235293,
        2132.8823529411766,
        2154.9411764705883,
        2128.4411764705883,
        2158.0588235294117,
        2169.6176470588234,
        2166.3823529411766,
        2173.823529411765,
        2134.970588235294,
        2141.6470588235293,
        2159.264705882353,
        2137.6176470588234,
        2171.8823529411766,
        2176.6470588235293,
        2166.764705882353,
        2147.6176470588234,
        2149.8823529411766,
        2153.823529411765,
        2176.1470588235293,
        2153.794117647059,
        2159.5,
        2178.3529411764707,
        2165.0588235294117,
        2142.6176470588234,
        2160.323529411765,
        2140.5882352941176,
        2152.5882352941176,
        2140.3529411764707
    ],
    "opt": 2208,
    "stdevs": [
        71.50895242427069,
        98.5963293392282,
        100.36876642340685,
        94.2314064337231,
        72.52180795979775,
        86.69143466508474,
        85.75940030389921,
        84.26511651681076,
        97.49465427630761,
        84.2225641465438,
        97.03568797346897,
        84.9850994470659,
        76.47163460822568,
        78.28474774886745,
        81.02304341367238,
        80.45011779535936,
        74.97402664443386,
        86.05522488555711,
        88.98241049310045,
        94.19699320791383,
        80.71996532932957,
        84.21027910692635,
        84.19266502665572,
        79.6781425573167,
        81.73671230486522,
        84.06738523063252,
        86.92652905348974,
        70.51751359189709,
        82.70385320914703,
        77.64238510889477,
        87.69030220238736,
        75.34171863897218,
        75.75543421530094,
        90.8027063907749,
        81.344263924117,
        91.74309700326704,
        87.8698116888182,
        84.63253053592038,
        81.79259469360782,
        82.40177123772393,
        86.42593885272173,
        80.11480192754192,
        75.21400264426583,
        85.09246446454891,
        93.97716077539714,
        79.04009428885009,
        87.7340665647396,
        84.3425213024485,
        71.83960050481934,
        88.30277811505916,
        94.37969035527237,
        92.50946365130382,
        86.83690415874712,
        80.045645498814,
        89.83158020856679,
        75.12556962228416,
        79.22868329118793,
        98.92385051488868,
        90.93872704257834,
        88.24680317097155,
        80.95389349483024,
        85.58668383473558,
        80.13043000726246,
        81.4983654070058,
        78.20001415941606,
        88.43532717995454,
        83.68147405696209,
        79.22195180036164,
        97.18371643688273,
        88.64387753376684,
        80.92398928329281,
        91.42620447689985,
        76.08716659473676,
        85.95682206500874,
        100.35853115249598,
        84.00142114467623,
        80.4475424946319,
        81.9189034802398,
        85.92169223910707,
        84.32190851762881,
        80.65385906885648,
        83.23494076000655,
        89.85124673476928,
        80.80621014882406,
        84.48216474007725,
        79.82849804641211,
        79.5133990144892,
        82.16428496118853,
        78.17735581316188,
        79.26846002241534,
        96.65554812166222,
        93.73390519283276,
        83.14865580355293,
        90.92791547785966,
        89.37002218334682,
        87.62311161207022,
        88.08000059712938,
        84.45574279674226,
        80.38282645520331,
        88.7720974975676,
        85.58239317033176,
        88.26595545697992,
        85.0757498820497,
        67.66036314183089,
        88.17399831718393,
        84.48498566472131,
        88.9755030241937
    ]
}