{
    "agg": 2123,
    "iters": [
        1,
        2,
        3,
        4,
        5,
        6,
        7,
        8,
        9,
        10,
        11,
        12,
        13,
        14,
        15,
        16,
        17,
        18,
        19,
        20,
        21,
        22,
        23,
        24,
        25,
        26,
        27,
        28,
        29,
        30,
        31,
        32,
        33,
        34,
        35,
        36,
        37,
        38,
        39,
        40,
        41,
        42,
        43,
        44,
        45,
        46,
        47,
        48,
        49,
        50,
        51,
        52,
        53,
        54,
        55,
        56,
        57,
        58,
        59,
        60,
        61,
        62,
        63,
        64,
        65,
        66,
        67,
        68,
        69,
        70,
        71,
        72,
        73,
        74,
        75,
        76,
        77,
        78,
        79,
        80,
        81,
        82,
        83,
        84,
        85,
        86,
        87,
        88,
        89,
        90,
        91,
        92,
        93,
        94,
        95,
        96,
        97,
        98,
        99,
        100,
        101,
        102,
        103,
        104,
        105,
        106,
        107,
        108,
        109,
        110,
        111,
        112,
        113,
        114,
        115,
        116,
        117,
        118,
        119,
        120,
        121,
        122,
        123,
        124
    ],
    "means": [
        2147.5,
        2152.3076923076924,
        2125.076923076923,
        2138.0,
        2149.1923076923076,
        2176.0,
        2138.3076923076924,
        2149.423076923077,
        2148.0384615384614,
        2138.153846153846,
        2147.153846153846,
        2138.846153846154,
        2153.6153846153848,
        2128.423076923077,
        2154.153846153846,
        2173.5384615384614,
        2132.1153846153848,
        2132.6923076923076,
        2135.6153846153848,
        2162.923076923077,
        2148.230769230769,
        2123.346153846154,
        2140.3846153846152,
        2153.730769230769,
        2168.8846153846152,
        2181.8076923076924,
        2186.576923076923,
        2153.6923076923076,
        2130.769230769231,
        2166.846153846154,
        2177.8076923076924,
        2132.423076923077,
        2151.1153846153848,
        2153.923076923077,
        2169.4615384615386,
        2176.769230769231,
        2137.269230769231,
        2153.769230769231,
        2154.3076923076924,
        2167.076923076923,
        2123.269230769231,
        2134.5384615384614,
        2186.769230769231,
        2140.653846153846,
        2164.230769230769,
        2145.653846153846,
        2159.8076923076924,
        2170.1153846153848,
        2149.153846153846,
        2148.1923076923076,
        2130.423076923077,
        2138.0,
        2143.153846153846,
        2147.5,
        2151.653846153846,
        2170.8076923076924,
        2150.1153846153848,
        2149.5,
        2160.269230769231,
        2127.923076923077,
        2149.8846153846152,
        2136.730769230769,
        2123.730769230769,
        2137.423076923077,
        2118.846153846154,
        2149.8076923076924,
        2146.576923076923,
        2142.0,
        2163.423076923077,
        2133.6923076923076,
        2144.230769230769,
        2124.076923076923,
        2165.269230769231,
        2166.1923076923076,
        2137.653846153846,
        2162.730769230769,
        2130.1153846153848,
        2156.769230769231,
        2140.1153846153848,
        2170.4615384615386,
        2134.5384615384614,
        2156.5,
        2154.5384615384614,
        2163.769230769231,
        2142.1153846153848,
        2147.3846153846152,
        2120.3076923076924,
        2184.346153846154,
        2154.5,
        2122.730769230769,
        2155.153846153846,
        2129.153846153846,
        2197.230769230769,
        2143.1923076923076,
        2148.730769230769,
        2156.346153846154,
        2146.4615384615386,
        2166.6923076923076,
        2138.6153846153848,
        2136.230769230769,
        2146.346153846154,
        2146.1153846153848,
        2131.1153846153848,
        2140.5384615384614,
        2156.346153846154,
        2140.6923076923076,
        2161.5384615384614,
        2131.346153846154,
        2140.846153846154,
        2157.730769230769,
        2153.076923076923,
        2155.4615384615386,
        2158.3846153846152,
        2127.576923076923,
        2139.423076923077,
        2143.653846153846,
        2166.653846153846,
        2161.5,
        2145.076923076923,
        2159.153846153846,
        2140.6923076923076,
        2124.923076923077,
        2138.0384615384614,
        2135.3846153846152
    ],
    "opt": 2202,