{
    "agg": 2184,
    "iters": [
        1,
        2,
        3,
        4,
        5,
        6,
        7,
        8,
        9,
        10,
        11,
        12,
        13,
        14,
        15,
        16,
        17,
        18,
        19,
        20,
        21,
        22,
        23,
        24,
        25,
        26,
        27,
        28,
        29,
        30,
        31,
        32,
        33,
        34,
        35,
        36,
        37,
        38,
        39,
        40,
        41,
        42,
        43,
        44,
        45,
        46,
        47,
        48,
        49,
        50,
        51,
        52,
        53,
        54,
        55,
        56,
        57,
        58,
        59,
        60,
        61,
        62,
        63,
        64,
        65,
        66,
        67,
        68,
        69,
        70,
        71,
        72,
        73,
        74,
        75,
        76,
        77,
        78,
        79,
        80,
        81,
        82,
        83,
        84,
        85,
        86,
        87,
        88,
        89,
        90,
        91,
        92,
        93,
        94,
        95,
        96,
        97,
        98,
        99,
        100,
        101,
        102,
        103,
        104,
        105,
        106,
        107,
        108,
        109,
        110,
        111,
        112,
        113,
        114,
        115,
        116,
        117,
        118,
        119,
        120,
        121,
        122,
        123,
        124,
        125,
        126,
        127
    ],
    "means": [
        2145.733333333333,
        2153.366666666667,
        2149.133333333333,
        2138.0,
        2155.1666666666665,
        2161.7,
        2153.0666666666666,
        2149.9333333333334,
        2162.3333333333335,
        2168.9333333333334,
        2130.633333333333,
        2144.9333333333334,
        2152.6,
        2149.5333333333333,
        2167.4666666666667,
        2122.866666666667,
        2151.3,
        2148.9,
        2136.233333333333,
        2149.9,
        2123.266666666667,
        2179.766666666667,
        2155.8333333333335,
        2143.7,
        2142.1,
        2156.9666666666667,
        2147.733333333333,
        2130.1,
        2145.8,
        2138.8333333333335,
        2150.1666666666665,
        2146.5,
        2128.766666666667,
        2132.866666666667,
        2150.4666666666667,
        2166.866666666667,
        2151.4,
        2187.1666666666665,
        2153.4333333333334,
        2138.0,
        2160.9333333333334,
        2174.133333333333,
        2164.3,
        2166.3,
        2167.7,
        2159.9333333333334,
        2153.4333333333334,
        2133.866666666667,
        2148.8333333333335,
        2167.9666666666667,
        2142.9,
        2158.9333333333334,
        2139.633333333333,
        2153.6,
        2166.866666666667,
        2141.5,
        2140.4666666666667,
        2132.233333333333,
        2149.0,
        2147.7,
        2144.366666666667,
        2155.5,
        2159.0666666666666,
        2132.5333333333333,
        2167.6666666666665,
        2133.0,
        2131.2,
        2152.0333333333333,
        2148.766666666667,
        2166.8333333333335,
        2155.1666666666665,
        2160.4333333333334,
        2123.3333333333335,
        2160.2,
        2133.9666666666667,
        2133.733333333333,
        2136.9666666666667,
        2151.0666666666666,
        2130.7,
        2159.633333333333,
        2126.9,
        2183.5666666666666,
        2117.9333333333334,
        2135.7,
        2173.366666666667,
        2143.3333333333335,
        2174.8,
        2155.3,
        2144.9666666666667,
        2170.4333333333334,
        2168.366666666667,
        2163.7,
        2125.1,
        2156.866666666667,
        2150.0666666666666,
        2144.0,
        2156.3,
        2128.1,
        2151.8333333333335,
        2141.5666666666666,
        2168.0666666666666,
        2170.4,
        2155.0666666666666,
        2159.0333333333333,
        2141.5,
        2124.7,
        2125.7,
        2161.766666666667,
        2167.1666666666665,
        2158.366666666667,
        2157.366666666667,
        2166.133333333333,
        2162.9,
        2146.3,
        2143.866666666667,
        2141.2,
        2141.866666666667,
        2147.866666666667,
        2151.5,
        2163.9,
        2135.5,
        2123.4666666666667,
        2137.1,
        2144.5666666666666,
        2165.633333333333,
        2163.0,
        2140.5
    ],
    "opt": 2288,
    "stdevs": [
        88.68180321927504,
        85.87373806286116,
        82.794417417816,
        79.30531718197294,
        88.99441305809907,
        83.81254878198929,
        80.158980920557,
        96.46862472097109,
        95.67944165574733,
        100.39586091512383,
        82.89048330310435,
        84.60690804472699,
        93.02601786597124,
        86.73474249431744,
        80.00822179973478,
        88.94557636867366,
        87.63832875327249,
        80.37136720665306,
        90.19226993238142,
        87.2828161782146,
        94.46125602006829,
        70.2019388779414,
        94.59742185822097,
        85.26826295091666,
        89.50543745121485,
        86.5688486440449,
        94.05279841072718,
        82.24287203156271,
        82.92382046191553,
        76.00661520917477,
        82.2391161323018,
        94.44672219475557,
        70.75765368888058,
        83.10103622833005,
        74.00078077666178,
        91.0405526247629,
        76.94309585661341,
        77.723477076678,
        83.43288054211934,
        80.0837062079422,
        82.40871043497499,
        71.62575576487056,
        92.70675991174178,
        75.03561376661973,
        84.49502943960668,
        87.95526640792403,
        101.0559855833499,
        88.87809378893967,
        97.0711365729049,
        77.02531329951789,
        94.64613040161758,
        97.06318675080797,
        92.6486133493403,
        92.42604250606718,
        97.50512237256508,
        87.92297765658303,
        86.11183942344333,
        93.58727952499147,
        79.09782972159644,
        91.34737726576135,
        94.64547297972342,
        83.17842268280879,
        77.17552864880307,
        92.0419228153973,
        90.7047714045714,
        72.85464981729032,
        86.083835106637,
        93.87029467420575,
        63.37017349580864,
        80.18232695273663,
        94.47895121254373,
        87.61989246487099,
        76.77470648303095,
        88.17233126100274,
        86.83604602288665,
        94.60970117041674,
        73.37414773307799,
        84.70770658892587,
        78.99035806139044,
        78.65980902313173,
        81.60855755781171,
        82.80285153436579,
        84.39626110728418,
        87.95648545350896,
        82.92505987670769,
        94.68380126622623,
        84.81210605410843,
        69.31769855767958,
        64.61552101125206,
        84.59498934465458,
        77.96643864866188,
        77.21577990713212,
        74.9934886062339,
        76.23154785840892,
        77.18762134493386,
        75.97324090318467,
        89.4826426371804,
        76.4540602802319,
        92.68659857582193,
        76.43632789598297,
        76.17258182720488,
        79.50958013556186,
        92.79221710658473,
        95.98315245685335,
        88.74072721511058,
        77.55262729269718,
        78.86957588322635,
        79.04373613527021,
        78.08887386959952,
        90.68828786318306,
        92.82797111982046,
        84.45027465253673,
        92.90724765413442,
        88.20436497135502,
        77.98449988441435,
        85.82089877568671,
        87.14307520139255,
        86.72321232262765,
        88.47928194404231,
        92.64640665814657,
        97.40935957767782,
        77.4565397855827,
        79.57736277778163,
        86.9170805359274,
        91.30662018106293,
        83.36785951432363,
        90.38685376388169
    ]
}