{
    "agg": 2161,
    "iters": [
        1,
        2,
        3,
        4,
        5,
        6,
        7,
        8,
        9,
        10,
        11,
        12,
        13,
        14,
        15,
        16,
        17,
        18,
        19,
        20,
        21,
        22,
        23,
        24,
        25,
        26,
        27,
        28,
        29,
        30,
        31,
        32,
        33,
        34,
        35,
        36,
        37,
        38,
        39,
        40,
        41,
        42,
        43,
        44,
        45,
        46,
        47,
        48,
        49,
        50,
        51,
        52,
        53,
        54,
        55,
        56,
        57,
        58,
        59,
        60,
        61,
        62,
        63,
        64,
        65,
        66,
        67,
        68,
        69,
        70,
        71,
        72,
        73,
        74,
        75,
        76,
        77,
        78,
        79,
        80,
        81,
        82,
        83,
        84,
        85,
        86,
        87,
        88,
        89,
        90,
        91,
        92,
        93,
        94,
        95,
        96,
        97,
        98,
        99,
        100,
        101,
        102,
        103,
        104,
        105,
        106,
        107,
        108,
        109,
        110,
        111,
        112,
        113,
        114,
        115,
        116,
        117,
        118,
        119,
        120,
        121,
        122,
        123,
        124,
        125,
        126,
        127,
        128,
        129,
        130,
        131,
        132,
        133,
        134,
        135,
        136,
        137,
        138,
        139,
        140
    ],
    "means": [
        2169.681818181818,
        2168.0454545454545,
        2132.5454545454545,
        2140.7272727272725,
        2154.7727272727275,
        2131.0454545454545,
        2148.409090909091,
        2174.7272727272725,
        2117.909090909091,
        2142.909090909091,
        2156.6363636363635,
        2171.590909090909,
        2134.3636363636365,
        2177.1363636363635,
        2175.7272727272725,
        2164.181818181818,
        2095.909090909091,
        2147.2272727272725,
        2163.590909090909,
        2132.7727272727275,
        2174.409090909091,
        2153.6363636363635,
        2166.181818181818,
        2137.181818181818,
        2144.4545454545455,
        2166.7272727272725,
        2147.090909090909,
        2170.090909090909,
        2156.318181818182,
        2168.5454545454545,
        2169.4545454545455,
        2160.181818181818,
        2134.7272727272725,
        2139.181818181818,
        2174.681818181818,
        2129.409090909091,
        2154.090909090909,
        2164.9545454545455,
        2121.5454545454545,
        2144.3636363636365,
        2165.2272727272725,
        2143.5,
        2138.318181818182,
        2164.5454545454545,
        2142.5454545454545,
        2155.181818181818,
        2178.0454545454545,
        2160.7727272727275,
        2159.909090909091,
        2157.318181818182,
        2163.181818181818,
        2117.5,
        2143.909090909091,
        2139.5,
        2141.6363636363635,
        2147.909090909091,
        2122.590909090909,
        2141.4545454545455,
        2131.818181818182,
        2158.181818181818,
        2147.818181818182,
        2159.818181818182,
        2146.2272727272725,
        2133.7272727272725,
        2163.5454545454545,
        2124.6363636363635,
        2174.090909090909,
        2146.9545454545455,
        2168.590909090909,
        2129.9545454545455,
        2133.1363636363635,
        2154.090909090909,
        2112.681818181818,
        2129.318181818182,
        2179.590909090909,
        2121.181818181818,
        2147.2272727272725,
        2159.5,
        2160.909090909091,
        2119.318181818182,
        2153.2727272727275,
        2143.0454545454545,
        2134.5454545454545,
        2141.6363636363635,
        2141.9545454545455,
        2141.9545454545455,
        2138.5,
        2123.3636363636365,
        2151.181818181818,
        2118.7727272727275,
        2135.3636363636365,
        2133.6363636363635,
        2181.5454545454545,
        2140.681818181818,
        2134.318181818182,
        2123.7727272727275,
        2143.318181818182,
        2175.181818181818,
        2134.7727272727275,
        2182.090909090909,
        2161.3636363636365,
        2191.681818181818,
        2149.1363636363635,
        2155.5454545454545,
        2159.7272727272725,
        2133.409090909091,
        2143.409090909091,
        2167.9545454545455,
        2120.590909090909,
        2122.3636363636365,
        2155.7727272727275,
        2154.909090909091,
        2145.318181818182,
        2123.2272727272725,
        2126.9545454545455,
        2165.7727272727275,
        2191.590909090909,
        2102.590909090909,
        2160.7727272727275,
        2163.681818181818,
        2178.0454545454545,
        2161.2272727272725,
        2093.909090909091,
        2119.0454545454545,
        2189.0,
        2165.409090909091,
        2161.681818181818,
        2122.181818181818,
        2149.0454545454545,
        2146.0454545454545,
        2175.6363636363635,
        2149.1363636363635,
        2165.681818181818,
        2138.5,
        2132.909090909091,
        2118.7272727272725,
        2157.7727272727275,
        2159.409090909091,
        2143.318181818182,
        2173.0
    ],
    "opt": 2258,