{
    "agg": 2280,
    "iters": [
        1,
        2,
        3,
        4,
        5,
        6,
        7,
        8,
        9,
        10,
        11,
        12,
        13,
        14,
        15,
        16,
        17,
        18,
        19,
        20,
        21,
        22,
        23,
        24,
        25,
        26,
        27,
        28,
        29,
        30,
        31,
        32,
        33,
        34,
        35,
        36,
        37,
        38,
        39,
        40,
        41,
        42,
        43,
        44,
        45,
        46,
        47,
        48,
        49,
        50,
        51,
        52,
        53,
        54,
        55,
        56,
        57,
        58,
        59,
        60,
        61,
        62,
        63,
        64,
        65,
        66,
        67,
        68,
        69,
        70,
        71,
        72,
        73,
        74,
        75,
        76,
        77,
        78,
        79,
        80,
        81,
        82,
        83,
        84,
        85,
        86,
        87,
        88,
        89,
        90,
        91,
        92,
        93,
        94,
        95,
        96,
        97,
        98,
        99,
        100,
        101,
        102,
        103
    ],
    "means": [
        2147.5714285714284,
        2162.285714285714,
        2111.904761904762,
        2177.9523809523807,
        2108.4285714285716,
        2148.714285714286,
        2152.2380952380954,
        2150.2380952380954,
        2192.7619047619046,
        2179.3333333333335,
        2127.8571428571427,
        2121.6666666666665,
        2145.3809523809523,
        2142.5714285714284,
        2143.809523809524,
        2130.714285714286,
        2157.1428571428573,
        2158.285714285714,
        2161.4761904761904,
        2159.285714285714,
        2157.5238095238096,
        2162.3333333333335,
        2174.285714285714,
        2122.0,
        2159.5238095238096,
        2154.4761904761904,
        2117.3333333333335,
        2125.4761904761904,
        2151.7619047619046,
        2154.0,
        2145.4285714285716,
        2168.6190476190477,
        2135.8571428571427,
        2175.095238095238,
        2123.3809523809523,
        2141.809523809524,
        2149.2380952380954,
        2161.095238095238,
        2187.0476190476193,
        2139.7619047619046,
        2168.3809523809523,
        2147.190476190476,
        2147.809523809524,
        2125.5238095238096,
        2152.5714285714284,
        2140.3809523809523,
        2156.6190476190477,
        2137.6666666666665,
        2135.809523809524,
        2162.9523809523807,
        2161.6666666666665,
        2127.9523809523807,
        2154.6190476190477,
        2146.3333333333335,
        2181.3333333333335,
        2133.1428571428573,
        2155.0476190476193,
        2151.809523809524,
        2170.809523809524,
        2181.9523809523807,
        2159.1428571428573,
        2133.1428571428573,
        2161.095238095238,
        2173.095238095238,
        2119.0,
        2132.190476190476,
        2165.904761904762,
        2180.285714285714,
        2149.1428571428573,
        2140.4285714285716,
        2188.4285714285716,
        2148.9523809523807,
        2161.714285714286,
        2145.2380952380954,
        2128.0476190476193,
        2170.4285714285716,
        2167.5238095238096,
        2145.809523809524,
        2142.4285714285716,
        2094.1428571428573,
        2121.8571428571427,
        2146.8571428571427,
        2181.190476190476,
        2141.904761904762,
        2136.0476190476193,
        2147.9523809523807,
        2170.095238095238,
        2142.714285714286,
        2148.809523809524,
        2130.2380952380954,
        2137.285714285714,
        2165.285714285714,
        2129.3333333333335,
        2172.4285714285716,
        2146.6190476190477,
        2152.904761904762,
        2151.714285714286,
        2142.190476190476,
        2162.904761904762,
        2129.714285714286,
        2140.5238095238096,
        2131.5714285714284,
        2158.714285714286
    ],
    "opt": 2225,
    "stdevs": [
        95.2683285345592,
        75.9512016627361,
        76.4933266693462,
        89.05507990134997,
        73.37741408607408,
        84.9549700651793,
        68.61618909481706,
        94.89488157299547,
        70.75639278666914,
        79.74801584833337,
        79.36011095559503,
        95.64136051557318,
        91.40723957494842,
        82.42836510661643,
        81.17741830478711,
        78.40623326602284,
        79.12996284852005,
        91.410712541512,
        84.10572657453467,
        95.4239377261097,
        78.35305874092572,
        92.31897773910656,
        97.0817735123299,
        76.25770843159461,
        86.1552414167749,
        76.71568973915437,
        80.61982110843186,
        73.88705605283103,
        89.84955932366945,
        80.22112297536461,
        86.58250754190999,
        76.7168424982578,
        79.65597799243929,
        95.59184302813048,
        88.11273957427181,
        93.63231994278728,
        68.06502826387687,
        103.3412768507037,
        84.44072375142458,
        84.34560691521338,
        89.59298239444352,
        87.44828079533042,
        68.41374064686897,
        82.00035949260284,
        81.04588437514677,
        90.84076921445526,
        74.97077283878932,
        83.40853749457622,
        76.09994621587427,
        100.69400899116103,
        81.83684892070222,
        88.96680825185054,
        91.95313308858626,
        83.81858717227077,
        76.89716901924676,
        93.44174947108861,
        95.37019410121013,
        94.83952312929608,
        69.52328766927432,
        73.30073486961984,
        97.75737006159967,
        78.76685652655455,
        85.96948781089206,
        84.5210059897227,
        82.64323784741714,
        89.06478062282693,
        74.32227427571588,
        91.69470195898418,
        72.61725212456368,
        60.340755735415584,
        85.8151787154183,
        87.70213451845382,
        89.26319716068285,
        96.7996973440294,
        90.91203293528477,
        73.64559368616534,
        79.73624320674773,
        76.73555024368963,
        75.9251331927718,
        78.8369539373665,
        95.22318930971029,
        94.50990661819316,
        82.4312810756526,
        86.65525827581423,
        99.83914500476978,
        92.5014677826796,
        83.19964787122414,
        81.7785295242979,
        76.86265985981505,
        98.73480824044094,
        74.71861045482122,
        81.92164831462459,
        76.47304743585796,
        87.0191940669093,
        69.09722356111622,
        89.94067079491094,
        88.19574703985656,
        78.15650906544542,
        84.9845390767413,
        87.14309133457992,
        85.15007426533633,
        98.9398910491432,
        88.7179279982311
    ]
}