{
    "agg": 2218,
    "iters": [
        1,
        2,
        3,
        4,
        5,
        6,
        7,
        8,
        9,
        10,
        11,
        12,
        13,
        14,
        15,
        16,
        17,
        18,
        19,
        20,
        21,
        22,
        23,
        24,
        25,
        26,
        27,
        28,
        29,
        30,
        31,
        32,
        33,
        34,
        35,
        36,
        37,
        38,
        39,
        40,
        41,
        42,
        43,
        44,
        45,
        46,
        47,
        48,
        49,
        50,
        51,
        52,
        53,
        54,
        55,
        56,
        57,
        58,
        59,
        60,
        61,
        62,
        63,
        64,
        65,
        66,
        67,
        68,
        69,
        70,
        71,
        72,
        73,
        74,
        75,
        76,
        77,
        78,
        79,
        80,
        81,
        82,
        83,
        84,
        85,
        86,
        87,
        88,
        89,
        90,
        91,
        92,
        93,
        94,
        95,
        96,
        97,
        98,
        99,
        100,
        101,
        102,
        103,
        104,
        105,
        106,
        107,
        108,
        109,
        110,
        111,
        112,
        113,
        114,
        115,
        116,
        117,
        118,
        119,
        120,
        121,
        122,
        123,
        124,
        125,
        126,
        127,
        128,
        129,
        130,
        131,
        132,
        133,
        134,
        135,
        136,
        137,
        138
    ],
    "means": [
        2148.8333333333335,
        2122.2083333333335,
        2158.0625,
        2152.1666666666665,
        2149.7083333333335,
        2148.1666666666665,
        2149.0,
        2147.7708333333335,
        2165.3958333333335,
        2141.3541666666665,
        2157.6875,
        2138.3125,
        2159.6875,
        2140.1458333333335,
        2164.6458333333335,
        2146.4583333333335,
        2164.6666666666665,
        2171.3333333333335,
        2142.25,
        2153.3958333333335,
        2131.5,
        2159.3958333333335,
        2157.0208333333335,
        2132.2083333333335,
        2131.7916666666665,
        2156.6875,
        2140.625,
        2161.4791666666665,
        2150.375,
        2178.4166666666665,
        2161.0208333333335,
        2137.4375,
        2154.9166666666665,
        2150.8333333333335,
        2148.625,
        2135.6458333333335,
        2122.6666666666665,
        2164.0416666666665,
        2148.625,
        2137.6666666666665,
        2147.6041666666665,
        2137.6458333333335,
        2115.0,
        2154.4583333333335,
        2138.4375,
        2164.9375,
        2138.0625,
        2142.7916666666665,
        2122.2916666666665,
        2137.7291666666665,
        2150.4166666666665,
        2134.8958333333335,
        2154.2083333333335,
        2141.0,
        2145.5208333333335,
        2131.8333333333335,
        2148.6875,
        2134.6875,
        2142.4791666666665,
        2160.0833333333335,
        2143.4583333333335,
        2138.1666666666665,
        2138.2916666666665,
        2141.5208333333335,
        2139.3333333333335,
        2144.6666666666665,
        2140.5208333333335,
        2145.5833333333335,
        2151.9583333333335,
        2161.2083333333335,
        2140.6875,
        2142.8333333333335,
        2158.875,
        2170.7083333333335,
        2134.0416666666665,
        2162.8958333333335,
        2169.3125,
        2160.0416666666665,
        2156.1666666666665,
        2145.875,
        2145.4791666666665,
        2147.0208333333335,
        2151.6666666666665,
        2166.5625,
        2155.8125,
        2149.2916666666665,
        2157.9375,
        2166.375,
        2128.1458333333335,
        2130.0625,
        2151.7291666666665,
        2137.8125,
        2169.625,
        2144.0416666666665,
        2147.75,
        2159.2916666666665,
        2141.3125,
        2129.7291666666665,
        2134.9166666666665,
        2141.8333333333335,
        2166.0625,
        2147.5208333333335,
        2171.6666666666665,
        2149.125,
        2123.7916666666665,
        2146.6458333333335,
        2152.4166666666665,
        2146.0208333333335,
        2140.25,
        2119.9375,
        2152.0208333333335,
        2143.25,
        2146.125,
        2144.5625,
        2137.125,
        2151.0416666666665,
        2167.1666666666665,
        2128.0625,
        2127.75,
        2148.5208333333335,
        2164.9166666666665,
        2158.8541666666665,
        2154.9375,
        2164.9791666666665,
        2162.0208333333335,
        2141.9166666666665,
        2160.125,
        2167.1041666666665,
        2145.0833333333335,
        2136.8333333333335,
        2143.2291666666665,
        2142.4166666666665,
        2131.5208333333335,
        2128.5833333333335,
        2175.5208333333335,
        2159.7291666666665,
        2167.25,
        2149.8958333333335
    ],
    "opt": 2283,