{
    "agg": 2111,
    "iters": [
        1,
        2,
        3,
        4,
        5,
        6,
        7,
        8,
        9,
        10,
        11,
        12,
        13,
        14,
        15,
        16,
        17,
        18,
        19,
        20,
        21,
        22,
        23,
        24,
        25,
        26,
        27,
        28,
        29,
        30,
        31,
        32,
        33,
        34,
        35,
        36,
        37,
        38,
        39,
        40,
        41,
        42,
        43,
        44,
        45,
        46,
        47,
        48,
        49,
        50,
        51,
        52,
        53,
        54,
        55,
        56,
        57,
        58,
        59,
        60,
        61,
        62,
        63,
        64,
        65,
        66,
        67,
        68,
        69,
        70,
        71,
        72,
        73,
        74,
        75,
        76,
        77,
        78,
        79,
        80,
        81,
        82,
        83,
        84,
        85,
        86,
        87,
        88,
        89,
        90,
        91,
        92,
        93,
        94,
        95,
        96,
        97,
        98,
        99,
        100,
        101,
        102,
        103,
        104,
        105,
        106,
        107,
        108,
        109,
        110
    ],
    "means": [
        2129.25,
        2136.75,
        2184.6111111111113,
        2170.6944444444443,
        2176.0833333333335,
        2142.3888888888887,
        2147.9166666666665,
        2171.4444444444443,
        2129.5,
        2165.472222222222,
        2165.6666666666665,
        2148.3055555555557,
        2139.4444444444443,
        2161.8888888888887,
        2151.1666666666665,
        2153.0555555555557,
        2160.3055555555557,
        2150.6944444444443,
        2148.9444444444443,
        2152.222222222222,
        2158.0,
        2158.8888888888887,
        2137.1388888888887,
        2117.3611111111113,
        2147.3611111111113,
        2166.6944444444443,
        2127.6111111111113,
        2133.1944444444443,
        2139.75,
        2160.277777777778,
        2162.777777777778,
        2167.3055555555557,
        2146.5,
        2169.25,
        2151.527777777778,
        2142.027777777778,
        2164.6944444444443,
        2162.0833333333335,
        2155.3055555555557,
        2116.472222222222,
        2166.5555555555557,
        2172.722222222222,
        2132.527777777778,
        2133.6944444444443,
        2130.25,
        2147.1944444444443,
        2135.972222222222,
        2156.5,
        2155.1944444444443,
        2177.277777777778,
        2166.0,
        2162.472222222222,
        2143.1111111111113,
        2163.1944444444443,
        2142.3333333333335,
        2136.3611111111113,
        2153.6111111111113,
        2155.8611111111113,
        2153.472222222222,
        2145.0833333333335,
        2137.6666666666665,
        2143.5555555555557,
        2143.8611111111113,
        2164.4166666666665,
        2149.3611111111113,
        2143.0555555555557,
        2160.1944444444443,
        2131.5555555555557,
        2147.9444444444443,
        2152.3888888888887,
        2139.1111111111113,
        2152.1388888888887,
        2133.8888888888887,
        2165.3333333333335,
        2168.9166666666665,
        2136.8333333333335,
        2134.5,
        2140.3888888888887,
        2170.6388888888887,
        2148.722222222222,
        2139.472222222222,
        2147.1388888888887,
        2160.1944444444443,
        2161.1944444444443,
        2132.9166666666665,
        2162.9166666666665,
        2116.9166666666665,
        2131.6666666666665,
        2161.6111111111113,
        2147.25,
        2117.3055555555557,
        2127.777777777778,
        2142.0555555555557,
        2164.527777777778,
        2169.0,
        2147.277777777778,
        2175.0,
        2152.472222222222,
        2148.3888888888887,
        2145.8888888888887,
        2167.777777777778,
        2138.9444444444443,
        2122.027777777778,
        2144.0,
        2181.3333333333335,
        2167.472222222222,
        2142.4166666666665,
        2135.8333333333335,
        2137.4444444444443,
        2138.75
    ],
    "opt": 2225,
    "stdevs": [
        82.5622240091274,
        97.83556925326857,
        80.52372934517079,
        67.2891024049893,
        86.27712938870623,
        82.77354575311614,
        87.69498116894844,
        89.73059816424707,
        89.00265289429424,
        89.25229101046808,
        84.31916877093975,
        83.46150790915016,
        77.66932915480875,
        88.28985652628562,
        71.48756690657629,
        78.35635989377293,
        87.53438037087815,
        94.50773614555597,
        79.96559831315118,
        74.24363463591082,
        79.24890465418994,
        95.09462473936676,
        90.06144593115235,
        86.97705724876143,
        97.10079321617242,
        86.80079986972868,
        82.47231110357846,
        85.95761857658705,
        84.39107871491315,
        86.11639768718432,
        94.81974451883575,
        71.07266213157585,
        83.24812310196549,
        84.50488973360588,
        85.0925920888244,
        90.36883868996459,
        85.89943068122176,
        80.84909640118984,
        91.2976875222674,
        84.27945779472505,
        97.81486039237723,
        90.9464467301472,
        83.0837884009975,
        84.62263272396932,
        77.42070315992859,
        87.17441630446797,
        89.76094365687584,
        95.37309776754542,
        89.70904185954738,
        90.66379012321387,
        95.33304195759668,
        88.73915774495468,
        82.70757649621069,
        76.38201484222594,
        93.81186847444552,
        80.60471201341416,
        87.37921116152214,
        93.25954010709924,
        81.85606816273139,
        85.79477289180011,
        85.27081042837058,
        94.6298180762058,
        73.04266362802319,
        96.11491241679872,
        79.25631863271141,
        79.1776990363534,
        87.63713680234869,
        72.02215879869675,
        85.42831447231208,
        83.45433807304373,
        91.90991295157139,
        84.21142465966169,
        85.52412842706948,
        84.17145200917787,
        88.08246609475312,
        91.12582875709096,
        90.17221178266493,
        90.60790920155117,
        80.55886487455334,
        97.14925833510891,
        89.71977550843488,
        85.21383324638794,
        77.22615397664636,
        87.337092617705,
        97.55977512388097,
        84.28864922923422,
        81.59261098081534,
        91.81654413981055,
        85.65962285496195,
        86.46944707685934,
        81.68735093311042,
        91.59091145811573,
        86.1168277672335,
        79.95328014642575,
        75.7055700284552,
        83.92708843299347,
        93.4897498837885,
        77.83439903307217,
        89.55764058780424,
        90.05176837605312,
        70.67064104826586,
        82.72509509226744,
        88.59786996157636,
        91.07201058015086,
        91.42361717727962,
        84.0166934837989,
        100.05036925913312,
        76.89657556311161,
        94.51996980193141,
        100.43139587687595
    ]
}