{
    "agg": 2163,
    "iters": [
        1,
        2,
        3,
        4,
        5,
        6,
        7,
        8,
        9,
        10,
        11,
        12,
        13,
        14,
        15,
        16,
        17,
        18,
        19,
        20,
        21,
        22,
        23,
        24,
        25,
        26,
        27,
        28,
        29,
        30,
        31,
        32,
        33,
        34,
        35,
        36,
        37,
        38,
        39,
        40,
        41,
        42,
        43,
        44,
        45,
        46,
        47,
        48,
        49,
        50,
        51,
        52,
        53,
        54,
        55,
        56,
        57,
        58,
        59,
        60,
        61,
        62,
        63,
        64,
        65,
        66,
        67,
        68,
        69,
        70,
        71,
        72,
        73,
        74,
        75,
        76,
        77,
        78,
        79,
        80,
        81,
        82,
        83,
        84,
        85,
        86,
        87,
        88,
        89,
        90,
        91,
        92,
        93,
        94,
        95,
        96,
        97,
        98,
        99,
        100,
        101,
        102,
        103,
        104,
        105,
        106,
        107,
        108,
        109,
        110,
        111,
        112,
        113,
        114,
        115,
        116,
        117,
        118,
        119,
        120
    ],
    "means": [
        2158.1428571428573,
        2155.6857142857143,
        2137.114285714286,
        2129.285714285714,
        2151.4285714285716,
        2160.6857142857143,
        2154.4285714285716,
        2154.885714285714,
        2153.3714285714286,
        2130.2,
        2165.6857142857143,
        2167.657142857143,
        2136.8285714285716,
        2161.2571428571428,
        2152.4,
        2164.114285714286,
        2172.9714285714285,
        2136.4,
        2147.114285714286,
        2138.2,
        2127.7714285714287,
        2162.2,
        2149.9142857142856,
        2168.342857142857,
        2170.5142857142855,
        2148.3714285714286,
        2140.5142857142855,
        2147.942857142857,
        2150.8285714285716,
        2110.2571428571428,
        2149.6857142857143,
        2183.4,
        2130.1714285714284,
        2159.4857142857145,
        2154.885714285714,
        2148.7714285714287,
        2115.0285714285715,
        2136.9142857142856,
        2159.0285714285715,
        2160.3142857142857,
        2154.0285714285715,
        2133.3142857142857,
        2134.4285714285716,
        2120.8285714285716,
        2173.2,
        2156.942857142857,
        2162.942857142857,
        2161.7714285714287,
        2152.1714285714284,
        2125.4285714285716,
        2157.542857142857,
        2134.6285714285714,
        2137.6,
        2139.5142857142855,
        2134.1428571428573,
        2156.0,
        2159.0857142857144,
        2152.2571428571428,
        2181.1428571428573,
        2162.7428571428572,
        2154.4857142857145,
        2159.2285714285713,
        2124.8,
        2111.885714285714,
        2174.7428571428572,
        2138.4,
        2145.1714285714284,
        2153.7714285714287,
        2137.8285714285716,
        2159.657142857143,
        2157.6285714285714,
        2200.342857142857,
        2147.114285714286,
        2167.0857142857144,
        2138.0285714285715,
        2164.457142857143,
        2141.9142857142856,
        2148.1428571428573,
        2175.6857142857143,
        2152.0285714285715,
        2123.8,
        2188.714285714286,
        2147.9714285714285,
        2143.1428571428573,
        2163.9714285714285,
        2148.057142857143,
        2148.0285714285715,
        2144.6285714285714,
        2156.5714285714284,
        2144.342857142857,
        2187.9142857142856,
        2164.2285714285713,
        2153.114285714286,
        2149.5142857142855,
        2157.0,
        2155.2285714285713,
        2158.0,
        2152.0285714285715,
        2136.457142857143,
        2165.114285714286,
        2153.3142857142857,
        2147.057142857143,
        2157.0,
        2165.5714285714284,
        2174.8571428571427,
        2137.6857142857143,
        2155.0285714285715,
        2158.8,
        2143.885714285714,
        2138.8285714285716,
        2173.1428571428573,
        2150.1714285714284,
        2159.0857142857144,
        2149.2571428571428,
        2151.1428571428573,
        2133.8571428571427,
        2131.0285714285715,
        2146.9714285714285,
        2181.342857142857,
        2162.0857142857144
    ],
    "opt": 2264,
    "stdevs": [
        96.605573000184,
        71.04275229086514,
        85.08509066259037,
        83.21969939471626,
        81.41298096365072,
        94.24823497508251,
        76.46036721793872,
        82.92846191699427,
        88.43466861047706,
        81.9288192797347,
        77.97646950150005,
        83.68066609170258,
        73.93027051187615,
        94.7361276259011,
        86.74567095003316,
        94.89506126801976,
        79.5273486523565,
        81.78061244224435,
        80.56151914746232,
        89.1617470827997,
        89.16087729949906,
        102.1913611109779,
        87.77060081454917,
        79.28031384439208,
        88.18013103984413,
        85.01330508112437,
        78.14395925052006,
        83.79599133171769,
        84.10723961171263,
        75.48182103077832,
        79.54828593953717,
        76.21405944537305,
        80.15003278291307,
        82.00674934891342,
        88.65270004060675,
        83.32315257539193,
        79.09288778366349,
        72.91771151826711,
        84.42054107326037,
        70.02969632482308,
        91.70994204222221,
        91.69382949439367,
        93.69655755661029,
        81.99110952302284,
        80.48488766754379,
        90.86565997815295,
        85.03241158763029,
        94.09815110200799,
        89.59224638463363,
        91.60888469521961,
        91.35373723128382,
        80.30551865551092,
        89.57844128392246,
        89.7228658317445,
        94.5017438560619,
        110.58597172723647,
        90.96949926166664,
        93.41408362986903,
        81.81237868515039,
        97.84429112688409,
        81.1905594190329,
        79.92106309684958,
        81.76020687700972,
        85.57094681476599,
        86.17468731996581,
        97.75514600995986,
        80.89445882993319,
        85.88100928087677,
        93.1399824271543,
        95.21492765832252,
        87.64443938494924,
        65.08365731103002,
        82.95119784843251,
        93.63557670292737,
        87.34021679265375,
        82.58271796279443,
        91.97682050497333,
        87.96594888515274,
        79.62762314264403,
        94.84377702736393,
        81.42123275201097,
        83.86437058167922,
        82.06390740123933,
        98.4810766034754,
        86.51754098423731,
        84.17089515881803,
        78.50404383188922,
        95.00137915218036,
        82.872461638105,
        86.57612434223681,
        85.71993314728793,
        80.7522085374355,
        81.15655819941794,
        89.73337376554466,
        81.39778866775191,
        90.21659198499883,
        85.19054273467549,
        80.21844665457857,
        74.81953253649472,
        91.58252217179292,
        89.43657654723707,
        86.52462667014613,
        73.73117193077644,
        88.83284003896169,
        91.91397930585278,
        80.18862456860126,
        89.34827065695092,
        74.64996411825757,
        74.4690813803464,
        86.0137815250841,
        79.13285135305884,
        86.83234608445527,
        83.07977970552382,
        90.68480510841395,
        91.82223286862279,
        78.13290613056807,
        75.98326346328255,
        92.1397961839309,
        86.00097768784553,
        63.66625992675574
    ]
}