{
    "agg": 2281,
    "iters": [
        1,
        2,
        3,
        4,
        5,
        6,
        7,
        8,
        9,
        10,
        11,
        12,
        13,
        14,
        15,
        16,
        17,
        18,
        19,
        20,
        21,
        22,
        23,
        24,
        25,
        26,
        27,
        28,
        29,
        30,
        31,
        32,
        33,
        34,
        35,
        36,
        37,
        38,
        39,
        40,
        41,
        42,
        43,
        44,
        45,
        46,
        47,
        48,
        49,
        50,
        51,
        52,
        53,
        54,
        55,
        56,
        57,
        58,
        59,
        60,
        61,
        62,
        63,
        64,
        65,
        66,
        67,
        68,
        69,
        70,
        71,
        72,
        73,
        74,
        75,
        76,
        77,
        78,
        79,
        80,
        81,
        82,
        83,
        84,
        85,
        86,
        87,
        88,
        89,
        90,
        91,
        92,
        93,
        94,
        95,
        96,
        97,
        98,
        99,
        100,
        101,
        102,
        103,
        104,
        105,
        106,
        107,
        108,
        109,
        110,
        111,
        112,
        113,
        114,
        115,
        116,
        117,
        118,
        119,
        120,
        121,
        122,
        123,
        124,
        125,
        126,
        127,
        128
    ],
    "means": [
        2145.326530612245,
        2169.5102040816328,
        2143.734693877551,
        2148.183673469388,
        2149.6326530612246,
        2169.1020408163267,
        2148.6938775510203,
        2169.6326530612246,
        2166.1632653061224,
        2160.918367346939,
        2168.081632653061,
        2162.2244897959185,
        2156.204081632653,
        2141.3469387755104,
        2154.4285714285716,
        2176.673469387755,
        2164.3469387755104,
        2155.5714285714284,
        2152.9591836734694,
        2139.8979591836733,
        2161.591836734694,
        2146.3061224489797,
        2156.2448979591836,
        2161.122448979592,
        2146.408163265306,
        2135.9795918367345,
        2148.734693877551,
        2138.673469387755,
        2152.285714285714,
        2151.5714285714284,
        2154.204081632653,
        2176.469387755102,
        2148.326530612245,
        2154.7755102040815,
        2177.326530612245,
        2143.1020408163267,
        2136.673469387755,
        2144.5102040816328,
        2148.4285714285716,
        2134.9591836734694,
        2144.1632653061224,
        2113.9795918367345,
        2160.673469387755,
        2134.3061224489797,
        2141.6530612244896,
        2129.3061224489797,
        2144.6938775510203,
        2165.795918367347,
        2166.8367346938776,
        2167.8979591836733,
        2158.408163265306,
        2153.4897959183672,
        2160.5714285714284,
        2152.734693877551,
        2119.3673469387754,
        2165.8571428571427,
        2125.5102040816328,
        2139.4285714285716,
        2127.6938775510203,
        2158.6530612244896,
        2138.7551020408164,
        2147.816326530612,
        2153.2448979591836,
        2145.714285714286,
        2151.8571428571427,
        2148.387755102041,
        2136.6938775510203,
        2144.673469387755,
        2133.1020408163267,
        2149.6938775510203,
        2154.816326530612,
        2146.7551020408164,
        2153.6938775510203,
        2151.9795918367345,
        2117.3673469387754,
        2148.5510204081634,
        2154.6938775510203,
        2165.5510204081634,
        2152.183673469388,
        2147.795918367347,
        2151.4489795918366,
        2156.0408163265306,
        2133.612244897959,
        2161.183673469388,
        2149.387755102041,
        2151.877551020408,
        2155.0408163265306,
        2155.3061224489797,
        2157.7551020408164,
        2155.5714285714284,
        2155.3061224489797,
        2138.9591836734694,
        2129.4285714285716,
        2137.8367346938776,
        2141.795918367347,
        2146.1632653061224,
        2150.918367346939,
        2153.877551020408,
        2173.0408163265306,
        2141.1428571428573,
        2136.6326530612246,
        2140.816326530612,
        2146.8571428571427,
        2147.3061224489797,
        2134.8367346938776,
        2145.6530612244896,
        2126.9795918367345,
        2150.9591836734694,
        2141.5510204081634,
        2149.734693877551,
        2144.9591836734694,
        2166.387755102041,
        2153.0408163265306,
        2148.6326530612246,
        2151.9591836734694,
        2153.265306122449,
        2139.5510204081634,
        2155.3673469387754,
        2172.061224489796,
        2147.877551020408,
        2144.1428571428573,
        2119.204081632653,
        2146.204081632653,
        2137.0,
        2150.612244897959,
        2141.1020408163267,
        2155.061224489796,
        2141.3673469387754
    ],
    "opt": 2216,