{
    "agg": 2252,
    "iters": [
        1,
        2,
        3,
        4,
        5,
        6,
        7,
        8,
        9,
        10,
        11,
        12,
        13,
        14,
        15,
        16,
        17,
        18,
        19,
        20,
        21,
        22,
        23,
        24,
        25,
        26,
        27,
        28,
        29,
        30,
        31,
        32,
        33,
        34,
        35,
        36,
        37,
        38,
        39,
        40,
        41,
        42,
        43,
        44,
        45,
        46,
        47,
        48,
        49,
        50,
        51,
        52,
        53,
        54,
        55,
        56,
        57,
        58,
        59,
        60,
        61,
        62,
        63,
        64,
        65,
        66,
        67,
        68,
        69,
        70,
        71,
        72,
        73,
        74,
        75,
        76,
        77,
        78,
        79,
        80,
        81,
        82,
        83,
        84,
        85,
        86,
        87,
        88,
        89,
        90,
        91,
        92,
        93,
        94,
        95,
        96,
        97,
        98,
        99,
        100,
        101,
        102,
        103,
        104,
        105,
        106,
        107,
        108,
        109,
        110,
        111
    ],
    "means": [
        2142.5555555555557,
        2155.722222222222,
        2125.6111111111113,
        2146.8888888888887,
        2138.3888888888887,
        2152.6111111111113,
        2132.3333333333335,
        2101.222222222222,
        2178.3333333333335,
        2128.9444444444443,
        2122.5,
        2140.1666666666665,
        2152.8333333333335,
        2157.6666666666665,
        2164.222222222222,
        2138.8888888888887,
        2144.6111111111113,
        2168.1111111111113,
        2148.777777777778,
        2163.0555555555557,
        2138.277777777778,
        2170.5,
        2146.8333333333335,
        2159.5555555555557,
        2171.3888888888887,
        2156.3333333333335,
        2146.3333333333335,
        2143.5,
        2174.0555555555557,
        2144.777777777778,
        2154.0,
        2120.5,
        2163.277777777778,
        2115.5,
        2125.0,
        2156.0,
        2172.3333333333335,
        2183.4444444444443,
        2124.277777777778,
        2156.4444444444443,
        2170.0555555555557,
        2147.8888888888887,
        2159.1111111111113,
        2143.4444444444443,
        2166.277777777778,
        2151.5,
        2122.0555555555557,
        2122.3333333333335,
        2144.3888888888887,
        2131.1111111111113,
        2120.8333333333335,
        2171.8333333333335,
        2148.6666666666665,
        2134.1666666666665,
        2164.1111111111113,
        2144.4444444444443,
        2179.0555555555557,
        2142.4444444444443,
        2154.3333333333335,
        2128.8333333333335,
        2136.222222222222,
        2148.3333333333335,
        2136.277777777778,
        2164.1111111111113,
        2161.5,
        2158.777777777778,
        2149.8888888888887,
        2159.222222222222,
        2153.9444444444443,
        2118.1666666666665,
        2170.5,
        2152.1111111111113,
        2160.222222222222,
        2158.1666666666665,
        2130.6666666666665,
        2169.1111111111113,
        2142.6666666666665,
        2154.5555555555557,
        2162.3333333333335,
        2154.777777777778,
        2168.3333333333335,
        2120.5555555555557,
        2143.0,
        2144.5,
        2153.9444444444443,
        2171.1666666666665,
        2121.5,
        2151.4444444444443,
        2109.222222222222,
        2162.722222222222,
        2167.0,
        2149.0555555555557,
        2132.9444444444443,
        2091.277777777778,
        2135.6666666666665,
        2130.8888888888887,
        2148.777777777778,
        2132.1111111111113,
        2171.4444444444443,
        2146.1666666666665,
        2154.5555555555557,
        2142.4444444444443,
        2113.6111111111113,
        2148.277777777778,
        2166.8333333333335,
        2156.4444444444443,
        2141.6111111111113,
        2163.6666666666665,
        2148.9444444444443,
        2149.0,
        2172.0555555555557
    ],
    "opt": 2268,
    "stdevs": [
        94.52114532516121,
        80.70784455577727,
        79.04017184591704,
        87.43816157013728,
        100.99512578386526,
        72.92700984842378,
        86.54927947578638,
        82.86304333427107,
        70.10309867933404,
        86.15649341764491,
        92.03215017952512,
        80.66339525046868,
        77.43043472835615,
        90.13508380943202,
        79.62310912149086,
        105.48664417245168,
        71.3451227710057,
        85.33391203507476,
        82.71474109892219,
        88.8878645774315,
        78.99634700102386,
        85.13078174197626,
        95.94978432029491,
        89.8252762139565,
        92.12922017403893,
        81.37430661933641,
        88.11545456577599,
        72.37038221691401,
        74.43526062755042,
        81.50770621750748,
        78.23539977387333,
        69.04447037155755,
        89.42147738258382,
        78.2881075117912,
        86.43301838225175,
        101.68141969460846,
        103.41609588883584,
        90.4047824584409,
        101.73047481543,
        86.74561930804231,
        92.58177899818698,
        73.27489253859885,
        91.39832778004012,
        64.05485689124616,
        89.39600137438137,
        91.72498145119584,
        86.97411634262372,
        91.53020145163988,
        92.33101013255929,
        85.46207013698397,
        83.8498989597218,
        72.96821987078424,
        102.85372569279583,
        75.80915365427698,
        81.84734359966112,
        75.05643966910813,
        93.02715984665878,
        97.03963807653392,
        91.43303560529968,
        84.67142375087359,
        91.25638824247719,
        78.57834024434186,
        77.78374977072693,
        91.95584018000093,
        71.91294891896885,
        87.76139087545879,
        75.59165804129513,
        83.11942917376683,
        76.64744122874279,
        80.24424520729751,
        65.5593454648365,
        80.42380029767921,
        80.05453388198401,
        95.64648451459155,
        104.90948479522717,
        77.47464738644715,
        91.25239722878517,
        89.3726419873692,
        77.34123522847736,
        81.5799236982806,
        60.070329152123385,
        76.99005868164063,
        68.43975452907469,
        91.10265882203683,
        86.2885805643045,
        90.76052127561975,
        76.12289041047012,
        80.36598383660024,
        66.9772395466098,
        81.1868938215711,
        99.88270899187484,
        85.3310365721004,
        68.78749258260886,
        74.15135089468143,
        69.82517852147286,
        89.50784502482256,
        71.5507244745957,
        80.73887187779357,
        73.70980804797375,
        91.61953333699581,
        79.5125582130285,
        91.05384379110967,
        75.37324819330713,
        101.28496957460368,
        91.14777378886808,
        86.92667550056339,
        87.01732834383485,
        98.29264695003612,
        92.56317495648413,
        60.49242376804994,
        97.7101565414672
    ]
}