{
    "agg": 2255,
    "iters": [
        1,
        2,
        3,
        4,
        5,
        6,
        7,
        8,
        9,
        10,
        11,
        12,
        13,
        14,
        15,
        16,
        17,
        18,
        19,
        20,
        21,
        22,
        23,
        24,
        25,
        26,
        27,
        28,
        29,
        30,
        31,
        32,
        33,
        34,
        35,
        36,
        37,
        38,
        39,
        40,
        41,
        42,
        43,
        44,
        45,
        46,
        47,
        48,
        49,
        50,
        51,
        52,
        53,
        54,
        55,
        56,
        57,
        58,
        59,
        60,
        61,
        62,
        63,
        64,
        65,
        66,
        67,
        68,
        69,
        70,
        71,
        72,
        73,
        74,
        75,
        76,
        77,
        78,
        79,
        80,
        81,
        82,
        83,
        84,
        85,
        86,
        87,
        88,
        89,
        90,
        91,
        92,
        93,
        94,
        95,
        96,
        97,
        98,
        99,
        100,
        101,
        102,
        103,
        104,
        105,
        106,
        107,
        108,
        109,
        110,
        111,
        112,
        113,
        114,
        115,
        116,
        117,
        118,
        119,
        120,
        121,
        122,
        123,
        124,
        125,
        126,
        127,
        128,
        129,
        130,
        131,
        132,
        133
    ],
    "means": [
        2162.2368421052633,
        2179.8947368421054,
        2139.6052631578946,
        2111.9736842105262,
        2161.0263157894738,
        2126.3947368421054,
        2168.9210526315787,
        2144.8684210526317,
        2167.315789473684,
        2131.3684210526317,
        2142.9736842105262,
        2152.9210526315787,
        2176.184210526316,
        2152.2894736842104,
        2161.4736842105262,
        2141.9736842105262,
        2165.815789473684,
        2158.5,
        2144.6315789473683,
        2162.5,
        2130.7368421052633,
        2165.7105263157896,
        2132.0263157894738,
        2143.9210526315787,
        2172.0526315789475,
        2147.8947368421054,
        2183.0263157894738,
        2158.842105263158,
        2136.6315789473683,
        2132.2894736842104,
        2169.5263157894738,
        2147.3684210526317,
        2150.3947368421054,
        2141.8947368421054,
        2185.2368421052633,
        2162.8947368421054,
        2157.7631578947367,
        2150.9473684210525,
        2176.9473684210525,
        2139.2368421052633,
        2170.5,
        2147.9473684210525,
        2156.4210526315787,
        2145.4736842105262,
        2128.7894736842104,
        2132.157894736842,
        2130.0526315789475,
        2148.3684210526317,
        2141.5789473684213,
        2180.0789473684213,
        2151.184210526316,
        2156.0263157894738,
        2133.2105263157896,
        2162.8947368421054,
        2173.9473684210525,
        2150.0789473684213,
        2135.4473684210525,
        2160.8684210526317,
        2146.9473684210525,
        2160.815789473684,
        2157.815789473684,
        2152.5789473684213,
        2134.3684210526317,
        2164.7894736842104,
        2159.2368421052633,
        2149.315789473684,
        2131.7631578947367,
        2169.2368421052633,
        2179.3684210526317,
        2157.0526315789475,
        2140.5263157894738,
        2139.2368421052633,
        2149.0263157894738,
        2137.2894736842104,
        2145.657894736842,
        2144.842105263158,
        2163.7368421052633,
        2149.4473684210525,
        2152.6052631578946,
        2175.842105263158,
        2171.0263157894738,
        2136.0263157894738,
        2145.9736842105262,
        2138.3947368421054,
        2148.7894736842104,
        2166.815789473684,
        2128.5263157894738,
        2160.684210526316,
        2126.815789473684,
        2152.6315789473683,
        2159.815789473684,
        2158.2368421052633,
        2143.0789473684213,
        2138.4210526315787,
        2172.8684210526317,
        2128.4473684210525,
        2146.0526315789475,
        2142.2368421052633,
        2140.1052631578946,
        2154.815789473684,
        2146.315789473684,
        2151.2105263157896,
        2134.815789473684,
        2164.815789473684,
        2141.157894736842,
        2121.5789473684213,
        2142.842105263158,
        2145.157894736842,
        2127.7894736842104,
        2154.3684210526317,
        2129.1315789473683,
        2140.1315789473683,
        2142.7894736842104,
        2156.1315789473683,
        2183.7631578947367,
        2158.315789473684,
        2143.0263157894738,
        2152.7631578947367,
        2160.4210526315787,
        2152.315789473684,
        2136.2894736842104,
        2166.3684210526317,
        2148.4736842105262,
        2159.4473684210525,
        2135.0526315789475,
        2132.0526315789475,
        2140.815789473684,
        2154.7105263157896,
        2157.1052631578946,
        2133.4210526315787,
        2148.684210526316,
        2183.2631578947367,
        2158.842105263158
    ],
    "opt": 2226,