{
    "agg": 2178,
    "iters": [
        1,
        2,
        3,
        4,
        5,
        6,
        7,
        8,
        9,
        10,
        11,
        12,
        13,
        14,
        15,
        16,
        17,
        18,
        19,
        20,
        21,
        22,
        23,
        24,
        25,
        26,
        27,
        28,
        29,
        30,
        31,
        32,
        33,
        34,
        35,
        36,
        37,
        38,
        39,
        40,
        41,
        42,
        43,
        44,
        45,
        46,
        47,
        48,
        49,
        50,
        51,
        52,
        53,
        54,
        55,
        56,
        57,
        58,
        59,
        60,
        61,
        62,
        63,
        64,
        65,
        66,
        67,
        68,
        69,
        70,
        71,
        72,
        73,
        74,
        75,
        76,
        77,
        78,
        79,
        80,
        81,
        82,
        83,
        84,
        85,
        86,
        87,
        88,
        89,
        90,
        91,
        92,
        93,
        94,
        95,
        96,
        97,
        98,
        99,
        100,
        101,
        102,
        103,
        104,
        105,
        106,
        107,
        108,
        109,
        110,
        111,
        112,
        113,
        114,
        115,
        116,
        117,
        118,
        119,
        120,
        121
    ],
    "means": [
        2110.2105263157896,
        2117.4736842105262,
        2106.1052631578946,
        2136.4736842105262,
        2136.6315789473683,
        2160.5263157894738,
        2133.157894736842,
        2147.6315789473683,
        2142.5263157894738,
        2139.157894736842,
        2130.2631578947367,
        2147.315789473684,
        2149.3684210526317,
        2122.842105263158,
        2139.8947368421054,
        2187.1052631578946,
        2101.4210526315787,
        2144.1052631578946,
        2167.4736842105262,
        2150.157894736842,
        2156.2631578947367,
        2102.315789473684,
        2180.2631578947367,
        2116.1052631578946,
        2161.5789473684213,
        2188.0526315789475,
        2136.0,
        2163.9473684210525,
        2110.8947368421054,
        2173.842105263158,
        2171.842105263158,
        2169.8947368421054,
        2153.7894736842104,
        2160.5263157894738,
        2165.9473684210525,
        2155.0526315789475,
        2174.0,
        2183.2105263157896,
        2185.0,
        2182.1052631578946,
        2154.157894736842,
        2160.7368421052633,
        2151.8947368421054,
        2154.157894736842,
        2163.5263157894738,
        2192.3684210526317,
        2159.315789473684,
        2112.6315789473683,
        2122.7894736842104,
        2193.3684210526317,
        2146.9473684210525,
        2119.8947368421054,
        2176.315789473684,
        2128.684210526316,
        2166.5789473684213,
        2128.4736842105262,
        2162.6315789473683,
        2127.4736842105262,
        2147.2631578947367,
        2134.157894736842,
        2112.2105263157896,
        2140.3684210526317,
        2168.157894736842,
        2135.157894736842,
        2174.2105263157896,
        2137.2105263157896,
        2127.4210526315787,
        2154.4210526315787,
        2117.5263157894738,
        2140.2105263157896,
        2135.3684210526317,
        2167.5789473684213,
        2162.7894736842104,
        2128.5789473684213,
        2152.6315789473683,
        2111.7894736842104,
        2165.0526315789475,
        2127.315789473684,
        2153.1052631578946,
        2154.3684210526317,
        2137.315789473684,
        2160.4736842105262,
        2156.157894736842,
        2143.3684210526317,
        2104.8947368421054,
        2161.1052631578946,
        2164.2105263157896,
        2168.315789473684,
        2168.2105263157896,
        2160.7894736842104,
        2130.0,
        2168.157894736842,
        2152.0526315789475,
        2153.315789473684,
        2158.4210526315787,
        2169.2631578947367,
        2174.0526315789475,
        2124.7894736842104,
        2150.684210526316,
        2146.7368421052633,
        2170.1052631578946,
        2180.2105263157896,
        2146.0526315789475,
        2145.0,
        2158.4210526315787,
        2133.2631578947367,
        2153.7368421052633,
        2154.315789473684,
        2144.2105263157896,
        2171.5789473684213,
        2147.4210526315787,
        2193.4736842105262,
        2179.5263157894738,
        2129.2105263157896,
        2166.0,
        2141.9473684210525,
        2155.684210526316,
        2185.0526315789475,
        2147.7894736842104,
        2134.684210526316,
        2160.1052631578946
    ],
    "opt": 2277,