{
    "agg": 2150,
    "iters": [
        1,
        2,
        3,
        4,
        5,
        6,
        7,
        8,
        9,
        10,
        11,
        12,
        13,
        14,
        15,
        16,
        17,
        18,
        19,
        20,
        21,
        22,
        23,
        24,
        25,
        26,
        27,
        28,
        29,
        30,
        31,
        32,
        33,
        34,
        35,
        36,
        37,
        38,
        39,
        40,
        41,
        42,
        43,
        44,
        45,
        46,
        47,
        48,
        49,
        50,
        51,
        52,
        53,
        54,
        55,
        56,
        57,
        58,
        59,
        60,
        61,
        62,
        63,
        64,
        65,
        66,
        67,
        68,
        69,
        70,
        71,
        72,
        73,
        74,
        75,
        76,
        77,
        78,
        79,
        80,
        81,
        82,
        83,
        84,
        85,
        86,
        87,
        88,
        89,
        90,
        91,
        92,
        93,
        94,
        95,
        96,
        97,
        98,
        99,
        100,
        101,
        102,
        103,
        104,
        105,
        106,
        107,
        108,
        109,
        110,
        111,
        112,
        113,
        114,
        115,
        116,
        117,
        118,
        119,
        120,
        121,
        122,
        123,
        124,
        125,
        126,
        127,
        128,
        129,
        130,
        131,
        132,
        133,
        134,
        135,
        136,
        137,
        138,
        139,
        140,
        141,
        142
    ],
    "means": [
        2164.673469387755,
        2150.5714285714284,
        2138.877551020408,
        2147.2448979591836,
        2131.0408163265306,
        2145.408163265306,
        2143.204081632653,
        2158.2244897959185,
        2134.6938775510203,
        2148.122448979592,
        2150.4489795918366,
        2151.285714285714,
        2149.816326530612,
        2159.285714285714,
        2166.6326530612246,
        2151.7755102040815,
        2124.795918367347,
        2153.530612244898,
        2139.591836734694,
        2157.9795918367345,
        2115.408163265306,
        2142.877551020408,
        2148.3469387755104,
        2124.734693877551,
        2152.816326530612,
        2153.8367346938776,
        2163.714285714286,
        2146.8979591836733,
        2150.877551020408,
        2163.3673469387754,
        2140.7755102040815,
        2137.530612244898,
        2141.612244897959,
        2130.734693877551,
        2151.714285714286,
        2143.183673469388,
        2168.265306122449,
        2146.285714285714,
        2143.714285714286,
        2166.6530612244896,
        2139.938775510204,
        2152.714285714286,
        2160.081632653061,
        2133.0204081632655,
        2162.918367346939,
        2152.2448979591836,
        2168.4489795918366,
        2160.265306122449,
        2169.6326530612246,
        2173.673469387755,
        2165.673469387755,
        2152.204081632653,
        2183.816326530612,
        2172.6938775510203,
        2138.265306122449,
        2159.918367346939,
        2147.918367346939,
        2156.0204081632655,
        2149.5714285714284,
        2161.0204081632655,
        2166.877551020408,
        2135.061224489796,
        2139.7755102040815,
        2144.204081632653,
        2178.387755102041,
        2155.938775510204,
        2143.1428571428573,
        2136.4897959183672,
        2161.5714285714284,
        2160.3469387755104,
        2148.877551020408,
        2141.285714285714,
        2152.9591836734694,
        2139.061224489796,
        2144.3469387755104,
        2165.918367346939,
        2130.938775510204,
        2138.4897959183672,
        2150.673469387755,
        2120.8367346938776,
        2144.408163265306,
        2125.3673469387754,
        2138.591836734694,
        2153.5102040816328,
        2165.408163265306,
        2140.1428571428573,
        2168.122448979592,
        2160.816326530612,
        2151.326530612245,
        2136.204081632653,
        2150.081632653061,
        2154.795918367347,
        2144.6938775510203,
        2159.408163265306,
        2149.1020408163267,
        2155.673469387755,
        2167.081632653061,
        2142.387755102041,
        2149.6938775510203,
        2159.8979591836733,
        2138.5714285714284,
        2151.326530612245,
        2142.6938775510203,
        2162.183673469388,
        2158.8367346938776,
        2165.9795918367345,
        2133.2244897959185,
        2155.9591836734694,
        2161.734693877551,
        2149.734693877551,
        2144.714285714286,
        2126.5714285714284,
        2137.3061224489797,
        2150.4897959183672,
        2162.081632653061,
        2150.183673469388,
        2153.204081632653,
        2169.673469387755,
        2171.530612244898,
        2158.1020408163267,
        2160.8367346938776,
        2151.2244897959185,
        2154.8571428571427,
        2148.612244897959,
        2148.081632653061,
        2131.5102040816328,
        2141.0204081632655,
        2150.5714285714284,
        2155.469387755102,
        2151.9591836734694,
        2174.7755102040815,
        2108.081632653061,
        2156.5102040816328,
        2151.9591836734694,
        2144.816326530612,
        2157.9591836734694,
        2162.9795918367345,
        2152.9795918367345,
        2149.5102040816328,
        2134.183673469388,
        2153.9591836734694,
        2132.795918367347
    ],
    "opt": 2289,