{
    "agg": 2233,
    "iters": [
        1,
        2,
        3,
        4,
        5,
        6,
        7,
        8,
        9,
        10,
        11,
        12,
        13,
        14,
        15,
        16,
        17,
        18,
        19,
        20,
        21,
        22,
        23,
        24,
        25,
        26,
        27,
        28,
        29,
        30,
        31,
        32,
        33,
        34,
        35,
        36,
        37,
        38,
        39,
        40,
        41,
        42,
        43,
        44,
        45,
        46,
        47,
        48,
        49,
        50,
        51,
        52,
        53,
        54,
        55,
        56,
        57,
        58,
        59,
        60,
        61,
        62,
        63,
        64,
        65,
        66,
        67,
        68,
        69,
        70,
        71,
        72,
        73,
        74,
        75,
        76,
        77,
        78,
        79,
        80,
        81,
        82,
        83,
        84,
        85,
        86,
        87,
        88,
        89,
        90,
        91,
        92,
        93,
        94,
        95,
        96,
        97,
        98,
        99,
        100,
        101,
        102,
        103,
        104,
        105,
        106,
        107,
        108,
        109,
        110,
        111,
        112,
        113,
        114,
        115,
        116,
        117,
        118,
        119,
        120,
        121,
        122,
        123,
        124,
        125,
        126,
        127,
        128,
        129,
        130,
        131,
        132,
        133,
        134,
        135,
        136,
        137,
        138,
        139,
        140,
        141
    ],
    "means": [
        2112.025641025641,
        2149.74358974359,
        2155.5384615384614,
        2156.948717948718,
        2168.358974358974,
        2146.5641025641025,
        2146.4102564102564,
        2132.2051282051284,
        2155.4615384615386,
        2151.6666666666665,
        2153.3076923076924,
        2168.769230769231,
        2146.3076923076924,
        2152.3333333333335,
        2167.7948717948716,
        2148.846153846154,
        2160.6666666666665,
        2170.769230769231,
        2126.6666666666665,
        2156.5128205128203,
        2153.7948717948716,
        2158.4615384615386,
        2146.3846153846152,
        2137.897435897436,
        2138.4358974358975,
        2155.3076923076924,
        2159.3846153846152,
        2153.974358974359,
        2158.025641025641,
        2116.641025641026,
        2168.4102564102564,
        2160.5897435897436,
        2149.4102564102564,
        2136.5384615384614,
        2155.6666666666665,
        2170.025641025641,
        2156.5641025641025,
        2158.2051282051284,
        2146.6153846153848,
        2180.5897435897436,
        2150.051282051282,
        2172.153846153846,
        2134.1794871794873,
        2146.5384615384614,
        2144.4102564102564,
        2174.5384615384614,
        2150.076923076923,
        2171.974358974359,
        2133.3846153846152,
        2163.4615384615386,
        2139.3846153846152,
        2163.0,
        2160.3846153846152,
        2160.6666666666665,
        2122.641025641026,
        2155.7179487179487,
        2127.4871794871797,
        2159.051282051282,
        2137.4615384615386,
        2141.3846153846152,
        2155.7179487179487,
        2151.4615384615386,
        2124.7179487179487,
        2151.3846153846152,
        2142.153846153846,
        2149.358974358974,
        2146.102564102564,
        2147.051282051282,
        2138.076923076923,
        2169.358974358974,
        2147.5641025641025,
        2140.948717948718,
        2161.025641025641,
        2162.5384615384614,
        2145.051282051282,
        2167.6153846153848,
        2179.051282051282,
        2136.3333333333335,
        2152.7179487179487,
        2136.0,
        2159.8205128205127,
        2157.846153846154,
        2150.3846153846152,
        2145.230769230769,
        2129.871794871795,
        2144.5897435897436,
        2151.769230769231,
        2140.2051282051284,
        2147.897435897436,
        2142.358974358974,
        2120.2820512820513,
        2148.102564102564,
        2140.128205128205,
        2139.8205128205127,
        2160.3076923076924,
        2151.3333333333335,
        2176.230769230769,
        2145.025641025641,
        2163.4102564102564,
        2148.2820512820513,
        2149.5641025641025,
        2154.0,
        2122.5128205128203,
        2145.3076923076924,
        2167.5641025641025,
        2153.3076923076924,
        2171.358974358974,
        2157.4358974358975,
        2161.5128205128203,
        2121.2051282051284,
        2146.102564102564,
        2146.0,
        2131.3333333333335,
        2153.0,
        2159.974358974359,
        2155.2820512820513,
        2153.769230769231,
        2143.641025641026,
        2148.102564102564,
        2143.0,
        2158.948717948718,
        2148.6666666666665,
        2168.2820512820513,
        2134.8205128205127,
        2153.948717948718,
        2156.051282051282,
        2147.6666666666665,
        2154.153846153846,
        2163.3076923076924,
        2127.153846153846,
        2138.871794871795,
        2143.6666666666665,
        2163.051282051282,
        2174.2051282051284,
        2159.641025641026,
        2169.3076923076924,
        2154.846153846154,
        2178.4102564102564,
        2145.4615384615386,
        2154.7179487179487,
        2150.4358974358975
    ],
    "opt": 2282,