{
    "agg": 2106,
    "iters": [
        1,
        2,
        3,
        4,
        5,
        6,
        7,
        8,
        9,
        10,
        11,
        12,
        13,
        14,
        15,
        16,
        17,
        18,
        19,
        20,
        21,
        22,
        23,
        24,
        25,
        26,
        27,
        28,
        29,
        30,
        31,
        32,
        33,
        34,
        35,
        36,
        37,
        38,
        39,
        40,
        41,
        42,
        43,
        44,
        45,
        46,
        47,
        48,
        49,
        50,
        51,
        52,
        53,
        54,
        55,
        56,
        57,
        58,
        59,
        60,
        61,
        62,
        63,
        64,
        65,
        66,
        67,
        68,
        69,
        70,
        71,
        72,
        73,
        74,
        75,
        76,
        77,
        78,
        79,
        80,
        81,
        82,
        83,
        84,
        85,
        86,
        87,
        88,
        89,
        90,
        91,
        92,
        93,
        94,
        95,
        96,
        97,
        98,
        99,
        100,
        101,
        102,
        103,
        104,
        105,
        106,
        107,
        108,
        109,
        110,
        111,
        112,
        113,
        114,
        115,
        116,
        117,
        118,
        119,
        120,
        121,
        122,
        123,
        124,
        125,
        126,
        127,
        128,
        129,
        130,
        131,
        132,
        133,
        134,
        135,
        136,
        137,
        138,
        139,
        140,
        141,
        142,
        143,
        144,
        145,
        146,
        147,
        148,
        149
    ],
    "means": [
        2159.0,
        2155.3823529411766,
        2146.970588235294,
        2145.3823529411766,
        2145.235294117647,
        2139.735294117647,
        2151.029411764706,
        2142.0,
        2155.0,
        2140.235294117647,
        2145.323529411765,
        2126.735294117647,
        2157.3823529411766,
        2134.5882352941176,
        2170.0,
        2144.470588235294,
        2163.8529411764707,
        2135.294117647059,
        2147.8823529411766,
        2117.823529411765,
        2150.176470588235,
        2197.0588235294117,
        2131.9411764705883,
        2156.6470588235293,
        2167.205882352941,
        2155.794117647059,
        2127.6470588235293,
        2176.235294117647,
        2173.5588235294117,
        2147.794117647059,
        2172.5882352941176,
        2116.4411764705883,
        2150.294117647059,
        2150.0588235294117,
        2161.176470588235,
        2147.4411764705883,
        2150.5588235294117,
        2140.1470588235293,
        2134.470588235294,
        2141.029411764706,
        2146.205882352941,
        2116.6470588235293,
        2168.6176470588234,
        2129.264705882353,
        2157.4411764705883,
        2173.235294117647,
        2143.1470588235293,
        2171.735294117647,
        2151.264705882353,
        2182.705882352941,
        2147.3823529411766,
        2155.9117647058824,
        2148.5882352941176,
        2148.323529411765,
        2132.4411764705883,
        2147.5,
        2150.970588235294,
        2166.6176470588234,
        2157.264705882353,
        2148.3823529411766,
        2140.205882352941,
        2162.176470588235,
        2143.764705882353,
        2162.5882352941176,
        2149.470588235294,
        2139.764705882353,
        2156.8529411764707,
        2167.9411764705883,
        2148.5882352941176,
        2146.5,
        2156.235294117647,
        2134.0882352941176,
        2158.4411764705883,
        2150.029411764706,
        2152.205882352941,
        2156.0882352941176,
        2160.3529411764707,
        2154.529411764706,
        2122.3529411764707,
        2147.1176470588234,
        2129.029411764706,
        2152.8529411764707,
        2140.0588235294117,
        2157.5,
        2160.176470588235,
        2148.764705882353,
        2134.735294117647,
        2136.5882352941176,
        2159.6470588235293,
        2159.205882352941,
        2124.323529411765,
        2173.0588235294117,
        2139.970588235294,
        2142.0882352941176,
        2166.764705882353,
        2164.9117647058824,
        2151.676470588235,
        2129.1176470588234,
        2138.1176470588234,
        2139.205882352941,
        2159.470588235294,
        2132.8529411764707,
        2116.823529411765,
        2141.970588235294,
        2128.0,
        2128.6470588235293,
        2122.0,
        2170.3823529411766,
        2124.0,
        2123.5588235294117,
        2144.0,
        2131.323529411765,
        2169.970588235294,
        2147.6176470588234,
        2126.5588235294117,
        2130.705882352941,
        2156.1470588235293,
        2129.1176470588234,
        2148.205882352941,
        2167.294117647059,
        2143.8823529411766,
        2140.9411764705883,
        2131.235294117647,
        2150.735294117647,
        2158.9117647058824,
        2173.1470588235293,
        2146.9411764705883,
        2168.1470588235293,
        2147.5882352941176,
        2150.205882352941,
        2134.4117647058824,
        2155.823529411765,
        2161.4117647058824,
        2170.9117647058824,
        2167.323529411765,
        2126.264705882353,
        2134.1176470588234,
        2165.5588235294117,
        2151.9411764705883,
        2191.176470588235,
        2170.235294117647,
        2142.5,
        2147.3823529411766,
        2157.6176470588234,
        2166.9117647058824,
        2135.1470588235293,
        2136.323529411765,
        2136.8529411764707,
        2130.323529411765
    ],
    "opt": 2206,