{
    "agg": 2195,
    "iters": [
        1,
        2,
        3,
        4,
        5,
        6,
        7,
        8,
        9,
        10,
        11,
        12,
        13,
        14,
        15,
        16,
        17,
        18,
        19,
        20,
        21,
        22,
        23,
        24,
        25,
        26,
        27,
        28,
        29,
        30,
        31,
        32,
        33,
        34,
        35,
        36,
        37,
        38,
        39,
        40,
        41,
        42,
        43,
        44,
        45,
        46,
        47,
        48,
        49,
        50,
        51,
        52,
        53,
        54,
        55,
        56,
        57,
        58,
        59,
        60,
        61,
        62,
        63,
        64,
        65,
        66,
        67,
        68,
        69,
        70,
        71,
        72,
        73,
        74,
        75,
        76,
        77,
        78,
        79,
        80,
        81,
        82,
        83,
        84,
        85,
        86,
        87,
        88,
        89,
        90,
        91,
        92,
        93,
        94,
        95,
        96,
        97,
        98,
        99,
        100,
        101,
        102,
        103,
        104,
        105,
        106,
        107,
        108,
        109,
        110,
        111,
        112,
        113,
        114,
        115,
        116,
        117,
        118,
        119,
        120,
        121
    ],
    "means": [
        2140.8823529411766,
        2158.9411764705883,
        2163.705882352941,
        2168.470588235294,
        2166.5882352941176,
        2161.176470588235,
        2149.235294117647,
        2148.470588235294,
        2164.764705882353,
        2194.705882352941,
        2122.3529411764707,
        2186.1176470588234,
        2150.6470588235293,
        2134.235294117647,
        2163.3529411764707,
        2155.294117647059,
        2125.0588235294117,
        2143.529411764706,
        2150.5882352941176,
        2162.8823529411766,
        2141.529411764706,
        2141.176470588235,
        2158.8823529411766,
        2164.4117647058824,
        2144.3529411764707,
        2155.5882352941176,
        2160.705882352941,
        2143.470588235294,
        2165.4117647058824,
        2143.4117647058824,
        2145.823529411765,
        2134.705882352941,
        2168.1176470588234,
        2160.1176470588234,
        2151.529411764706,
        2163.470588235294,
        2123.9411764705883,
        2179.176470588235,
        2160.0,
        2131.176470588235,
        2183.764705882353,
        2155.9411764705883,
        2145.9411764705883,
        2118.764705882353,
        2123.176470588235,
        2159.5882352941176,
        2154.764705882353,
        2127.823529411765,
        2135.705882352941,
        2155.8823529411766,
        2179.8823529411766,
        2115.235294117647,
        2148.4117647058824,
        2121.0,
        2150.4117647058824,
        2198.823529411765,
        2148.8823529411766,
        2140.9411764705883,
        2128.1176470588234,
        2111.823529411765,
        2157.823529411765,
        2151.6470588235293,
        2125.823529411765,
        2125.235294117647,
        2135.4117647058824,
        2133.235294117647,
        2159.8823529411766,
        2137.3529411764707,
        2162.1176470588234,
        2177.470588235294,
        2119.176470588235,
        2132.470588235294,
        2126.235294117647,
        2152.705882352941,
        2154.0,
        2192.705882352941,
        2129.470588235294,
        2160.705882352941,
        2141.8823529411766,
        2156.3529411764707,
        2131.176470588235,
        2165.235294117647,
        2123.9411764705883,
        2135.823529411765,
        2159.176470588235,
        2138.5882352941176,
        2116.8823529411766,
        2116.0588235294117,
        2146.176470588235,
        2226.1176470588234,
        2149.529411764706,
        2162.823529411765,
        2166.1176470588234,
        2139.3529411764707,
        2170.9411764705883,
        2142.9411764705883,
        2162.294117647059,
        2132.823529411765,
        2146.3529411764707,
        2134.294117647059,
        2109.8823529411766,
        2177.0,
        2132.3529411764707,
        2150.823529411765,
        2141.470588235294,
        2121.823529411765,
        2137.4117647058824,
        2169.4117647058824,
        2163.5882352941176,
        2163.705882352941,
        2119.5882352941176,
        2181.470588235294,
        2138.8823529411766,
        2107.176470588235,
        2142.0,
        2155.529411764706,
        2168.705882352941,
        2134.294117647059,
        2165.9411764705883,
        2113.6470588235293,
        2129.235294117647
    ],
    "opt": 2278,