{
    "agg": 2290,
    "iters": [
        1,
        2,
        3,
        4,
        5,
        6,
        7,
        8,
        9,
        10,
        11,
        12,
        13,
        14,
        15,
        16,
        17,
        18,
        19,
        20,
        21,
        22,
        23,
        24,
        25,
        26,
        27,
        28,
        29,
        30,
        31,
        32,
        33,
        34,
        35,
        36,
        37,
        38,
        39,
        40,
        41,
        42,
        43,
        44,
        45,
        46,
        47,
        48,
        49,
        50,
        51,
        52,
        53,
        54,
        55,
        56,
        57,
        58,
        59,
        60,
        61,
        62,
        63,
        64,
        65,
        66,
        67,
        68,
        69,
        70,
        71,
        72,
        73,
        74,
        75,
        76,
        77,
        78,
        79,
        80,
        81,
        82,
        83,
        84,
        85,
        86,
        87,
        88,
        89,
        90,
        91,
        92,
        93,
        94,
        95,
        96,
        97,
        98,
        99,
        100,
        101,
        102,
        103,
        104,
        105,
        106,
        107,
        108,
        109,
        110,
        111,
        112,
        113,
        114,
        115,
        116,
        117,
        118,
        119,
        120,
        121,
        122,
        123,
        124,
        125,
        126,
        127,
        128,
        129,
        130,
        131,
        132,
        133,
        134,
        135,
        136,
        137,
        138,
        139,
        140,
        141,
        142,
        143,
        144,
        145
    ],
    "means": [
        2174.25,
        2121.9166666666665,
        2200.0416666666665,
        2128.0416666666665,
        2177.9166666666665,
        2141.25,
        2148.0,
        2174.7083333333335,
        2137.9166666666665,
        2144.5,
        2111.2083333333335,
        2151.2083333333335,
        2176.5416666666665,
        2143.4166666666665,
        2134.0833333333335,
        2142.6666666666665,
        2163.9166666666665,
        2153.8333333333335,
        2110.8333333333335,
        2145.2083333333335,
        2172.9166666666665,
        2148.7916666666665,
        2147.9583333333335,
        2151.375,
        2142.6666666666665,
        2145.3333333333335,
        2159.0,
        2163.9583333333335,
        2162.2916666666665,
        2105.2083333333335,
        2140.1666666666665,
        2153.0,
        2153.375,
        2168.7916666666665,
        2150.2916666666665,
        2148.0,
        2152.125,
        2163.4583333333335,
        2146.5,
        2145.5416666666665,
        2180.75,
        2135.6666666666665,
        2122.875,
        2151.0833333333335,
        2112.375,
        2139.7083333333335,
        2142.625,
        2119.375,
        2178.5833333333335,
        2133.6666666666665,
        2169.2083333333335,
        2161.0,
        2160.7916666666665,
        2159.3333333333335,
        2114.7916666666665,
        2136.9583333333335,
        2151.2083333333335,
        2122.625,
        2135.4166666666665,
        2163.2083333333335,
        2182.6666666666665,
        2132.0,
        2161.0416666666665,
        2150.5833333333335,
        2152.0833333333335,
        2157.125,
        2143.8333333333335,
        2145.7916666666665,
        2151.875,
        2159.0,
        2147.7083333333335,
        2150.5833333333335,
        2175.7916666666665,
        2149.5,
        2153.75,
        2139.7083333333335,
        2148.9583333333335,
        2129.4166666666665,
        2135.0833333333335,
        2126.5416666666665,
        2168.1666666666665,
        2136.125,
        2128.9166666666665,
        2169.5,
        2124.4583333333335,
        2122.5,
        2159.6666666666665,
        2142.0416666666665,
        2158.2916666666665,
        2119.5416666666665,
        2147.9583333333335,
        2123.75,
        2174.4583333333335,
        2164.0,
        2139.25,
        2121.0416666666665,
        2180.2083333333335,
        2169.2083333333335,
        2172.9166666666665,
        2177.625,
        2142.375,
        2137.2083333333335,
        2134.6666666666665,
        2125.5416666666665,
        2161.5,
        2142.6666666666665,
        2145.3333333333335,
        2141.5416666666665,
        2161.1666666666665,
        2139.5833333333335,
        2128.5416666666665,
        2129.2916666666665,
        2138.5416666666665,
        2156.9583333333335,
        2133.1666666666665,
        2155.125,
        2168.0833333333335,
        2166.9583333333335,
        2145.25,
        2164.625,
        2149.125,
        2142.8333333333335,
        2150.9166666666665,
        2134.7083333333335,
        2182.2916666666665,
        2148.2083333333335,
        2131.6666666666665,
        2149.5416666666665,
        2142.9583333333335,
        2134.9166666666665,
        2143.5,
        2125.7916666666665,
        2165.3333333333335,
        2183.75,
        2175.25,
        2169.0416666666665,
        2141.7916666666665,
        2117.5416666666665,
        2174.75,
        2132.125,
        2144.0416666666665,
        2156.6666666666665,
        2150.5833333333335,
        2123.3333333333335,
        2140.0
    ],
    "opt": 2204,