{
    "agg": 2129,
    "iters": [
        1,
        2,
        3,
        4,
        5,
        6,
        7,
        8,
        9,
        10,
        11,
        12,
        13,
        14,
        15,
        16,
        17,
        18,
        19,
        20,
        21,
        22,
        23,
        24,
        25,
        26,
        27,
        28,
        29,
        30,
        31,
        32,
        33,
        34,
        35,
        36,
        37,
        38,
        39,
        40,
        41,
        42,
        43,
        44,
        45,
        46,
        47,
        48,
        49,
        50,
        51,
        52,
        53,
        54,
        55,
        56,
        57,
        58,
        59,
        60,
        61,
        62,
        63,
        64,
        65,
        66,
        67,
        68,
        69,
        70,
        71,
        72,
        73,
        74,
        75,
        76,
        77,
        78,
        79,
        80,
        81,
        82,
        83,
        84,
        85,
        86,
        87,
        88,
        89,
        90,
        91,
        92,
        93,
        94,
        95,
        96,
        97,
        98,
        99,
        100,
        101,
        102,
        103,
        104,
        105,
        106,
        107,
        108,
        109,
        110,
        111,
        112,
        113
    ],
    "means": [
        2161.076923076923,
        2147.4358974358975,
        2158.128205128205,
        2147.641025641026,
        2129.358974358974,
        2158.102564102564,
        2181.230769230769,
        2172.25641025641,
        2164.4871794871797,
        2136.4358974358975,
        2164.153846153846,
        2131.6666666666665,
        2133.4615384615386,
        2136.641025641026,
        2156.5641025641025,
        2146.6923076923076,
        2161.8205128205127,
        2160.769230769231,
        2155.1794871794873,
        2150.5384615384614,
        2153.4871794871797,
        2127.25641025641,
        2156.3333333333335,
        2154.5897435897436,
        2182.25641025641,
        2177.6666666666665,
        2144.6666666666665,
        2150.0,
        2141.6666666666665,
        2130.2820512820513,
        2161.051282051282,
        2154.4102564102564,
        2147.025641025641,
        2153.102564102564,
        2162.7179487179487,
        2129.153846153846,
        2175.3846153846152,
        2182.051282051282,
        2138.153846153846,
        2143.4871794871797,
        2128.6923076923076,
        2139.7948717948716,
        2137.2820512820513,
        2154.4615384615386,
        2145.5128205128203,
        2148.6153846153848,
        2143.4615384615386,
        2140.1794871794873,
        2132.7179487179487,
        2165.769230769231,
        2152.6153846153848,
        2129.25641025641,
        2163.051282051282,
        2176.076923076923,
        2135.3333333333335,
        2152.5384615384614,
        2163.5384615384614,
        2137.1794871794873,
        2140.230769230769,
        2141.128205128205,
        2158.128205128205,
        2151.8205128205127,
        2155.4615384615386,
        2128.948717948718,
        2139.5128205128203,
        2160.4102564102564,
        2153.0,
        2169.0,
        2159.3333333333335,
        2133.358974358974,
        2127.5641025641025,
        2150.051282051282,
        2161.230769230769,
        2139.025641025641,
        2168.6923076923076,
        2170.1794871794873,
        2136.948717948718,
        2138.7179487179487,
        2159.3333333333335,
        2142.4871794871797,
        2143.2820512820513,
        2144.5384615384614,
        2129.051282051282,
        2147.4358974358975,
        2143.846153846154,
        2147.051282051282,
        2143.948717948718,
        2147.769230769231,
        2159.025641025641,
        2155.74358974359,
        2113.3333333333335,
        2128.128205128205,
        2158.7948717948716,
        2176.076923076923,
        2116.7948717948716,
        2138.1794871794873,
        2126.025641025641,
        2131.076923076923,
        2162.6923076923076,
        2127.7179487179487,
        2181.153846153846,
        2154.128205128205,
        2159.051282051282,
        2123.25641025641,
        2157.74358974359,
        2150.2051282051284,
        2116.74358974359,
        2151.897435897436,
        2151.0,
        2152.128205128205,
        2119.769230769231,
        2142.4871794871797,
        2178.871794871795
    ],
    "opt": 2278,
    "stdevs": [
        85.87987574047375,
        79.31818263166069,
        85.90011476878978,
        76.01838076631648,
        84.6847811773203,
        91.71969418351593,
        78.2780912265683,
        83.09577975297401,
        71.8512965087856,
        95.74988648899875,
        76.01468767032696,
        84.51318614558697,
        81.20876741661237,
        92.13437432512035,
        87.49265020319835,
        83.24174059163971,
        88.40317658606077,
        81.1855934985757,
        77.55258655769191,
        95.4194105270277,
        92.52743786959289,
        83.54293167747699,
        84.81845872315141,
        88.58538339487112,
        81.39763681717936,
        73.04874850481464,
        95.28481820939042,
        79.44035014253922,
        87.69361972327827,
        88.58458183782314,
        80.75570908386847,
        78.59331150139157,
        74.46475234993939,
        94.35062672105654,
        93.95906056607265,
        95.77471923311214,
        90.36808359451017,
        86.39977110545081,
        79.54890076809502,
        83.04150083708433,
        84.44058868667058,
        86.68930064025425,
        92.99019764109926,
        77.73651953508086,
        80.32206702406921,
        88.56219468495671,
        91.83928162238199,
        66.56281852501009,
        97.13431058708422,
        92.6881901415492,
        79.79737653441464,
        75.55969552025564,
        90.94375515075484,
        86.47198586392297,
        80.28166228439281,
        87.44107060416384,
        95.04299867761505,
        92.23517094206187,
        83.49188860907896,
        86.15495267909681,
        87.10976850258132,
        94.05586768453557,
        81.56414689783495,
        83.69356459589113,
        86.75337037563374,
        85.79454227717308,
        87.22855331151901,
        82.3036902933121,
        71.86395028404263,
        85.12539383680488,
        91.71214579178196,
        89.44987099729806,
        68.813557675222,
        88.24252337893219,
        87.84226943677378,
        72.93582419510365,
        90.73657242413017,
        88.85855909251157,
        86.87047042855606,
        73.8549763248364,
        95.46779527282371,
        87.77501722537679,
        90.85969705891823,
        80.18305814782946,
        78.18076964073299,
        75.50613787852417,
        80.13672570082117,
        79.23721656615578,
        82.69855273575884,
        85.23593739152035,
        74.99413082448291,
        89.35500487817365,
        85.28960603015138,
        79.39139804059528,
        70.94424661343346,
        84.34023640386651,
        86.11455911317059,
        88.8260716564521,
        81.10934495028485,
        77.47288978863831,
        81.36890934677706,
        87.92017926744384,
        103.99431658976238,
        87.35213673541104,
        91.07667042006999,
        69.00248211335645,
        96.31591128469336,
        88.36050715220352,
        93.11971891754212,
        89.05808519053213,
        87.97973587735592,
        90.79333303064679,
        76.2799094721941
    ]
}