{
    "agg": 2188,
    "iters": [
        1,
        2,
        3,
        4,
        5,
        6,
        7,
        8,
        9,
        10,
        11,
        12,
        13,
        14,
        15,
        16,
        17,
        18,
        19,
        20,
        21,
        22,
        23,
        24,
        25,
        26,
        27,
        28,
        29,
        30,
        31,
        32,
        33,
        34,
        35,
        36,
        37,
        38,
        39,
        40,
        41,
        42,
        43,
        44,
        45,
        46,
        47,
        48,
        49,
        50,
        51,
        52,
        53,
        54,
        55,
        56,
        57,
        58,
        59,
        60,
        61,
        62,
        63,
        64,
        65,
        66,
        67,
        68,
        69,
        70,
        71,
        72,
        73,
        74,
        75,
        76,
        77,
        78,
        79,
        80,
        81,
        82,
        83,
        84,
        85,
        86,
        87,
        88,
        89,
        90,
        91,
        92,
        93,
        94,
        95,
        96,
        97,
        98,
        99,
        100,
        101,
        102,
        103,
        104,
        105
    ],
    "means": [
        2153.28125,
        2141.34375,
        2146.90625,
        2139.78125,
        2125.71875,
        2158.125,
        2180.1875,
        2169.34375,
        2139.3125,
        2132.125,
        2140.8125,
        2139.84375,
        2133.8125,
        2147.78125,
        2164.78125,
        2171.4375,
        2140.75,
        2139.28125,
        2156.75,
        2174.625,
        2136.65625,
        2141.90625,
        2142.25,
        2163.34375,
        2151.28125,
        2154.46875,
        2131.875,
        2168.0625,
        2150.5625,
        2139.1875,
        2148.40625,
        2140.5625,
        2141.4375,
        2124.03125,
        2155.78125,
        2169.84375,
        2157.8125,
        2135.4375,
        2132.21875,
        2153.40625,
        2146.34375,
        2126.4375,
        2151.3125,
        2172.125,
        2138.46875,
        2137.84375,
        2141.90625,
        2175.0625,
        2122.65625,
        2151.5625,
        2144.96875,
        2168.0,
        2150.4375,
        2141.125,
        2148.75,
        2145.65625,
        2162.9375,
        2164.625,
        2153.5625,
        2163.34375,
        2181.84375,
        2136.8125,
        2154.96875,
        2167.90625,
        2148.03125,
        2130.5625,
        2148.0625,
        2150.5625,
        2141.375,
        2155.3125,
        2154.0625,
        2159.8125,
        2149.96875,
        2158.71875,
        2175.28125,
        2163.40625,
        2148.03125,
        2168.1875,
        2160.5625,
        2134.0625,
        2126.90625,
        2137.5625,
        2165.21875,
        2142.65625,
        2127.71875,
        2157.28125,
        2136.53125,
        2140.375,
        2156.59375,
        2141.34375,
        2145.0625,
        2148.59375,
        2135.40625,
        2152.375,
        2143.65625,
        2134.3125,
        2145.21875,
        2139.46875,
        2155.71875,
        2153.625,
        2160.1875,
        2160.6875,
        2141.28125,
        2162.96875,
        2153.8125
    ],
    "opt": 2289,
    "stdevs": [
        82.77953943117527,
        80.27437689535498,
        81.01441205697601,
        82.6671542901865,
        91.0903515661099,
        90.90061537195444,
        81.71346182698417,
        88.05453188756101,
        88.09385531210448,
        72.87564322186117,
        76.3873506789573,
        76.1072883233761,
        86.09857631662675,
        84.32924106404315,
        86.64465302854816,
        92.22965138039935,
        85.16051021453546,
        85.16133012369816,
        86.99030118352275,
        76.77147500862543,
        80.84035555301263,
        85.40541529046914,
        95.7127865021179,
        70.19508947168242,
        85.82949462997846,
        88.95855227822393,
        83.63975953456585,
        70.26376088532409,
        74.19818794114853,
        88.30502445359494,
        87.75030604469423,
        83.05756192996517,
        91.16089399380635,
        79.33728803934189,
        88.11027691726714,
        91.30207739113881,
        90.75738175900625,
        85.56902823890195,
        95.52248896693123,
        99.74713635457161,
        93.1667219877221,
        87.1166378698696,
        91.69938573267544,
        87.28357162146838,
        76.06205705499622,
        80.0601763421584,
        74.78985533438008,
        91.49109843995754,
        81.2694628131471,
        86.31299782622546,
        88.90180129467288,
        83.26163582346915,
        85.08926838180007,
        79.59536340139418,
        85.15830846135918,
        69.85995337772206,
        96.03285163812434,
        94.24892240763286,
        83.93857035803028,
        87.41124404753373,
        71.36968429198423,
        76.35502500654427,
        86.09169689021991,
        94.63031998750454,
        85.21314613038003,
        60.72063976729824,
        97.31486830772572,
        82.89071777798766,
        73.64812879496668,
        72.94751430823398,
        89.77817715764783,
        79.98532580261207,
        87.45944930902263,
        89.53115183240692,
        92.43451546060865,
        86.59346806161247,
        86.67881963569589,
        83.95066910841152,
        89.88497423791142,
        89.13120157245721,
        92.45348809502809,
        101.22127293089136,
        88.85055373174384,
        97.60174478941194,
        86.42852334986118,
        90.47383405403741,
        88.23051639561847,
        87.0307955553665,
        82.18837333186185,
        74.67454777859388,
        82.80622617744393,
        95.40173589058797,
        80.94051032046623,
        92.58568666376028,
        88.57151396435256,
        87.71026076662866,
        90.54927331810842,
        75.8860100640263,
        71.9062907431436,
        92.34065667407829,
        93.56429523995786,
        94.1443165769979,
        81.56371526872412,
        83.38520716192711,
        88.6634921698328
    ]
}