{
    "agg": 2278,
    "iters": [
        1,
        2,
        3,
        4,
        5,
        6,
        7,
        8,
        9,
        10,
        11,
        12,
        13,
        14,
        15,
        16,
        17,
        18,
        19,
        20,
        21,
        22,
        23,
        24,
        25,
        26,
        27,
        28,
        29,
        30,
        31,
        32,
        33,
        34,
        35,
        36,
        37,
        38,
        39,
        40,
        41,
        42,
        43,
        44,
        45,
        46,
        47,
        48,
        49,
        50,
        51,
        52,
        53,
        54,
        55,
        56,
        57,
        58,
        59,
        60,
        61,
        62,
        63,
        64,
        65,
        66,
        67,
        68,
        69,
        70,
        71,
        72,
        73,
        74,
        75,
        76,
        77,
        78,
        79,
        80,
        81,
        82,
        83,
        84,
        85,
        86,
        87,
        88,
        89,
        90,
        91,
        92,
        93,
        94,
        95,
        96,
        97,
        98,
        99,
        100,
        101,
        102,
        103,
        104,
        105,
        106,
        107,
        108,
        109,
        110,
        111,
        112,
        113,
        114,
        115,
        116,
        117,
        118,
        119,
        120,
        121,
        122,
        123,
        124,
        125,
        126,
        127,
        128,
        129,
        130,
        131,
        132,
        133,
        134,
        135,
        136,
        137,
        138,
        139,
        140,
        141,
        142,
        143,
        144,
        145,
        146,
        147
    ],
    "means": [
        2118.733333333333,
        2163.3333333333335,
        2170.266666666667,
        2139.766666666667,
        2146.4333333333334,
        2128.4333333333334,
        2186.3,
        2159.3333333333335,
        2140.766666666667,
        2137.0666666666666,
        2150.0333333333333,
        2159.766666666667,
        2153.3,
        2135.1,
        2140.4,
        2160.0,
        2160.9333333333334,
        2161.1,
        2137.1666666666665,
        2152.5666666666666,
        2117.366666666667,
        2130.766666666667,
        2149.866666666667,
        2151.633333333333,
        2153.5666666666666,
        2126.5333333333333,
        2165.866666666667,
        2175.2,
        2158.366666666667,
        2143.9333333333334,
        2138.0666666666666,
        2142.3333333333335,
        2179.366666666667,
        2147.633333333333,
        2118.3,
        2168.8,
        2123.4,
        2154.3333333333335,
        2132.866666666667,
        2154.233333333333,
        2131.4666666666667,
        2164.733333333333,
        2153.233333333333,
        2147.0666666666666,
        2161.1,
        2182.633333333333,
        2133.766666666667,
        2141.6666666666665,
        2149.733333333333,
        2100.3,
        2136.5333333333333,
        2139.4666666666667,
        2137.633333333333,
        2136.2,
        2146.9666666666667,
        2157.866666666667,
        2161.1,
        2159.233333333333,
        2121.0666666666666,
        2101.5666666666666,
        2154.266666666667,
        2144.2,
        2116.1,
        2161.0333333333333,
        2158.266666666667,
        2173.133333333333,
        2150.733333333333,
        2144.8333333333335,
        2150.6,
        2132.9333333333334,
        2165.1,
        2162.4,
        2155.6,
        2145.0333333333333,
        2152.0666666666666,
        2143.866666666667,
        2157.4,
        2147.733333333333,
        2132.133333333333,
        2133.866666666667,
        2147.5333333333333,
        2153.233333333333,
        2165.5666666666666,
        2174.5,
        2152.866666666667,
        2162.733333333333,
        2147.133333333333,
        2152.5666666666666,
        2157.1,
        2140.733333333333,
        2188.733333333333,
        2125.4666666666667,
        2140.0333333333333,
        2144.866666666667,
        2133.633333333333,
        2170.7,
        2148.8333333333335,
        2145.3333333333335,
        2161.9,
        2142.1666666666665,
        2144.0,
        2137.733333333333,
        2153.1,
        2133.766666666667,
        2159.133333333333,
        2158.266666666667,
        2166.233333333333,
        2134.9333333333334,
        2146.0333333333333,
        2172.6,
        2152.8,
        2162.5,
        2191.1666666666665,
        2158.866666666667,
        2165.766666666667,
        2141.7,
        2160.366666666667,
        2152.266666666667,
        2143.366666666667,
        2182.1,
        2160.5333333333333,
        2140.766666666667,
        2148.0333333333333,
        2136.5,
        2126.4666666666667,
        2128.9666666666667,
        2127.6,
        2143.4666666666667,
        2163.8,
        2145.7,
        2159.8333333333335,
        2174.1,
        2157.8,
        2132.6,
        2138.733333333333,
        2154.266666666667,
        2130.266666666667,
        2149.7,
        2127.9,
        2151.8333333333335,
        2138.8,
        2171.133333333333,
        2151.733333333333,
        2160.4666666666667,
        2130.5,
        2160.5,
        2150.6666666666665
    ],
    "opt": 2276,