{
    "agg": 2111,
    "iters": [
        1,
        2,
        3,
        4,
        5,
        6,
        7,
        8,
        9,
        10,
        11,
        12,
        13,
        14,
        15,
        16,
        17,
        18,
        19,
        20,
        21,
        22,
        23,
        24,
        25,
        26,
        27,
        28,
        29,
        30,
        31,
        32,
        33,
        34,
        35,
        36,
        37,
        38,
        39,
        40,
        41,
        42,
        43,
        44,
        45,
        46,
        47,
        48,
        49,
        50,
        51,
        52,
        53,
        54,
        55,
        56,
        57,
        58,
        59,
        60,
        61,
        62,
        63,
        64,
        65,
        66,
        67,
        68,
        69,
        70,
        71,
        72,
        73,
        74,
        75,
        76,
        77,
        78,
        79,
        80,
        81,
        82,
        83,
        84,
        85,
        86,
        87,
        88,
        89,
        90,
        91,
        92,
        93,
        94,
        95,
        96,
        97,
        98,
        99,
        100,
        101,
        102,
        103,
        104,
        105,
        106,
        107,
        108
    ],
    "means": [
        2161.0333333333333,
        2142.8,
        2168.766666666667,
        2147.233333333333,
        2147.3,
        2148.4666666666667,
        2115.8333333333335,
        2152.6,
        2133.4333333333334,
        2133.9,
        2132.133333333333,
        2162.5666666666666,
        2170.4666666666667,
        2147.366666666667,
        2127.5,
        2175.5,
        2170.5333333333333,
        2187.5333333333333,
        2155.9666666666667,
        2147.0666666666666,
        2113.6666666666665,
        2168.5,
        2154.4,
        2140.0333333333333,
        2140.3333333333335,
        2182.8333333333335,
        2131.6,
        2140.8,
        2150.133333333333,
        2141.8333333333335,
        2165.8,
        2191.8333333333335,
        2141.0666666666666,
        2161.4333333333334,
        2161.5,
        2149.4,
        2162.5666666666666,
        2139.0,
        2143.266666666667,
        2157.766666666667,
        2132.6666666666665,
        2172.8,
        2175.8333333333335,
        2154.9,
        2151.866666666667,
        2172.233333333333,
        2137.5,
        2121.233333333333,
        2117.4,
        2151.366666666667,
        2158.4,
        2126.3333333333335,
        2148.4333333333334,
        2146.2,
        2139.9666666666667,
        2188.0333333333333,
        2165.4333333333334,
        2178.366666666667,
        2140.266666666667,
        2166.633333333333,
        2176.9,
        2120.3,
        2132.366666666667,
        2124.133333333333,
        2139.8,
        2184.2,
        2161.1666666666665,
        2151.633333333333,
        2169.9,
        2169.366666666667,
        2163.0,
        2123.9,
        2174.6,
        2145.866666666667,
        2150.3333333333335,
        2138.9,
        2146.6666666666665,
        2161.233333333333,
        2146.766666666667,
        2172.866666666667,
        2133.7,
        2149.366666666667,
        2174.1666666666665,
        2148.733333333333,
        2191.3333333333335,
        2154.9333333333334,
        2156.9333333333334,
        2168.366666666667,
        2163.766666666667,
        2140.3333333333335,
        2144.1,
        2157.1666666666665,
        2136.733333333333,
        2175.3,
        2148.1,
        2154.0666666666666,
        2123.7,
        2155.633333333333,
        2132.4666666666667,
        2159.6,
        2121.866666666667,
        2165.2,
        2137.1,
        2127.3333333333335,
        2153.3,
        2147.6,
        2162.266666666667,
        2142.1666666666665
    ],
    "opt": 2217,
    "stdevs": [
        77.20297202108794,
        82.16544285768805,
        85.85595818320097,
        94.8752455713408,
        99.15346690862604,
        85.59195185426151,
        70.716374027205,
        84.87857994413746,
        86.8936834425968,
        88.9739100335973,
        91.25887475868976,
        66.8912965605807,
        65.57272468200648,
        87.15674895777659,
        79.54401297395047,
        85.54677083326992,
        73.30790468216159,
        98.62073255096459,
        76.52036039875632,
        95.05013881572656,
        87.44496682040781,
        92.56556235087287,
        92.17215776288774,
        76.99111781382462,
        75.33141590480177,
        83.06988356531839,
        83.8043753829914,
        83.8885768941954,
        86.68361372767572,
        80.34138963752673,
        90.47371625689603,
        91.09119362241093,
        78.63584141824614,
        75.58557328544177,
        89.08338790144883,
        83.62798574639952,
        95.30990970979298,
        72.6636084983398,
        84.58326600982544,
        89.69417793566957,
        83.70118809723604,
        83.5956139200297,
        82.54416326360628,
        84.25847138418783,
        81.27965441746308,
        91.93645752486998,
        76.37484315313955,
        89.567361366863,
        69.77564044851184,
        85.8582099872937,
        94.99143821067945,
        83.8623210320874,
        90.22367883334297,
        87.02045736492082,
        87.52008658334128,
        90.46748341562042,
        89.10319236081773,
        84.46398969712214,
        80.58078072482434,
        82.31058390159932,
        90.14556746359376,
        73.02974279930974,
        83.55017787067975,
        82.69088354965268,
        74.00918861871139,
        82.2128943657867,
        71.03101826354143,
        89.82927634623853,
        91.28320400453379,
        83.06843898590822,
        84.22509523097416,
        81.51333224285051,
        86.49069314093859,
        77.06868509467527,
        78.27231666148356,
        90.26566346069805,
        92.375441661852,
        77.58895253549667,
        92.14903990577197,
        91.1258226605146,
        63.859820440294584,
        87.88685276472748,
        95.36564137861997,
        67.42894202211853,
        86.47478759088621,
        78.2734238991044,
        94.59877847461291,
        87.97480068494362,
        91.21903431971982,
        93.86420451316299,
        97.00218210603994,
        101.46857751157361,
        82.11087355250555,
        83.35672338409981,
        83.12695110492145,
        82.44389337941018,
        90.57562218021653,
        75.63353900368686,
        82.96012429006012,
        91.88130023749845,
        80.51779651453184,
        98.38102798134744,
        79.37142642874281,
        68.26289052056191,
        84.73533304747592,
        82.6444593827479,
        94.66007019271055,
        92.83608613512791
    ]
}