{
    "agg": 2214,
    "iters": [
        1,
        2,
        3,
        4,
        5,
        6,
        7,
        8,
        9,
        10,
        11,
        12,
        13,
        14,
        15,
        16,
        17,
        18,
        19,
        20,
        21,
        22,
        23,
        24,
        25,
        26,
        27,
        28,
        29,
        30,
        31,
        32,
        33,
        34,
        35,
        36,
        37,
        38,
        39,
        40,
        41,
        42,
        43,
        44,
        45,
        46,
        47,
        48,
        49,
        50,
        51,
        52,
        53,
        54,
        55,
        56,
        57,
        58,
        59,
        60,
        61,
        62,
        63,
        64,
        65,
        66,
        67,
        68,
        69,
        70,
        71,
        72,
        73,
        74,
        75,
        76,
        77,
        78,
        79,
        80,
        81,
        82,
        83,
        84,
        85,
        86,
        87,
        88,
        89,
        90,
        91,
        92,
        93,
        94,
        95,
        96,
        97,
        98,
        99,
        100,
        101,
        102,
        103,
        104,
        105,
        106,
        107,
        108,
        109,
        110,
        111,
        112,
        113,
        114,
        115,
        116
    ],
    "means": [
        2145.757575757576,
        2151.4848484848485,
        2178.5454545454545,
        2143.787878787879,
        2136.6060606060605,
        2153.090909090909,
        2148.121212121212,
        2152.3939393939395,
        2152.6666666666665,
        2150.2727272727275,
        2169.151515151515,
        2138.909090909091,
        2172.2727272727275,
        2182.848484848485,
        2157.3939393939395,
        2154.4545454545455,
        2144.757575757576,
        2153.181818181818,
        2174.0,
        2124.151515151515,
        2158.787878787879,
        2159.4848484848485,
        2140.3030303030305,
        2136.6969696969695,
        2158.212121212121,
        2168.5151515151515,
        2149.848484848485,
        2184.848484848485,
        2147.5757575757575,
        2161.6060606060605,
        2150.0,
        2167.909090909091,
        2147.030303030303,
        2152.151515151515,
        2187.6666666666665,
        2133.212121212121,
        2169.939393939394,
        2154.5151515151515,
        2154.4545454545455,
        2150.969696969697,
        2142.3030303030305,
        2143.5757575757575,
        2139.6666666666665,
        2139.7272727272725,
        2127.4545454545455,
        2180.5454545454545,
        2120.6969696969695,
        2128.878787878788,
        2157.939393939394,
        2113.151515151515,
        2157.3939393939395,
        2138.3030303030305,
        2148.181818181818,
        2155.090909090909,
        2150.3030303030305,
        2141.5454545454545,
        2155.4545454545455,
        2165.3636363636365,
        2150.0,
        2124.6666666666665,
        2150.3939393939395,
        2130.848484848485,
        2176.6969696969695,
        2179.121212121212,
        2134.969696969697,
        2142.939393939394,
        2153.6363636363635,
        2160.6060606060605,
        2158.6666666666665,
        2150.121212121212,
        2138.3030303030305,
        2171.4848484848485,
        2150.121212121212,
        2133.3333333333335,
        2157.878787878788,
        2144.5757575757575,
        2162.4242424242425,
        2136.181818181818,
        2148.212121212121,
        2129.6969696969695,
        2149.0,
        2170.6060606060605,
        2163.5757575757575,
        2162.2727272727275,
        2135.3636363636365,
        2166.6363636363635,
        2147.212121212121,
        2143.4848484848485,
        2126.151515151515,
        2132.818181818182,
        2151.3939393939395,
        2132.909090909091,
        2173.4545454545455,
        2152.3333333333335,
        2120.121212121212,
        2170.6060606060605,
        2142.151515151515,
        2135.7272727272725,
        2145.5454545454545,
        2146.6060606060605,
        2124.818181818182,
        2153.909090909091,
        2160.151515151515,
        2167.818181818182,
        2155.5151515151515,
        2152.848484848485,
        2156.757575757576,
        2152.6363636363635,
        2159.848484848485,
        2159.151515151515,
        2133.6060606060605,
        2148.121212121212,
        2160.151515151515,
        2148.6363636363635,
        2166.787878787879,
        2153.787878787879
    ],
    "opt": 2287,
    "stdevs": [
        79.4976768492393,
        86.53362324697706,
        79.55904645782424,
        80.1932354041871,
        91.84768003006619,
        89.79146333061034,
        83.46538298064965,
        89.98684731971545,
        88.4758712756184,
        89.27902218132147,
        86.95248483462929,
        94.74410947912138,
        78.40155870716792,
        76.45086408220928,
        85.64441618620046,
        85.74418998219343,
        87.67191952336236,
        91.06057076588839,
        80.78253636658224,
        76.93646383478568,
        93.37145030395584,
        88.79841699794359,
        80.40333358402079,
        85.39692878179353,
        88.97284487866784,
        89.99431672699595,
        90.94324610907525,
        81.79691081524068,
        82.20227465076263,
        79.6587187847041,
        83.59389567390309,
        78.0300500143,
        87.146857885423,
        91.46919375830983,
        75.39498683867542,
        81.95998934282639,
        82.19081250504068,
        91.39064377950068,
        97.51583893386348,
        89.31201176416707,
        92.9921745969617,
        81.64113279358645,
        97.22472146859803,
        87.319778983074,
        86.8953013023705,
        92.00200620641655,
        76.9893675652034,
        84.57586072108624,
        89.69846436101122,
        78.96992953290251,
        91.1787918568851,
        79.35363307200467,
        79.81586936665428,
        87.30349836316,
        93.37687886178665,
        81.38054674447544,
        82.15841715638071,
        87.1900808167848,
        82.55906976220118,
        84.27036815805985,
        85.30655571594448,
        92.80939124767988,
        85.42602145911054,
        84.36923091864409,
        93.61348156227928,
        86.37267363667657,
        81.28991073175601,
        81.15340482557836,
        84.51310340097946,
        87.04918761939958,
        87.8612835231333,
        99.40554255997857,
        103.44161215779408,
        79.33078681932845,
        93.27338688801359,
        91.43304564842677,
        87.60622307459542,
        93.06154840015078,
        90.97244257258168,
        81.78333713686123,
        89.6694265656141,
        84.99659151595233,
        76.41276678315202,
        84.37588077287458,
        88.06774877703896,
        76.22010320270765,
        83.2982074730767,
        85.52586750718072,
        85.73006304573401,
        78.83640696633049,
        87.01547733939283,
        87.04208791653912,
        84.97168544770481,
        80.1984911316789,
        80.8180738770569,
        85.28310763637509,
        84.32876543340652,
        83.21723041544058,
        91.38798107737937,
        78.26758274486059,
        85.91237768283717,
        92.60452362678213,
        78.75898071432147,
        90.65734841112793,
        85.78412695305732,
        75.54614131377781,
        74.51866973837895,
        92.66780624386004,
        82.30693524007201,
        94.02228014875507,
        82.90481559063707,
        92.49168925016421,
        84.7799723391411,
        89.85335466387784,
        84.68936378273663,
        82.14021920260484
    ]
}