{
    "agg": 2203,
    "iters": [
        1,
        2,
        3,
        4,
        5,
        6,
        7,
        8,
        9,
        10,
        11,
        12,
        13,
        14,
        15,
        16,
        17,
        18,
        19,
        20,
        21,
        22,
        23,
        24,
        25,
        26,
        27,
        28,
        29,
        30,
        31,
        32,
        33,
        34,
        35,
        36,
        37,
        38,
        39,
        40,
        41,
        42,
        43,
        44,
        45,
        46,
        47,
        48,
        49,
        50,
        51,
        52,
        53,
        54,
        55,
        56,
        57,
        58,
        59,
        60,
        61,
        62,
        63,
        64,
        65,
        66,
        67,
        68,
        69,
        70,
        71,
        72,
        73,
        74,
        75,
        76,
        77,
        78,
        79,
        80,
        81,
        82,
        83,
        84,
        85,
        86,
        87,
        88,
        89,
        90,
        91,
        92,
        93,
        94,
        95,
        96,
        97,
        98,
        99,
        100,
        101,
        102,
        103,
        104,
        105,
        106,
        107,
        108,
        109,
        110,
        111,
        112,
        113,
        114,
        115,
        116,
        117,
        118,
        119,
        120,
        121,
        122,
        123,
        124,
        125,
        126,
        127,
        128,
        129,
        130,
        131,
        132,
        133,
        134,
        135,
        136,
        137,
        138,
        139,
        140,
        141,
        142
    ],
    "means": [
        2143.684210526316,
        2131.3684210526317,
        2138.1052631578946,
        2149.4736842105262,
        2155.7894736842104,
        2107.5789473684213,
        2135.157894736842,
        2140.2631578947367,
        2131.1052631578946,
        2187.5263157894738,
        2149.7368421052633,
        2129.1052631578946,
        2160.157894736842,
        2139.3684210526317,
        2125.684210526316,
        2121.8947368421054,
        2120.7894736842104,
        2163.9473684210525,
        2142.0526315789475,
        2151.0526315789475,
        2113.7894736842104,
        2167.5263157894738,
        2133.7894736842104,
        2132.0,
        2092.7894736842104,
        2136.4736842105262,
        2162.8947368421054,
        2125.2631578947367,
        2154.7894736842104,
        2145.0526315789475,
        2158.5789473684213,
        2113.0526315789475,
        2148.4210526315787,
        2161.0,
        2126.7894736842104,
        2141.4736842105262,
        2128.0,
        2136.7894736842104,
        2155.4736842105262,
        2137.2105263157896,
        2135.7368421052633,
        2135.3684210526317,
        2116.6315789473683,
        2140.7894736842104,
        2136.842105263158,
        2137.315789473684,
        2171.684210526316,
        2148.1052631578946,
        2163.7894736842104,
        2152.2105263157896,
        2125.4210526315787,
        2159.842105263158,
        2136.0526315789475,
        2149.5789473684213,
        2158.5263157894738,
        2136.0,
        2149.5789473684213,
        2181.315789473684,
        2125.0,
        2139.5263157894738,
        2160.4736842105262,
        2134.6315789473683,
        2123.4736842105262,
        2160.9473684210525,
        2152.315789473684,
        2148.5789473684213,
        2191.2105263157896,
        2167.5263157894738,
        2139.7368421052633,
        2173.3684210526317,
        2149.2631578947367,
        2168.3684210526317,
        2108.9473684210525,
        2158.5263157894738,
        2143.3684210526317,
        2144.7368421052633,
        2177.7894736842104,
        2152.842105263158,
        2145.1052631578946,
        2163.2105263157896,
        2129.1052631578946,
        2127.4210526315787,
        2162.5789473684213,
        2128.842105263158,
        2189.3684210526317,
        2150.315789473684,
        2101.9473684210525,
        2170.1052631578946,
        2157.8947368421054,
        2182.7894736842104,
        2135.3684210526317,
        2120.2105263157896,
        2192.842105263158,
        2150.7894736842104,
        2136.5263157894738,
        2148.7368421052633,
        2143.7894736842104,
        2159.4210526315787,
        2153.7894736842104,
        2154.3684210526317,
        2160.4210526315787,
        2095.0526315789475,
        2172.7368421052633,
        2206.2631578947367,
        2117.5263157894738,
        2153.157894736842,
        2150.4210526315787,
        2139.3684210526317,
        2148.2105263157896,
        2155.1052631578946,
        2144.2105263157896,
        2104.157894736842,
        2180.0,
        2162.2631578947367,
        2149.9473684210525,
        2146.1052631578946,
        2205.7894736842104,
        2164.2105263157896,
        2134.684210526316,
        2149.842105263158,
        2174.5263157894738,
        2135.0,
        2113.7368421052633,
        2127.1052631578946,
        2144.5263157894738,
        2145.6315789473683,
        2146.2631578947367,
        2142.5263157894738,
        2156.315789473684,
        2126.6315789473683,
        2151.6315789473683,
        2113.7368421052633,
        2143.0,
        2106.9473684210525,
        2135.842105263158,
        2155.5263157894738,
        2171.2105263157896,
        2159.0526315789475,
        2171.0,
        2119.6315789473683,
        2142.0,
        2122.684210526316
    ],
    "opt": 2257,