{
    "agg": 2128,
    "iters": [
        1,
        2,
        3,
        4,
        5,
        6,
        7,
        8,
        9,
        10,
        11,
        12,
        13,
        14,
        15,
        16,
        17,
        18,
        19,
        20,
        21,
        22,
        23,
        24,
        25,
        26,
        27,
        28,
        29,
        30,
        31,
        32,
        33,
        34,
        35,
        36,
        37,
        38,
        39,
        40,
        41,
        42,
        43,
        44,
        45,
        46,
        47,
        48,
        49,
        50,
        51,
        52,
        53,
        54,
        55,
        56,
        57,
        58,
        59,
        60,
        61,
        62,
        63,
        64,
        65,
        66,
        67,
        68,
        69,
        70,
        71,
        72,
        73,
        74,
        75,
        76,
        77,
        78,
        79,
        80,
        81,
        82,
        83,
        84,
        85,
        86,
        87,
        88,
        89,
        90,
        91,
        92,
        93,
        94,
        95,
        96,
        97,
        98,
        99,
        100,
        101,
        102,
        103,
        104,
        105,
        106,
        107,
        108,
        109,
        110,
        111
    ],
    "means": [
        2154.404255319149,
        2165.0,
        2161.0851063829787,
        2137.595744680851,
        2145.9574468085107,
        2147.659574468085,
        2155.553191489362,
        2156.9148936170213,
        2138.446808510638,
        2152.659574468085,
        2132.723404255319,
        2148.936170212766,
        2142.148936170213,
        2143.8936170212764,
        2161.9148936170213,
        2118.659574468085,
        2161.9574468085107,
        2137.468085106383,
        2165.659574468085,
        2139.255319148936,
        2156.531914893617,
        2145.9148936170213,
        2147.744680851064,
        2161.063829787234,
        2167.7021276595747,
        2154.31914893617,
        2146.2340425531916,
        2148.8297872340427,
        2134.3617021276596,
        2147.595744680851,
        2138.723404255319,
        2159.7872340425533,
        2151.744680851064,
        2130.3617021276596,
        2117.8297872340427,
        2150.2127659574467,
        2130.6382978723404,
        2157.68085106383,
        2148.744680851064,
        2161.148936170213,
        2163.9148936170213,
        2158.148936170213,
        2140.808510638298,
        2132.68085106383,
        2141.468085106383,
        2160.723404255319,
        2155.978723404255,
        2148.2340425531916,
        2163.148936170213,
        2187.468085106383,
        2150.659574468085,
        2163.127659574468,
        2141.063829787234,
        2147.7021276595747,
        2154.1063829787236,
        2141.425531914894,
        2170.851063829787,
        2159.659574468085,
        2171.404255319149,
        2164.595744680851,
        2150.6170212765956,
        2143.2340425531916,
        2168.425531914894,
        2139.276595744681,
        2148.0851063829787,
        2173.6170212765956,
        2156.872340425532,
        2169.31914893617,
        2154.744680851064,
        2170.2340425531916,
        2141.978723404255,
        2144.404255319149,
        2141.191489361702,
        2161.425531914894,
        2168.8936170212764,
        2136.127659574468,
        2155.936170212766,
        2141.659574468085,
        2129.0425531914893,
        2130.872340425532,
        2144.191489361702,
        2162.5106382978724,
        2146.723404255319,
        2150.659574468085,
        2146.659574468085,
        2133.191489361702,
        2157.1063829787236,
        2161.744680851064,
        2139.2978723404253,
        2147.127659574468,
        2161.723404255319,
        2154.468085106383,
        2159.3829787234044,
        2159.595744680851,
        2140.021276595745,
        2144.1063829787236,
        2160.659574468085,
        2140.531914893617,
        2131.9574468085107,
        2149.063829787234,
        2163.9574468085107,
        2160.276595744681,
        2159.68085106383,
        2154.531914893617,
        2157.127659574468,
        2157.2127659574467,
        2154.595744680851,
        2137.9574468085107,
        2155.340425531915,
        2169.7021276595747,
        2149.8936170212764
    ],
    "opt": 2244,
    "stdevs": [
        88.75418110006605,
        93.74864538028429,
        85.33559028722738,
        83.96165780814633,
        81.53604018346955,
        77.12280248829596,
        93.0389551245362,
        85.65239741207183,
        72.3598597174223,
        78.18915324343465,
        79.29468392678884,
        85.01199020696873,
        97.56590325309182,
        93.67104824013938,
        87.83394143235219,
        68.01134967728036,
        76.42099451061765,
        85.03312272381255,
        89.75718464593018,
        88.50158505254603,
        86.94112732037375,
        88.95966807569383,
        82.42223106561914,
        80.62637872951294,
        87.50122549746473,
        88.67898270584624,
        83.7166479200936,
        94.13759037298186,
        86.98628542719771,
        84.83216460815453,
        91.65167689558523,
        98.29589203126355,
        88.60874268500424,
        82.62847521436963,
        88.88704741314716,
        77.97979448337004,
        92.94940869002968,
        84.20064849979678,
        84.09833860911307,
        90.88875096545091,
        94.37652741607069,
        92.97265182961046,
        83.7149770015948,
        91.99146731545355,
        83.36381455514285,
        89.22233813599372,
        90.33259805137195,
        86.15379932990136,
        88.5951775075352,
        73.87737138472214,
        89.77709431502397,
        93.45510175190317,
        88.03007325964626,
        90.77090988075115,
        91.79816760850326,
        82.90978041550257,
        92.24850312419981,
        79.43585036507872,
        80.79568652233648,
        92.37312392923307,
        84.48078043832,
        91.61464455218784,
        75.47910650195912,
        88.90963668126209,
        88.62179497244242,
        91.19456711876137,
        92.28001259378784,
        92.91476450546209,
        78.61337336424798,
        76.59876471587638,
        76.79164664281517,
        79.1386232128151,
        81.87448575063381,
        88.94816675681359,
        85.06498993386805,
        87.46199588569678,
        87.62818070357181,
        85.84356791868808,
        86.65607182979493,
        88.61478120332914,
        91.52366007268803,
        82.37792317879925,
        89.33863430733876,
        81.46981599934948,
        87.96766248100558,
        74.71438902627149,
        70.83881435224654,
        84.39054804518236,
        80.84893054296481,
        81.70981790048806,
        91.36173185741124,
        86.04052757680468,
        97.85215795606717,
        95.32601609001809,
        84.71591811076019,
        90.35067239268767,
        79.93568600876121,
        76.58616370338228,
        87.597473354898,
        102.92827584445129,
        85.75917727624393,
        87.9075196182461,
        80.1281171951091,
        83.81383907051053,
        81.0218297406471,
        85.564691507508,
        90.50676701500988,
        76.48973160032477,
        94.87646539013404,
        80.05288541681786,
        98.78823989846313
    ]
}