{
    "agg": 2276,
    "iters": [
        1,
        2,
        3,
        4,
        5,
        6,
        7,
        8,
        9,
        10,
        11,
        12,
        13,
        14,
        15,
        16,
        17,
        18,
        19,
        20,
        21,
        22,
        23,
        24,
        25,
        26,
        27,
        28,
        29,
        30,
        31,
        32,
        33,
        34,
        35,
        36,
        37,
        38,
        39,
        40,
        41,
        42,
        43,
        44,
        45,
        46,
        47,
        48,
        49,
        50,
        51,
        52,
        53,
        54,
        55,
        56,
        57,
        58,
        59,
        60,
        61,
        62,
        63,
        64,
        65,
        66,
        67,
        68,
        69,
        70,
        71,
        72,
        73,
        74,
        75,
        76,
        77,
        78,
        79,
        80,
        81,
        82,
        83,
        84,
        85,
        86,
        87,
        88,
        89,
        90,
        91,
        92,
        93,
        94,
        95,
        96,
        97,
        98,
        99,
        100,
        101,
        102,
        103,
        104,
        105,
        106,
        107,
        108,
        109,
        110,
        111,
        112,
        113,
        114,
        115,
        116,
        117,
        118,
        119,
        120,
        121,
        122,
        123,
        124,
        125,
        126,
        127,
        128,
        129,
        130,
        131,
        132,
        133,
        134,
        135,
        136,
        137,
        138,
        139,
        140,
        141,
        142,
        143
    ],
    "means": [
        2189.0833333333335,
        2161.125,
        2165.8333333333335,
        2166.8333333333335,
        2173.5,
        2177.5,
        2137.25,
        2164.5833333333335,
        2175.7916666666665,
        2135.7083333333335,
        2160.2916666666665,
        2135.4166666666665,
        2159.8333333333335,
        2157.7083333333335,
        2157.125,
        2119.625,
        2139.6666666666665,
        2118.3333333333335,
        2172.2916666666665,
        2124.4166666666665,
        2144.75,
        2130.3333333333335,
        2138.6666666666665,
        2150.625,
        2144.875,
        2143.7916666666665,
        2123.0833333333335,
        2155.875,
        2134.7916666666665,
        2144.4166666666665,
        2171.2083333333335,
        2180.2083333333335,
        2118.9166666666665,
        2139.7916666666665,
        2169.625,
        2129.375,
        2129.2083333333335,
        2111.2083333333335,
        2151.4583333333335,
        2130.2916666666665,
        2108.7083333333335,
        2141.9166666666665,
        2166.0,
        2170.2916666666665,
        2162.5,
        2143.2916666666665,
        2146.5416666666665,
        2165.4583333333335,
        2131.2916666666665,
        2156.4583333333335,
        2157.2916666666665,
        2141.25,
        2156.9583333333335,
        2191.0833333333335,
        2171.0,
        2171.1666666666665,
        2148.5,
        2162.375,
        2151.375,
        2159.0,
        2150.0,
        2156.5833333333335,
        2180.7083333333335,
        2147.9166666666665,
        2155.6666666666665,
        2172.5416666666665,
        2103.625,
        2138.0833333333335,
        2147.5833333333335,
        2161.125,
        2152.4166666666665,
        2146.4166666666665,
        2174.25,
        2108.75,
        2147.0,
        2163.125,
        2185.8333333333335,
        2140.8333333333335,
        2138.4166666666665,
        2114.9583333333335,
        2169.2083333333335,
        2138.0833333333335,
        2147.4166666666665,
        2151.7916666666665,
        2145.7083333333335,
        2131.3333333333335,
        2162.4583333333335,
        2154.625,
        2149.125,
        2169.625,
        2162.875,
        2164.875,
        2173.4166666666665,
        2133.2083333333335,
        2131.9583333333335,
        2155.0833333333335,
        2136.125,
        2125.8333333333335,
        2161.3333333333335,
        2142.0833333333335,
        2141.7083333333335,
        2136.3333333333335,
        2153.9583333333335,
        2160.8333333333335,
        2118.25,
        2155.3333333333335,
        2157.7083333333335,
        2124.6666666666665,
        2140.4583333333335,
        2152.9583333333335,
        2140.0,
        2168.2083333333335,
        2129.375,
        2127.0,
        2145.7916666666665,
        2165.3333333333335,
        2153.7916666666665,
        2150.5416666666665,
        2145.9166666666665,
        2150.9166666666665,
        2182.375,
        2151.0,
        2149.5833333333335,
        2171.875,
        2148.7916666666665,
        2132.375,
        2141.4583333333335,
        2146.2083333333335,
        2148.25,
        2154.25,
        2154.4166666666665,
        2144.25,
        2155.9166666666665,
        2158.6666666666665,
        2145.9583333333335,
        2169.9583333333335,
        2135.2916666666665,
        2164.1666666666665,
        2157.5,
        2149.3333333333335,
        2141.125,
        2140.0416666666665,
        2158.375
    ],
    "opt": 2239,