{
    "agg": 2157,
    "iters": [
        1,
        2,
        3,
        4,
        5,
        6,
        7,
        8,
        9,
        10,
        11,
        12,
        13,
        14,
        15,
        16,
        17,
        18,
        19,
        20,
        21,
        22,
        23,
        24,
        25,
        26,
        27,
        28,
        29,
        30,
        31,
        32,
        33,
        34,
        35,
        36,
        37,
        38,
        39,
        40,
        41,
        42,
        43,
        44,
        45,
        46,
        47,
        48,
        49,
        50,
        51,
        52,
        53,
        54,
        55,
        56,
        57,
        58,
        59,
        60,
        61,
        62,
        63,
        64,
        65,
        66,
        67,
        68,
        69,
        70,
        71,
        72,
        73,
        74,
        75,
        76,
        77,
        78,
        79,
        80,
        81,
        82,
        83,
        84,
        85,
        86,
        87,
        88,
        89,
        90,
        91,
        92,
        93,
        94,
        95,
        96,
        97,
        98,
        99,
        100,
        101,
        102,
        103,
        104,
        105,
        106,
        107,
        108,
        109,
        110,
        111,
        112,
        113,
        114,
        115,
        116,
        117,
        118,
        119,
        120,
        121,
        122,
        123,
        124,
        125,
        126
    ],
    "means": [
        2100.4615384615386,
        2130.923076923077,
        2133.230769230769,
        2147.3076923076924,
        2151.769230769231,
        2144.3846153846152,
        2150.0,
        2182.153846153846,
        2133.923076923077,
        2145.3846153846152,
        2153.153846153846,
        2143.153846153846,
        2139.846153846154,
        2154.923076923077,
        2150.4615384615386,
        2107.230769230769,
        2137.230769230769,
        2093.0,
        2123.3846153846152,
        2143.769230769231,
        2134.6923076923076,
        2157.6153846153848,
        2151.923076923077,
        2128.230769230769,
        2133.923076923077,
        2149.6153846153848,
        2169.3076923076924,
        2150.5384615384614,
        2141.769230769231,
        2188.230769230769,
        2137.0,
        2149.6153846153848,
        2114.076923076923,
        2146.3846153846152,
        2112.5384615384614,
        2105.153846153846,
        2141.846153846154,
        2118.0,
        2171.0,
        2192.846153846154,
        2125.3076923076924,
        2090.846153846154,
        2150.4615384615386,
        2178.769230769231,
        2179.0,
        2151.3076923076924,
        2140.3076923076924,
        2154.0,
        2143.3846153846152,
        2148.3846153846152,
        2162.153846153846,
        2169.153846153846,
        2182.769230769231,
        2158.3846153846152,
        2132.3076923076924,
        2166.230769230769,
        2160.6153846153848,
        2151.153846153846,
        2148.5384615384614,
        2143.3846153846152,
        2142.5384615384614,
        2162.6153846153848,
        2146.153846153846,
        2138.5384615384614,
        2124.3846153846152,
        2153.0,
        2137.153846153846,
        2133.230769230769,
        2173.6153846153848,
        2157.076923076923,
        2153.846153846154,
        2138.769230769231,
        2123.6153846153848,
        2163.6153846153848,
        2171.0,
        2149.923076923077,
        2124.846153846154,
        2140.4615384615386,
        2126.5384615384614,
        2126.230769230769,
        2136.6923076923076,
        2154.6153846153848,
        2172.4615384615386,
        2126.153846153846,
        2108.0,
        2120.846153846154,
        2155.3076923076924,
        2154.3076923076924,
        2118.230769230769,
        2154.3846153846152,
        2171.6923076923076,
        2171.769230769231,
        2148.769230769231,
        2147.153846153846,
        2114.153846153846,
        2154.6153846153848,
        2151.923076923077,
        2153.923076923077,
        2173.230769230769,
        2161.769230769231,
        2110.769230769231,
        2170.6153846153848,
        2116.230769230769,
        2129.153846153846,
        2153.076923076923,
        2148.3076923076924,
        2176.5384615384614,
        2221.3846153846152,
        2139.230769230769,
        2131.076923076923,
        2164.5384615384614,
        2150.6923076923076,
        2171.846153846154,
        2105.6153846153848,
        2189.923076923077,
        2152.769230769231,
        2110.3076923076924,
        2193.846153846154,
        2170.153846153846,
        2163.923076923077,
        2144.153846153846,
        2160.153846153846,
        2163.923076923077,
        2146.3846153846152,
        2133.769230769231,
        2147.076923076923
    ],
    "opt": 2277,