{
    "agg": 2246,
    "iters": [
        1,
        2,
        3,
        4,
        5,
        6,
        7,
        8,
        9,
        10,
        11,
        12,
        13,
        14,
        15,
        16,
        17,
        18,
        19,
        20,
        21,
        22,
        23,
        24,
        25,
        26,
        27,
        28,
        29,
        30,
        31,
        32,
        33,
        34,
        35,
        36,
        37,
        38,
        39,
        40,
        41,
        42,
        43,
        44,
        45,
        46,
        47,
        48,
        49,
        50,
        51,
        52,
        53,
        54,
        55,
        56,
        57,
        58,
        59,
        60,
        61,
        62,
        63,
        64,
        65,
        66,
        67,
        68,
        69,
        70,
        71,
        72,
        73,
        74,
        75,
        76,
        77,
        78,
        79,
        80,
        81,
        82,
        83,
        84,
        85,
        86,
        87,
        88,
        89,
        90,
        91,
        92,
        93,
        94,
        95,
        96,
        97,
        98,
        99,
        100,
        101,
        102,
        103,
        104,
        105,
        106,
        107,
        108,
        109,
        110,
        111,
        112,
        113,
        114,
        115,
        116,
        117,
        118,
        119,
        120,
        121,
        122,
        123,
        124,
        125,
        126,
        127,
        128,
        129,
        130,
        131,
        132,
        133,
        134,
        135,
        136,
        137,
        138,
        139,
        140,
        141,
        142,
        143,
        144,
        145,
        146,
        147
    ],
    "means": [
        2159.6285714285714,
        2149.6285714285714,
        2130.7428571428572,
        2127.0,
        2134.942857142857,
        2159.885714285714,
        2140.057142857143,
        2122.8285714285716,
        2113.2,
        2145.9142857142856,
        2149.7714285714287,
        2152.942857142857,
        2139.714285714286,
        2145.057142857143,
        2182.3714285714286,
        2161.8571428571427,
        2135.0285714285715,
        2133.8571428571427,
        2170.4285714285716,
        2134.542857142857,
        2144.7714285714287,
        2143.542857142857,
        2170.8571428571427,
        2158.2571428571428,
        2156.657142857143,
        2158.7714285714287,
        2148.5142857142855,
        2160.657142857143,
        2175.1428571428573,
        2145.4857142857145,
        2144.6,
        2134.9142857142856,
        2130.2571428571428,
        2128.8571428571427,
        2154.5714285714284,
        2157.8,
        2169.5142857142855,
        2160.0,
        2125.114285714286,
        2145.1428571428573,
        2157.542857142857,
        2127.9714285714285,
        2165.4857142857145,
        2151.1428571428573,
        2141.342857142857,
        2155.3714285714286,
        2151.5714285714284,
        2138.3714285714286,
        2172.5714285714284,
        2135.8,
        2151.8571428571427,
        2148.1714285714284,
        2153.342857142857,
        2154.0,
        2153.342857142857,
        2172.4857142857145,
        2161.4,
        2146.457142857143,
        2170.0285714285715,
        2135.057142857143,
        2198.3142857142857,
        2167.542857142857,
        2139.9714285714285,
        2143.9714285714285,
        2143.9714285714285,
        2147.0,
        2161.5714285714284,
        2157.3142857142857,
        2147.9142857142856,
        2139.9714285714285,
        2138.4857142857145,
        2158.885714285714,
        2149.942857142857,
        2140.2285714285713,
        2149.8,
        2130.714285714286,
        2139.1714285714284,
        2153.2,
        2126.5142857142855,
        2153.9714285714285,
        2163.8,
        2130.2,
        2162.2285714285713,
        2130.4857142857145,
        2152.942857142857,
        2161.0285714285715,
        2156.6,
        2152.114285714286,
        2136.3714285714286,
        2151.5142857142855,
        2153.5714285714284,
        2149.342857142857,
        2119.9142857142856,
        2164.285714285714,
        2138.0285714285715,
        2126.942857142857,
        2172.2,
        2134.114285714286,
        2150.542857142857,
        2160.542857142857,
        2155.0,
        2141.3714285714286,
        2142.6857142857143,
        2173.3142857142857,
        2145.057142857143,
        2149.6285714285714,
        2128.542857142857,
        2162.285714285714,
        2136.2285714285713,
        2148.285714285714,
        2165.2285714285713,
        2167.285714285714,
        2146.1428571428573,
        2168.057142857143,
        2165.657142857143,
        2123.7714285714287,
        2132.4857142857145,
        2157.8285714285716,
        2184.9714285714285,
        2134.5142857142855,
        2159.8,
        2145.6,
        2130.3714285714286,
        2155.6,
        2138.3142857142857,
        2156.0857142857144,
        2155.0,
        2135.8285714285716,
        2159.2,
        2140.0,
        2161.714285714286,
        2147.5714285714284,
        2166.4857142857145,
        2128.2571428571428,
        2144.3142857142857,
        2160.285714285714,
        2176.2571428571428,
        2150.4,
        2139.714285714286,
        2144.542857142857,
        2160.2,
        2126.3714285714286,
        2167.0857142857144,
        2161.5142857142855,
        2130.4857142857145,
        2153.3714285714286,
        2160.6
    ],
    "opt": 2237,