{
    "agg": 2170,
    "iters": [
        1,
        2,
        3,
        4,
        5,
        6,
        7,
        8,
        9,
        10,
        11,
        12,
        13,
        14,
        15,
        16,
        17,
        18,
        19,
        20,
        21,
        22,
        23,
        24,
        25,
        26,
        27,
        28,
        29,
        30,
        31,
        32,
        33,
        34,
        35,
        36,
        37,
        38,
        39,
        40,
        41,
        42,
        43,
        44,
        45,
        46,
        47,
        48,
        49,
        50,
        51,
        52,
        53,
        54,
        55,
        56,
        57,
        58,
        59,
        60,
        61,
        62,
        63,
        64,
        65,
        66,
        67,
        68,
        69,
        70,
        71,
        72,
        73,
        74,
        75,
        76,
        77,
        78,
        79,
        80,
        81,
        82,
        83,
        84,
        85,
        86,
        87,
        88,
        89,
        90,
        91,
        92,
        93,
        94,
        95,
        96,
        97,
        98,
        99,
        100,
        101,
        102,
        103,
        104,
        105,
        106,
        107,
        108,
        109,
        110,
        111
    ],
    "means": [
        2136.0476190476193,
        2152.4285714285716,
        2134.904761904762,
        2110.8571428571427,
        2140.190476190476,
        2150.4761904761904,
        2163.5714285714284,
        2165.5238095238096,
        2133.904761904762,
        2171.8571428571427,
        2168.4761904761904,
        2137.0,
        2135.0,
        2160.285714285714,
        2132.7619047619046,
        2174.5238095238096,
        2143.5238095238096,
        2149.5238095238096,
        2158.714285714286,
        2163.714285714286,
        2163.5238095238096,
        2112.9523809523807,
        2163.809523809524,
        2139.5238095238096,
        2149.3809523809523,
        2183.0,
        2181.3333333333335,
        2128.809523809524,
        2129.285714285714,
        2165.6666666666665,
        2110.714285714286,
        2162.5238095238096,
        2150.2380952380954,
        2174.5714285714284,
        2144.4761904761904,
        2159.5714285714284,
        2132.0,
        2162.6666666666665,
        2168.7619047619046,
        2141.0,
        2130.3333333333335,
        2142.8571428571427,
        2150.9523809523807,
        2123.904761904762,
        2125.6190476190477,
        2147.3809523809523,
        2116.0,
        2182.190476190476,
        2123.9523809523807,
        2126.5714285714284,
        2127.5238095238096,
        2151.285714285714,
        2141.4285714285716,
        2145.1428571428573,
        2152.7619047619046,
        2167.7619047619046,
        2163.3809523809523,
        2162.095238095238,
        2141.809523809524,
        2184.714285714286,
        2157.3333333333335,
        2131.3809523809523,
        2163.4285714285716,
        2175.3333333333335,
        2176.3809523809523,
        2155.285714285714,
        2153.5714285714284,
        2135.8571428571427,
        2172.285714285714,
        2122.5714285714284,
        2168.904761904762,
        2151.190476190476,
        2125.3333333333335,
        2140.1428571428573,
        2143.9523809523807,
        2150.4761904761904,
        2106.3809523809523,
        2128.904761904762,
        2183.5714285714284,
        2174.3333333333335,
        2169.0476190476193,
        2153.4285714285716,
        2152.5714285714284,
        2146.0,
        2125.3809523809523,
        2143.4285714285716,
        2152.0,
        2158.1428571428573,
        2153.7619047619046,
        2180.285714285714,
        2151.285714285714,
        2173.904761904762,
        2171.7619047619046,
        2164.190476190476,
        2130.714285714286,
        2156.5714285714284,
        2157.6666666666665,
        2138.8571428571427,
        2175.0476190476193,
        2135.6666666666665,
        2146.190476190476,
        2163.285714285714,
        2147.2380952380954,
        2125.6190476190477,
        2138.9523809523807,
        2133.9523809523807,
        2139.1428571428573,
        2165.714285714286,
        2142.5714285714284,
        2165.3333333333335,
        2133.4761904761904
    ],
    "opt": 2229,
    "stdevs": [
        94.50395617341267,
        89.83348163000646,
        91.19101081529222,
        82.72575790168479,
        95.72063471006162,
        98.53528207732982,
        83.92999998784215,
        78.62667610303349,
        81.12183944208317,
        79.44227356975613,
        80.9430246693956,
        85.65601193700522,
        89.32178319078136,
        80.21527158788635,
        84.27387595097578,
        80.84471832300255,
        94.80688092750343,
        102.49999723466618,
        89.3373184206076,
        88.21032379767006,
        93.4816605633319,
        64.98386333799388,
        83.82102193853797,
        88.18466503532396,
        100.22996234397141,
        84.04307285694696,
        79.79398075719348,
        76.68402642856628,
        80.07623918262304,
        82.21535792882665,
        75.81063052554221,
        81.1087565278098,
        89.2283879458746,
        82.1633514806365,
        75.08383825058432,
        92.28453485904157,
        91.09440419801031,
        92.89745156857914,
        86.08849531118145,
        98.04469340439545,
        72.62187348131765,
        88.90780977763305,
        81.32268247424734,
        76.32817913264547,
        106.18558605011913,
        81.88521361403889,
        78.88086254720137,
        82.70867925183406,
        89.9028450158843,
        93.4164110332876,
        77.30250969105174,
        85.99731051007343,
        92.392831833155,
        79.38710805395337,
        76.79031732234944,
        94.44166996058101,
        94.96840386373935,
        84.90213119872885,
        80.53488983493816,
        85.61494243031959,
        82.27962389277499,
        89.82653982112319,
        84.27820789819044,
        96.40210101115576,
        91.17668676046952,
        95.66217486906865,
        91.58320257119904,
        81.45947617376017,
        80.24079407641482,
        73.17270596307877,
        81.56324146499232,
        101.56847047687258,
        71.23023256838371,
        73.18878766215343,
        81.94915740319097,
        74.64941491661062,
        58.92729676351084,
        79.40247373014974,
        67.48091188912429,
        79.77010618815699,
        84.46271433821367,
        78.76461099744118,
        69.06420162123234,
        76.38062581571324,
        82.3450788944949,
        93.29960517885706,
        89.23324172398664,
        96.1785471150925,
        75.77026980846823,
        91.91307635718748,
        77.35025031950315,
        76.16329872426981,
        85.20110929408906,
        87.1706695143657,
        75.58038474249209,
        71.72073581314007,
        81.06219442551111,
        79.56865003270579,
        80.97470280483321,
        91.65480442728125,
        85.55678651527805,
        103.60370597211504,
        81.20104665165508,
        74.96442088813178,
        97.741873948183,
        82.64985016578254,
        79.28927490932338,
        57.60550805108075,
        81.61849196899264,
        100.17571863068716,
        79.93963141772555
    ]
}