{
    "agg": 2287,
    "iters": [
        1,
        2,
        3,
        4,
        5,
        6,
        7,
        8,
        9,
        10,
        11,
        12,
        13,
        14,
        15,
        16,
        17,
        18,
        19,
        20,
        21,
        22,
        23,
        24,
        25,
        26,
        27,
        28,
        29,
        30,
        31,
        32,
        33,
        34,
        35,
        36,
        37,
        38,
        39,
        40,
        41,
        42,
        43,
        44,
        45,
        46,
        47,
        48,
        49,
        50,
        51,
        52,
        53,
        54,
        55,
        56,
        57,
        58,
        59,
        60,
        61,
        62,
        63,
        64,
        65,
        66,
        67,
        68,
        69,
        70,
        71,
        72,
        73,
        74,
        75,
        76,
        77,
        78,
        79,
        80,
        81,
        82,
        83,
        84,
        85,
        86,
        87,
        88,
        89,
        90,
        91,
        92,
        93,
        94,
        95,
        96,
        97,
        98,
        99,
        100,
        101,
        102,
        103,
        104,
        105,
        106,
        107,
        108,
        109,
        110,
        111,
        112,
        113,
        114,
        115,
        116,
        117
    ],
    "means": [
        2156.6285714285714,
        2138.6285714285714,
        2157.057142857143,
        2159.8,
        2148.4285714285716,
        2139.0,
        2117.2,
        2145.1714285714284,
        2145.942857142857,
        2179.8,
        2163.0285714285715,
        2157.4857142857145,
        2124.2,
        2175.542857142857,
        2153.342857142857,
        2148.1714285714284,
        2145.2285714285713,
        2120.4,
        2150.2571428571428,
        2152.6,
        2126.7714285714287,
        2159.3714285714286,
        2152.2,
        2159.9142857142856,
        2155.9714285714285,
        2161.114285714286,
        2154.2285714285713,
        2167.0,
        2158.7714285714287,
        2163.7428571428572,
        2169.0285714285715,
        2155.9714285714285,
        2169.1714285714284,
        2168.3142857142857,
        2153.342857142857,
        2175.714285714286,
        2156.3714285714286,
        2159.0,
        2154.2,
        2104.657142857143,
        2155.542857142857,
        2156.1714285714284,
        2163.0,
        2157.3714285714286,
        2155.0285714285715,
        2175.7714285714287,
        2160.4857142857145,
        2140.4,
        2167.3714285714286,
        2165.5142857142855,
        2125.542857142857,
        2132.7714285714287,
        2161.657142857143,
        2161.7428571428572,
        2117.542857142857,
        2162.3714285714286,
        2148.2,
        2162.4857142857145,
        2155.057142857143,
        2169.9714285714285,
        2120.6857142857143,
        2150.285714285714,
        2145.114285714286,
        2160.9142857142856,
        2141.4,
        2134.1714285714284,
        2128.7428571428572,
        2132.4285714285716,
        2118.285714285714,
        2153.2285714285713,
        2149.0285714285715,
        2134.5142857142855,
        2147.2285714285713,
        2150.8285714285716,
        2169.714285714286,
        2137.542857142857,
        2139.0,
        2152.5142857142855,
        2155.3142857142857,
        2142.5142857142855,
        2152.1714285714284,
        2141.285714285714,
        2170.4285714285716,
        2152.057142857143,
        2140.714285714286,
        2150.885714285714,
        2143.6285714285714,
        2161.885714285714,
        2147.5142857142855,
        2174.714285714286,
        2150.2571428571428,
        2130.2571428571428,
        2129.8285714285716,
        2135.3714285714286,
        2163.457142857143,
        2155.9142857142856,
        2174.8571428571427,
        2134.657142857143,
        2146.2285714285713,
        2135.8,
        2155.0,
        2171.6857142857143,
        2158.542857142857,
        2175.2571428571428,
        2159.0,
        2157.6857142857143,
        2169.114285714286,
        2131.6,
        2140.5142857142855,
        2134.0285714285715,
        2160.9714285714285,
        2151.7428571428572,
        2154.8285714285716,
        2145.057142857143,
        2139.0285714285715,
        2160.7428571428572,
        2140.8
    ],
    "opt": 2243,
    "stdevs": [
        76.00905424046935,
        87.64965510951157,
        80.82324377735577,
        86.64996908745636,
        96.92450249381459,
        71.31219090329908,
        70.39188264890451,
        82.80285906529892,
        99.2094300981926,
        72.02094933321237,
        73.1282574714886,
        80.22624131740416,
        89.26198999094103,
        83.30129234365124,
        84.89487376653985,
        80.6642019075857,
        92.66532275245324,
        69.99681625412892,
        90.80004495189034,
        80.59961006640877,
        85.9465234780278,
        82.65248616579997,
        83.79389681150496,
        75.41177302122051,
        86.00448018705129,
        92.94753402663598,
        91.20309697570134,
        93.0901253010835,
        83.92720849957189,
        84.10888957846518,
        81.82891061382216,
        86.24201353145219,
        96.85024838504494,
        89.85473083294627,
        100.21660622504288,
        87.49516604723173,
        80.50806018717654,
        94.19857445084521,
        80.44156707999736,
        75.17938275775303,
        88.35685529460078,
        86.93954737608877,
        87.95648274654266,
        97.64895894823185,
        82.07121845055784,
        71.0838883550518,
        97.72070154375724,
        83.2284978666734,
        72.47741942516036,
        73.89195642618888,
        92.23768763584744,
        79.47113967231329,
        94.82161985452862,
        88.97908032056681,
        83.61248808201623,
        80.4871190100044,
        92.52483836400751,
        86.37141439440364,
        73.94474495271756,
        81.29153381126325,
        81.57547650701734,
        87.38178019589714,
        89.17327319921158,
        93.61024712790228,
        87.64186866365381,
        76.4066136682218,
        76.3283668883118,
        84.40016442579979,
        81.29226687121736,
        89.76543582798313,
        89.57821345913642,
        82.6086717788225,
        77.03545963266738,
        96.46893969838483,
        88.0910475193775,
        88.52742685813503,
        87.48616217110322,
        83.89734251829825,
        94.34791887433643,
        86.62872220115037,
        87.89945090492748,
        86.48519986632607,
        77.23777229689989,
        91.19741313910886,
        84.11474184658934,
        82.7111225647335,
        71.17306300812959,
        83.45050592282536,
        85.78390506002242,
        90.22371288828087,
        81.16450415479588,
        80.52518429735166,
        93.21786637895602,
        90.47875384839904,
        81.76878302598749,
        79.35863313503594,
        93.03367834350337,
        79.56271303897604,
        80.470433155569,
        87.40375931764687,
        86.69948096730452,
        82.26465008167982,
        84.42556919970322,
        80.29102168527504,
        94.82916971360358,
        74.35965550852787,
        90.81905760626343,
        75.75720616360061,
        83.98515903881774,
        88.52101791238563,
        89.18439508417721,
        71.15590241841917,
        86.76223197889266,
        81.12211002367899,
        91.2238959027374,
        76.77437922980849,
        77.99992673989235
    ]
}