{
    "agg": 2169,
    "iters": [
        1,
        2,
        3,
        4,
        5,
        6,
        7,
        8,
        9,
        10,
        11,
        12,
        13,
        14,
        15,
        16,
        17,
        18,
        19,
        20,
        21,
        22,
        23,
        24,
        25,
        26,
        27,
        28,
        29,
        30,
        31,
        32,
        33,
        34,
        35,
        36,
        37,
        38,
        39,
        40,
        41,
        42,
        43,
        44,
        45,
        46,
        47,
        48,
        49,
        50,
        51,
        52,
        53,
        54,
        55,
        56,
        57,
        58,
        59,
        60,
        61,
        62,
        63,
        64,
        65,
        66,
        67,
        68,
        69,
        70,
        71,
        72,
        73,
        74,
        75,
        76,
        77,
        78,
        79,
        80,
        81,
        82,
        83,
        84,
        85,
        86,
        87,
        88,
        89,
        90,
        91,
        92,
        93,
        94,
        95,
        96,
        97,
        98,
        99,
        100,
        101,
        102,
        103,
        104,
        105,
        106,
        107,
        108,
        109,
        110,
        111,
        112,
        113,
        114,
        115,
        116,
        117,
        118,
        119,
        120
    ],
    "means": [
        2155.9333333333334,
        2145.0666666666666,
        2148.6,
        2152.133333333333,
        2122.733333333333,
        2182.5333333333333,
        2128.8,
        2162.8,
        2201.4666666666667,
        2158.866666666667,
        2104.4666666666667,
        2171.133333333333,
        2145.6666666666665,
        2132.6666666666665,
        2152.866666666667,
        2127.5333333333333,
        2130.4,
        2151.6,
        2108.133333333333,
        2127.2,
        2191.8,
        2154.0666666666666,
        2134.866666666667,
        2109.0666666666666,
        2201.4,
        2155.9333333333334,
        2146.0666666666666,
        2112.6,
        2146.3333333333335,
        2141.2,
        2122.133333333333,
        2120.6666666666665,
        2132.5333333333333,
        2137.2,
        2132.5333333333333,
        2120.733333333333,
        2152.6666666666665,
        2155.9333333333334,
        2182.6666666666665,
        2166.0666666666666,
        2160.4666666666667,
        2155.3333333333335,
        2136.2,
        2149.866666666667,
        2164.3333333333335,
        2131.733333333333,
        2156.8,
        2142.5333333333333,
        2177.266666666667,
        2167.5333333333333,
        2123.733333333333,
        2158.9333333333334,
        2155.3333333333335,
        2158.3333333333335,
        2155.0,
        2169.6,
        2114.866666666667,
        2170.2,
        2170.733333333333,
        2161.8,
        2118.6,
        2131.8,
        2162.2,
        2179.3333333333335,
        2167.9333333333334,
        2126.8,
        2164.4666666666667,
        2143.2,
        2144.9333333333334,
        2145.5333333333333,
        2170.866666666667,
        2099.3333333333335,
        2145.3333333333335,
        2175.6666666666665,
        2122.866666666667,
        2143.6666666666665,
        2128.0,
        2171.0666666666666,
        2160.133333333333,
        2138.2,
        2154.9333333333334,
        2150.266666666667,
        2166.0,
        2141.4666666666667,
        2161.4,
        2123.266666666667,
        2181.733333333333,
        2125.133333333333,
        2134.6,
        2134.866666666667,
        2155.9333333333334,
        2157.3333333333335,
        2174.5333333333333,
        2123.5333333333333,
        2153.0,
        2158.6666666666665,
        2169.0666666666666,
        2194.0,
        2196.6,
        2165.8,
        2153.5333333333333,
        2180.6666666666665,
        2154.9333333333334,
        2139.133333333333,
        2147.866666666667,
        2180.5333333333333,
        2171.4,
        2144.8,
        2177.866666666667,
        2136.5333333333333,
        2151.6666666666665,
        2180.266666666667,
        2096.266666666667,
        2158.0,
        2138.0666666666666,
        2102.733333333333,
        2158.0666666666666,
        2110.0,
        2143.4,
        2143.3333333333335
    ],
    "opt": 2218,
    "stdevs": [
        90.62852138752396,
        85.85683173490364,
        90.82055567619774,
        88.65278086758224,
        87.59868086272127,
        74.94341569181081,
        90.34836283335004,
        77.46672403899196,
        81.01593807530851,
        84.42106108996472,
        67.65684657807286,
        79.69346829501706,
        81.2721081033066,
        77.47917282871715,
        87.03169282253192,
        81.62750081246448,
        79.10229663753977,
        91.95201647236092,
        69.83396181101442,
        95.0965824832838,
        72.51317121737264,
        84.07256125250113,
        77.49397109166335,
        65.18227434578276,
        71.73172241066013,
        85.93987562373023,
        92.96197550014139,
        82.74925981542071,
        83.73662413915564,
        64.86211015171595,
        79.32201599948291,
        78.83118390304408,
        77.37085296730862,
        61.94858082851185,
        88.29938970469853,
        89.56894303024656,
        97.52446986383582,
        84.82253369371975,
        105.27846672304624,
        95.90861391044196,
        97.60387059720304,
        83.83369781232895,
        78.9626071842447,
        102.01036984324463,
        92.07943430659326,
        45.58430529128297,
        75.4428702175803,
        89.39415839726641,
        88.22733262556577,
        81.38621231852208,
        94.45313946902748,
        96.79770428866355,
        78.83625787387143,
        85.33281249841053,
        99.1376147920993,
        75.9217140656523,
        85.25324366588966,
        75.49322265386918,
        63.47752008038402,
        72.46902786708263,
        76.8746165302089,
        86.38610999460504,
        87.56422404917052,
        86.54684024015872,
        83.59702280716833,
        88.72369093614925,
        63.4947416895464,
        83.52580439600686,
        97.8103380130251,
        81.56295455386321,
        86.38430927482658,
        69.47389597699429,
        85.70154931829153,
        91.78065639822417,
        90.90644763833984,
        89.16551401124141,
        105.54683004871977,
        78.07642979087152,
        106.7600840930521,
        64.97815017373148,
        65.98127680553695,
        94.21993183799039,
        81.81686867633104,
        83.89188809943956,
        86.30550388011184,
        82.26823337243984,
        83.48530143417796,
        70.86876760761558,
        92.52012393708372,
        72.18574805473877,
        87.87829968516435,
        87.78129388175796,
        79.53855808488247,
        75.82687884619514,
        87.08616422830896,
        85.30077503881323,
        72.16136239167206,
        81.4616474176652,
        69.6369633647725,
        83.91757861139703,
        72.83027453531182,
        55.59336491185097,
        73.58484143414925,
        83.14314296574445,
        79.13016000376987,
        70.5189021153588,
        70.66144634806167,
        86.50949851509564,
        88.95831733020934,
        81.44435046227714,
        92.06133221330707,
        91.08418572336741,
        76.38452431975705,
        75.28700640438119,
        86.8319961509325,
        64.28630405373208,
        75.13584734037113,
        87.39336359243761,
        87.85123789679915,
        83.63864072438182
    ]
}