{
    "agg": 2203,
    "iters": [
        1,
        2,
        3,
        4,
        5,
        6,
        7,
        8,
        9,
        10,
        11,
        12,
        13,
        14,
        15,
        16,
        17,
        18,
        19,
        20,
        21,
        22,
        23,
        24,
        25,
        26,
        27,
        28,
        29,
        30,
        31,
        32,
        33,
        34,
        35,
        36,
        37,
        38,
        39,
        40,
        41,
        42,
        43,
        44,
        45,
        46,
        47,
        48,
        49,
        50,
        51,
        52,
        53,
        54,
        55,
        56,
        57,
        58,
        59,
        60,
        61,
        62,
        63,
        64,
        65,
        66,
        67,
        68,
        69,
        70,
        71,
        72,
        73,
        74,
        75,
        76,
        77,
        78,
        79,
        80,
        81,
        82,
        83,
        84,
        85,
        86,
        87,
        88,
        89,
        90,
        91,
        92,
        93,
        94,
        95,
        96,
        97,
        98,
        99,
        100,
        101
    ],
    "means": [
        2143.6222222222223,
        2169.688888888889,
        2144.4444444444443,
        2140.5777777777776,
        2168.488888888889,
        2158.8444444444444,
        2147.0444444444443,
        2147.511111111111,
        2138.7555555555555,
        2146.0444444444443,
        2149.9333333333334,
        2155.8444444444444,
        2128.488888888889,
        2143.4,
        2143.733333333333,
        2163.222222222222,
        2155.8444444444444,
        2156.0222222222224,
        2121.1555555555556,
        2162.3333333333335,
        2136.2,
        2193.733333333333,
        2152.866666666667,
        2148.733333333333,
        2196.777777777778,
        2151.5333333333333,
        2141.511111111111,
        2154.6,
        2159.2444444444445,
        2140.133333333333,
        2146.288888888889,
        2152.4,
        2153.911111111111,
        2154.0666666666666,
        2137.5555555555557,
        2139.5555555555557,
        2156.733333333333,
        2147.911111111111,
        2165.8888888888887,
        2158.7555555555555,
        2170.866666666667,
        2144.3333333333335,
        2134.488888888889,
        2137.6,
        2184.8,
        2135.288888888889,
        2119.8,
        2140.288888888889,
        2139.3555555555554,
        2162.866666666667,
        2143.8888888888887,
        2113.5777777777776,
        2141.5333333333333,
        2140.9555555555557,
        2130.6444444444446,
        2123.866666666667,
        2161.733333333333,
        2139.3777777777777,
        2137.3777777777777,
        2140.6,
        2144.6444444444446,
        2140.9777777777776,
        2146.6222222222223,
        2129.511111111111,
        2147.0222222222224,
        2182.3333333333335,
        2144.6666666666665,
        2162.733333333333,
        2176.3333333333335,
        2166.0,
        2161.4222222222224,
        2153.1555555555556,
        2161.9555555555557,
        2133.3777777777777,
        2170.1111111111113,
        2131.9333333333334,
        2181.6,
        2134.711111111111,
        2154.866666666667,
        2159.5777777777776,
        2154.6,
        2140.6444444444446,
        2150.088888888889,
        2164.3777777777777,
        2152.6,
        2152.511111111111,
        2129.9777777777776,
        2141.0222222222224,
        2140.733333333333,
        2164.088888888889,
        2164.0444444444443,
        2163.5777777777776,
        2156.266666666667,
        2175.9777777777776,
        2158.866666666667,
        2145.266666666667,
        2131.311111111111,
        2149.688888888889,
        2128.0,
        2143.2,
        2149.4
    ],
    "opt": 2208,
    "stdevs": [
        87.90684182420713,
        83.94596733672658,
        93.60687428592115,
        83.17731765835867,
        95.93252772935365,
        82.93423245910128,
        92.13829112458092,
        88.73396499204729,
        85.02029968204471,
        82.15079780651502,
        84.30906106568722,
        89.89869744589815,
        88.35726021159078,
        88.47533240652133,
        87.11305553385465,
        91.9775066437173,
        86.76249972208437,
        90.28731641915623,
        79.60540337761991,
        83.15019877039113,
        89.88501296409517,
        63.88336594485645,
        85.486217212679,
        75.35793108742952,
        79.97885523030833,
        93.01077595872665,
        87.20540814580563,
        104.00264953889929,
        80.00782060539264,
        88.03499304253963,
        88.41307651453734,
        93.43575332815591,
        85.63224268728645,
        93.00451601938478,
        81.64055516049349,
        100.19903649027893,
        91.44431213707183,
        84.56156789837861,
        86.85318959721558,
        91.85814076439473,
        77.43889347235162,
        86.20286151476256,
        93.347766079852,
        77.9445386868837,
        84.5010453584254,
        81.23645110204114,
        84.28248796623043,
        77.94146584947855,
        87.29723313817136,
        90.89495768926531,
        82.82517658624828,
        78.64872362851834,
        82.31095512344231,
        82.3774390785232,
        87.34787552095753,
        78.2825651087137,
        71.42312106189578,
        85.49939282146691,
        81.70605550491861,
        80.68881238712368,
        88.72132539726238,
        89.55680726999518,
        81.4974543266745,
        83.65315222119972,
        86.6616636732603,
        75.55601307051022,
        91.77048666222831,
        89.99713575689198,
        95.49845839360735,
        72.19726064363138,
        84.32516136661803,
        76.89385340427428,
        87.53461678560356,
        87.02599583237922,
        88.54960247660874,
        86.86884110862512,
        82.3284478982407,
        85.86335972468045,
        91.24292362211501,
        87.34388966452316,
        85.95487188053973,
        83.94632029671119,
        88.95362642591357,
        82.37213360756007,
        85.38134066254366,
        83.41292791414216,
        80.64834196515385,
        87.65246751648463,
        93.32676167340452,
        80.4174724580623,
        81.87876011533572,
        83.71923684126577,
        87.09800354900347,
        88.96403490272259,
        85.78800744988907,
        82.23635314006681,
        88.65960428571044,
        90.18569046934275,
        90.36100437196961,
        75.37450202525756,
        86.48247092780004
    ]
}