{
    "agg": 2225,
    "iters": [
        1,
        2,
        3,
        4,
        5,
        6,
        7,
        8,
        9,
        10,
        11,
        12,
        13,
        14,
        15,
        16,
        17,
        18,
        19,
        20,
        21,
        22,
        23,
        24,
        25,
        26,
        27,
        28,
        29,
        30,
        31,
        32,
        33,
        34,
        35,
        36,
        37,
        38,
        39,
        40,
        41,
        42,
        43,
        44,
        45,
        46,
        47,
        48,
        49,
        50,
        51,
        52,
        53,
        54,
        55,
        56,
        57,
        58,
        59,
        60,
        61,
        62,
        63,
        64,
        65,
        66,
        67,
        68,
        69,
        70,
        71,
        72,
        73,
        74,
        75,
        76,
        77,
        78,
        79,
        80,
        81,
        82,
        83,
        84,
        85,
        86,
        87,
        88,
        89,
        90,
        91,
        92,
        93,
        94,
        95,
        96,
        97,
        98,
        99,
        100,
        101,
        102,
        103,
        104,
        105,
        106,
        107
    ],
    "means": [
        2173.108108108108,
        2151.837837837838,
        2155.0,
        2161.6486486486488,
        2134.162162162162,
        2145.189189189189,
        2150.7567567567567,
        2133.864864864865,
        2157.5945945945946,
        2162.135135135135,
        2136.054054054054,
        2179.135135135135,
        2155.135135135135,
        2167.9189189189187,
        2130.2702702702704,
        2165.5675675675675,
        2139.2432432432433,
        2158.891891891892,
        2165.9189189189187,
        2105.5135135135133,
        2155.837837837838,
        2142.7567567567567,
        2157.6216216216217,
        2152.4324324324325,
        2147.2162162162163,
        2145.810810810811,
        2140.3513513513512,
        2126.810810810811,
        2135.0,
        2143.2432432432433,
        2148.189189189189,
        2161.945945945946,
        2157.2162162162163,
        2152.6216216216217,
        2156.5135135135133,
        2153.945945945946,
        2154.675675675676,
        2127.4054054054054,
        2140.2162162162163,
        2176.2162162162163,
        2153.810810810811,
        2172.054054054054,
        2147.054054054054,
        2185.2702702702704,
        2160.4324324324325,
        2146.6486486486488,
        2129.891891891892,
        2165.2972972972975,
        2147.0,
        2138.5945945945946,
        2146.6486486486488,
        2147.675675675676,
        2156.6486486486488,
        2145.5675675675675,
        2135.027027027027,
        2145.3783783783783,
        2141.6216216216217,
        2176.189189189189,
        2154.6486486486488,
        2163.2972972972975,
        2162.108108108108,
        2137.5135135135133,
        2150.2162162162163,
        2174.3513513513512,
        2139.837837837838,
        2127.0,
        2138.5135135135133,
        2166.0810810810813,
        2138.189189189189,
        2151.324324324324,
        2139.4864864864867,
        2160.810810810811,
        2143.054054054054,
        2148.5405405405404,
        2143.054054054054,
        2128.324324324324,
        2134.864864864865,
        2176.6216216216217,
        2151.324324324324,
        2141.189189189189,
        2161.5945945945946,
        2147.7297297297296,
        2162.6216216216217,
        2155.7297297297296,
        2171.4864864864867,
        2164.891891891892,
        2135.135135135135,
        2134.972972972973,
        2160.2702702702704,
        2139.135135135135,
        2135.9189189189187,
        2190.972972972973,
        2158.864864864865,
        2155.6216216216217,
        2157.4864864864867,
        2154.189189189189,
        2136.324324324324,
        2159.2432432432433,
        2154.108108108108,
        2157.972972972973,
        2136.4864864864867,
        2132.5945945945946,
        2162.4594594594596,
        2163.675675675676,
        2144.945945945946,
        2177.9189189189187,
        2137.108108108108
    ],
    "opt": 2219,
    "stdevs": [
        93.30675471153803,
        91.5882423451045,
        79.54498981963229,
        99.92191984615496,
        74.50177342838023,
        77.41179386290125,
        85.08482425915389,
        71.36058498811934,
        85.661956442708,
        96.70550507322852,
        87.02498738586861,
        84.06727105609873,
        79.62247481240462,
        65.37681975282543,
        90.17300148727585,
        87.64687766460106,
        79.66565450933226,
        90.64447443208765,
        87.84580421255295,
        94.25486484587776,
        89.23534432278576,
        77.04628493258974,
        82.3582652611734,
        87.67277630424442,
        76.48746059927878,
        75.38579615222451,
        82.78373525335863,
        82.86062470419598,
        73.16401419395312,
        90.19900083506211,
        85.81905472211075,
        80.85253374690477,
        82.59446193565121,
        78.55153287039828,
        94.61604390023342,
        93.23957689619178,
        93.74867323142003,
        82.71097821164696,
        94.12215614601523,
        91.14056121835378,
        79.52930374017265,
        94.19558317124032,
        76.36574368058606,
        71.26905573481636,
        82.724727680174,
        97.62316301797084,
        89.02316242288911,
        89.85269171767541,
        81.88554966075054,
        78.87330225506872,
        87.92386639563591,
        78.50668900888674,
        92.18788576574273,
        94.10303167145544,
        82.97687287251776,
        85.07432405600741,
        96.04400774851791,
        68.72500541733595,
        93.62265151421546,
        84.36211038357843,
        79.12555325242172,
        85.06996218427278,
        89.1230959040406,
        87.79928467855385,
        92.78703122146231,
        89.11941578730344,
        85.47628772549085,
        80.3342269549716,
        87.74990192890118,
        67.85121005276577,
        96.67320868184946,
        85.0770200617407,
        90.94011868404036,
        87.90707458373289,
        80.01079182140975,
        84.61871687850793,
        86.79866799394033,
        83.03673929680777,
        87.96899148211999,
        79.81764278242365,
        75.91903918861286,
        85.76512510170284,
        91.25649961342296,
        76.99970117479701,
        87.35810784680575,
        92.19538118928172,
        94.55362046955504,
        90.06588774005768,
        88.98850476891965,
        84.95091179128643,
        89.26376898207533,
        76.38681309942022,
        74.34076476646457,
        82.63836925451771,
        95.21430213417764,
        88.1506198220878,
        90.86373940168309,
        76.56172404982384,
        74.61207198309089,
        82.80210419264114,
        87.31354547142361,
        80.5771275505345,
        79.2660912454338,
        85.30392534108566,
        80.14646927730941,
        93.79228873344702,
        87.12115943182272
    ]
}