{
    "agg": 2153,
    "iters": [
        1,
        2,
        3,
        4,
        5,
        6,
        7,
        8,
        9,
        10,
        11,
        12,
        13,
        14,
        15,
        16,
        17,
        18,
        19,
        20,
        21,
        22,
        23,
        24,
        25,
        26,
        27,
        28,
        29,
        30,
        31,
        32,
        33,
        34,
        35,
        36,
        37,
        38,
        39,
        40,
        41,
        42,
        43,
        44,
        45,
        46,
        47,
        48,
        49,
        50,
        51,
        52,
        53,
        54,
        55,
        56,
        57,
        58,
        59,
        60,
        61,
        62,
        63,
        64,
        65,
        66,
        67,
        68,
        69,
        70,
        71,
        72,
        73,
        74,
        75,
        76,
        77,
        78,
        79,
        80,
        81,
        82,
        83,
        84,
        85,
        86,
        87,
        88,
        89,
        90,
        91,
        92,
        93,
        94,
        95,
        96,
        97,
        98,
        99,
        100,
        101,
        102,
        103
    ],
    "means": [
        2157.9473684210525,
        2135.342105263158,
        2153.315789473684,
        2146.7368421052633,
        2152.684210526316,
        2193.4473684210525,
        2174.1315789473683,
        2144.5,
        2162.342105263158,
        2169.9210526315787,
        2154.4210526315787,
        2159.8684210526317,
        2156.8684210526317,
        2146.5526315789475,
        2137.1052631578946,
        2149.6052631578946,
        2159.8947368421054,
        2134.0789473684213,
        2131.1052631578946,
        2126.0,
        2143.9736842105262,
        2137.2368421052633,
        2148.5263157894738,
        2145.6315789473683,
        2178.657894736842,
        2117.4736842105262,
        2142.5263157894738,
        2167.0,
        2163.6052631578946,
        2163.8684210526317,
        2165.6052631578946,
        2157.4210526315787,
        2136.315789473684,
        2141.157894736842,
        2118.5263157894738,
        2165.3947368421054,
        2161.7631578947367,
        2163.9736842105262,
        2116.9736842105262,
        2147.2368421052633,
        2165.6052631578946,
        2152.5263157894738,
        2153.2894736842104,
        2148.342105263158,
        2145.1052631578946,
        2157.2631578947367,
        2137.815789473684,
        2174.684210526316,
        2147.8947368421054,
        2170.0526315789475,
        2166.2105263157896,
        2170.5,
        2151.0789473684213,
        2145.8684210526317,
        2146.2894736842104,
        2146.6052631578946,
        2164.4473684210525,
        2158.0789473684213,
        2156.9736842105262,
        2185.1315789473683,
        2169.4473684210525,
        2148.684210526316,
        2148.815789473684,
        2121.7631578947367,
        2146.5789473684213,
        2166.2894736842104,
        2130.0526315789475,
        2145.8684210526317,
        2148.3947368421054,
        2172.4736842105262,
        2149.184210526316,
        2140.8947368421054,
        2138.6052631578946,
        2158.6052631578946,
        2134.842105263158,
        2118.5789473684213,
        2154.2105263157896,
        2169.9473684210525,
        2160.7894736842104,
        2150.5526315789475,
        2138.7105263157896,
        2184.4210526315787,
        2149.7631578947367,
        2164.5789473684213,
        2169.0,
        2146.0,
        2147.6315789473683,
        2143.4473684210525,
        2132.7368421052633,
        2146.0526315789475,
        2139.7894736842104,
        2129.5263157894738,
        2161.0789473684213,
        2157.5,
        2135.9210526315787,
        2152.7368421052633,
        2172.2894736842104,
        2133.8684210526317,
        2148.8947368421054,
        2116.9210526315787,
        2159.4736842105262,
        2157.1315789473683,
        2151.4210526315787
    ],
    "opt": 2264,
    "stdevs": [
        80.97561275776704,
        84.5779852891275,
        88.4641185849286,
        76.45696560829302,
        79.92763347427336,
        73.94297139952236,
        84.37577946700594,
        87.95266370401512,
        76.85505027948784,
        80.17756005101472,
        82.8653414881312,
        92.69138694234971,
        85.07587048988796,
        95.64261805184776,
        100.03020319506773,
        82.86340677781408,
        87.82332428283868,
        97.58919849066217,
        79.08882064645127,
        78.42965336093096,
        95.1321758735003,
        89.68055419406159,
        87.03076795385135,
        88.289720762067,
        85.69354097006915,
        81.40856570802067,
        91.51868858386686,
        78.39240027612773,
        80.13690242450045,
        84.4281603846014,
        88.53055953906069,
        66.70304639888622,
        85.23685429225958,
        88.46156653294472,
        95.50881382367567,
        95.61670726991845,
        82.44693164330691,
        90.20225427282999,
        89.21248639362013,
        83.82765346092269,
        81.0946618639321,
        80.2708365610828,
        87.35436237554929,
        85.1136318835589,
        85.19259588339705,
        78.33520557280082,
        97.94973341979197,
        79.5169976079785,
        95.04785206844753,
        72.4328899444608,
        80.31849688476655,
        93.3743879004809,
        82.77311462156734,
        84.26498650174047,
        92.2587630682359,
        85.77496244724031,
        89.61340870310973,
        84.97255952703894,
        80.85057264455774,
        88.1258582795477,
        84.24984690550546,
        79.35267887998087,
        83.14250773700407,
        84.64863421366128,
        86.42295978407205,
        80.98729851511052,
        75.89117810475355,
        79.48160033771192,
        87.67059744583527,
        76.44493609682492,
        95.22932301144871,
        86.68600004544055,
        77.0510901844676,
        80.83138378054726,
        91.98842213069088,
        76.67897247580068,
        87.24229958320159,
        83.28611035031783,
        85.34516848617453,
        81.81484145647705,
        90.95022001499295,
        83.22026308757772,
        80.06360439002505,
        84.1607583199987,
        82.29791837234434,
        87.94825033417155,
        92.30168529357003,
        89.47881177257936,
        80.92026101452763,
        78.6119541493535,
        91.45265035862947,
        80.27149223338235,
        92.1724303965549,
        92.4425141428587,
        90.89391780327664,
        86.33188232522892,
        78.50273474778369,
        81.81081226078912,
        79.80330736903083,
        91.53670002530978,
        75.11070315562128,
        103.86128680844911,
        80.24752220439332
    ]
}