{
    "agg": 2262,
    "iters": [
        1,
        2,
        3,
        4,
        5,
        6,
        7,
        8,
        9,
        10,
        11,
        12,
        13,
        14,
        15,
        16,
        17,
        18,
        19,
        20,
        21,
        22,
        23,
        24,
        25,
        26,
        27,
        28,
        29,
        30,
        31,
        32,
        33,
        34,
        35,
        36,
        37,
        38,
        39,
        40,
        41,
        42,
        43,
        44,
        45,
        46,
        47,
        48,
        49,
        50,
        51,
        52,
        53,
        54,
        55,
        56,
        57,
        58,
        59,
        60,
        61,
        62,
        63,
        64,
        65,
        66,
        67,
        68,
        69,
        70,
        71,
        72,
        73,
        74,
        75,
        76,
        77,
        78,
        79,
        80,
        81,
        82,
        83,
        84,
        85,
        86,
        87,
        88,
        89,
        90,
        91,
        92,
        93,
        94,
        95,
        96,
        97,
        98,
        99,
        100,
        101,
        102,
        103,
        104,
        105,
        106,
        107,
        108,
        109,
        110,
        111,
        112,
        113,
        114,
        115,
        116,
        117,
        118,
        119,
        120,
        121,
        122,
        123,
        124,
        125,
        126,
        127,
        128,
        129,
        130,
        131,
        132,
        133,
        134,
        135,
        136,
        137,
        138,
        139,
        140,
        141,
        142,
        143,
        144,
        145,
        146
    ],
    "means": [
        2151.3846153846152,
        2107.923076923077,
        2120.4615384615386,
        2151.4615384615386,
        2169.5384615384614,
        2116.076923076923,
        2144.153846153846,
        2180.4615384615386,
        2173.769230769231,
        2158.6923076923076,
        2145.3846153846152,
        2129.4615384615386,
        2159.230769230769,
        2130.076923076923,
        2133.6923076923076,
        2126.923076923077,
        2172.3076923076924,
        2162.6153846153848,
        2176.846153846154,
        2136.6923076923076,
        2176.153846153846,
        2166.153846153846,
        2154.5384615384614,
        2153.846153846154,
        2151.3076923076924,
        2206.4615384615386,
        2118.076923076923,
        2146.6923076923076,
        2088.4615384615386,
        2152.076923076923,
        2174.769230769231,
        2152.153846153846,
        2167.846153846154,
        2168.3076923076924,
        2137.4615384615386,
        2141.923076923077,
        2151.3076923076924,
        2142.846153846154,
        2185.923076923077,
        2154.076923076923,
        2149.769230769231,
        2175.4615384615386,
        2148.769230769231,
        2157.923076923077,
        2135.076923076923,
        2158.0,
        2129.5384615384614,
        2138.3076923076924,
        2128.4615384615386,
        2180.076923076923,
        2158.0,
        2172.0,
        2147.6153846153848,
        2137.3846153846152,
        2160.230769230769,
        2146.769230769231,
        2145.923076923077,
        2120.6153846153848,
        2165.3846153846152,
        2131.3846153846152,
        2141.6153846153848,
        2150.153846153846,
        2180.3846153846152,
        2141.5384615384614,
        2160.3846153846152,
        2164.230769230769,
        2162.5384615384614,
        2128.6153846153848,
        2174.923076923077,
        2171.153846153846,
        2138.076923076923,
        2159.153846153846,
        2127.3076923076924,
        2167.3846153846152,
        2169.923076923077,
        2164.846153846154,
        2104.0,
        2143.3846153846152,
        2162.076923076923,
        2130.076923076923,
        2101.6153846153848,
        2145.5384615384614,
        2144.0,
        2118.6923076923076,
        2121.4615384615386,
        2130.769230769231,
        2130.3846153846152,
        2183.076923076923,
        2139.846153846154,
        2191.769230769231,
        2074.076923076923,
        2123.4615384615386,
        2160.769230769231,
        2166.0,
        2189.769230769231,
        2149.153846153846,
        2148.5384615384614,
        2175.3076923076924,
        2131.6153846153848,
        2131.153846153846,
        2174.5384615384614,
        2149.3076923076924,
        2145.6923076923076,
        2178.076923076923,
        2149.3846153846152,
        2160.3846153846152,
        2147.0,
        2204.846153846154,
        2151.230769230769,
        2143.5384615384614,
        2154.6923076923076,
        2172.153846153846,
        2100.923076923077,
        2117.6153846153848,
        2140.076923076923,
        2176.076923076923,
        2156.153846153846,
        2171.769230769231,
        2146.0,
        2149.3076923076924,
        2140.3076923076924,
        2132.769230769231,
        2120.076923076923,
        2184.6923076923076,
        2161.230769230769,
        2220.230769230769,
        2130.6923076923076,
        2149.5384615384614,
        2179.3076923076924,
        2172.3076923076924,
        2182.3846153846152,
        2114.6923076923076,
        2158.923076923077,
        2145.3076923076924,
        2149.5384615384614,
        2153.769230769231,
        2197.0,
        2134.923076923077,
        2150.923076923077,
        2132.923076923077,
        2117.153846153846,
        2131.153846153846,
        2146.230769230769,
        2201.230769230769,
        2122.3846153846152,
        2112.769230769231
    ],
    "opt": 2213,