{
    "agg": 2245,
    "iters": [
        1,
        2,
        3,
        4,
        5,
        6,
        7,
        8,
        9,
        10,
        11,
        12,
        13,
        14,
        15,
        16,
        17,
        18,
        19,
        20,
        21,
        22,
        23,
        24,
        25,
        26,
        27,
        28,
        29,
        30,
        31,
        32,
        33,
        34,
        35,
        36,
        37,
        38,
        39,
        40,
        41,
        42,
        43,
        44,
        45,
        46,
        47,
        48,
        49,
        50,
        51,
        52,
        53,
        54,
        55,
        56,
        57,
        58,
        59,
        60,
        61,
        62,
        63,
        64,
        65,
        66,
        67,
        68,
        69,
        70,
        71,
        72,
        73,
        74,
        75,
        76,
        77,
        78,
        79,
        80,
        81,
        82,
        83,
        84,
        85,
        86,
        87,
        88,
        89,
        90,
        91,
        92,
        93,
        94,
        95,
        96,
        97,
        98,
        99,
        100,
        101,
        102,
        103,
        104,
        105,
        106
    ],
    "means": [
        2140.5454545454545,
        2142.878787878788,
        2157.939393939394,
        2163.4848484848485,
        2154.878787878788,
        2142.030303030303,
        2160.181818181818,
        2174.3333333333335,
        2144.7272727272725,
        2127.181818181818,
        2155.5757575757575,
        2165.2727272727275,
        2139.4545454545455,
        2133.3939393939395,
        2128.6969696969695,
        2179.4848484848485,
        2123.7272727272725,
        2151.4242424242425,
        2136.3030303030305,
        2140.909090909091,
        2164.4242424242425,
        2165.3939393939395,
        2142.2727272727275,
        2142.969696969697,
        2168.3636363636365,
        2144.6969696969695,
        2138.060606060606,
        2183.3636363636365,
        2144.6969696969695,
        2130.7272727272725,
        2175.3333333333335,
        2140.3333333333335,
        2155.969696969697,
        2168.2727272727275,
        2137.0,
        2156.4545454545455,
        2155.6969696969695,
        2139.121212121212,
        2187.2727272727275,
        2157.121212121212,
        2133.3939393939395,
        2157.5454545454545,
        2136.4848484848485,
        2169.909090909091,
        2161.757575757576,
        2160.181818181818,
        2152.787878787879,
        2153.3333333333335,
        2170.121212121212,
        2132.3030303030305,
        2150.090909090909,
        2160.818181818182,
        2131.3030303030305,
        2146.5454545454545,
        2157.060606060606,
        2145.787878787879,
        2134.818181818182,
        2147.5454545454545,
        2145.0,
        2134.4848484848485,
        2137.848484848485,
        2128.3939393939395,
        2154.090909090909,
        2173.060606060606,
        2131.181818181818,
        2154.6060606060605,
        2145.6969696969695,
        2123.939393939394,
        2180.7272727272725,
        2171.787878787879,
        2129.0,
        2148.6969696969695,
        2152.060606060606,
        2150.757575757576,
        2128.212121212121,
        2130.939393939394,
        2155.818181818182,
        2154.2727272727275,
        2148.7272727272725,
        2152.3939393939395,
        2153.212121212121,
        2146.4242424242425,
        2157.4545454545455,
        2153.212121212121,
        2168.4545454545455,
        2158.878787878788,
        2162.151515151515,
        2166.3939393939395,
        2155.787878787879,
        2183.3333333333335,
        2164.3333333333335,
        2175.4545454545455,
        2168.5151515151515,
        2148.2727272727275,
        2141.7272727272725,
        2149.818181818182,
        2156.3030303030305,
        2136.969696969697,
        2136.5454545454545,
        2128.3030303030305,
        2154.121212121212,
        2132.5454545454545,
        2144.242424242424,
        2147.7272727272725,
        2144.757575757576,
        2119.212121212121
    ],
    "opt": 2271,
    "stdevs": [
        84.56272225094435,
        85.00330031944307,
        81.35628317317541,
        91.41119923832727,
        74.55799352538104,
        73.57432228643476,
        77.72463224294005,
        76.92092226974584,
        99.04185608215522,
        83.99078396248966,
        85.28313993843925,
        87.60042643014818,
        85.8960227354159,
        74.05973812912049,
        93.29441337279977,
        95.50317183757643,
        82.96705177623689,
        86.39094730318236,
        91.50707369527127,
        91.43448180424012,
        88.7113228750663,
        76.24161728146444,
        72.57943306945292,
        102.37349469007927,
        76.20221033214281,
        87.72943421213259,
        80.52213676203333,
        86.73254542132214,
        85.43666264637564,
        102.0122609170607,
        73.18331763317362,
        69.89284728074898,
        93.38856099196836,
        96.36020577083855,
        96.60384583598642,
        79.41761155306415,
        90.5934925914007,
        73.07354434663236,
        86.77217565740506,
        93.79854543543567,
        89.4203350860721,
        86.6400043751541,
        91.9420506597634,
        72.56193326930874,
        74.67871803570533,
        100.85827276219341,
        78.27835242988206,
        94.1944046033832,
        85.75926757084821,
        89.71959174189556,
        94.20492287090389,
        86.19831065821754,
        83.91788368958356,
        89.32714505107172,
        89.14439746631692,
        75.65542203556363,
        82.58896196900926,
        87.06009450429295,
        79.44962192636554,
        100.61451224083876,
        79.9394169136365,
        74.1067777515903,
        90.60315187385362,
        80.65224240957778,
        98.80726710651324,
        82.97569538048546,
        87.52886445070212,
        88.2612991801391,
        81.60855300068133,
        89.04331856096191,
        80.28887239401877,
        87.01914970315264,
        84.916336506548,
        91.02647976476666,
        72.61595015361694,
        79.0848946975948,
        91.17397772871398,
        85.85197716693003,
        79.67329986101869,
        96.56052879331602,
        90.12004034207949,
        96.35698471420719,
        88.57494375474943,
        80.59767557207634,
        87.01030621960685,
        90.91946405465282,
        75.04468212928971,
        74.42626588898669,
        92.38252411667006,
        81.66103876712108,
        90.4764046477301,
        78.65116343476346,
        84.33092146944757,
        83.87193438457508,
        89.5362708719371,
        80.70502013804405,
        91.68076525689558,
        93.87337856356548,
        79.88062719177262,
        89.95975020798984,
        83.92159312399971,
        79.74926271496977,
        79.68613822005732,
        75.77089579870189,
        88.56568536643343,
        87.16885653744642
    ]
}