{
    "agg": 2220,
    "iters": [
        1,
        2,
        3,
        4,
        5,
        6,
        7,
        8,
        9,
        10,
        11,
        12,
        13,
        14,
        15,
        16,
        17,
        18,
        19,
        20,
        21,
        22,
        23,
        24,
        25,
        26,
        27,
        28,
        29,
        30,
        31,
        32,
        33,
        34,
        35,
        36,
        37,
        38,
        39,
        40,
        41,
        42,
        43,
        44,
        45,
        46,
        47,
        48,
        49,
        50,
        51,
        52,
        53,
        54,
        55,
        56,
        57,
        58,
        59,
        60,
        61,
        62,
        63,
        64,
        65,
        66,
        67,
        68,
        69,
        70,
        71,
        72,
        73,
        74,
        75,
        76,
        77,
        78,
        79,
        80,
        81,
        82,
        83,
        84,
        85,
        86,
        87,
        88,
        89,
        90,
        91,
        92,
        93,
        94,
        95,
        96,
        97,
        98,
        99,
        100,
        101,
        102,
        103,
        104,
        105,
        106,
        107,
        108,
        109,
        110,
        111,
        112,
        113,
        114,
        115,
        116,
        117,
        118,
        119,
        120,
        121,
        122,
        123,
        124,
        125,
        126,
        127,
        128,
        129,
        130,
        131,
        132,
        133,
        134,
        135,
        136,
        137,
        138,
        139,
        140,
        141,
        142,
        143,
        144,
        145,
        146,
        147
    ],
    "means": [
        2145.4545454545455,
        2106.5454545454545,
        2151.909090909091,
        2132.7272727272725,
        2137.5454545454545,
        2107.2727272727275,
        2149.4545454545455,
        2138.909090909091,
        2211.4545454545455,
        2160.2727272727275,
        2135.4545454545455,
        2184.090909090909,
        2185.2727272727275,
        2132.909090909091,
        2199.7272727272725,
        2151.0,
        2128.090909090909,
        2155.0,
        2159.090909090909,
        2185.5454545454545,
        2160.181818181818,
        2119.3636363636365,
        2185.2727272727275,
        2167.181818181818,
        2179.818181818182,
        2147.3636363636365,
        2123.5454545454545,
        2200.4545454545455,
        2182.818181818182,
        2199.5454545454545,
        2147.4545454545455,
        2187.0,
        2143.6363636363635,
        2142.2727272727275,
        2175.6363636363635,
        2176.181818181818,
        2159.909090909091,
        2177.909090909091,
        2171.5454545454545,
        2123.818181818182,
        2176.6363636363635,
        2175.0,
        2172.4545454545455,
        2156.818181818182,
        2154.818181818182,
        2110.4545454545455,
        2144.4545454545455,
        2157.818181818182,
        2099.4545454545455,
        2106.2727272727275,
        2146.2727272727275,
        2135.181818181818,
        2163.090909090909,
        2158.6363636363635,
        2133.5454545454545,
        2163.7272727272725,
        2169.7272727272725,
        2164.5454545454545,
        2125.181818181818,
        2175.818181818182,
        2124.2727272727275,
        2124.2727272727275,
        2134.4545454545455,
        2132.6363636363635,
        2128.181818181818,
        2145.818181818182,
        2152.818181818182,
        2208.5454545454545,
        2128.3636363636365,
        2176.818181818182,
        2137.6363636363635,
        2143.090909090909,
        2144.818181818182,
        2175.3636363636365,
        2194.0,
        2132.3636363636365,
        2160.090909090909,
        2127.5454545454545,
        2119.818181818182,
        2155.181818181818,
        2131.181818181818,
        2123.909090909091,
        2153.6363636363635,
        2104.181818181818,
        2136.909090909091,
        2113.3636363636365,
        2174.818181818182,
        2159.5454545454545,
        2152.0,
        2102.181818181818,
        2212.5454545454545,
        2149.0,
        2160.5454545454545,
        2116.2727272727275,
        2212.909090909091,
        2167.6363636363635,
        2141.181818181818,
        2139.909090909091,
        2144.6363636363635,
        2157.3636363636365,
        2140.4545454545455,
        2134.818181818182,
        2167.181818181818,
        2187.181818181818,
        2100.909090909091,
        2201.090909090909,
        2186.818181818182,
        2171.2727272727275,
        2095.7272727272725,
        2238.3636363636365,
        2123.5454545454545,
        2155.2727272727275,
        2119.5454545454545,
        2124.181818181818,
        2156.5454545454545,
        2173.818181818182,
        2140.6363636363635,
        2103.3636363636365,
        2138.3636363636365,
        2167.3636363636365,
        2167.090909090909,
        2099.909090909091,
        2156.0,
        2129.4545454545455,
        2178.2727272727275,
        2165.3636363636365,
        2180.090909090909,
        2170.181818181818,
        2089.6363636363635,
        2095.181818181818,
        2119.818181818182,
        2098.6363636363635,
        2138.909090909091,
        2142.5454545454545,
        2159.5454545454545,
        2181.0,
        2154.090909090909,
        2133.909090909091,
        2184.0,
        2142.0,
        2171.3636363636365,
        2167.2727272727275,
        2153.3636363636365,
        2163.181818181818,
        2131.5454545454545,
        2075.181818181818,
        2142.090909090909
    ],
    "opt": 2272,