{
    "agg": 2239,
    "iters": [
        1,
        2,
        3,
        4,
        5,
        6,
        7,
        8,
        9,
        10,
        11,
        12,
        13,
        14,
        15,
        16,
        17,
        18,
        19,
        20,
        21,
        22,
        23,
        24,
        25,
        26,
        27,
        28,
        29,
        30,
        31,
        32,
        33,
        34,
        35,
        36,
        37,
        38,
        39,
        40,
        41,
        42,
        43,
        44,
        45,
        46,
        47,
        48,
        49,
        50,
        51,
        52,
        53,
        54,
        55,
        56,
        57,
        58,
        59,
        60,
        61,
        62,
        63,
        64,
        65,
        66,
        67,
        68,
        69,
        70,
        71,
        72,
        73,
        74,
        75,
        76,
        77,
        78,
        79,
        80,
        81,
        82,
        83,
        84,
        85,
        86,
        87,
        88,
        89,
        90,
        91,
        92,
        93,
        94,
        95,
        96,
        97,
        98,
        99,
        100,
        101,
        102,
        103,
        104,
        105,
        106,
        107,
        108,
        109,
        110,
        111,
        112,
        113,
        114,
        115,
        116,
        117,
        118,
        119
    ],
    "means": [
        2141.0,
        2145.090909090909,
        2186.909090909091,
        2171.181818181818,
        2206.4545454545455,
        2129.4545454545455,
        2170.6363636363635,
        2157.0,
        2136.181818181818,
        2195.818181818182,
        2196.3636363636365,
        2190.818181818182,
        2149.090909090909,
        2156.0,
        2158.4545454545455,
        2132.6363636363635,
        2144.2727272727275,
        2106.2727272727275,
        2168.5454545454545,
        2147.3636363636365,
        2164.0,
        2166.4545454545455,
        2114.4545454545455,
        2152.6363636363635,
        2108.090909090909,
        2146.090909090909,
        2185.3636363636365,
        2134.4545454545455,
        2182.7272727272725,
        2151.7272727272725,
        2146.909090909091,
        2138.818181818182,
        2154.4545454545455,
        2183.7272727272725,
        2159.181818181818,
        2171.0,
        2222.7272727272725,
        2068.7272727272725,
        2175.4545454545455,
        2134.818181818182,
        2175.6363636363635,
        2080.3636363636365,
        2147.7272727272725,
        2116.818181818182,
        2095.181818181818,
        2119.818181818182,
        2145.3636363636365,
        2103.909090909091,
        2127.181818181818,
        2177.3636363636365,
        2151.3636363636365,
        2134.818181818182,
        2164.7272727272725,
        2141.7272727272725,
        2142.5454545454545,
        2137.4545454545455,
        2138.3636363636365,
        2183.6363636363635,
        2148.090909090909,
        2161.4545454545455,
        2145.7272727272725,
        2185.5454545454545,
        2150.818181818182,
        2150.181818181818,
        2128.2727272727275,
        2179.7272727272725,
        2121.4545454545455,
        2153.090909090909,
        2122.0,
        2152.909090909091,
        2123.181818181818,
        2141.2727272727275,
        2119.909090909091,
        2144.6363636363635,
        2125.0,
        2171.5454545454545,
        2133.3636363636365,
        2119.4545454545455,
        2107.5454545454545,
        2132.7272727272725,
        2152.5454545454545,
        2152.090909090909,
        2137.2727272727275,
        2156.0,
        2204.3636363636365,
        2109.818181818182,
        2195.0,
        2166.818181818182,
        2140.3636363636365,
        2194.0,
        2183.2727272727275,
        2167.0,
        2130.090909090909,
        2168.909090909091,
        2168.2727272727275,
        2173.3636363636365,
        2145.6363636363635,
        2148.909090909091,
        2163.090909090909,
        2130.181818181818,
        2148.5454545454545,
        2143.181818181818,
        2155.3636363636365,
        2091.5454545454545,
        2140.7272727272725,
        2132.5454545454545,
        2114.5454545454545,
        2171.0,
        2129.7272727272725,
        2142.6363636363635,
        2169.7272727272725,
        2078.6363636363635,
        2189.818181818182,
        2165.181818181818,
        2128.818181818182,
        2187.7272727272725,
        2112.2727272727275,
        2139.7272727272725,
        2183.818181818182
    ],
    "opt": 2241,
    "stdevs": [
        79.7370679169983,
        86.40649654180002,
        48.65547627863514,
        68.09060565535012,
        83.45098031600635,
        100.02850833306896,
        87.92587035500956,
        52.212851082677126,
        83.07698311787051,
        68.0371799183334,
        72.4145549499204,
        70.21501805405008,
        90.07618446772966,
        94.99856458245709,
        72.52129923667397,
        69.03658151137597,
        61.28931526203615,
        64.52778247192292,
        69.2024219707054,
        111.03502537264595,
        62.291105449990354,
        93.11807132136904,
        78.50577701541071,
        98.28000141272868,
        69.11183893510383,
        88.78928533377574,
        68.11257089590428,
        62.110405564114956,
        70.1998328269065,
        82.65711310654055,
        72.71920409787293,
        80.37731269888423,
        96.58097275095474,
        99.84177565172435,
        93.39925849600363,
        94.30415010630618,
        55.80500288600869,
        40.624871264894566,
        80.42315771915861,
        82.97515310656469,
        83.94833121658576,
        88.58716583350673,
        89.08942484848978,
        89.40898692049228,
        52.038129694953106,
        64.5823198178716,
        63.90372407311817,
        84.28140584910071,
        80.47226307223467,
        99.72167880225692,
        66.04306133435384,
        73.82512282638329,
        79.93530441902367,
        89.98190819077405,
        69.72590967021401,
        68.99850279846478,
        85.86699305243994,
        99.6879428537535,
        70.09662752288904,
        95.18628972738729,
        69.66424791825811,
        60.48645774260495,
        99.51593584749784,
        85.99557935976411,
        101.01313227774882,
        81.3377815700908,
        92.64140409161615,
        94.69324113871787,
        89.4122220646901,
        81.40633719519133,
        76.55398354556225,
        95.41115897104672,
        84.69029626227396,
        93.57959444167179,
        99.82165915453237,
        48.424944053778425,
        101.32959069498516,
        74.00167520998627,
        82.19750453673223,
        100.06551572852922,
        86.92981875300185,
        72.17334504882804,
        78.61886300268347,
        76.8966248224908,
        84.34698111456329,
        52.797758529933105,
        68.36665854054884,
        100.33563509253075,
        98.04847847994075,
        88.20430828479978,
        83.74429794330197,
        64.13621867131351,
        95.10420557133828,
        101.8782290468332,
        80.47144147187859,
        76.06847719746003,
        84.4299308488435,
        103.34096657134975,
        98.87315523662771,
        83.55707704298267,
        93.90359043998617,
        67.17658978301915,
        88.07256587328503,
        70.88192952991825,
        87.70310547947433,
        81.18482128213113,
        102.01725668315643,
        81.58431221748455,
        67.8354840224641,
        91.65971924586833,
        55.24012196203196,
        66.4711457937991,
        77.73827673303215,
        79.64103348699108,
        87.10058780911994,
        80.5538678142441,
        67.51039099695679,
        79.12371315522974,
        109.46217128373053
    ]
}