{
    "agg": 2173,
    "iters": [
        1,
        2,
        3,
        4,
        5,
        6,
        7,
        8,
        9,
        10,
        11,
        12,
        13,
        14,
        15,
        16,
        17,
        18,
        19,
        20,
        21,
        22,
        23,
        24,
        25,
        26,
        27,
        28,
        29,
        30,
        31,
        32,
        33,
        34,
        35,
        36,
        37,
        38,
        39,
        40,
        41,
        42,
        43,
        44,
        45,
        46,
        47,
        48,
        49,
        50,
        51,
        52,
        53,
        54,
        55,
        56,
        57,
        58,
        59,
        60,
        61,
        62,
        63,
        64,
        65,
        66,
        67,
        68,
        69,
        70,
        71,
        72,
        73,
        74,
        75,
        76,
        77,
        78,
        79,
        80,
        81,
        82,
        83,
        84,
        85,
        86,
        87,
        88,
        89,
        90,
        91,
        92,
        93,
        94,
        95,
        96,
        97,
        98,
        99,
        100,
        101,
        102,
        103,
        104,
        105,
        106,
        107,
        108,
        109,
        110,
        111,
        112,
        113,
        114,
        115,
        116,
        117,
        118,
        119,
        120,
        121,
        122
    ],
    "means": [
        2188.769230769231,
        2139.153846153846,
        2188.6153846153848,
        2165.923076923077,
        2119.923076923077,
        2142.3076923076924,
        2167.0,
        2133.3846153846152,
        2138.846153846154,
        2154.3846153846152,
        2101.846153846154,
        2166.923076923077,
        2146.4615384615386,
        2180.6923076923076,
        2147.3846153846152,
        2140.4615384615386,
        2135.3846153846152,
        2164.3076923076924,
        2151.230769230769,
        2151.4615384615386,
        2195.153846153846,
        2129.769230769231,
        2136.846153846154,
        2179.769230769231,
        2209.923076923077,
        2166.0,
        2134.769230769231,
        2172.6923076923076,
        2109.6153846153848,
        2164.153846153846,
        2076.076923076923,
        2117.0,
        2135.6153846153848,
        2143.6153846153848,
        2095.076923076923,
        2126.5384615384614,
        2162.0,
        2164.3846153846152,
        2147.153846153846,
        2094.846153846154,
        2130.0,
        2110.923076923077,
        2132.3846153846152,
        2140.6153846153848,
        2174.230769230769,
        2178.0,
        2081.3846153846152,
        2160.076923076923,
        2134.230769230769,
        2113.076923076923,
        2191.6153846153848,
        2179.846153846154,
        2153.3846153846152,
        2167.153846153846,
        2128.6923076923076,
        2156.5384615384614,
        2142.6923076923076,
        2235.6153846153848,
        2169.076923076923,
        2139.230769230769,
        2178.846153846154,
        2157.153846153846,
        2155.0,
        2138.153846153846,
        2132.5384615384614,
        2163.153846153846,
        2157.153846153846,
        2111.923076923077,
        2149.3846153846152,
        2176.4615384615386,
        2171.0,
        2157.230769230769,
        2129.6923076923076,
        2142.5384615384614,
        2167.0,
        2143.846153846154,
        2103.5384615384614,
        2130.6923076923076,
        2178.0,
        2151.3846153846152,
        2152.923076923077,
        2127.923076923077,
        2155.076923076923,
        2138.5384615384614,
        2130.923076923077,
        2173.3846153846152,
        2132.3076923076924,
        2134.076923076923,
        2150.230769230769,
        2141.4615384615386,
        2163.4615384615386,
        2153.846153846154,
        2180.0,
        2202.3076923076924,
        2160.769230769231,
        2122.6923076923076,
        2124.0,
        2118.5384615384614,
        2141.846153846154,
        2134.769230769231,
        2117.6923076923076,
        2126.6153846153848,
        2139.4615384615386,
        2096.230769230769,
        2178.846153846154,
        2119.4615384615386,
        2102.0,
        2136.923076923077,
        2124.769230769231,
        2178.846153846154,
        2168.3076923076924,
        2175.6153846153848,
        2142.4615384615386,
        2206.230769230769,
        2163.3846153846152,
        2128.076923076923,
        2131.3846153846152,
        2133.3076923076924,
        2162.153846153846,
        2188.3076923076924,
        2115.4615384615386,
        2141.6153846153848
    ],
    "opt": 2216,