{
    "agg": 2288,
    "iters": [
        1,
        2,
        3,
        4,
        5,
        6,
        7,
        8,
        9,
        10,
        11,
        12,
        13,
        14,
        15,
        16,
        17,
        18,
        19,
        20,
        21,
        22,
        23,
        24,
        25,
        26,
        27,
        28,
        29,
        30,
        31,
        32,
        33,
        34,
        35,
        36,
        37,
        38,
        39,
        40,
        41,
        42,
        43,
        44,
        45,
        46,
        47,
        48,
        49,
        50,
        51,
        52,
        53,
        54,
        55,
        56,
        57,
        58,
        59,
        60,
        61,
        62,
        63,
        64,
        65,
        66,
        67,
        68,
        69,
        70,
        71,
        72,
        73,
        74,
        75,
        76,
        77,
        78,
        79,
        80,
        81,
        82,
        83,
        84,
        85,
        86,
        87,
        88,
        89,
        90,
        91,
        92,
        93,
        94,
        95,
        96,
        97,
        98,
        99,
        100,
        101,
        102,
        103,
        104,
        105,
        106,
        107,
        108,
        109,
        110,
        111,
        112,
        113,
        114,
        115,
        116,
        117,
        118,
        119,
        120,
        121,
        122,
        123,
        124,
        125,
        126,
        127,
        128,
        129,
        130,
        131,
        132,
        133,
        134,
        135,
        136,
        137
    ],
    "means": [
        2136.542857142857,
        2155.0,
        2139.114285714286,
        2135.0285714285715,
        2175.342857142857,
        2178.657142857143,
        2188.0285714285715,
        2146.6285714285714,
        2162.942857142857,
        2143.285714285714,
        2152.2,
        2155.0285714285715,
        2158.0,
        2146.114285714286,
        2142.657142857143,
        2144.6285714285714,
        2141.0,
        2141.4285714285716,
        2140.8,
        2169.942857142857,
        2152.0285714285715,
        2126.2,
        2137.0,
        2147.1428571428573,
        2156.8571428571427,
        2164.342857142857,
        2147.5714285714284,
        2150.657142857143,
        2162.8,
        2151.885714285714,
        2142.4285714285716,
        2142.714285714286,
        2132.8285714285716,
        2149.1714285714284,
        2162.5142857142855,
        2140.542857142857,
        2152.114285714286,
        2140.4,
        2146.2,
        2162.885714285714,
        2164.714285714286,
        2152.2,
        2151.8571428571427,
        2153.0857142857144,
        2155.457142857143,
        2141.4,
        2143.7428571428572,
        2143.8285714285716,
        2152.4285714285716,
        2148.5142857142855,
        2122.457142857143,
        2140.6,
        2151.0,
        2139.5142857142855,
        2143.0285714285715,
        2150.342857142857,
        2144.542857142857,
        2147.4285714285716,
        2132.2,
        2149.6857142857143,
        2151.7428571428572,
        2147.3714285714286,
        2153.9142857142856,
        2155.0857142857144,
        2145.5714285714284,
        2159.2571428571428,
        2162.5142857142855,
        2181.4857142857145,
        2145.5714285714284,
        2133.5714285714284,
        2159.2571428571428,
        2114.9142857142856,
        2162.3714285714286,
        2174.942857142857,
        2140.5714285714284,
        2128.1428571428573,
        2152.114285714286,
        2136.2285714285713,
        2157.4,
        2132.9142857142856,
        2148.0857142857144,
        2147.5142857142855,
        2160.7714285714287,
        2152.057142857143,
        2155.285714285714,
        2125.5142857142855,
        2134.8571428571427,
        2169.0857142857144,
        2163.7428571428572,
        2166.1428571428573,
        2160.457142857143,
        2120.9714285714285,
        2156.4285714285716,
        2163.3142857142857,
        2158.114285714286,
        2163.8571428571427,
        2132.657142857143,
        2135.714285714286,
        2170.8571428571427,
        2154.885714285714,
        2155.8571428571427,
        2136.114285714286,
        2156.342857142857,
        2158.1714285714284,
        2148.657142857143,
        2159.942857142857,
        2140.7428571428572,
        2154.057142857143,
        2148.1428571428573,
        2150.7714285714287,
        2142.5142857142855,
        2128.3714285714286,
        2186.1714285714284,
        2144.4285714285716,
        2163.1714285714284,
        2152.3714285714286,
        2143.342857142857,
        2160.8,
        2156.4857142857145,
        2152.5714285714284,
        2140.342857142857,
        2131.4285714285716,
        2132.114285714286,
        2147.942857142857,
        2142.9714285714285,
        2145.114285714286,
        2159.7714285714287,
        2133.6285714285714,
        2165.5142857142855,
        2137.8,
        2166.7428571428572,
        2135.8571428571427,
        2113.285714285714,
        2153.057142857143,
        2148.9714285714285,
        2141.6,
        2139.4285714285716
    ],
    "opt": 2261,