{
    "agg": 2123,
    "iters": [
        1,
        2,
        3,
        4,
        5,
        6,
        7,
        8,
        9,
        10,
        11,
        12,
        13,
        14,
        15,
        16,
        17,
        18,
        19,
        20,
        21,
        22,
        23,
        24,
        25,
        26,
        27,
        28,
        29,
        30,
        31,
        32,
        33,
        34,
        35,
        36,
        37,
        38,
        39,
        40,
        41,
        42,
        43,
        44,
        45,
        46,
        47,
        48,
        49,
        50,
        51,
        52,
        53,
        54,
        55,
        56,
        57,
        58,
        59,
        60,
        61,
        62,
        63,
        64,
        65,
        66,
        67,
        68,
        69,
        70,
        71,
        72,
        73,
        74,
        75,
        76,
        77,
        78,
        79,
        80,
        81,
        82,
        83,
        84,
        85,
        86,
        87,
        88,
        89,
        90,
        91,
        92,
        93,
        94,
        95,
        96,
        97,
        98,
        99,
        100,
        101,
        102,
        103,
        104,
        105,
        106,
        107,
        108,
        109,
        110,
        111,
        112,
        113,
        114,
        115,
        116,
        117,
        118,
        119,
        120,
        121,
        122,
        123,
        124,
        125,
        126,
        127,
        128,
        129
    ],
    "means": [
        2152.74358974359,
        2152.1794871794873,
        2136.3846153846152,
        2155.0,
        2150.7948717948716,
        2169.6153846153848,
        2155.4871794871797,
        2164.4358974358975,
        2149.3333333333335,
        2161.923076923077,
        2134.7179487179487,
        2146.974358974359,
        2156.871794871795,
        2130.6666666666665,
        2135.3333333333335,
        2146.153846153846,
        2161.4615384615386,
        2181.3846153846152,
        2160.3076923076924,
        2152.74358974359,
        2148.769230769231,
        2154.230769230769,
        2168.4871794871797,
        2138.4102564102564,
        2152.358974358974,
        2135.128205128205,
        2154.5897435897436,
        2153.5897435897436,
        2155.846153846154,
        2160.076923076923,
        2150.3076923076924,
        2136.153846153846,
        2168.974358974359,
        2155.846153846154,
        2147.076923076923,
        2150.4358974358975,
        2135.25641025641,
        2151.230769230769,
        2133.974358974359,
        2149.2051282051284,
        2134.102564102564,
        2159.0,
        2162.7179487179487,
        2141.4102564102564,
        2148.6153846153848,
        2154.846153846154,
        2162.5128205128203,
        2138.25641025641,
        2136.897435897436,
        2151.5384615384614,
        2131.051282051282,
        2149.641025641026,
        2123.4615384615386,
        2143.846153846154,
        2148.3076923076924,
        2142.846153846154,
        2150.230769230769,
        2138.6923076923076,
        2155.5897435897436,
        2161.4615384615386,
        2139.4615384615386,
        2163.7179487179487,
        2156.4102564102564,
        2151.897435897436,
        2139.102564102564,
        2158.25641025641,
        2158.2051282051284,
        2143.948717948718,
        2150.3846153846152,
        2160.897435897436,
        2172.6923076923076,
        2142.974358974359,
        2159.74358974359,
        2172.5641025641025,
        2134.7179487179487,
        2172.4102564102564,
        2152.25641025641,
        2179.769230769231,
        2147.948717948718,
        2150.5384615384614,
        2161.128205128205,
        2137.2051282051284,
        2155.5641025641025,
        2133.871794871795,
        2130.4102564102564,
        2157.8205128205127,
        2133.2051282051284,
        2147.6923076923076,
        2145.230769230769,
        2163.846153846154,
        2152.3846153846152,
        2117.846153846154,
        2138.5128205128203,
        2134.948717948718,
        2140.3076923076924,
        2135.1794871794873,
        2149.4358974358975,
        2150.74358974359,
        2154.4358974358975,
        2158.8205128205127,
        2163.5897435897436,
        2164.2820512820513,
        2142.846153846154,
        2164.076923076923,
        2161.230769230769,
        2167.846153846154,
        2146.923076923077,
        2133.076923076923,
        2134.2051282051284,
        2159.5641025641025,
        2140.948717948718,
        2156.6153846153848,
        2168.102564102564,
        2153.74358974359,
        2141.4358974358975,
        2129.051282051282,
        2165.0,
        2134.3846153846152,
        2167.74358974359,
        2142.153846153846,
        2160.358974358974,
        2139.948717948718,
        2150.6923076923076,
        2149.128205128205,
        2143.4615384615386,
        2162.846153846154,
        2175.923076923077,
        2149.5128205128203,
        2137.5641025641025
    ],
    "opt": 2279,