{
    "agg": 2257,
    "iters": [
        1,
        2,
        3,
        4,
        5,
        6,
        7,
        8,
        9,
        10,
        11,
        12,
        13,
        14,
        15,
        16,
        17,
        18,
        19,
        20,
        21,
        22,
        23,
        24,
        25,
        26,
        27,
        28,
        29,
        30,
        31,
        32,
        33,
        34,
        35,
        36,
        37,
        38,
        39,
        40,
        41,
        42,
        43,
        44,
        45,
        46,
        47,
        48,
        49,
        50,
        51,
        52,
        53,
        54,
        55,
        56,
        57,
        58,
        59,
        60,
        61,
        62,
        63,
        64,
        65,
        66,
        67,
        68,
        69,
        70,
        71,
        72,
        73,
        74,
        75,
        76,
        77,
        78,
        79,
        80,
        81,
        82,
        83,
        84,
        85,
        86,
        87,
        88,
        89,
        90,
        91,
        92,
        93,
        94,
        95,
        96,
        97,
        98,
        99,
        100,
        101,
        102,
        103,
        104,
        105,
        106,
        107,
        108,
        109,
        110
    ],
    "means": [
        2163.9655172413795,
        2164.9655172413795,
        2131.310344827586,
        2158.793103448276,
        2161.5862068965516,
        2156.1724137931033,
        2167.4827586206898,
        2163.344827586207,
        2135.2758620689656,
        2137.310344827586,
        2130.896551724138,
        2132.9310344827586,
        2171.2413793103447,
        2181.7241379310344,
        2167.103448275862,
        2158.9310344827586,
        2155.2413793103447,
        2116.6206896551726,
        2139.1724137931033,
        2152.9655172413795,
        2144.206896551724,
        2137.689655172414,
        2147.0,
        2150.655172413793,
        2141.310344827586,
        2154.1724137931033,
        2132.448275862069,
        2197.206896551724,
        2156.206896551724,
        2127.8275862068967,
        2154.4827586206898,
        2144.7586206896553,
        2150.1724137931033,
        2151.655172413793,
        2135.5172413793102,
        2169.7241379310344,
        2145.137931034483,
        2148.2758620689656,
        2165.0344827586205,
        2145.4827586206898,
        2123.4137931034484,
        2152.103448275862,
        2173.6206896551726,
        2162.0689655172414,
        2153.793103448276,
        2149.206896551724,
        2160.310344827586,
        2166.655172413793,
        2149.1724137931033,
        2163.4827586206898,
        2153.5172413793102,
        2143.862068965517,
        2129.655172413793,
        2139.862068965517,
        2153.3793103448274,
        2128.344827586207,
        2151.689655172414,
        2139.4137931034484,
        2143.3793103448274,
        2136.103448275862,
        2166.6206896551726,
        2138.2758620689656,
        2166.2413793103447,
        2118.448275862069,
        2129.8275862068967,
        2152.448275862069,
        2137.7241379310344,
        2162.7586206896553,
        2174.448275862069,
        2146.9655172413795,
        2137.9310344827586,
        2156.7586206896553,
        2157.7586206896553,
        2166.6206896551726,
        2118.310344827586,
        2142.0344827586205,
        2151.2758620689656,
        2143.5862068965516,
        2135.9310344827586,
        2157.5862068965516,
        2139.4827586206898,
        2191.5172413793102,
        2178.344827586207,
        2169.9310344827586,
        2165.6206896551726,
        2137.9310344827586,
        2168.3793103448274,
        2147.9655172413795,
        2135.7241379310344,
        2166.551724137931,
        2127.0689655172414,
        2141.793103448276,
        2154.4137931034484,
        2159.2413793103447,
        2164.344827586207,
        2117.689655172414,
        2165.655172413793,
        2161.6206896551726,
        2167.103448275862,
        2160.551724137931,
        2136.0,
        2151.1724137931033,
        2149.103448275862,
        2128.8275862068967,
        2141.448275862069,
        2148.2413793103447,
        2136.2758620689656,
        2157.7586206896553,
        2173.655172413793,
        2178.862068965517
    ],
    "opt": 2271,
    "stdevs": [
        77.43984662576571,
        82.20977488596733,
        84.45325311644342,
        94.01407792979357,
        89.52268725796958,
        96.04742685006418,
        84.83193148388503,
        76.06633940507139,
        85.41819904273979,
        73.93851287446881,
        77.12656183075666,
        79.58120165937767,
        81.53850589092916,
        79.14626205115836,
        97.75138938163707,
        87.78419111249288,
        79.2502170876669,
        84.82127815065381,
        71.42445682050818,
        93.55009086363589,
        75.56380236793039,
        78.00579264444397,
        85.19753922300322,
        96.7789075987364,
        87.75047045684903,
        84.09685260645331,
        89.0399314553817,
        76.71190138763697,
        81.06080276891552,
        80.87839699864331,
        87.3805078436301,
        90.17670590431143,
        82.84887320130146,
        80.26433736446393,
        91.14354751960765,
        97.96617873521951,
        79.74559727893794,
        79.14887611188222,
        73.32002725822089,
        90.63401990866237,
        87.39230505121198,
        90.25379725609264,
        83.21530603287513,
        87.15461134237356,
        73.29645957971185,
        98.48836070225194,
        97.13059230721318,
        92.51999815960349,
        79.6102873986198,
        88.96788288755364,
        103.85122670889226,
        91.2940395901337,
        88.98751398741247,
        96.92575336145136,
        81.83347843412146,
        82.9396439720575,
        86.25107833339939,
        94.70044140791396,
        97.06926563314909,
        77.43666815092377,
        90.92718336881686,
        84.41151112534199,
        77.42166460249767,
        70.75971297133681,
        69.1530381637499,
        80.49184418179253,
        95.28537773690009,
        85.79512693034526,
        66.2219810402061,
        84.24082176901331,
        80.07794953904678,
        98.3090325146147,
        98.74895204067731,
        75.75978998673848,
        80.81272665574566,
        82.89481609290951,
        97.04492260580757,
        81.61199930426869,
        75.05397186047713,
        89.71430410739659,
        80.87692680203504,
        79.00354452530864,
        79.472083956686,
        89.96510090967756,
        94.2660994365029,
        71.09339706207882,
        95.93798779926881,
        69.27629975317015,
        93.74061665288816,
        80.83981018545536,
        89.73329487584122,
        83.80041120397212,
        85.56647637197534,
        90.55714719690727,
        89.37070254421265,
        67.6951093065003,
        82.25078381853498,
        95.77142824710245,
        84.68576594461808,
        104.0446145044143,
        98.52113373841902,
        83.85499346286039,
        89.22089782556017,
        82.35544031420157,
        90.9757778323426,
        77.7931187331851,
        80.76312599700782,
        85.89996394058646,
        84.76388132155353,
        91.59156870470309
    ]
}