{
    "agg": 2113,
    "iters": [
        1,
        2,
        3,
        4,
        5,
        6,
        7,
        8,
        9,
        10,
        11,
        12,
        13,
        14,
        15,
        16,
        17,
        18,
        19,
        20,
        21,
        22,
        23,
        24,
        25,
        26,
        27,
        28,
        29,
        30,
        31,
        32,
        33,
        34,
        35,
        36,
        37,
        38,
        39,
        40,
        41,
        42,
        43,
        44,
        45,
        46,
        47,
        48,
        49,
        50,
        51,
        52,
        53,
        54,
        55,
        56,
        57,
        58,
        59,
        60,
        61,
        62,
        63,
        64,
        65,
        66,
        67,
        68,
        69,
        70,
        71,
        72,
        73,
        74,
        75,
        76,
        77,
        78,
        79,
        80,
        81,
        82,
        83,
        84,
        85,
        86,
        87,
        88,
        89,
        90,
        91,
        92,
        93,
        94,
        95,
        96,
        97,
        98,
        99,
        100,
        101,
        102,
        103,
        104,
        105,
        106,
        107,
        108,
        109,
        110,
        111,
        112,
        113,
        114,
        115,
        116,
        117,
        118,
        119,
        120,
        121,
        122,
        123,
        124,
        125
    ],
    "means": [
        2126.1944444444443,
        2163.4444444444443,
        2154.472222222222,
        2149.3055555555557,
        2172.5,
        2146.3055555555557,
        2123.4166666666665,
        2148.1944444444443,
        2160.027777777778,
        2160.6111111111113,
        2134.3333333333335,
        2140.6111111111113,
        2161.0833333333335,
        2171.1111111111113,
        2151.527777777778,
        2147.1666666666665,
        2137.8333333333335,
        2175.3055555555557,
        2140.6111111111113,
        2152.6111111111113,
        2137.8888888888887,
        2141.5555555555557,
        2132.027777777778,
        2141.1388888888887,
        2155.25,
        2161.777777777778,
        2155.3055555555557,
        2154.5833333333335,
        2163.1388888888887,
        2146.1666666666665,
        2153.4444444444443,
        2137.9444444444443,
        2142.1944444444443,
        2123.4166666666665,
        2185.1666666666665,
        2161.0555555555557,
        2153.1944444444443,
        2146.527777777778,
        2155.277777777778,
        2128.722222222222,
        2157.6388888888887,
        2135.3055555555557,
        2151.4166666666665,
        2139.9444444444443,
        2155.5555555555557,
        2159.777777777778,
        2171.1388888888887,
        2158.0555555555557,
        2163.25,
        2156.1666666666665,
        2158.527777777778,
        2138.027777777778,
        2156.8611111111113,
        2143.0555555555557,
        2166.0555555555557,
        2167.0,
        2191.3888888888887,
        2154.3611111111113,
        2152.5555555555557,
        2152.6111111111113,
        2138.6666666666665,
        2163.6944444444443,
        2156.0555555555557,
        2141.6388888888887,
        2145.8333333333335,
        2139.5,
        2119.4166666666665,
        2157.5833333333335,
        2142.472222222222,
        2131.3333333333335,
        2173.4444444444443,
        2138.472222222222,
        2144.527777777778,
        2145.4166666666665,
        2147.1111111111113,
        2165.222222222222,
        2139.0555555555557,
        2131.777777777778,
        2157.222222222222,
        2159.3611111111113,
        2149.722222222222,
        2121.722222222222,
        2141.0,
        2154.472222222222,
        2145.75,
        2137.1388888888887,
        2143.5555555555557,
        2138.277777777778,
        2160.972222222222,
        2129.972222222222,
        2151.277777777778,
        2151.3055555555557,
        2123.9166666666665,
        2125.4444444444443,
        2143.027777777778,
        2123.1666666666665,
        2151.0833333333335,
        2130.6111111111113,
        2156.1388888888887,
        2161.6388888888887,
        2121.472222222222,
        2171.472222222222,
        2168.4166666666665,
        2179.3333333333335,
        2147.5555555555557,
        2153.25,
        2145.3611111111113,
        2144.6111111111113,
        2126.1666666666665,
        2163.8611111111113,
        2133.777777777778,
        2124.8055555555557,
        2148.3333333333335,
        2141.4166666666665,
        2157.472222222222,
        2149.027777777778,
        2147.4166666666665,
        2154.3611111111113,
        2132.5833333333335,
        2167.25,
        2152.5,
        2146.25,
        2145.1111111111113,
        2107.722222222222,
        2179.4166666666665
    ],
    "opt": 2232,