{
    "agg": 2267,
    "iters": [
        1,
        2,
        3,
        4,
        5,
        6,
        7,
        8,
        9,
        10,
        11,
        12,
        13,
        14,
        15,
        16,
        17,
        18,
        19,
        20,
        21,
        22,
        23,
        24,
        25,
        26,
        27,
        28,
        29,
        30,
        31,
        32,
        33,
        34,
        35,
        36,
        37,
        38,
        39,
        40,
        41,
        42,
        43,
        44,
        45,
        46,
        47,
        48,
        49,
        50,
        51,
        52,
        53,
        54,
        55,
        56,
        57,
        58,
        59,
        60,
        61,
        62,
        63,
        64,
        65,
        66,
        67,
        68,
        69,
        70,
        71,
        72,
        73,
        74,
        75,
        76,
        77,
        78,
        79,
        80,
        81,
        82,
        83,
        84,
        85,
        86,
        87,
        88,
        89,
        90,
        91,
        92,
        93,
        94,
        95,
        96,
        97,
        98,
        99,
        100,
        101,
        102,
        103,
        104,
        105,
        106,
        107,
        108,
        109,
        110,
        111,
        112,
        113,
        114,
        115,
        116,
        117,
        118,
        119,
        120,
        121,
        122,
        123,
        124,
        125,
        126,
        127,
        128,
        129,
        130,
        131,
        132,
        133,
        134,
        135,
        136,
        137,
        138,
        139,
        140,
        141,
        142,
        143,
        144
    ],
    "means": [
        2166.3636363636365,
        2156.3636363636365,
        2171.6363636363635,
        2151.7272727272725,
        2155.7272727272725,
        2155.6363636363635,
        2097.909090909091,
        2116.3636363636365,
        2184.3636363636365,
        2150.0,
        2144.7272727272725,
        2158.5454545454545,
        2127.3636363636365,
        2217.2727272727275,
        2117.090909090909,
        2181.5454545454545,
        2158.818181818182,
        2102.4545454545455,
        2158.6363636363635,
        2112.090909090909,
        2165.090909090909,
        2179.6363636363635,
        2139.909090909091,
        2162.2727272727275,
        2212.181818181818,
        2169.181818181818,
        2144.818181818182,
        2187.2727272727275,
        2178.181818181818,
        2131.5454545454545,
        2134.3636363636365,
        2161.6363636363635,
        2154.6363636363635,
        2168.2727272727275,
        2184.7272727272725,
        2209.2727272727275,
        2126.818181818182,
        2146.7272727272725,
        2143.909090909091,
        2129.0,
        2180.3636363636365,
        2138.090909090909,
        2142.0,
        2110.3636363636365,
        2162.181818181818,
        2144.0,
        2162.090909090909,
        2180.0,
        2122.5454545454545,
        2115.090909090909,
        2186.0,
        2163.7272727272725,
        2109.818181818182,
        2132.181818181818,
        2134.2727272727275,
        2135.2727272727275,
        2186.2727272727275,
        2186.181818181818,
        2137.090909090909,
        2184.6363636363635,
        2169.6363636363635,
        2139.909090909091,
        2111.4545454545455,
        2173.090909090909,
        2144.6363636363635,
        2131.7272727272725,
        2139.2727272727275,
        2145.2727272727275,
        2172.7272727272725,
        2129.0,
        2145.5454545454545,
        2157.2727272727275,
        2141.090909090909,
        2111.7272727272725,
        2145.7272727272725,
        2112.3636363636365,
        2179.7272727272725,
        2189.181818181818,
        2125.3636363636365,
        2197.6363636363635,
        2186.0,
        2161.6363636363635,
        2152.2727272727275,
        2178.2727272727275,
        2139.818181818182,
        2184.5454545454545,
        2154.6363636363635,
        2175.909090909091,
        2176.4545454545455,
        2151.181818181818,
        2146.090909090909,
        2181.5454545454545,
        2176.2727272727275,
        2145.7272727272725,
        2125.818181818182,
        2161.3636363636365,
        2195.818181818182,
        2162.6363636363635,
        2142.6363636363635,
        2145.6363636363635,
        2133.6363636363635,
        2189.0,
        2146.5454545454545,
        2150.818181818182,
        2096.6363636363635,
        2141.6363636363635,
        2151.7272727272725,
        2167.7272727272725,
        2112.5454545454545,
        2177.0,
        2142.6363636363635,
        2150.909090909091,
        2153.3636363636365,
        2186.3636363636365,
        2132.5454545454545,
        2141.090909090909,
        2137.818181818182,
        2149.181818181818,
        2115.181818181818,
        2128.909090909091,
        2161.818181818182,
        2118.090909090909,
        2163.0,
        2174.5454545454545,
        2175.7272727272725,
        2144.5454545454545,
        2125.3636363636365,
        2177.7272727272725,
        2102.3636363636365,
        2158.909090909091,
        2183.5454545454545,
        2145.5454545454545,
        2138.818181818182,
        2172.909090909091,
        2146.818181818182,
        2141.2727272727275,
        2158.181818181818,
        2125.2727272727275,
        2102.2727272727275,
        2171.6363636363635,
        2168.181818181818,
        2176.5454545454545,
        2155.181818181818,
        2134.090909090909
    ],
    "opt": 2253,