{
    "agg": 2115,
    "iters": [
        1,
        2,
        3,
        4,
        5,
        6,
        7,
        8,
        9,
        10,
        11,
        12,
        13,
        14,
        15,
        16,
        17,
        18,
        19,
        20,
        21,
        22,
        23,
        24,
        25,
        26,
        27,
        28,
        29,
        30,
        31,
        32,
        33,
        34,
        35,
        36,
        37,
        38,
        39,
        40,
        41,
        42,
        43,
        44,
        45,
        46,
        47,
        48,
        49,
        50,
        51,
        52,
        53,
        54,
        55,
        56,
        57,
        58,
        59,
        60,
        61,
        62,
        63,
        64,
        65,
        66,
        67,
        68,
        69,
        70,
        71,
        72,
        73,
        74,
        75,
        76,
        77,
        78,
        79,
        80,
        81,
        82,
        83,
        84,
        85,
        86,
        87,
        88,
        89,
        90,
        91,
        92,
        93,
        94,
        95,
        96,
        97,
        98,
        99,
        100,
        101,
        102,
        103,
        104,
        105,
        106,
        107,
        108,
        109,
        110,
        111,
        112,
        113,
        114,
        115,
        116,
        117,
        118,
        119,
        120,
        121,
        122,
        123,
        124,
        125,
        126,
        127,
        128,
        129,
        130,
        131,
        132,
        133,
        134,
        135,
        136,
        137,
        138,
        139,
        140,
        141
    ],
    "means": [
        2147.9285714285716,
        2117.9285714285716,
        2168.4285714285716,
        2144.714285714286,
        2160.285714285714,
        2134.5,
        2133.5,
        2128.0714285714284,
        2120.3571428571427,
        2155.8571428571427,
        2159.6428571428573,
        2193.6428571428573,
        2169.3571428571427,
        2151.5,
        2138.8571428571427,
        2140.6428571428573,
        2166.3571428571427,
        2168.8571428571427,
        2126.8571428571427,
        2181.3571428571427,
        2122.5714285714284,
        2137.5,
        2165.285714285714,
        2140.4285714285716,
        2140.9285714285716,
        2130.6428571428573,
        2155.0,
        2132.1428571428573,
        2148.285714285714,
        2118.5,
        2110.1428571428573,
        2140.714285714286,
        2165.785714285714,
        2147.285714285714,
        2195.714285714286,
        2140.8571428571427,
        2159.8571428571427,
        2149.4285714285716,
        2142.785714285714,
        2162.8571428571427,
        2159.214285714286,
        2166.285714285714,
        2140.285714285714,
        2139.5,
        2122.5714285714284,
        2205.5,
        2129.4285714285716,
        2157.214285714286,
        2169.714285714286,
        2149.5714285714284,
        2140.4285714285716,
        2142.9285714285716,
        2154.0,
        2140.3571428571427,
        2176.6428571428573,
        2130.714285714286,
        2133.0714285714284,
        2147.785714285714,
        2154.1428571428573,
        2156.3571428571427,
        2117.5714285714284,
        2155.0,
        2133.785714285714,
        2173.285714285714,
        2162.6428571428573,
        2146.285714285714,
        2124.4285714285716,
        2155.5714285714284,
        2181.9285714285716,
        2148.214285714286,
        2163.0,
        2142.4285714285716,
        2147.285714285714,
        2178.0,
        2167.714285714286,
        2131.5714285714284,
        2145.0,
        2145.285714285714,
        2137.5714285714284,
        2169.8571428571427,
        2137.714285714286,
        2150.3571428571427,
        2166.9285714285716,
        2175.285714285714,
        2125.785714285714,
        2193.0714285714284,
        2169.8571428571427,
        2151.5,
        2163.0,
        2178.3571428571427,
        2118.5714285714284,
        2122.285714285714,
        2136.785714285714,
        2123.0,
        2137.9285714285716,
        2156.0714285714284,
        2173.8571428571427,
        2149.6428571428573,
        2148.285714285714,
        2163.6428571428573,
        2154.214285714286,
        2145.4285714285716,
        2175.0,
        2110.0714285714284,
        2143.8571428571427,
        2173.5,
        2158.285714285714,
        2161.0,
        2162.9285714285716,
        2138.785714285714,
        2121.285714285714,
        2135.785714285714,
        2142.9285714285716,
        2129.714285714286,
        2168.4285714285716,
        2138.785714285714,
        2120.214285714286,
        2138.714285714286,
        2089.785714285714,
        2184.8571428571427,
        2134.1428571428573,
        2169.0,
        2116.5714285714284,
        2154.0714285714284,
        2172.285714285714,
        2148.4285714285716,
        2156.3571428571427,
        2132.785714285714,
        2174.785714285714,
        2164.5714285714284,
        2160.714285714286,
        2123.1428571428573,
        2172.0714285714284,
        2148.9285714285716,
        2119.214285714286,
        2131.714285714286,
        2154.3571428571427,
        2137.1428571428573,
        2154.285714285714,
        2109.5714285714284,
        2143.214285714286
    ],
    "opt": 2247,