{
    "agg": 2110,
    "iters": [
        1,
        2,
        3,
        4,
        5,
        6,
        7,
        8,
        9,
        10,
        11,
        12,
        13,
        14,
        15,
        16,
        17,
        18,
        19,
        20,
        21,
        22,
        23,
        24,
        25,
        26,
        27,
        28,
        29,
        30,
        31,
        32,
        33,
        34,
        35,
        36,
        37,
        38,
        39,
        40,
        41,
        42,
        43,
        44,
        45,
        46,
        47,
        48,
        49,
        50,
        51,
        52,
        53,
        54,
        55,
        56,
        57,
        58,
        59,
        60,
        61,
        62,
        63,
        64,
        65,
        66,
        67,
        68,
        69,
        70,
        71,
        72,
        73,
        74,
        75,
        76,
        77,
        78,
        79,
        80,
        81,
        82,
        83,
        84,
        85,
        86,
        87,
        88,
        89,
        90,
        91,
        92,
        93,
        94,
        95,
        96,
        97,
        98,
        99,
        100,
        101,
        102,
        103,
        104,
        105,
        106,
        107,
        108,
        109,
        110,
        111,
        112,
        113,
        114,
        115,
        116,
        117,
        118,
        119,
        120,
        121,
        122,
        123,
        124,
        125,
        126
    ],
    "means": [
        2183.7272727272725,
        2164.4545454545455,
        2169.4545454545455,
        2122.090909090909,
        2109.909090909091,
        2135.3636363636365,
        2165.0,
        2133.5454545454545,
        2097.5454545454545,
        2144.3636363636365,
        2151.2727272727275,
        2135.2727272727275,
        2153.818181818182,
        2153.6363636363635,
        2162.6363636363635,
        2155.6363636363635,
        2162.090909090909,
        2155.5454545454545,
        2203.909090909091,
        2170.818181818182,
        2130.6363636363635,
        2197.818181818182,
        2147.6363636363635,
        2176.7272727272725,
        2137.818181818182,
        2175.0,
        2142.3636363636365,
        2140.181818181818,
        2219.4545454545455,
        2163.7272727272725,
        2173.2727272727275,
        2166.909090909091,
        2172.181818181818,
        2155.909090909091,
        2185.090909090909,
        2158.6363636363635,
        2170.090909090909,
        2131.4545454545455,
        2139.2727272727275,
        2166.2727272727275,
        2175.818181818182,
        2146.4545454545455,
        2189.6363636363635,
        2115.7272727272725,
        2139.909090909091,
        2178.909090909091,
        2145.5454545454545,
        2171.2727272727275,
        2159.7272727272725,
        2171.6363636363635,
        2146.2727272727275,
        2180.4545454545455,
        2097.909090909091,
        2178.090909090909,
        2203.5454545454545,
        2164.181818181818,
        2148.7272727272725,
        2158.2727272727275,
        2153.909090909091,
        2109.7272727272725,
        2175.0,
        2120.5454545454545,
        2175.181818181818,
        2153.5454545454545,
        2222.090909090909,
        2114.090909090909,
        2187.181818181818,
        2166.4545454545455,
        2123.7272727272725,
        2151.818181818182,
        2191.3636363636365,
        2110.5454545454545,
        2150.090909090909,
        2150.2727272727275,
        2166.909090909091,
        2114.5454545454545,
        2152.4545454545455,
        2187.7272727272725,
        2097.6363636363635,
        2125.181818181818,
        2190.181818181818,
        2122.818181818182,
        2161.7272727272725,
        2128.090909090909,
        2136.4545454545455,
        2139.7272727272725,
        2140.6363636363635,
        2171.818181818182,
        2113.909090909091,
        2171.2727272727275,
        2128.6363636363635,
        2147.818181818182,
        2158.6363636363635,
        2115.818181818182,
        2128.818181818182,
        2172.3636363636365,
        2160.6363636363635,
        2167.7272727272725,
        2129.0,
        2174.818181818182,
        2156.4545454545455,
        2151.5454545454545,
        2149.7272727272725,
        2120.7272727272725,
        2172.909090909091,
        2205.5454545454545,
        2157.818181818182,
        2160.909090909091,
        2142.909090909091,
        2150.4545454545455,
        2151.090909090909,
        2125.909090909091,
        2145.7272727272725,
        2123.3636363636365,
        2161.3636363636365,
        2209.0,
        2168.181818181818,
        2134.909090909091,
        2144.3636363636365,
        2117.5454545454545,
        2167.090909090909,
        2123.181818181818,
        2179.2727272727275,
        2129.2727272727275,
        2156.6363636363635,
        2130.181818181818
    ],
    "opt": 2267,