{
    "agg": 2282,
    "iters": [
        1,
        2,
        3,
        4,
        5,
        6,
        7,
        8,
        9,
        10,
        11,
        12,
        13,
        14,
        15,
        16,
        17,
        18,
        19,
        20,
        21,
        22,
        23,
        24,
        25,
        26,
        27,
        28,
        29,
        30,
        31,
        32,
        33,
        34,
        35,
        36,
        37,
        38,
        39,
        40,
        41,
        42,
        43,
        44,
        45,
        46,
        47,
        48,
        49,
        50,
        51,
        52,
        53,
        54,
        55,
        56,
        57,
        58,
        59,
        60,
        61,
        62,
        63,
        64,
        65,
        66,
        67,
        68,
        69,
        70,
        71,
        72,
        73,
        74,
        75,
        76,
        77,
        78,
        79,
        80,
        81,
        82,
        83,
        84,
        85,
        86,
        87,
        88,
        89,
        90,
        91,
        92,
        93,
        94,
        95,
        96,
        97,
        98,
        99,
        100,
        101,
        102,
        103,
        104,
        105,
        106,
        107,
        108,
        109,
        110,
        111,
        112,
        113,
        114,
        115,
        116,
        117,
        118,
        119,
        120,
        121,
        122,
        123,
        124,
        125,
        126,
        127,
        128,
        129,
        130,
        131,
        132,
        133,
        134,
        135,
        136,
        137,
        138,
        139,
        140,
        141,
        142,
        143,
        144,
        145,
        146,
        147,
        148
    ],
    "means": [
        2136.081632653061,
        2135.938775510204,
        2153.7551020408164,
        2151.0204081632655,
        2137.6938775510203,
        2164.6326530612246,
        2140.9591836734694,
        2157.1020408163267,
        2145.795918367347,
        2155.0204081632655,
        2158.918367346939,
        2115.4489795918366,
        2145.673469387755,
        2151.7551020408164,
        2136.816326530612,
        2151.5714285714284,
        2160.795918367347,
        2163.122448979592,
        2168.1428571428573,
        2177.6938775510203,
        2161.3469387755104,
        2164.204081632653,
        2146.061224489796,
        2157.2244897959185,
        2147.2448979591836,
        2139.5714285714284,
        2131.3673469387754,
        2142.4285714285716,
        2139.5714285714284,
        2168.673469387755,
        2166.6326530612246,
        2155.4489795918366,
        2143.2244897959185,
        2153.8979591836733,
        2163.7551020408164,
        2159.5102040816328,
        2161.469387755102,
        2138.0408163265306,
        2140.5102040816328,
        2164.8979591836733,
        2134.612244897959,
        2148.9591836734694,
        2158.734693877551,
        2164.265306122449,
        2160.591836734694,
        2135.877551020408,
        2138.061224489796,
        2139.4489795918366,
        2129.5102040816328,
        2146.408163265306,
        2155.591836734694,
        2155.6938775510203,
        2155.408163265306,
        2161.7551020408164,
        2152.081632653061,
        2138.1428571428573,
        2147.469387755102,
        2152.5714285714284,
        2159.2244897959185,
        2134.387755102041,
        2131.4285714285716,
        2154.1428571428573,
        2164.5510204081634,
        2156.183673469388,
        2121.0408163265306,
        2137.6326530612246,
        2141.1020408163267,
        2169.0204081632655,
        2143.4897959183672,
        2137.326530612245,
        2165.7755102040815,
        2145.469387755102,
        2144.9795918367345,
        2153.6326530612246,
        2142.469387755102,
        2141.795918367347,
        2128.0204081632655,
        2136.408163265306,
        2133.938775510204,
        2119.5714285714284,
        2159.5714285714284,
        2150.326530612245,
        2161.6530612244896,
        2141.265306122449,
        2174.938775510204,
        2151.9795918367345,
        2140.4489795918366,
        2153.6326530612246,
        2132.265306122449,
        2136.8367346938776,
        2129.6326530612246,
        2132.408163265306,
        2157.1020408163267,
        2156.2448979591836,
        2150.061224489796,
        2147.5714285714284,
        2150.469387755102,
        2151.265306122449,
        2133.4285714285716,
        2139.7551020408164,
        2145.6326530612246,
        2153.612244897959,
        2168.673469387755,
        2148.612244897959,
        2144.1632653061224,
        2154.9795918367345,
        2153.1020408163267,
        2152.5510204081634,
        2159.6530612244896,
        2149.6326530612246,
        2142.591836734694,
        2127.183673469388,
        2146.5714285714284,
        2148.1428571428573,
        2157.612244897959,
        2161.6326530612246,
        2170.877551020408,
        2156.1632653061224,
        2168.816326530612,
        2158.1428571428573,
        2155.530612244898,
        2154.2448979591836,
        2134.1020408163267,
        2148.734693877551,
        2140.938775510204,
        2166.469387755102,
        2137.8979591836733,
        2155.326530612245,
        2126.3469387755104,
        2135.9795918367345,
        2161.816326530612,
        2125.8571428571427,
        2130.204081632653,
        2153.5102040816328,
        2164.4285714285716,
        2131.6938775510203,
        2157.5714285714284,
        2161.265306122449,
        2133.4285714285716,
        2158.3469387755104,
        2146.5102040816328,
        2160.081632653061,
        2126.3469387755104,
        2138.9795918367345,
        2155.673469387755,
        2158.530612244898,
        2147.0,
        2157.4489795918366
    ],
    "opt": 2233,