{
    "agg": 2278,
    "iters": [
        1,
        2,
        3,
        4,
        5,
        6,
        7,
        8,
        9,
        10,
        11,
        12,
        13,
        14,
        15,
        16,
        17,
        18,
        19,
        20,
        21,
        22,
        23,
        24,
        25,
        26,
        27,
        28,
        29,
        30,
        31,
        32,
        33,
        34,
        35,
        36,
        37,
        38,
        39,
        40,
        41,
        42,
        43,
        44,
        45,
        46,
        47,
        48,
        49,
        50,
        51,
        52,
        53,
        54,
        55,
        56,
        57,
        58,
        59,
        60,
        61,
        62,
        63,
        64,
        65,
        66,
        67,
        68,
        69,
        70,
        71,
        72,
        73,
        74,
        75,
        76,
        77,
        78,
        79,
        80,
        81,
        82,
        83,
        84,
        85,
        86,
        87,
        88,
        89,
        90,
        91,
        92,
        93,
        94,
        95,
        96,
        97,
        98,
        99,
        100,
        101,
        102,
        103,
        104,
        105,
        106,
        107,
        108,
        109,
        110,
        111,
        112,
        113,
        114,
        115,
        116,
        117,
        118,
        119,
        120,
        121,
        122,
        123,
        124,
        125,
        126,
        127,
        128,
        129,
        130,
        131
    ],
    "means": [
        2133.7551020408164,
        2173.591836734694,
        2152.938775510204,
        2145.183673469388,
        2145.6938775510203,
        2131.469387755102,
        2151.183673469388,
        2152.0408163265306,
        2161.122448979592,
        2159.9795918367345,
        2136.9795918367345,
        2153.7551020408164,
        2141.122448979592,
        2159.7551020408164,
        2149.408163265306,
        2150.9591836734694,
        2149.285714285714,
        2139.673469387755,
        2166.918367346939,
        2141.8367346938776,
        2162.2448979591836,
        2167.469387755102,
        2148.3673469387754,
        2140.877551020408,
        2146.877551020408,
        2132.204081632653,
        2140.3673469387754,
        2147.0408163265306,
        2145.204081632653,
        2172.938775510204,
        2142.591836734694,
        2181.734693877551,
        2160.387755102041,
        2144.469387755102,
        2140.061224489796,
        2129.673469387755,
        2140.1632653061224,
        2163.795918367347,
        2175.061224489796,
        2142.3469387755104,
        2166.591836734694,
        2141.918367346939,
        2130.5510204081634,
        2163.4897959183672,
        2119.5510204081634,
        2163.8367346938776,
        2165.469387755102,
        2142.4897959183672,
        2142.5102040816328,
        2146.673469387755,
        2150.285714285714,
        2143.877551020408,
        2157.0408163265306,
        2131.6326530612246,
        2148.4489795918366,
        2160.5102040816328,
        2154.918367346939,
        2134.734693877551,
        2146.265306122449,
        2163.0408163265306,
        2157.469387755102,
        2143.4489795918366,
        2121.408163265306,
        2138.1428571428573,
        2155.673469387755,
        2154.4285714285716,
        2135.0408163265306,
        2137.6326530612246,
        2154.1020408163267,
        2145.591836734694,
        2164.9591836734694,
        2145.7755102040815,
        2153.5714285714284,
        2151.3469387755104,
        2154.2448979591836,
        2152.0204081632655,
        2148.714285714286,
        2139.877551020408,
        2135.2448979591836,
        2130.734693877551,
        2155.5102040816328,
        2164.0,
        2144.591836734694,
        2144.387755102041,
        2151.5714285714284,
        2165.183673469388,
        2152.061224489796,
        2178.5510204081634,
        2148.2244897959185,
        2136.3469387755104,
        2156.530612244898,
        2145.714285714286,
        2136.7755102040815,
        2150.816326530612,
        2129.204081632653,
        2168.530612244898,
        2136.1428571428573,
        2152.0408163265306,
        2162.3469387755104,
        2138.1428571428573,
        2165.673469387755,
        2133.591836734694,
        2175.469387755102,
        2171.387755102041,
        2145.5102040816328,
        2136.7551020408164,
        2140.3061224489797,
        2170.1020408163267,
        2134.3673469387754,
        2142.204081632653,
        2129.591836734694,
        2158.530612244898,
        2130.4285714285716,
        2144.734693877551,
        2145.265306122449,
        2155.877551020408,
        2161.061224489796,
        2162.8979591836733,
        2162.0408163265306,
        2150.408163265306,
        2160.9795918367345,
        2164.9795918367345,
        2136.387755102041,
        2149.2448979591836,
        2161.612244897959,
        2123.795918367347,
        2143.7551020408164,
        2113.5714285714284,
        2161.2448979591836,
        2186.4285714285716,
        2140.3061224489797
    ],
    "opt": 2230,