{
    "agg": 2212,
    "iters": [
        1,
        2,
        3,
        4,
        5,
        6,
        7,
        8,
        9,
        10,
        11,
        12,
        13,
        14,
        15,
        16,
        17,
        18,
        19,
        20,
        21,
        22,
        23,
        24,
        25,
        26,
        27,
        28,
        29,
        30,
        31,
        32,
        33,
        34,
        35,
        36,
        37,
        38,
        39,
        40,
        41,
        42,
        43,
        44,
        45,
        46,
        47,
        48,
        49,
        50,
        51,
        52,
        53,
        54,
        55,
        56,
        57,
        58,
        59,
        60,
        61,
        62,
        63,
        64,
        65,
        66,
        67,
        68,
        69,
        70,
        71,
        72,
        73,
        74,
        75,
        76,
        77,
        78,
        79,
        80,
        81,
        82,
        83,
        84,
        85,
        86,
        87,
        88,
        89,
        90,
        91,
        92,
        93,
        94,
        95,
        96,
        97,
        98,
        99,
        100,
        101,
        102,
        103,
        104,
        105,
        106,
        107,
        108,
        109,
        110,
        111,
        112,
        113,
        114,
        115,
        116,
        117,
        118,
        119,
        120,
        121,
        122,
        123,
        124,
        125,
        126,
        127,
        128,
        129,
        130,
        131,
        132,
        133,
        134,
        135,
        136,
        137
    ],
    "means": [
        2154.6666666666665,
        2141.641025641026,
        2127.948717948718,
        2159.923076923077,
        2137.871794871795,
        2135.641025641026,
        2132.3076923076924,
        2141.4871794871797,
        2155.7179487179487,
        2150.3333333333335,
        2142.4615384615386,
        2127.4102564102564,
        2160.102564102564,
        2147.25641025641,
        2143.846153846154,
        2130.7948717948716,
        2148.3076923076924,
        2172.641025641026,
        2136.5897435897436,
        2120.5128205128203,
        2154.7179487179487,
        2127.5384615384614,
        2178.974358974359,
        2152.230769230769,
        2149.1794871794873,
        2132.4102564102564,
        2146.923076923077,
        2151.6666666666665,
        2153.6923076923076,
        2155.7179487179487,
        2144.4871794871797,
        2131.8205128205127,
        2150.4871794871797,
        2173.5128205128203,
        2179.153846153846,
        2133.5641025641025,
        2156.769230769231,
        2145.846153846154,
        2157.5384615384614,
        2148.2051282051284,
        2146.8205128205127,
        2171.1794871794873,
        2178.2051282051284,
        2144.128205128205,
        2165.5128205128203,
        2147.5384615384614,
        2166.230769230769,
        2150.846153846154,
        2135.25641025641,
        2155.076923076923,
        2125.102564102564,
        2130.358974358974,
        2145.3076923076924,
        2150.6923076923076,
        2138.102564102564,
        2151.025641025641,
        2164.2820512820513,
        2136.025641025641,
        2142.846153846154,
        2143.5897435897436,
        2174.6923076923076,
        2123.102564102564,
        2130.2051282051284,
        2128.025641025641,
        2153.923076923077,
        2166.051282051282,
        2147.923076923077,
        2140.6923076923076,
        2158.3846153846152,
        2151.5641025641025,
        2149.7948717948716,
        2144.153846153846,
        2124.948717948718,
        2167.974358974359,
        2158.74358974359,
        2121.230769230769,
        2148.74358974359,
        2138.74358974359,
        2156.5641025641025,
        2156.1794871794873,
        2157.051282051282,
        2126.7948717948716,
        2180.923076923077,
        2157.6666666666665,
        2146.076923076923,
        2156.128205128205,
        2153.3333333333335,
        2158.3076923076924,
        2155.25641025641,
        2110.948717948718,
        2144.1794871794873,
        2164.051282051282,
        2165.3076923076924,
        2115.1794871794873,
        2133.3333333333335,
        2145.846153846154,
        2146.6923076923076,
        2163.948717948718,
        2133.4358974358975,
        2149.923076923077,
        2123.4102564102564,
        2140.1794871794873,
        2153.25641025641,
        2131.3076923076924,
        2149.6153846153848,
        2131.051282051282,
        2158.6666666666665,
        2155.7948717948716,
        2162.076923076923,
        2152.5384615384614,
        2128.3076923076924,
        2156.74358974359,
        2167.5641025641025,
        2162.641025641026,
        2131.4615384615386,
        2127.358974358974,
        2149.769230769231,
        2138.846153846154,
        2138.948717948718,
        2154.74358974359,
        2151.74358974359,
        2175.051282051282,
        2145.3846153846152,
        2149.3076923076924,
        2141.4615384615386,
        2166.3333333333335,
        2139.5384615384614,
        2134.051282051282,
        2139.0,
        2158.358974358974,
        2150.8205128205127,
        2126.102564102564,
        2146.6666666666665,
        2155.051282051282,
        2134.6153846153848,
        2138.153846153846,
        2128.2051282051284
    ],
    "opt": 2233,