{
    "agg": 2236,
    "iters": [
        1,
        2,
        3,
        4,
        5,
        6,
        7,
        8,
        9,
        10,
        11,
        12,
        13,
        14,
        15,
        16,
        17,
        18,
        19,
        20,
        21,
        22,
        23,
        24,
        25,
        26,
        27,
        28,
        29,
        30,
        31,
        32,
        33,
        34,
        35,
        36,
        37,
        38,
        39,
        40,
        41,
        42,
        43,
        44,
        45,
        46,
        47,
        48,
        49,
        50,
        51,
        52,
        53,
        54,
        55,
        56,
        57,
        58,
        59,
        60,
        61,
        62,
        63,
        64,
        65,
        66,
        67,
        68,
        69,
        70,
        71,
        72,
        73,
        74,
        75,
        76,
        77,
        78,
        79,
        80,
        81,
        82,
        83,
        84,
        85,
        86,
        87,
        88,
        89,
        90,
        91,
        92,
        93,
        94,
        95,
        96,
        97,
        98,
        99,
        100,
        101,
        102,
        103,
        104,
        105
    ],
    "means": [
        2160.3636363636365,
        2162.4545454545455,
        2115.878787878788,
        2142.5757575757575,
        2145.909090909091,
        2168.181818181818,
        2158.4545454545455,
        2126.6060606060605,
        2145.181818181818,
        2137.7272727272725,
        2163.3030303030305,
        2142.5454545454545,
        2164.7272727272725,
        2142.757575757576,
        2158.757575757576,
        2156.3333333333335,
        2112.0,
        2133.212121212121,
        2148.6363636363635,
        2155.212121212121,
        2149.848484848485,
        2147.6666666666665,
        2161.3636363636365,
        2162.969696969697,
        2139.969696969697,
        2159.6060606060605,
        2136.3333333333335,
        2120.6969696969695,
        2131.848484848485,
        2152.5757575757575,
        2159.7272727272725,
        2160.4242424242425,
        2163.878787878788,
        2175.181818181818,
        2154.818181818182,
        2129.5757575757575,
        2155.060606060606,
        2165.212121212121,
        2142.4242424242425,
        2146.969696969697,
        2160.939393939394,
        2147.757575757576,
        2165.6666666666665,
        2165.181818181818,
        2167.060606060606,
        2114.4848484848485,
        2174.909090909091,
        2170.4545454545455,
        2178.5454545454545,
        2139.4848484848485,
        2155.5151515151515,
        2159.6666666666665,
        2143.848484848485,
        2146.4545454545455,
        2177.4242424242425,
        2143.151515151515,
        2137.0,
        2154.5454545454545,
        2107.3030303030305,
        2172.2727272727275,
        2164.5151515151515,
        2156.7272727272725,
        2175.060606060606,
        2147.5454545454545,
        2141.878787878788,
        2133.3636363636365,
        2154.818181818182,
        2178.060606060606,
        2131.5757575757575,
        2153.3939393939395,
        2123.3939393939395,
        2156.6363636363635,
        2151.090909090909,
        2153.6969696969695,
        2192.4545454545455,
        2147.242424242424,
        2136.6969696969695,
        2118.060606060606,
        2136.4242424242425,
        2169.242424242424,
        2148.3939393939395,
        2128.4242424242425,
        2141.121212121212,
        2135.2727272727275,
        2134.4848484848485,
        2137.151515151515,
        2121.757575757576,
        2145.818181818182,
        2147.6363636363635,
        2131.4545454545455,
        2141.4545454545455,
        2177.3030303030305,
        2134.848484848485,
        2138.969696969697,
        2149.030303030303,
        2152.3333333333335,
        2169.3030303030305,
        2145.3333333333335,
        2155.030303030303,
        2131.5454545454545,
        2172.3333333333335,
        2149.818181818182,
        2141.3636363636365,
        2124.7272727272725,
        2148.909090909091
    ],
    "opt": 2248,
    "stdevs": [
        76.32856337424975,
        82.71385172519552,
        85.99780038616125,
        84.77422074672204,
        86.89853492378813,
        80.14549441785293,
        86.20486202595885,
        84.38258451439883,
        93.8856346663014,
        88.55276554970702,
        93.11006352812353,
        83.73771856004839,
        82.80582351328619,
        86.56370234584482,
        96.1986676348956,
        88.45155039724725,
        93.0587953604569,
        81.59165048480018,
        87.20015922345006,
        95.01252152751032,
        77.30699180897417,
        83.87171541386671,
        91.89909426197191,
        84.24728566744696,
        83.88501684701103,
        93.48762335648934,
        77.15064628518819,
        77.78427232493915,
        93.49546131007165,
        93.14961256707285,
        85.99163903235636,
        85.63418685174405,
        84.049681403235,
        96.24131745031862,
        88.2985481693523,
        87.2374086783355,
        82.24793978959407,
        85.10234750020656,
        94.65920701606858,
        84.17999648965947,
        87.15188392892011,
        81.76464016921885,
        79.29792945696386,
        80.84345311678449,
        94.88651575624412,
        74.1518185527099,
        94.26987810194395,
        89.72756439730311,
        82.39303107816785,
        76.10085859911501,
        84.09522784432637,
        77.60063521556113,
        86.72391624701612,
        79.06579190165499,
        75.82676840169479,
        88.34440909823573,
        83.6475288990003,
        88.88265703590935,
        86.24260525119955,
        78.57259632061285,
        80.17750051363167,
        83.74755454675667,
        84.14379445382313,
        79.88593797033023,
        83.41090604360805,
        77.34684502461434,
        88.23846977486275,
        87.66117256454118,
        83.10527471245216,
        84.05191014862596,
        84.80242256185824,
        79.81372942645068,
        89.46486144015921,
        92.54957225266142,
        85.22024617499484,
        87.21621697375986,
        84.79904403709479,
        86.94161725982502,
        79.17951613858997,
        91.39989732207954,
        85.61256612449232,
        81.93790342915464,
        78.96134749692891,
        90.52984531391834,
        78.77667752543731,
        90.31229360664136,
        84.87067891549822,
        91.75179117909907,
        85.32107565199365,
        97.24635722992588,
        88.07713248748298,
        79.67071810992164,
        69.63285588654566,
        83.80912109487876,
        83.10033542888392,
        92.98669395416343,
        83.74437469972277,
        85.53987787617368,
        91.26467830419817,
        72.95996864578129,
        89.00414245268234,
        74.01574547697535,
        85.96504510972035,
        88.21608206549543,
        91.99320252765834
    ]
}