{
    "agg": 2153,
    "iters": [
        1,
        2,
        3,
        4,
        5,
        6,
        7,
        8,
        9,
        10,
        11,
        12,
        13,
        14,
        15,
        16,
        17,
        18,
        19,
        20,
        21,
        22,
        23,
        24,
        25,
        26,
        27,
        28,
        29,
        30,
        31,
        32,
        33,
        34,
        35,
        36,
        37,
        38,
        39,
        40,
        41,
        42,
        43,
        44,
        45,
        46,
        47,
        48,
        49,
        50,
        51,
        52,
        53,
        54,
        55,
        56,
        57,
        58,
        59,
        60,
        61,
        62,
        63,
        64,
        65,
        66,
        67,
        68,
        69,
        70,
        71,
        72,
        73,
        74,
        75,
        76,
        77,
        78,
        79,
        80,
        81,
        82,
        83,
        84,
        85,
        86,
        87,
        88,
        89,
        90,
        91,
        92,
        93,
        94,
        95,
        96,
        97,
        98,
        99,
        100,
        101,
        102,
        103,
        104,
        105,
        106,
        107,
        108,
        109,
        110,
        111,
        112,
        113,
        114,
        115,
        116,
        117,
        118,
        119,
        120,
        121,
        122,
        123,
        124,
        125,
        126,
        127,
        128,
        129,
        130,
        131,
        132,
        133,
        134,
        135,
        136,
        137,
        138,
        139,
        140,
        141,
        142,
        143,
        144
    ],
    "means": [
        2157.2571428571428,
        2151.5714285714284,
        2156.8571428571427,
        2148.4857142857145,
        2159.7714285714287,
        2147.942857142857,
        2158.657142857143,
        2127.0,
        2136.885714285714,
        2156.057142857143,
        2140.0857142857144,
        2141.285714285714,
        2148.2285714285713,
        2167.6285714285714,
        2146.1714285714284,
        2174.3142857142857,
        2150.4857142857145,
        2140.5714285714284,
        2146.0,
        2155.5142857142855,
        2157.0285714285715,
        2156.457142857143,
        2126.6857142857143,
        2175.942857142857,
        2132.542857142857,
        2138.942857142857,
        2155.2571428571428,
        2133.457142857143,
        2134.7714285714287,
        2156.2571428571428,
        2153.457142857143,
        2158.4285714285716,
        2178.9714285714285,
        2151.4857142857145,
        2137.714285714286,
        2151.342857142857,
        2146.7714285714287,
        2147.457142857143,
        2150.4285714285716,
        2153.4857142857145,
        2147.6,
        2155.9714285714285,
        2152.714285714286,
        2145.4285714285716,
        2151.1428571428573,
        2161.5142857142855,
        2164.0,
        2154.4,
        2161.1714285714284,
        2143.6,
        2134.4857142857145,
        2157.1714285714284,
        2154.2285714285713,
        2160.4857142857145,
        2164.657142857143,
        2152.542857142857,
        2161.057142857143,
        2154.5142857142855,
        2131.4857142857145,
        2149.942857142857,
        2148.0,
        2131.2,
        2151.342857142857,
        2134.2,
        2137.285714285714,
        2146.0285714285715,
        2182.342857142857,
        2123.8571428571427,
        2132.0285714285715,
        2172.542857142857,
        2136.5714285714284,
        2143.057142857143,
        2161.114285714286,
        2140.942857142857,
        2166.4857142857145,
        2132.2285714285713,
        2163.7714285714287,
        2172.4,
        2152.9142857142856,
        2148.5714285714284,
        2141.4285714285716,
        2124.114285714286,
        2124.885714285714,
        2147.0285714285715,
        2116.4857142857145,
        2155.3714285714286,
        2142.6857142857143,
        2155.2571428571428,
        2144.7428571428572,
        2113.885714285714,
        2164.8285714285716,
        2168.6285714285714,
        2127.885714285714,
        2144.457142857143,
        2165.9142857142856,
        2162.7428571428572,
        2156.6285714285714,
        2186.3142857142857,
        2189.8,
        2172.1428571428573,
        2157.057142857143,
        2137.4857142857145,
        2163.057142857143,
        2140.9142857142856,
        2157.2,
        2161.2,
        2171.4857142857145,
        2169.9714285714285,
        2150.6,
        2128.342857142857,
        2149.885714285714,
        2153.4857142857145,
        2154.6285714285714,
        2134.0285714285715,
        2172.5714285714284,
        2141.4857142857145,
        2175.542857142857,
        2141.5142857142855,
        2130.6857142857143,
        2183.0285714285715,
        2162.2,
        2134.5142857142855,
        2152.2571428571428,
        2153.4285714285716,
        2147.1714285714284,
        2151.4,
        2172.4,
        2145.5714285714284,
        2172.0285714285715,
        2139.2285714285713,
        2136.2285714285713,
        2144.2,
        2152.6857142857143,
        2156.342857142857,
        2140.942857142857,
        2150.7428571428572,
        2142.0285714285715,
        2164.9714285714285,
        2161.6857142857143,
        2167.657142857143,
        2154.542857142857,
        2149.6,
        2173.2,
        2153.9142857142856
    ],
    "opt": 2213,