{
    "agg": 2236,
    "iters": [
        1,
        2,
        3,
        4,
        5,
        6,
        7,
        8,
        9,
        10,
        11,
        12,
        13,
        14,
        15,
        16,
        17,
        18,
        19,
        20,
        21,
        22,
        23,
        24,
        25,
        26,
        27,
        28,
        29,
        30,
        31,
        32,
        33,
        34,
        35,
        36,
        37,
        38,
        39,
        40,
        41,
        42,
        43,
        44,
        45,
        46,
        47,
        48,
        49,
        50,
        51,
        52,
        53,
        54,
        55,
        56,
        57,
        58,
        59,
        60,
        61,
        62,
        63,
        64,
        65,
        66,
        67,
        68,
        69,
        70,
        71,
        72,
        73,
        74,
        75,
        76,
        77,
        78,
        79,
        80,
        81,
        82,
        83,
        84,
        85,
        86,
        87,
        88,
        89,
        90,
        91,
        92,
        93,
        94,
        95,
        96,
        97,
        98,
        99,
        100,
        101,
        102,
        103,
        104,
        105,
        106,
        107,
        108,
        109,
        110,
        111,
        112,
        113,
        114,
        115,
        116,
        117,
        118,
        119,
        120,
        121,
        122,
        123,
        124,
        125,
        126,
        127
    ],
    "means": [
        2188.777777777778,
        2163.777777777778,
        2132.0,
        2145.777777777778,
        2142.222222222222,
        2140.4444444444443,
        2161.222222222222,
        2142.0555555555557,
        2128.1111111111113,
        2151.8888888888887,
        2133.5,
        2094.277777777778,
        2173.8333333333335,
        2149.4444444444443,
        2176.277777777778,
        2111.8888888888887,
        2187.3888888888887,
        2167.777777777778,
        2154.1111111111113,
        2181.277777777778,
        2166.0555555555557,
        2119.1111111111113,
        2148.1666666666665,
        2190.722222222222,
        2146.5,
        2154.722222222222,
        2164.6111111111113,
        2156.4444444444443,
        2153.0555555555557,
        2162.5,
        2155.6666666666665,
        2179.5,
        2158.6666666666665,
        2150.8888888888887,
        2155.777777777778,
        2154.5555555555557,
        2151.277777777778,
        2135.1111111111113,
        2149.8888888888887,
        2112.0,
        2176.277777777778,
        2131.277777777778,
        2154.1666666666665,
        2153.1666666666665,
        2169.8333333333335,
        2149.6111111111113,
        2148.277777777778,
        2179.3333333333335,
        2123.0,
        2168.4444444444443,
        2148.777777777778,
        2194.1666666666665,
        2124.222222222222,
        2176.8888888888887,
        2149.6111111111113,
        2149.9444444444443,
        2140.6666666666665,
        2160.8333333333335,
        2141.777777777778,
        2182.277777777778,
        2112.777777777778,
        2163.0555555555557,
        2174.0,
        2166.0555555555557,
        2144.3333333333335,
        2121.5,
        2154.6111111111113,
        2162.277777777778,
        2195.6111111111113,
        2183.277777777778,
        2145.0555555555557,
        2132.722222222222,
        2180.3888888888887,
        2139.6111111111113,
        2147.6111111111113,
        2127.8888888888887,
        2135.222222222222,
        2124.8333333333335,
        2125.3333333333335,
        2152.0555555555557,
        2161.8333333333335,
        2157.0,
        2109.1666666666665,
        2159.3333333333335,
        2166.722222222222,
        2171.777777777778,
        2157.6666666666665,
        2181.5555555555557,
        2144.5,
        2154.222222222222,
        2151.0,
        2191.5,
        2131.222222222222,
        2136.4444444444443,
        2135.5,
        2168.6111111111113,
        2184.8333333333335,
        2162.5555555555557,
        2169.6666666666665,
        2141.3333333333335,
        2151.5,
        2147.6111111111113,
        2148.8888888888887,
        2105.3333333333335,
        2161.1666666666665,
        2158.0555555555557,
        2166.1666666666665,
        2159.5555555555557,
        2155.5555555555557,
        2158.5,
        2119.8333333333335,
        2157.722222222222,
        2105.3333333333335,
        2163.0555555555557,
        2143.722222222222,
        2150.8333333333335,
        2150.222222222222,
        2140.4444444444443,
        2150.5555555555557,
        2163.0,
        2110.6666666666665,
        2179.5555555555557,
        2095.0,
        2159.277777777778,
        2132.277777777778,
        2148.8333333333335,
        2153.0
    ],
    "opt": 2264,