{
    "agg": 2106,
    "iters": [
        1,
        2,
        3,
        4,
        5,
        6,
        7,
        8,
        9,
        10,
        11,
        12,
        13,
        14,
        15,
        16,
        17,
        18,
        19,
        20,
        21,
        22,
        23,
        24,
        25,
        26,
        27,
        28,
        29,
        30,
        31,
        32,
        33,
        34,
        35,
        36,
        37,
        38,
        39,
        40,
        41,
        42,
        43,
        44,
        45,
        46,
        47,
        48,
        49,
        50,
        51,
        52,
        53,
        54,
        55,
        56,
        57,
        58,
        59,
        60,
        61,
        62,
        63,
        64,
        65,
        66,
        67,
        68,
        69,
        70,
        71,
        72,
        73,
        74,
        75,
        76,
        77,
        78,
        79,
        80,
        81,
        82,
        83,
        84,
        85,
        86,
        87,
        88,
        89,
        90,
        91,
        92,
        93,
        94,
        95,
        96,
        97,
        98,
        99,
        100,
        101,
        102,
        103,
        104,
        105,
        106,
        107,
        108,
        109,
        110,
        111,
        112,
        113,
        114,
        115,
        116,
        117,
        118,
        119,
        120,
        121,
        122,
        123,
        124,
        125,
        126,
        127,
        128,
        129,
        130,
        131,
        132,
        133,
        134,
        135,
        136,
        137,
        138,
        139
    ],
    "means": [
        2136.127659574468,
        2150.0,
        2157.68085106383,
        2137.063829787234,
        2155.68085106383,
        2175.723404255319,
        2157.723404255319,
        2165.7659574468084,
        2133.4893617021276,
        2166.255319148936,
        2153.1702127659573,
        2149.276595744681,
        2127.574468085106,
        2149.255319148936,
        2149.744680851064,
        2131.531914893617,
        2164.2127659574467,
        2134.872340425532,
        2137.7659574468084,
        2130.255319148936,
        2169.0,
        2146.978723404255,
        2135.8936170212764,
        2143.063829787234,
        2133.936170212766,
        2159.276595744681,
        2163.148936170213,
        2140.574468085106,
        2160.2340425531916,
        2152.0,
        2126.1063829787236,
        2158.3617021276596,
        2130.531914893617,
        2150.978723404255,
        2161.574468085106,
        2155.2127659574467,
        2169.659574468085,
        2155.8936170212764,
        2150.2127659574467,
        2149.0425531914893,
        2139.6382978723404,
        2135.148936170213,
        2167.255319148936,
        2155.3617021276596,
        2149.936170212766,
        2154.0,
        2131.404255319149,
        2116.851063829787,
        2152.7021276595747,
        2148.4893617021276,
        2163.1063829787236,
        2153.468085106383,
        2154.5106382978724,
        2155.8297872340427,
        2115.595744680851,
        2150.8936170212764,
        2138.148936170213,
        2143.936170212766,
        2158.851063829787,
        2150.3617021276596,
        2163.404255319149,
        2142.404255319149,
        2143.744680851064,
        2132.31914893617,
        2151.255319148936,
        2141.744680851064,
        2158.276595744681,
        2148.978723404255,
        2152.404255319149,
        2154.7021276595747,
        2148.4893617021276,
        2145.148936170213,
        2162.7021276595747,
        2157.8936170212764,
        2172.3829787234044,
        2154.3617021276596,
        2129.404255319149,
        2173.872340425532,
        2155.31914893617,
        2156.936170212766,
        2157.595744680851,
        2162.1702127659573,
        2161.276595744681,
        2176.553191489362,
        2157.6382978723404,
        2155.127659574468,
        2164.0425531914893,
        2152.468085106383,
        2157.3829787234044,
        2139.021276595745,
        2161.595744680851,
        2128.574468085106,
        2154.1702127659573,
        2141.531914893617,
        2153.31914893617,
        2143.978723404255,
        2147.7872340425533,
        2169.574468085106,
        2141.0,
        2147.1063829787236,
        2176.2340425531916,
        2178.4893617021276,
        2178.31914893617,
        2168.0425531914893,
        2162.3829787234044,
        2147.3617021276596,
        2158.0425531914893,
        2149.191489361702,
        2145.978723404255,
        2145.595744680851,
        2156.808510638298,
        2146.7021276595747,
        2146.9574468085107,
        2155.7659574468084,
        2126.808510638298,
        2157.2340425531916,
        2166.744680851064,
        2147.9574468085107,
        2143.0425531914893,
        2165.0851063829787,
        2164.0851063829787,
        2141.340425531915,
        2148.276595744681,
        2166.021276595745,
        2158.851063829787,
        2180.148936170213,
        2150.1702127659573,
        2159.7021276595747,
        2136.6170212765956,
        2153.7872340425533,
        2135.2340425531916,
        2145.7021276595747,
        2156.063829787234,
        2163.978723404255,
        2146.9148936170213,
        2139.2978723404253,
        2131.0,
        2165.6382978723404,
        2156.744680851064
    ],
    "opt": 2294,