{
    "agg": 2202,
    "iters": [
        1,
        2,
        3,
        4,
        5,
        6,
        7,
        8,
        9,
        10,
        11,
        12,
        13,
        14,
        15,
        16,
        17,
        18,
        19,
        20,
        21,
        22,
        23,
        24,
        25,
        26,
        27,
        28,
        29,
        30,
        31,
        32,
        33,
        34,
        35,
        36,
        37,
        38,
        39,
        40,
        41,
        42,
        43,
        44,
        45,
        46,
        47,
        48,
        49,
        50,
        51,
        52,
        53,
        54,
        55,
        56,
        57,
        58,
        59,
        60,
        61,
        62,
        63,
        64,
        65,
        66,
        67,
        68,
        69,
        70,
        71,
        72,
        73,
        74,
        75,
        76,
        77,
        78,
        79,
        80,
        81,
        82,
        83,
        84,
        85,
        86,
        87,
        88,
        89,
        90,
        91,
        92,
        93,
        94,
        95,
        96,
        97,
        98,
        99,
        100,
        101,
        102,
        103,
        104,
        105,
        106,
        107,
        108,
        109,
        110,
        111,
        112,
        113,
        114,
        115,
        116,
        117,
        118,
        119,
        120,
        121,
        122,
        123,
        124,
        125,
        126,
        127,
        128,
        129
    ],
    "means": [
        2169.191489361702,
        2162.872340425532,
        2124.851063829787,
        2158.723404255319,
        2159.7659574468084,
        2138.446808510638,
        2143.021276595745,
        2138.404255319149,
        2128.872340425532,
        2133.1063829787236,
        2150.31914893617,
        2146.8936170212764,
        2132.595744680851,
        2153.553191489362,
        2150.0,
        2157.404255319149,
        2169.255319148936,
        2129.1702127659573,
        2152.2978723404253,
        2172.808510638298,
        2166.531914893617,
        2147.021276595745,
        2132.468085106383,
        2143.6170212765956,
        2139.8936170212764,
        2145.553191489362,
        2155.148936170213,
        2133.659574468085,
        2156.8936170212764,
        2154.2978723404253,
        2138.723404255319,
        2135.553191489362,
        2145.808510638298,
        2155.3617021276596,
        2160.4893617021276,
        2166.978723404255,
        2147.1063829787236,
        2125.9148936170213,
        2176.574468085106,
        2160.574468085106,
        2136.574468085106,
        2163.127659574468,
        2157.3617021276596,
        2164.659574468085,
        2144.6382978723404,
        2149.531914893617,
        2148.6170212765956,
        2147.3617021276596,
        2139.021276595745,
        2144.468085106383,
        2156.9148936170213,
        2179.851063829787,
        2159.191489361702,
        2121.9574468085107,
        2138.68085106383,
        2153.404255319149,
        2165.425531914894,
        2147.936170212766,
        2156.659574468085,
        2156.31914893617,
        2150.2340425531916,
        2144.6382978723404,
        2166.7872340425533,
        2136.4893617021276,
        2144.255319148936,
        2161.276595744681,
        2168.1702127659573,
        2158.7021276595747,
        2123.723404255319,
        2144.404255319149,
        2132.2978723404253,
        2148.340425531915,
        2143.978723404255,
        2145.808510638298,
        2153.0,
        2155.1702127659573,
        2174.936170212766,
        2131.0,
        2141.553191489362,
        2156.191489361702,
        2127.8936170212764,
        2137.191489361702,
        2147.872340425532,
        2157.744680851064,
        2155.404255319149,
        2140.553191489362,
        2134.723404255319,
        2167.553191489362,
        2155.872340425532,
        2142.723404255319,
        2139.340425531915,
        2163.8297872340427,
        2115.425531914894,
        2151.31914893617,
        2145.808510638298,
        2136.468085106383,
        2144.7021276595747,
        2134.2340425531916,
        2123.276595744681,
        2143.31914893617,
        2152.936170212766,
        2154.851063829787,
        2145.021276595745,
        2156.531914893617,
        2134.148936170213,
        2142.2978723404253,
        2138.340425531915,
        2141.0851063829787,
        2131.425531914894,
        2167.255319148936,
        2127.9574468085107,
        2142.31914893617,
        2128.744680851064,
        2173.404255319149,
        2168.68085106383,
        2156.723404255319,
        2147.0851063829787,
        2143.744680851064,
        2141.0,
        2157.723404255319,
        2132.6170212765956,
        2143.31914893617,
        2147.148936170213,
        2164.7021276595747,
        2157.808510638298,
        2152.468085106383,
        2160.9148936170213,
        2168.2127659574467,
        2140.127659574468
    ],
    "opt": 2204,