{
    "agg": 2273,
    "iters": [
        1,
        2,
        3,
        4,
        5,
        6,
        7,
        8,
        9,
        10,
        11,
        12,
        13,
        14,
        15,
        16,
        17,
        18,
        19,
        20,
        21,
        22,
        23,
        24,
        25,
        26,
        27,
        28,
        29,
        30,
        31,
        32,
        33,
        34,
        35,
        36,
        37,
        38,
        39,
        40,
        41,
        42,
        43,
        44,
        45,
        46,
        47,
        48,
        49,
        50,
        51,
        52,
        53,
        54,
        55,
        56,
        57,
        58,
        59,
        60,
        61,
        62,
        63,
        64,
        65,
        66,
        67,
        68,
        69,
        70,
        71,
        72,
        73,
        74,
        75,
        76,
        77,
        78,
        79,
        80,
        81,
        82,
        83,
        84,
        85,
        86,
        87,
        88,
        89,
        90,
        91,
        92,
        93,
        94,
        95,
        96,
        97,
        98,
        99,
        100,
        101,
        102,
        103,
        104,
        105,
        106,
        107,
        108,
        109,
        110,
        111,
        112,
        113,
        114,
        115,
        116,
        117,
        118
    ],
    "means": [
        2173.3333333333335,
        2149.0476190476193,
        2155.6190476190477,
        2120.4285714285716,
        2115.9523809523807,
        2179.3333333333335,
        2142.904761904762,
        2119.0,
        2173.4761904761904,
        2177.809523809524,
        2129.5238095238096,
        2166.4285714285716,
        2120.5714285714284,
        2157.5238095238096,
        2176.4285714285716,
        2153.285714285714,
        2167.6190476190477,
        2144.9523809523807,
        2160.2380952380954,
        2173.5238095238096,
        2126.2380952380954,
        2171.4285714285716,
        2142.0,
        2127.7619047619046,
        2126.9523809523807,
        2186.0476190476193,
        2149.5714285714284,
        2140.285714285714,
        2142.3809523809523,
        2186.8571428571427,
        2122.904761904762,
        2184.5714285714284,
        2163.285714285714,
        2149.1428571428573,
        2173.7619047619046,
        2151.904761904762,
        2137.0,
        2135.7619047619046,
        2117.9523809523807,
        2148.0,
        2134.4285714285716,
        2155.3809523809523,
        2149.3809523809523,
        2125.4285714285716,
        2174.9523809523807,
        2137.1428571428573,
        2157.0476190476193,
        2167.3809523809523,
        2109.4761904761904,
        2131.190476190476,
        2152.0,
        2175.9523809523807,
        2173.8571428571427,
        2126.2380952380954,
        2175.285714285714,
        2132.4285714285716,
        2178.904761904762,
        2167.3333333333335,
        2161.9523809523807,
        2172.714285714286,
        2149.0476190476193,
        2118.6190476190477,
        2154.6666666666665,
        2127.285714285714,
        2164.2380952380954,
        2151.8571428571427,
        2157.9523809523807,
        2172.095238095238,
        2165.8571428571427,
        2118.0476190476193,
        2121.809523809524,
        2155.5238095238096,
        2159.714285714286,
        2159.6666666666665,
        2160.190476190476,
        2118.0,
        2157.095238095238,
        2129.0,
        2172.6190476190477,
        2170.0476190476193,
        2140.8571428571427,
        2149.6190476190477,
        2169.2380952380954,
        2148.8571428571427,
        2148.0,
        2142.4761904761904,
        2165.9523809523807,
        2119.6666666666665,
        2130.8571428571427,
        2171.7619047619046,
        2167.095238095238,
        2145.190476190476,
        2118.7619047619046,
        2138.714285714286,
        2103.4761904761904,
        2176.2380952380954,
        2156.6190476190477,
        2156.190476190476,
        2160.7619047619046,
        2166.5238095238096,
        2162.2380952380954,
        2140.0476190476193,
        2132.4285714285716,
        2161.2380952380954,
        2193.5238095238096,
        2176.190476190476,
        2139.4761904761904,
        2145.0476190476193,
        2156.0476190476193,
        2117.2380952380954,
        2148.6190476190477,
        2132.6190476190477,
        2155.8571428571427,
        2150.2380952380954,
        2153.8571428571427,
        2175.190476190476,
        2109.5238095238096,
        2162.3333333333335
    ],
    "opt": 2268,
    "stdevs": [
        89.4833495197282,
        93.93791069509497,
        77.8860438568066,
        86.70506736911628,
        82.58414248249576,
        79.85661754093624,
        89.9179015821839,
        85.12791495603487,
        91.98168505462121,
        89.81866337376344,
        87.08486230471047,
        86.5995553868337,
        77.85002151791699,
        95.56778648717861,
        92.61315931827164,
        91.58505953075371,
        57.638839575969946,
        84.29623286531519,
        79.33347624751319,
        95.89111833722515,
        87.80709634078816,
        77.0457943159048,
        80.45110908111182,
        76.87089037371736,
        90.09913914840389,
        76.40336329575088,
        92.31703729079298,
        84.28474575714718,
        81.25590158228579,
        93.52834340673508,
        94.11032267752098,
        98.96587744247603,
        89.62097057802342,
        87.78723505986382,
        71.92450060200677,
        93.3191680212667,
        90.95838923061781,
        81.73295934927923,
        76.85389737645134,
        80.1308453777469,
        82.93173981888813,
        85.2550661477362,
        76.7416669529143,
        79.31046374762882,
        81.22424936438168,
        93.6499488796981,
        94.8550152754323,
        79.04216848678286,
        74.51980819928993,
        83.83351929220257,
        71.90072520993293,
        81.65285180945475,
        81.34540447949085,
        95.12242976286367,
        75.55391821621913,
        62.000438883678136,
        91.54281057407213,
        108.62049851852412,
        74.23352867839,
        81.13723991288015,
        84.71941149941527,
        73.59702128449298,
        80.19222936665155,
        81.32482948741094,
        84.61110180557178,
        85.96914491578372,
        72.61803277979413,
        66.38337769703436,
        93.94592452413184,
        78.76878532737517,
        72.14246424535476,
        66.36236673613188,
        88.61696218216105,
        87.95796254235984,
        67.66979986714131,
        77.07572034477957,
        79.9189498726856,
        69.80244230957075,
        81.84973234413938,
        79.85312481017955,
        89.80417092566613,
        80.80339230884296,
        91.04520319568357,
        89.4641645280046,
        102.7187561117387,
        106.91368082426257,
        79.00902672388057,
        65.61237784887945,
        80.48145939359232,
        83.23283736254281,
        82.4297130673878,
        70.9880063965329,
        97.87986064651606,
        86.21575530368585,
        85.74970167801449,
        79.90762807732007,
        91.56183244670092,
        94.86562880382269,
        71.15503178801085,
        81.4000228428768,
        85.03999325914096,
        77.50298070487734,
        102.25205618077946,
        78.26384238550591,
        74.64367357341911,
        70.18724551588113,
        83.87213570305869,
        79.50410363202056,
        94.1146596498002,
        84.35012335887599,
        87.33268421631333,
        99.08893369113096,
        94.24956016786886,
        81.7440283311292,
        84.94439958236306,
        79.30148563288564,
        81.31808154086967,
        86.57962662215485
    ]
}