{
    "agg": 2199,
    "iters": [
        1,
        2,
        3,
        4,
        5,
        6,
        7,
        8,
        9,
        10,
        11,
        12,
        13,
        14,
        15,
        16,
        17,
        18,
        19,
        20,
        21,
        22,
        23,
        24,
        25,
        26,
        27,
        28,
        29,
        30,
        31,
        32,
        33,
        34,
        35,
        36,
        37,
        38,
        39,
        40,
        41,
        42,
        43,
        44,
        45,
        46,
        47,
        48,
        49,
        50,
        51,
        52,
        53,
        54,
        55,
        56,
        57,
        58,
        59,
        60,
        61,
        62,
        63,
        64,
        65,
        66,
        67,
        68,
        69,
        70,
        71,
        72,
        73,
        74,
        75,
        76,
        77,
        78,
        79,
        80,
        81,
        82,
        83,
        84,
        85,
        86,
        87,
        88,
        89,
        90,
        91,
        92,
        93,
        94,
        95,
        96,
        97,
        98,
        99,
        100,
        101,
        102,
        103,
        104,
        105,
        106,
        107,
        108,
        109,
        110,
        111,
        112,
        113,
        114,
        115,
        116,
        117,
        118,
        119,
        120,
        121,
        122,
        123,
        124,
        125,
        126,
        127,
        128,
        129,
        130,
        131,
        132,
        133,
        134,
        135,
        136,
        137,
        138,
        139,
        140,
        141,
        142
    ],
    "means": [
        2150.923076923077,
        2118.0,
        2173.6153846153848,
        2184.0,
        2157.846153846154,
        2131.076923076923,
        2088.769230769231,
        2111.769230769231,
        2149.0,
        2185.6153846153848,
        2121.6153846153848,
        2128.153846153846,
        2173.6153846153848,
        2152.230769230769,
        2149.769230769231,
        2157.6153846153848,
        2125.3846153846152,
        2163.3076923076924,
        2167.3076923076924,
        2173.6923076923076,
        2140.6923076923076,
        2168.076923076923,
        2107.0,
        2141.0,
        2136.846153846154,
        2154.5384615384614,
        2187.769230769231,
        2132.923076923077,
        2156.076923076923,
        2184.769230769231,
        2133.6923076923076,
        2187.5384615384614,
        2127.153846153846,
        2163.3846153846152,
        2160.4615384615386,
        2200.0,
        2130.3846153846152,
        2093.769230769231,
        2191.4615384615386,
        2113.923076923077,
        2126.4615384615386,
        2115.5384615384614,
        2138.230769230769,
        2145.230769230769,
        2157.923076923077,
        2145.230769230769,
        2199.769230769231,
        2150.153846153846,
        2167.846153846154,
        2130.3076923076924,
        2134.923076923077,
        2166.3846153846152,
        2151.4615384615386,
        2162.3846153846152,
        2157.4615384615386,
        2163.6153846153848,
        2164.0,
        2159.153846153846,
        2142.076923076923,
        2169.0,
        2170.230769230769,
        2143.0,
        2155.076923076923,
        2182.3076923076924,
        2152.4615384615386,
        2156.846153846154,
        2164.6153846153848,
        2123.076923076923,
        2175.076923076923,
        2188.4615384615386,
        2187.076923076923,
        2212.5384615384614,
        2146.153846153846,
        2185.923076923077,
        2154.230769230769,
        2168.846153846154,
        2161.846153846154,
        2135.4615384615386,
        2147.6923076923076,
        2135.923076923077,
        2148.230769230769,
        2150.846153846154,
        2118.3076923076924,
        2135.153846153846,
        2183.076923076923,
        2116.076923076923,
        2153.6153846153848,
        2146.153846153846,
        2115.0,
        2164.846153846154,
        2150.153846153846,
        2137.5384615384614,
        2146.4615384615386,
        2121.230769230769,
        2175.5384615384614,
        2146.3076923076924,
        2141.923076923077,
        2133.3846153846152,
        2127.3846153846152,
        2155.3846153846152,
        2117.923076923077,
        2124.846153846154,
        2188.230769230769,
        2120.3846153846152,
        2188.0,
        2137.6153846153848,
        2202.230769230769,
        2143.0,
        2186.6153846153848,
        2132.846153846154,
        2186.923076923077,
        2179.153846153846,
        2146.769230769231,
        2159.769230769231,
        2174.923076923077,
        2137.769230769231,
        2130.769230769231,
        2146.3846153846152,
        2149.0,
        2095.230769230769,
        2144.4615384615386,
        2135.769230769231,
        2171.0,
        2122.769230769231,
        2180.153846153846,
        2166.153846153846,
        2162.153846153846,
        2161.0,
        2163.076923076923,
        2201.3076923076924,
        2153.076923076923,
        2106.0,
        2174.153846153846,
        2132.3846153846152,
        2144.153846153846,
        2184.5384615384614,
        2176.769230769231,
        2189.153846153846,
        2134.846153846154,
        2158.3076923076924,
        2146.3076923076924,
        2160.4615384615386
    ],
    "opt": 2201,