{
    "agg": 2113,
    "iters": [
        1,
        2,
        3,
        4,
        5,
        6,
        7,
        8,
        9,
        10,
        11,
        12,
        13,
        14,
        15,
        16,
        17,
        18,
        19,
        20,
        21,
        22,
        23,
        24,
        25,
        26,
        27,
        28,
        29,
        30,
        31,
        32,
        33,
        34,
        35,
        36,
        37,
        38,
        39,
        40,
        41,
        42,
        43,
        44,
        45,
        46,
        47,
        48,
        49,
        50,
        51,
        52,
        53,
        54,
        55,
        56,
        57,
        58,
        59,
        60,
        61,
        62,
        63,
        64,
        65,
        66,
        67,
        68,
        69,
        70,
        71,
        72,
        73,
        74,
        75,
        76,
        77,
        78,
        79,
        80,
        81,
        82,
        83,
        84,
        85,
        86,
        87,
        88,
        89,
        90,
        91,
        92,
        93,
        94,
        95,
        96,
        97,
        98,
        99,
        100,
        101,
        102,
        103,
        104,
        105,
        106,
        107,
        108,
        109,
        110,
        111,
        112,
        113,
        114,
        115,
        116,
        117,
        118,
        119,
        120,
        121,
        122,
        123,
        124,
        125,
        126,
        127,
        128,
        129,
        130,
        131,
        132
    ],
    "means": [
        2163.0731707317073,
        2149.951219512195,
        2156.756097560976,
        2132.4146341463415,
        2179.9024390243903,
        2148.390243902439,
        2153.048780487805,
        2150.268292682927,
        2156.4634146341464,
        2149.6341463414633,
        2158.951219512195,
        2141.268292682927,
        2155.8536585365855,
        2162.4634146341464,
        2148.1463414634145,
        2167.4634146341464,
        2140.9024390243903,
        2149.609756097561,
        2159.756097560976,
        2142.1951219512193,
        2143.829268292683,
        2122.9268292682927,
        2155.0,
        2149.1463414634145,
        2136.2195121951218,
        2158.487804878049,
        2148.5365853658536,
        2152.3658536585367,
        2146.829268292683,
        2141.829268292683,
        2135.731707317073,
        2182.951219512195,
        2167.951219512195,
        2149.3658536585367,
        2149.560975609756,
        2145.9268292682927,
        2162.268292682927,
        2158.0,
        2125.439024390244,
        2168.121951219512,
        2158.560975609756,
        2145.4146341463415,
        2127.829268292683,
        2181.390243902439,
        2160.0975609756097,
        2160.829268292683,
        2146.317073170732,
        2153.0243902439024,
        2142.121951219512,
        2164.7804878048782,
        2136.0731707317073,
        2133.439024390244,
        2128.121951219512,
        2162.317073170732,
        2144.3414634146343,
        2160.121951219512,
        2146.951219512195,
        2151.9268292682927,
        2142.121951219512,
        2140.0975609756097,
        2145.829268292683,
        2170.0243902439024,
        2150.951219512195,
        2155.268292682927,
        2143.8536585365855,
        2182.121951219512,
        2149.609756097561,
        2145.878048780488,
        2147.8048780487807,
        2146.4634146341464,
        2148.731707317073,
        2159.951219512195,
        2143.243902439024,
        2156.121951219512,
        2142.951219512195,
        2145.390243902439,
        2142.829268292683,
        2149.0,
        2139.5853658536585,
        2132.3658536585367,
        2133.829268292683,
        2139.2926829268295,
        2151.6585365853657,
        2159.829268292683,
        2144.0731707317073,
        2159.829268292683,
        2174.4146341463415,
        2128.0731707317073,
        2159.2195121951218,
        2144.170731707317,
        2159.487804878049,
        2157.6585365853657,
        2148.5365853658536,
        2160.829268292683,
        2146.1951219512193,
        2128.9756097560976,
        2159.0975609756097,
        2135.2926829268295,
        2148.3658536585367,
        2125.2195121951218,
        2133.951219512195,
        2152.609756097561,
        2150.1951219512193,
        2147.8536585365855,
        2164.756097560976,
        2139.6585365853657,
        2171.1951219512193,
        2157.0,
        2167.268292682927,
        2174.7804878048782,
        2145.048780487805,
        2141.390243902439,
        2140.170731707317,
        2132.317073170732,
        2152.048780487805,
        2129.4146341463415,
        2132.243902439024,
        2122.4634146341464,
        2155.560975609756,
        2159.439024390244,
        2150.0731707317073,
        2161.1951219512193,
        2124.1951219512193,
        2127.390243902439,
        2147.3658536585367,
        2156.878048780488,
        2139.9268292682927,
        2151.243902439024,
        2129.048780487805,
        2142.487804878049,
        2143.268292682927,
        2164.3414634146343
    ],
    "opt": 2220,