{
    "agg": 2202,
    "iters": [
        1,
        2,
        3,
        4,
        5,
        6,
        7,
        8,
        9,
        10,
        11,
        12,
        13,
        14,
        15,
        16,
        17,
        18,
        19,
        20,
        21,
        22,
        23,
        24,
        25,
        26,
        27,
        28,
        29,
        30,
        31,
        32,
        33,
        34,
        35,
        36,
        37,
        38,
        39,
        40,
        41,
        42,
        43,
        44,
        45,
        46,
        47,
        48,
        49,
        50,
        51,
        52,
        53,
        54,
        55,
        56,
        57,
        58,
        59,
        60,
        61,
        62,
        63,
        64,
        65,
        66,
        67,
        68,
        69,
        70,
        71,
        72,
        73,
        74,
        75,
        76,
        77,
        78,
        79,
        80,
        81,
        82,
        83,
        84,
        85,
        86,
        87,
        88,
        89,
        90,
        91,
        92,
        93,
        94,
        95,
        96,
        97,
        98,
        99
    ],
    "means": [
        2145.5555555555557,
        2146.972222222222,
        2139.25,
        2122.8333333333335,
        2152.75,
        2145.777777777778,
        2169.6111111111113,
        2134.75,
        2163.6666666666665,
        2175.527777777778,
        2157.5,
        2174.277777777778,
        2145.5,
        2165.0833333333335,
        2153.1944444444443,
        2140.8888888888887,
        2165.3055555555557,
        2166.527777777778,
        2144.222222222222,
        2151.1111111111113,
        2134.1111111111113,
        2133.6388888888887,
        2156.777777777778,
        2157.6944444444443,
        2134.027777777778,
        2151.972222222222,
        2132.1111111111113,
        2156.4444444444443,
        2129.4166666666665,
        2145.277777777778,
        2164.8055555555557,
        2127.6388888888887,
        2145.6666666666665,
        2170.6944444444443,
        2131.972222222222,
        2167.6111111111113,
        2166.1666666666665,
        2150.0555555555557,
        2136.8888888888887,
        2149.5833333333335,
        2160.8333333333335,
        2123.777777777778,
        2182.1666666666665,
        2148.277777777778,
        2147.5833333333335,
        2141.6666666666665,
        2147.8333333333335,
        2178.5,
        2151.6388888888887,
        2152.3333333333335,
        2136.4444444444443,
        2147.777777777778,
        2157.222222222222,
        2170.8611111111113,
        2149.0,
        2163.8611111111113,
        2148.027777777778,
        2129.777777777778,
        2141.972222222222,
        2122.9166666666665,
        2117.8333333333335,
        2123.4166666666665,
        2127.6388888888887,
        2140.8055555555557,
        2147.5555555555557,
        2141.8611111111113,
        2135.6111111111113,
        2158.8333333333335,
        2115.0555555555557,
        2150.0555555555557,
        2160.6944444444443,
        2131.6666666666665,
        2141.1944444444443,
        2131.25,
        2174.1111111111113,
        2170.1388888888887,
        2153.1111111111113,
        2135.25,
        2159.777777777778,
        2159.777777777778,
        2164.0555555555557,
        2145.777777777778,
        2137.9166666666665,
        2173.472222222222,
        2135.9444444444443,
        2139.972222222222,
        2163.1944444444443,
        2154.9166666666665,
        2143.722222222222,
        2116.5,
        2157.5,
        2159.6111111111113,
        2133.3055555555557,
        2147.8888888888887,
        2141.5833333333335,
        2154.722222222222,
        2146.1944444444443,
        2147.4166666666665,
        2151.472222222222
    ],
    "opt": 2255,
    "stdevs": [
        88.48554321483647,
        80.6847383720914,
        73.6064516345016,
        82.73166127775858,
        80.55480363633747,
        80.7499952222603,
        94.02815115632414,
        74.01140114874194,
        91.80595478144832,
        84.94818228096177,
        89.17538898148973,
        89.52610144257469,
        92.35123171891104,
        78.61416857030291,
        90.60807526081291,
        84.37376427993142,
        91.2444273623949,
        87.80707580672752,
        85.22653183366704,
        82.21948193631813,
        95.20556058042041,
        95.56939095575696,
        80.30397496426767,
        94.87266889083038,
        88.01656602629829,
        82.40330566154866,
        87.16898587666047,
        91.44775206654722,
        87.99412070006596,
        82.93826724039697,
        85.10412558365208,
        80.97501424574598,
        84.37745881190992,
        86.50138709370967,
        72.6676170087364,
        77.72468425931287,
        73.12717233240551,
        92.70591028876818,
        88.79526319253802,
        82.59317129426891,
        93.7735155692812,
        84.79030051679493,
        74.84224148908898,
        83.07246204740343,
        95.18180702680995,
        88.28080199001366,
        87.98910917456395,
        97.75948376841332,
        76.55432086570866,
        87.27033351094238,
        73.56608685938426,
        83.27935288703887,
        86.22036080464956,
        86.2587041591159,
        84.38404272530836,
        86.78586443328255,
        86.91742125307188,
        89.34362848360975,
        75.58530358002109,
        82.48110052881475,
        98.83811118299572,
        92.7943888988505,
        85.37438881439854,
        88.73832300159724,
        86.0576177932373,
        93.95836926171606,
        82.1165424455382,
        86.2291842836416,
        81.08669723904039,
        93.04925351794562,
        79.23797470785374,
        78.06443207732671,
        89.19729051828014,
        74.70139631299479,
        99.80474765421225,
        67.07589100653817,
        87.97277917937575,
        77.78830781893467,
        81.94073437928955,
        81.57004866681258,
        77.73028311784441,
        88.18166574089823,
        100.33066856926429,
        83.32082776536832,
        87.82525087557691,
        88.81988206824688,
        85.56148518412698,
        85.58114245816331,
        84.97045601302683,
        71.06745621825318,
        81.92662706484518,
        76.16658562277883,
        81.12706749443686,
        84.79477767520623,
        91.67435573812341,
        88.0150274767235,
        83.43254742087049,
        76.94600379486903,
        70.13775576642453
    ]
}