{
    "agg": 2145,
    "iters": [
        1,
        2,
        3,
        4,
        5,
        6,
        7,
        8,
        9,
        10,
        11,
        12,
        13,
        14,
        15,
        16,
        17,
        18,
        19,
        20,
        21,
        22,
        23,
        24,
        25,
        26,
        27,
        28,
        29,
        30,
        31,
        32,
        33,
        34,
        35,
        36,
        37,
        38,
        39,
        40,
        41,
        42,
        43,
        44,
        45,
        46,
        47,
        48,
        49,
        50,
        51,
        52,
        53,
        54,
        55,
        56,
        57,
        58,
        59,
        60,
        61,
        62,
        63,
        64,
        65,
        66,
        67,
        68,
        69,
        70,
        71,
        72,
        73,
        74,
        75,
        76,
        77,
        78,
        79,
        80,
        81,
        82,
        83,
        84,
        85,
        86,
        87,
        88,
        89,
        90,
        91,
        92,
        93,
        94,
        95,
        96,
        97,
        98,
        99,
        100,
        101,
        102,
        103,
        104,
        105,
        106,
        107,
        108,
        109,
        110,
        111,
        112,
        113,
        114,
        115,
        116,
        117,
        118,
        119,
        120,
        121,
        122
    ],
    "means": [
        2149.25,
        2151.214285714286,
        2131.1071428571427,
        2152.3928571428573,
        2157.75,
        2144.5714285714284,
        2156.535714285714,
        2163.9285714285716,
        2176.6428571428573,
        2157.285714285714,
        2172.0714285714284,
        2138.6785714285716,
        2163.9285714285716,
        2142.464285714286,
        2148.214285714286,
        2142.0714285714284,
        2141.9285714285716,
        2151.25,
        2137.535714285714,
        2151.285714285714,
        2147.714285714286,
        2158.25,
        2088.5,
        2145.8928571428573,
        2155.1071428571427,
        2138.1428571428573,
        2143.3928571428573,
        2161.1071428571427,
        2177.5,
        2161.0714285714284,
        2142.0714285714284,
        2150.5,
        2129.9285714285716,
        2151.6071428571427,
        2151.8571428571427,
        2161.964285714286,
        2155.4285714285716,
        2135.1071428571427,
        2152.1071428571427,
        2134.464285714286,
        2161.0714285714284,
        2144.0,
        2168.25,
        2151.8928571428573,
        2160.8571428571427,
        2156.285714285714,
        2135.0,
        2166.3214285714284,
        2157.285714285714,
        2165.3214285714284,
        2144.6428571428573,
        2149.8928571428573,
        2136.0,
        2155.6785714285716,
        2147.6428571428573,
        2155.6071428571427,
        2167.214285714286,
        2150.6428571428573,
        2150.8928571428573,
        2149.0,
        2132.5,
        2170.6785714285716,
        2155.1071428571427,
        2145.0714285714284,
        2162.6428571428573,
        2137.4285714285716,
        2156.5714285714284,
        2169.464285714286,
        2164.0714285714284,
        2154.8571428571427,
        2177.964285714286,
        2150.1428571428573,
        2145.75,
        2145.0,
        2156.8928571428573,
        2156.535714285714,
        2166.3928571428573,
        2165.035714285714,
        2124.1071428571427,
        2149.535714285714,
        2127.035714285714,
        2133.6428571428573,
        2174.8928571428573,
        2151.0714285714284,
        2182.75,
        2133.8928571428573,
        2163.464285714286,
        2145.214285714286,
        2126.9285714285716,
        2144.3928571428573,
        2171.0,
        2123.1785714285716,
        2148.5,
        2148.1785714285716,
        2141.3214285714284,
        2185.6428571428573,
        2182.285714285714,
        2161.5,
        2115.8571428571427,
        2132.464285714286,
        2155.3214285714284,
        2166.3214285714284,
        2164.785714285714,
        2145.1428571428573,
        2168.4285714285716,
        2155.0,
        2117.5,
        2140.035714285714,
        2146.6785714285716,
        2163.1071428571427,
        2150.6071428571427,
        2143.6785714285716,
        2152.6785714285716,
        2152.9285714285716,
        2128.1071428571427,
        2129.1785714285716,
        2156.8571428571427,
        2122.3928571428573,
        2149.6785714285716,
        2166.6428571428573,
        2144.9285714285716,
        2160.75
    ],
    "opt": 2254,
    "stdevs": [
        86.69553662922084,
        101.62091922675071,
        84.69497340697478,
        90.73483316224035,
        79.06671007988851,
        72.3485751520416,
        84.27780683246209,
        84.55975426180191,
        66.69772660813767,
        88.09039883748363,
        78.03109662702637,
        78.14412214959364,
        97.16625243491126,
        85.65607398313375,
        82.18418215154524,
        95.61004451544251,
        88.08718431654134,
        79.30124526134504,
        92.27036443550672,
        78.82342705732366,
        86.25992992232305,
        77.54796902562956,
        74.54217406465762,
        89.74700125738953,
        97.02699892508355,
        93.05977890033692,
        107.56139087108555,
        88.93751389346916,
        95.10914782501207,
        89.81366765676137,
        81.03875993772917,
        75.60257932107872,
        79.37565683482049,
        84.05879714551608,
        79.74992802760491,
        97.63506474288292,
        100.40646982975485,
        78.90063338769589,
        84.27054191527355,
        83.28285801277181,
        94.52056789451721,
        96.92191260420495,
        73.09808723313392,
        87.25755771021225,
        84.71916391640015,
        81.42738094367851,
        97.9992711343158,
        80.44210587720329,
        90.40300925097932,
        85.66715221943446,
        88.8277684566014,
        89.17612560293826,
        102.90946090062441,
        96.58861718332939,
        79.5515171291599,
        87.78192918725776,
        83.10765700620625,
        92.65150306610337,
        90.16070544379325,
        96.05169738962748,
        71.69404239046446,
        83.68096454111061,
        91.52647520398295,
        78.75319883363858,
        77.77311979897236,
        89.98548635809021,
        85.88589962911281,
        71.96699746751838,
        98.5157451416591,
        89.10095168872628,
        79.22142663936008,
        89.29954178642411,
        94.07087943217527,
        81.05377403745173,
        83.90953431511578,
        85.21254189330563,
        88.65838905021675,
        85.75816585144578,
        93.77950556099827,
        91.0025439765509,
        66.79311456326336,
        86.70896076848702,
        81.32577314450211,
        91.19912615943696,
        98.95873057564378,
        84.79106223355075,
        87.77791869373574,
        95.09557490938755,
        92.59471157817221,
        94.7049324728859,
        81.04980831915292,
        77.00605429418638,
        84.85049877789254,
        83.62631744485557,
        85.85413442554285,
        84.59914483091688,
        76.82719809642246,
        89.93708118139354,
        84.02623497018837,
        91.93300438862187,
        83.62973393452346,
        91.97866739142312,
        81.9888307475289,
        83.96288052539913,
        75.50469643454947,
        86.2082196942794,
        80.70736379927529,
        83.00795234832157,
        97.99856178661449,
        79.46038513701308,
        88.777546745348,
        93.03841509652597,
        79.91068834796067,
        91.76403301458606,
        88.17447771553945,
        80.00404167086478,
        99.60088721840724,
        74.10240948738938,
        93.50708665711942,
        86.85999172959497,
        82.41572690218976,
        86.82643812309047
    ]
}