{
    "agg": 2244,
    "iters": [
        1,
        2,
        3,
        4,
        5,
        6,
        7,
        8,
        9,
        10,
        11,
        12,
        13,
        14,
        15,
        16,
        17,
        18,
        19,
        20,
        21,
        22,
        23,
        24,
        25,
        26,
        27,
        28,
        29,
        30,
        31,
        32,
        33,
        34,
        35,
        36,
        37,
        38,
        39,
        40,
        41,
        42,
        43,
        44,
        45,
        46,
        47,
        48,
        49,
        50,
        51,
        52,
        53,
        54,
        55,
        56,
        57,
        58,
        59,
        60,
        61,
        62,
        63,
        64,
        65,
        66,
        67,
        68,
        69,
        70,
        71,
        72,
        73,
        74,
        75,
        76,
        77,
        78,
        79,
        80,
        81,
        82,
        83,
        84,
        85,
        86,
        87,
        88,
        89,
        90,
        91,
        92,
        93,
        94,
        95,
        96,
        97,
        98,
        99,
        100,
        101,
        102,
        103,
        104,
        105,
        106,
        107,
        108,
        109,
        110,
        111,
        112,
        113,
        114,
        115,
        116,
        117,
        118
    ],
    "means": [
        2155.740740740741,
        2152.185185185185,
        2128.5185185185187,
        2117.1111111111113,
        2149.6296296296296,
        2145.814814814815,
        2134.814814814815,
        2150.777777777778,
        2154.962962962963,
        2156.1481481481483,
        2189.1481481481483,
        2156.296296296296,
        2129.5925925925926,
        2160.4074074074074,
        2146.5925925925926,
        2153.740740740741,
        2145.8518518518517,
        2134.8888888888887,
        2132.296296296296,
        2159.962962962963,
        2128.4074074074074,
        2111.777777777778,
        2173.074074074074,
        2131.3333333333335,
        2154.222222222222,
        2152.4074074074074,
        2165.703703703704,
        2151.6666666666665,
        2134.4444444444443,
        2123.5555555555557,
        2154.6666666666665,
        2171.037037037037,
        2138.5925925925926,
        2189.814814814815,
        2147.8518518518517,
        2141.5925925925926,
        2165.962962962963,
        2155.740740740741,
        2146.3703703703704,
        2135.8888888888887,
        2125.8518518518517,
        2132.777777777778,
        2140.185185185185,
        2133.6296296296296,
        2129.5185185185187,
        2131.1481481481483,
        2165.3703703703704,
        2145.740740740741,
        2144.6296296296296,
        2154.5555555555557,
        2154.296296296296,
        2121.4444444444443,
        2156.5185185185187,
        2143.740740740741,
        2165.5555555555557,
        2161.259259259259,
        2139.4814814814813,
        2120.4074074074074,
        2158.4444444444443,
        2150.925925925926,
        2136.5555555555557,
        2149.4444444444443,
        2179.296296296296,
        2150.1481481481483,
        2158.8518518518517,
        2151.962962962963,
        2136.0,
        2148.6666666666665,
        2177.4074074074074,
        2150.703703703704,
        2125.703703703704,
        2120.4074074074074,
        2141.5185185185187,
        2155.037037037037,
        2163.814814814815,
        2148.3703703703704,
        2146.185185185185,
        2141.8518518518517,
        2124.925925925926,
        2121.740740740741,
        2133.740740740741,
        2128.814814814815,
        2153.5925925925926,
        2122.8888888888887,
        2156.925925925926,
        2155.222222222222,
        2132.703703703704,
        2146.925925925926,
        2167.6296296296296,
        2123.037037037037,
        2126.740740740741,
        2106.703703703704,
        2165.703703703704,
        2132.1111111111113,
        2159.4074074074074,
        2145.222222222222,
        2136.8888888888887,
        2140.814814814815,
        2147.4814814814813,
        2145.5185185185187,
        2153.814814814815,
        2128.1481481481483,
        2152.8888888888887,
        2137.1111111111113,
        2119.740740740741,
        2162.1111111111113,
        2152.4074074074074,
        2122.5185185185187,
        2159.296296296296,
        2168.3333333333335,
        2170.4074074074074,
        2189.222222222222,
        2129.703703703704,
        2157.740740740741,
        2143.777777777778,
        2168.740740740741,
        2159.1481481481483,
        2142.740740740741
    ],
    "opt": 2279,
    "stdevs": [
        68.39839319782224,
        88.6424515960931,
        83.04767500497013,
        83.57579542096451,
        84.78213829537975,
        91.03358640960674,
        86.46131099537978,
        91.310351258297,
        93.49291178578092,
        85.20159262278807,
        81.78458774651212,
        87.97508688377923,
        72.07725241364771,
        91.41815171862115,
        80.7732350515062,
        92.38550174559121,
        90.15283471794858,
        84.74420479840248,
        85.9714917498236,
        70.36280661104851,
        73.74694432301699,
        78.22774601708514,
        91.41639610045078,
        85.67293535213938,
        85.92991689326803,
        82.56367206665603,
        88.84435612863771,
        99.39110922307182,
        91.4343858380437,
        81.5326943435183,
        74.06303621465524,
        88.26537489885638,
        87.52830621904413,
        71.11494974207292,
        87.12685672763199,
        78.8891671008831,
        87.45643634340195,
        86.57755786216904,
        70.42734535630957,
        64.63936040509874,
        81.23705763755653,
        89.71160927943592,
        90.52154932187348,
        98.80813737225259,
        91.92201621196023,
        79.3859320048228,
        91.9195091322951,
        94.63520314093154,
        93.62064830341497,
        84.86430708657174,
        90.10480104560337,
        93.3616359203736,
        91.68277449197289,
        80.60768853715604,
        76.06300182686442,
        95.53847105382813,
        84.53417909249637,
        64.02907861349621,
        78.84223972866384,
        84.51207493209385,
        92.86522824655066,
        87.95130527039058,
        77.47057497064662,
        81.73475787398401,
        82.90230917737465,
        74.55918925479247,
        77.53565488069201,
        88.73764911451266,
        82.40247176230652,
        88.78806009769674,
        84.53525007238754,
        85.70676072527304,
        74.74518211668939,
        93.4342634755626,
        88.45548662380754,
        86.03450993562308,
        90.39380388345909,
        76.95920213247368,
        84.67188344642443,
        81.67668536849814,
        79.64532145130016,
        75.35104857440275,
        89.58805279940833,
        93.2063951602326,
        76.45086823426068,
        83.25210856336861,
        74.5419667106885,
        90.67194671142204,
        86.41593995114908,
        83.07046606322605,
        81.96096297203417,
        86.42308282826897,
        94.34994546105897,
        78.51932214822848,
        90.96570752283695,
        84.61080104998999,
        73.71181790435935,
        77.87408499529606,
        84.17854497936068,
        93.21713813591178,
        81.4216446957792,
        90.09571194782502,
        87.28766122694051,
        97.08466459109509,
        78.42977164911795,
        91.11910534034392,
        83.20356975036822,
        86.92583913265564,
        87.22292207000822,
        90.65727075497442,
        82.13505556422132,
        82.0597493850414,
        80.79778820534118,
        80.62744344507236,
        80.24607217032764,
        89.11149595064833,
        93.8381994805731,
        90.21357070968894
    ]
}