{
    "agg": 2104,
    "iters": [
        1,
        2,
        3,
        4,
        5,
        6,
        7,
        8,
        9,
        10,
        11,
        12,
        13,
        14,
        15,
        16,
        17,
        18,
        19,
        20,
        21,
        22,
        23,
        24,
        25,
        26,
        27,
        28,
        29,
        30,
        31,
        32,
        33,
        34,
        35,
        36,
        37,
        38,
        39,
        40,
        41,
        42,
        43,
        44,
        45,
        46,
        47,
        48,
        49,
        50,
        51,
        52,
        53,
        54,
        55,
        56,
        57,
        58,
        59,
        60,
        61,
        62,
        63,
        64,
        65,
        66,
        67,
        68,
        69,
        70,
        71,
        72,
        73,
        74,
        75,
        76,
        77,
        78,
        79,
        80,
        81,
        82,
        83,
        84,
        85,
        86,
        87,
        88,
        89,
        90,
        91,
        92,
        93,
        94,
        95,
        96,
        97,
        98,
        99,
        100,
        101,
        102,
        103,
        104,
        105,
        106,
        107,
        108,
        109,
        110,
        111,
        112,
        113,
        114,
        115,
        116,
        117,
        118,
        119,
        120,
        121,
        122,
        123,
        124,
        125,
        126,
        127,
        128,
        129,
        130,
        131,
        132,
        133,
        134
    ],
    "means": [
        2135.9166666666665,
        2158.9166666666665,
        2157.9166666666665,
        2152.6875,
        2155.4791666666665,
        2146.5208333333335,
        2127.0833333333335,
        2153.1875,
        2136.0833333333335,
        2156.5416666666665,
        2143.7291666666665,
        2139.375,
        2151.4583333333335,
        2154.8958333333335,
        2141.8541666666665,
        2147.9166666666665,
        2162.0,
        2162.5416666666665,
        2157.0208333333335,
        2137.75,
        2144.1041666666665,
        2148.5833333333335,
        2162.4791666666665,
        2139.8958333333335,
        2124.8958333333335,
        2152.3958333333335,
        2130.5,
        2168.125,
        2156.5208333333335,
        2117.3541666666665,
        2154.8333333333335,
        2156.8958333333335,
        2160.5625,
        2137.2083333333335,
        2162.5833333333335,
        2153.6666666666665,
        2126.875,
        2163.6875,
        2146.0208333333335,
        2163.5,
        2147.2916666666665,
        2140.5416666666665,
        2143.4375,
        2151.4375,
        2133.4583333333335,
        2155.2083333333335,
        2158.0,
        2161.4791666666665,
        2135.0,
        2185.75,
        2149.3125,
        2166.7291666666665,
        2131.1666666666665,
        2155.4791666666665,
        2141.5,
        2140.875,
        2135.3333333333335,
        2166.6875,
        2164.25,
        2168.1666666666665,
        2154.6458333333335,
        2155.3541666666665,
        2158.2291666666665,
        2126.2291666666665,
        2152.6875,
        2151.6041666666665,
        2137.5416666666665,
        2156.2708333333335,
        2170.3958333333335,
        2141.8125,
        2156.4583333333335,
        2140.6041666666665,
        2176.0,
        2143.4583333333335,
        2140.875,
        2166.9583333333335,
        2129.5625,
        2162.4375,
        2144.5833333333335,
        2154.6041666666665,
        2157.5,
        2166.3958333333335,
        2141.1041666666665,
        2122.1041666666665,
        2142.3958333333335,
        2151.6458333333335,
        2171.7291666666665,
        2147.8333333333335,
        2156.2083333333335,
        2153.5,
        2156.3333333333335,
        2146.375,
        2153.2916666666665,
        2143.8125,
        2153.75,
        2157.6041666666665,
        2163.375,
        2153.5625,
        2136.4375,
        2150.4791666666665,
        2175.2083333333335,
        2159.7083333333335,
        2146.4791666666665,
        2129.9166666666665,
        2140.7291666666665,
        2139.625,
        2142.5625,
        2144.5416666666665,
        2134.3125,
        2162.8958333333335,
        2139.3958333333335,
        2150.6041666666665,
        2163.125,
        2150.875,
        2168.7291666666665,
        2159.1458333333335,
        2171.7916666666665,
        2159.9375,
        2154.2916666666665,
        2152.2916666666665,
        2169.5,
        2123.125,
        2165.0625,
        2146.4583333333335,
        2169.1666666666665,
        2161.8958333333335,
        2140.4583333333335,
        2138.3125,
        2143.1875,
        2156.1875,
        2155.625,
        2173.8541666666665,
        2142.0416666666665,
        2149.1041666666665
    ],
    "opt": 2213,