{
    "agg": 2130,
    "iters": [
        1,
        2,
        3,
        4,
        5,
        6,
        7,
        8,
        9,
        10,
        11,
        12,
        13,
        14,
        15,
        16,
        17,
        18,
        19,
        20,
        21,
        22,
        23,
        24,
        25,
        26,
        27,
        28,
        29,
        30,
        31,
        32,
        33,
        34,
        35,
        36,
        37,
        38,
        39,
        40,
        41,
        42,
        43,
        44,
        45,
        46,
        47,
        48,
        49,
        50,
        51,
        52,
        53,
        54,
        55,
        56,
        57,
        58,
        59,
        60,
        61,
        62,
        63,
        64,
        65,
        66,
        67,
        68,
        69,
        70,
        71,
        72,
        73,
        74,
        75,
        76,
        77,
        78,
        79,
        80,
        81,
        82,
        83,
        84,
        85,
        86,
        87,
        88,
        89,
        90,
        91,
        92,
        93,
        94,
        95,
        96,
        97,
        98,
        99,
        100,
        101,
        102,
        103,
        104,
        105,
        106,
        107,
        108,
        109,
        110,
        111,
        112,
        113,
        114,
        115,
        116,
        117,
        118,
        119,
        120,
        121,
        122,
        123,
        124,
        125,
        126,
        127,
        128
    ],
    "means": [
        2163.4285714285716,
        2176.714285714286,
        2184.714285714286,
        2149.5,
        2130.5,
        2114.0714285714284,
        2131.4285714285716,
        2182.285714285714,
        2172.714285714286,
        2152.285714285714,
        2134.8571428571427,
        2167.714285714286,
        2133.714285714286,
        2154.0,
        2160.0,
        2149.3571428571427,
        2159.214285714286,
        2151.3571428571427,
        2127.8571428571427,
        2179.785714285714,
        2133.4285714285716,
        2142.9285714285716,
        2133.8571428571427,
        2157.0714285714284,
        2159.0714285714284,
        2164.4285714285716,
        2128.9285714285716,
        2118.0,
        2132.785714285714,
        2169.0714285714284,
        2152.785714285714,
        2130.285714285714,
        2146.4285714285716,
        2105.714285714286,
        2187.0714285714284,
        2108.3571428571427,
        2177.0714285714284,
        2127.9285714285716,
        2118.785714285714,
        2146.714285714286,
        2148.6428571428573,
        2113.9285714285716,
        2156.6428571428573,
        2119.785714285714,
        2138.0,
        2153.214285714286,
        2139.285714285714,
        2141.5,
        2134.6428571428573,
        2157.0714285714284,
        2187.785714285714,
        2202.0,
        2139.0,
        2122.214285714286,
        2184.714285714286,
        2125.3571428571427,
        2150.0714285714284,
        2203.0714285714284,
        2128.0,
        2156.785714285714,
        2151.6428571428573,
        2197.6428571428573,
        2185.0714285714284,
        2166.714285714286,
        2170.3571428571427,
        2133.8571428571427,
        2138.285714285714,
        2132.0,
        2155.0714285714284,
        2147.5714285714284,
        2149.8571428571427,
        2152.285714285714,
        2132.5,
        2148.3571428571427,
        2149.714285714286,
        2146.6428571428573,
        2174.714285714286,
        2119.4285714285716,
        2167.785714285714,
        2169.714285714286,
        2167.285714285714,
        2158.9285714285716,
        2118.5,
        2113.8571428571427,
        2152.5,
        2154.9285714285716,
        2121.5714285714284,
        2121.4285714285716,
        2142.285714285714,
        2121.0,
        2190.4285714285716,
        2178.3571428571427,
        2140.285714285714,
        2129.1428571428573,
        2112.6428571428573,
        2166.5,
        2125.8571428571427,
        2200.214285714286,
        2167.1428571428573,
        2221.4285714285716,
        2117.785714285714,
        2098.714285714286,
        2134.0,
        2180.3571428571427,
        2125.214285714286,
        2141.4285714285716,
        2131.285714285714,
        2143.1428571428573,
        2178.1428571428573,
        2116.0,
        2145.5714285714284,
        2144.4285714285716,
        2159.0,
        2177.0714285714284,
        2169.285714285714,
        2181.285714285714,
        2139.785714285714,
        2185.4285714285716,
        2162.285714285714,
        2188.8571428571427,
        2153.1428571428573,
        2150.8571428571427,
        2139.4285714285716,
        2113.1428571428573,
        2168.0,
        2164.714285714286,
        2153.714285714286,
        2120.9285714285716
    ],
    "opt": 2222,