{
    "agg": 2257,
    "iters": [
        1,
        2,
        3,
        4,
        5,
        6,
        7,
        8,
        9,
        10,
        11,
        12,
        13,
        14,
        15,
        16,
        17,
        18,
        19,
        20,
        21,
        22,
        23,
        24,
        25,
        26,
        27,
        28,
        29,
        30,
        31,
        32,
        33,
        34,
        35,
        36,
        37,
        38,
        39,
        40,
        41,
        42,
        43,
        44,
        45,
        46,
        47,
        48,
        49,
        50,
        51,
        52,
        53,
        54,
        55,
        56,
        57,
        58,
        59,
        60,
        61,
        62,
        63,
        64,
        65,
        66,
        67,
        68,
        69,
        70,
        71,
        72,
        73,
        74,
        75,
        76,
        77,
        78,
        79,
        80,
        81,
        82,
        83,
        84,
        85,
        86,
        87,
        88,
        89,
        90,
        91,
        92,
        93,
        94,
        95,
        96,
        97,
        98,
        99,
        100,
        101,
        102,
        103,
        104
    ],
    "means": [
        2162.1702127659573,
        2160.404255319149,
        2151.255319148936,
        2160.808510638298,
        2146.6382978723404,
        2171.68085106383,
        2159.425531914894,
        2152.276595744681,
        2133.531914893617,
        2154.659574468085,
        2150.723404255319,
        2131.978723404255,
        2148.9574468085107,
        2159.574468085106,
        2155.191489361702,
        2153.872340425532,
        2171.8297872340427,
        2156.127659574468,
        2141.0,
        2152.7659574468084,
        2155.063829787234,
        2137.9574468085107,
        2158.2978723404253,
        2158.851063829787,
        2157.3617021276596,
        2157.6382978723404,
        2148.468085106383,
        2136.2127659574467,
        2159.468085106383,
        2141.744680851064,
        2126.7021276595747,
        2144.7021276595747,
        2157.6170212765956,
        2133.8936170212764,
        2140.9574468085107,
        2156.744680851064,
        2156.31914893617,
        2155.2978723404253,
        2129.872340425532,
        2140.723404255319,
        2158.148936170213,
        2162.1063829787236,
        2132.425531914894,
        2160.1702127659573,
        2145.978723404255,
        2145.148936170213,
        2151.468085106383,
        2140.0851063829787,
        2154.574468085106,
        2153.425531914894,
        2147.2127659574467,
        2156.1063829787236,
        2158.446808510638,
        2145.8936170212764,
        2152.148936170213,
        2146.659574468085,
        2148.063829787234,
        2155.68085106383,
        2144.063829787234,
        2150.3617021276596,
        2139.978723404255,
        2150.7872340425533,
        2148.276595744681,
        2113.127659574468,
        2167.5106382978724,
        2146.2978723404253,
        2151.2978723404253,
        2152.723404255319,
        2144.276595744681,
        2168.1702127659573,
        2150.659574468085,
        2144.446808510638,
        2124.276595744681,
        2140.31914893617,
        2147.9574468085107,
        2135.7021276595747,
        2154.0425531914893,
        2161.0425531914893,
        2147.276595744681,
        2163.8297872340427,
        2152.7872340425533,
        2163.446808510638,
        2142.148936170213,
        2158.9574468085107,
        2164.468085106383,
        2145.2127659574467,
        2134.404255319149,
        2170.1063829787236,
        2171.0425531914893,
        2138.404255319149,
        2163.531914893617,
        2140.425531914894,
        2150.2340425531916,
        2146.744680851064,
        2158.872340425532,
        2139.063829787234,
        2168.021276595745,
        2156.68085106383,
        2147.8297872340427,
        2164.595744680851,
        2167.595744680851,
        2150.31914893617,
        2147.191489361702,
        2138.276595744681
    ],
    "opt": 2241,
    "stdevs": [
        90.90240713731944,
        80.89963826404887,
        91.15697662055423,
        82.79059415634437,
        94.81211555849404,
        87.7254193936189,
        86.00735858692585,
        89.60948423580392,
        81.17327174180768,
        88.30611086918162,
        83.00774178907461,
        74.25014918294409,
        95.37271955876273,
        86.26696433372027,
        93.34074805098776,
        81.72101399618681,
        82.2958645709895,
        82.23102303779004,
        76.97581825316755,
        80.55134817101698,
        81.31038620300401,
        87.01331701620197,
        93.28107032286589,
        98.95797060205294,
        93.78708923802391,
        82.61559935434245,
        81.71612801145345,
        92.30152627082579,
        72.45507810458625,
        80.6477679276163,
        89.77060953284543,
        84.88563392316095,
        86.66014647386588,
        81.05192295421948,
        95.66718849837356,
        86.06120239000288,
        85.55354336469306,
        92.51679891014089,
        85.21927087557697,
        82.48138465098026,
        91.77886900992301,
        84.59119063901197,
        94.62124827287508,
        97.33323307923588,
        92.41338425715003,
        75.14864099602279,
        80.04356554836174,
        93.00693860806301,
        88.16081647130588,
        96.21999276499552,
        83.97186361861645,
        82.15430060680787,
        82.05831048468904,
        88.84872011256302,
        93.1391040950804,
        93.64924977167539,
        85.012741036413,
        81.45044345920543,
        86.42852273861644,
        93.08916465317628,
        80.36763648456377,
        80.61358741135518,
        84.16010631406085,
        70.27048562406237,
        85.41734149019243,
        91.32521147411713,
        83.55172048182531,
        85.04859740363706,
        83.64252764571525,
        95.79617527765433,
        81.55543124633925,
        87.65498335426041,
        86.26646056375722,
        87.2346081974396,
        91.29982345927061,
        91.88473697568104,
        80.12462565300636,
        89.1732612931221,
        89.39862965479799,
        82.64981732714266,
        93.69119402073139,
        72.74227560385475,
        84.78733815632039,
        80.92233141192106,
        86.81353239542486,
        81.10170556493227,
        89.42788835667994,
        82.57072636760925,
        72.8907540022267,
        86.36086080953918,
        86.14062008279298,
        92.3503377364491,
        91.33972423914632,
        89.70909678608261,
        85.16582498623633,
        78.19843940743488,
        89.4188064758292,
        89.9037561951618,
        83.88855807886125,
        83.54936356493104,
        90.37408298571711,
        82.85647842080284,
        82.71140246533002,
        88.0134666020187
    ]
}