{
    "agg": 2128,
    "iters": [
        1,
        2,
        3,
        4,
        5,
        6,
        7,
        8,
        9,
        10,
        11,
        12,
        13,
        14,
        15,
        16,
        17,
        18,
        19,
        20,
        21,
        22,
        23,
        24,
        25,
        26,
        27,
        28,
        29,
        30,
        31,
        32,
        33,
        34,
        35,
        36,
        37,
        38,
        39,
        40,
        41,
        42,
        43,
        44,
        45,
        46,
        47,
        48,
        49,
        50,
        51,
        52,
        53,
        54,
        55,
        56,
        57,
        58,
        59,
        60,
        61,
        62,
        63,
        64,
        65,
        66,
        67,
        68,
        69,
        70,
        71,
        72,
        73,
        74,
        75,
        76,
        77,
        78,
        79,
        80,
        81,
        82,
        83,
        84,
        85,
        86,
        87,
        88,
        89,
        90,
        91,
        92,
        93,
        94,
        95,
        96,
        97,
        98,
        99,
        100,
        101,
        102,
        103,
        104
    ],
    "means": [
        2170.186046511628,
        2135.906976744186,
        2163.093023255814,
        2157.8372093023254,
        2146.860465116279,
        2170.3255813953488,
        2140.5813953488373,
        2148.906976744186,
        2159.3953488372094,
        2148.7441860465115,
        2148.279069767442,
        2144.3488372093025,
        2152.5581395348836,
        2148.093023255814,
        2171.4883720930234,
        2170.2093023255816,
        2154.5581395348836,
        2133.3720930232557,
        2161.3720930232557,
        2167.3953488372094,
        2166.953488372093,
        2138.046511627907,
        2133.5581395348836,
        2140.1627906976746,
        2123.0,
        2160.3023255813955,
        2160.6976744186045,
        2144.6744186046512,
        2178.046511627907,
        2161.232558139535,
        2132.5348837209303,
        2168.279069767442,
        2133.3023255813955,
        2183.5348837209303,
        2166.5581395348836,
        2126.7906976744184,
        2156.2093023255816,
        2157.6744186046512,
        2138.6511627906975,
        2181.1162790697676,
        2121.767441860465,
        2120.3953488372094,
        2155.046511627907,
        2156.1627906976746,
        2133.906976744186,
        2157.720930232558,
        2156.8372093023254,
        2149.093023255814,
        2150.7906976744184,
        2142.3488372093025,
        2169.5813953488373,
        2149.6744186046512,
        2165.7906976744184,
        2130.5581395348836,
        2125.7906976744184,
        2143.860465116279,
        2162.0,
        2176.5116279069766,
        2153.279069767442,
        2131.860465116279,
        2143.1627906976746,
        2145.8372093023254,
        2164.2093023255816,
        2140.3255813953488,
        2172.6511627906975,
        2155.813953488372,
        2160.6279069767443,
        2150.7441860465115,
        2147.5348837209303,
        2160.3488372093025,
        2131.5581395348836,
        2141.2558139534885,
        2172.279069767442,
        2153.0697674418607,
        2145.093023255814,
        2145.5581395348836,
        2150.6279069767443,
        2177.1627906976746,
        2145.0232558139537,
        2182.4418604651164,
        2168.139534883721,
        2150.232558139535,
        2142.186046511628,
        2148.0697674418607,
        2163.3488372093025,
        2138.6279069767443,
        2133.8372093023254,
        2150.279069767442,
        2135.093023255814,
        2132.139534883721,
        2146.9302325581393,
        2134.093023255814,
        2163.0697674418607,
        2160.0232558139537,
        2149.767441860465,
        2165.906976744186,
        2138.6976744186045,
        2160.4186046511627,
        2151.6046511627906,
        2141.046511627907,
        2165.046511627907,
        2140.2093023255816,
        2169.906976744186,
        2129.4186046511627
    ],
    "opt": 2229,
    "stdevs": [
        80.49938778156725,
        89.20601031828761,
        76.32665843946232,
        92.86923295376843,
        92.27400586255699,
        90.69594512364532,
        80.77509187751163,
        84.03759235050244,
        92.19800218157474,
        89.24648205515555,
        84.87646990374137,
        80.52729819422649,
        82.84401209939507,
        79.33526561328001,
        83.643588306527,
        82.32142283544901,
        89.12137068525001,
        89.93848627936711,
        82.542736853385,
        76.52910664847197,
        82.26162277061228,
        87.73876486436473,
        86.06738904488614,
        93.71776785016093,
        90.765990967317,
        91.58412954922564,
        77.8724463566441,
        80.92854181607335,
        83.45865248060126,
        93.65543906014719,
        92.73175839853438,
        88.18039796452032,
        88.14009326693102,
        83.93694999119096,
        89.66820035373858,
        63.55936911139719,
        85.53322709171304,
        83.66203354700457,
        77.40977755709298,
        83.92527387775988,
        90.34426075626196,
        84.17814430341575,
        80.88693040959753,
        81.63558567209499,
        90.80436777566922,
        92.18442727322662,
        85.53740654119343,
        87.50197710815836,
        84.32427941887941,
        80.51834507735957,
        85.2253463112175,
        91.52575464969881,
        85.89164567749106,
        77.25683602644972,
        79.54684392597244,
        92.30500034210367,
        88.2622940906225,
        77.50930089516287,
        87.06274817661627,
        73.06530414328752,
        80.11385219262796,
        83.0692986783305,
        88.00728250509644,
        89.32140057906709,
        80.14663413870976,
        92.94891215294797,
        94.67546114031282,
        95.00381706487177,
        86.02740202636068,
        100.68414431901662,
        88.58613003031553,
        86.31152150940055,
        87.74257421210768,
        84.35291184751846,
        82.78377943396613,
        90.89562179585411,
        85.14120234927223,
        90.52609291905152,
        91.13406642863183,
        79.51752836619673,
        85.0897150058905,
        97.05113425868748,
        84.77940069406216,
        74.40254914013745,
        76.31388173300809,
        87.7045842868067,
        88.34444487939926,
        84.29607996110546,
        85.29015154943178,
        87.52955152679202,
        83.81219186131024,
        86.4624704049933,
        91.68104349948914,
        79.49681531491453,
        86.37717108214181,
        77.99070128040113,
        92.97574949733759,
        90.21736865679097,
        81.79757758819584,
        87.5880828382099,
        75.63312719762237,
        89.34582879334135,
        94.36884930297128,
        89.51789026291208
    ]
}