{
    "agg": 2233,
    "iters": [
        1,
        2,
        3,
        4,
        5,
        6,
        7,
        8,
        9,
        10,
        11,
        12,
        13,
        14,
        15,
        16,
        17,
        18,
        19,
        20,
        21,
        22,
        23,
        24,
        25,
        26,
        27,
        28,
        29,
        30,
        31,
        32,
        33,
        34,
        35,
        36,
        37,
        38,
        39,
        40,
        41,
        42,
        43,
        44,
        45,
        46,
        47,
        48,
        49,
        50,
        51,
        52,
        53,
        54,
        55,
        56,
        57,
        58,
        59,
        60,
        61,
        62,
        63,
        64,
        65,
        66,
        67,
        68,
        69,
        70,
        71,
        72,
        73,
        74,
        75,
        76,
        77,
        78,
        79,
        80,
        81,
        82,
        83,
        84,
        85,
        86,
        87,
        88,
        89,
        90,
        91,
        92,
        93,
        94,
        95,
        96,
        97,
        98,
        99,
        100,
        101,
        102,
        103,
        104,
        105,
        106,
        107,
        108,
        109,
        110,
        111,
        112,
        113,
        114,
        115,
        116,
        117,
        118,
        119,
        120,
        121,
        122,
        123
    ],
    "means": [
        2137.2558139534885,
        2142.953488372093,
        2156.0697674418607,
        2165.0697674418607,
        2167.9302325581393,
        2152.4883720930234,
        2142.046511627907,
        2131.3255813953488,
        2147.3255813953488,
        2129.9302325581393,
        2156.2093023255816,
        2136.3720930232557,
        2135.6511627906975,
        2174.5116279069766,
        2144.279069767442,
        2160.8837209302324,
        2152.3023255813955,
        2161.139534883721,
        2153.6279069767443,
        2127.279069767442,
        2174.1627906976746,
        2148.860465116279,
        2132.046511627907,
        2137.093023255814,
        2160.6511627906975,
        2154.2093023255816,
        2135.906976744186,
        2139.906976744186,
        2160.4651162790697,
        2126.3953488372094,
        2151.9767441860463,
        2118.3720930232557,
        2155.767441860465,
        2148.7441860465115,
        2164.1162790697676,
        2145.093023255814,
        2153.1162790697676,
        2153.6279069767443,
        2150.3720930232557,
        2157.9767441860463,
        2158.3023255813955,
        2126.4186046511627,
        2149.3488372093025,
        2132.4883720930234,
        2159.9302325581393,
        2161.2558139534885,
        2140.8372093023254,
        2171.3255813953488,
        2162.860465116279,
        2143.046511627907,
        2151.6976744186045,
        2153.8372093023254,
        2161.4186046511627,
        2153.8372093023254,
        2145.3720930232557,
        2136.0232558139537,
        2142.6279069767443,
        2145.767441860465,
        2140.953488372093,
        2140.767441860465,
        2138.3488372093025,
        2137.279069767442,
        2146.139534883721,
        2131.720930232558,
        2146.9302325581393,
        2167.5348837209303,
        2178.9767441860463,
        2132.7906976744184,
        2141.720930232558,
        2159.4186046511627,
        2152.7906976744184,
        2131.7441860465115,
        2156.2093023255816,
        2149.4651162790697,
        2156.8837209302324,
        2142.046511627907,
        2147.3953488372094,
        2149.4418604651164,
        2153.9302325581393,
        2167.8837209302324,
        2144.5581395348836,
        2150.5813953488373,
        2169.186046511628,
        2151.139534883721,
        2160.1627906976746,
        2149.0,
        2151.046511627907,
        2145.9767441860463,
        2149.9767441860463,
        2153.6279069767443,
        2144.139534883721,
        2166.1162790697676,
        2131.6279069767443,
        2140.046511627907,
        2181.6046511627906,
        2164.7441860465115,
        2134.1627906976746,
        2160.3720930232557,
        2155.5348837209303,
        2157.4883720930234,
        2152.3953488372094,
        2155.3255813953488,
        2171.860465116279,
        2154.139534883721,
        2155.0232558139537,
        2163.9767441860463,
        2143.8837209302324,
        2164.2558139534885,
        2128.8372093023254,
        2117.813953488372,
        2157.4651162790697,
        2126.9767441860463,
        2148.2093023255816,
        2147.186046511628,
        2151.0,
        2151.8372093023254,
        2158.3255813953488,
        2177.5813953488373,
        2144.953488372093,
        2144.720930232558,
        2140.279069767442,
        2147.767441860465,
        2155.5116279069766
    ],
    "opt": 2251,