{
    "agg": 2158,
    "iters": [
        1,
        2,
        3,
        4,
        5,
        6,
        7,
        8,
        9,
        10,
        11,
        12,
        13,
        14,
        15,
        16,
        17,
        18,
        19,
        20,
        21,
        22,
        23,
        24,
        25,
        26,
        27,
        28,
        29,
        30,
        31,
        32,
        33,
        34,
        35,
        36,
        37,
        38,
        39,
        40,
        41,
        42,
        43,
        44,
        45,
        46,
        47,
        48,
        49,
        50,
        51,
        52,
        53,
        54,
        55,
        56,
        57,
        58,
        59,
        60,
        61,
        62,
        63,
        64,
        65,
        66,
        67,
        68,
        69,
        70,
        71,
        72,
        73,
        74,
        75,
        76,
        77,
        78,
        79,
        80,
        81,
        82,
        83,
        84,
        85,
        86,
        87,
        88,
        89,
        90,
        91,
        92,
        93,
        94,
        95,
        96,
        97,
        98,
        99,
        100,
        101,
        102,
        103,
        104,
        105,
        106,
        107,
        108,
        109,
        110,
        111,
        112,
        113,
        114,
        115,
        116,
        117,
        118,
        119,
        120,
        121,
        122,
        123,
        124
    ],
    "means": [
        2134.088888888889,
        2153.0222222222224,
        2140.3555555555554,
        2155.1555555555556,
        2144.511111111111,
        2140.7555555555555,
        2154.4444444444443,
        2142.4666666666667,
        2152.866666666667,
        2153.777777777778,
        2174.4444444444443,
        2154.0444444444443,
        2152.1555555555556,
        2148.3777777777777,
        2178.9555555555557,
        2138.9555555555557,
        2144.9333333333334,
        2130.911111111111,
        2144.866666666667,
        2165.822222222222,
        2146.711111111111,
        2140.177777777778,
        2156.2,
        2151.0,
        2140.6222222222223,
        2157.3555555555554,
        2143.7555555555555,
        2156.3555555555554,
        2142.8,
        2125.2,
        2149.911111111111,
        2147.0444444444443,
        2152.5555555555557,
        2134.6444444444446,
        2147.511111111111,
        2169.2,
        2170.4,
        2155.9777777777776,
        2163.222222222222,
        2139.4666666666667,
        2140.4444444444443,
        2167.5333333333333,
        2162.511111111111,
        2144.5555555555557,
        2144.177777777778,
        2126.2,
        2141.9777777777776,
        2161.8,
        2155.511111111111,
        2156.4,
        2141.6,
        2171.911111111111,
        2151.866666666667,
        2154.177777777778,
        2155.9777777777776,
        2132.9333333333334,
        2143.8,
        2158.2,
        2152.1111111111113,
        2139.177777777778,
        2153.1555555555556,
        2153.177777777778,
        2151.6666666666665,
        2163.3555555555554,
        2155.6666666666665,
        2152.222222222222,
        2155.133333333333,
        2154.222222222222,
        2146.3333333333335,
        2149.9333333333334,
        2139.177777777778,
        2118.6444444444446,
        2137.1111111111113,
        2149.866666666667,
        2162.133333333333,
        2132.911111111111,
        2178.911111111111,
        2137.4,
        2163.2444444444445,
        2170.133333333333,
        2152.1555555555556,
        2166.0222222222224,
        2144.177777777778,
        2168.6222222222223,
        2143.511111111111,
        2170.866666666667,
        2162.822222222222,
        2144.9777777777776,
        2173.688888888889,
        2157.8888888888887,
        2157.5777777777776,
        2158.6222222222223,
        2139.5333333333333,
        2143.6666666666665,
        2144.8888888888887,
        2141.0444444444443,
        2160.266666666667,
        2133.4666666666667,
        2132.177777777778,
        2162.6,
        2128.7555555555555,
        2157.8,
        2147.822222222222,
        2153.688888888889,
        2135.711111111111,
        2138.4444444444443,
        2150.4666666666667,
        2153.7555555555555,
        2145.733333333333,
        2182.5777777777776,
        2149.311111111111,
        2176.6666666666665,
        2156.6444444444446,
        2168.5555555555557,
        2161.2444444444445,
        2139.511111111111,
        2160.7555555555555,
        2146.266666666667,
        2124.4222222222224,
        2142.711111111111,
        2140.8888888888887,
        2145.6,
        2172.866666666667,
        2156.0444444444443
    ],
    "opt": 2241,