{
    "agg": 2105,
    "iters": [
        1,
        2,
        3,
        4,
        5,
        6,
        7,
        8,
        9,
        10,
        11,
        12,
        13,
        14,
        15,
        16,
        17,
        18,
        19,
        20,
        21,
        22,
        23,
        24,
        25,
        26,
        27,
        28,
        29,
        30,
        31,
        32,
        33,
        34,
        35,
        36,
        37,
        38,
        39,
        40,
        41,
        42,
        43,
        44,
        45,
        46,
        47,
        48,
        49,
        50,
        51,
        52,
        53,
        54,
        55,
        56,
        57,
        58,
        59,
        60,
        61,
        62,
        63,
        64,
        65,
        66,
        67,
        68,
        69,
        70,
        71,
        72,
        73,
        74,
        75,
        76,
        77,
        78,
        79,
        80,
        81,
        82,
        83,
        84,
        85,
        86,
        87,
        88,
        89,
        90,
        91,
        92,
        93,
        94,
        95,
        96,
        97,
        98,
        99
    ],
    "means": [
        2129.1162790697676,
        2177.9302325581393,
        2145.6976744186045,
        2154.720930232558,
        2147.046511627907,
        2141.0,
        2158.3488372093025,
        2139.5813953488373,
        2151.6046511627906,
        2148.1627906976746,
        2176.953488372093,
        2149.3720930232557,
        2118.0,
        2124.093023255814,
        2150.093023255814,
        2174.3488372093025,
        2152.2093023255816,
        2151.1162790697676,
        2135.1627906976746,
        2149.139534883721,
        2162.2093023255816,
        2159.3255813953488,
        2156.0,
        2130.3488372093025,
        2133.2093023255816,
        2130.720930232558,
        2149.0232558139537,
        2172.9302325581393,
        2151.139534883721,
        2158.5116279069766,
        2178.813953488372,
        2151.813953488372,
        2129.8837209302324,
        2171.0,
        2130.6046511627906,
        2141.6279069767443,
        2133.5348837209303,
        2161.813953488372,
        2146.8372093023254,
        2150.4883720930234,
        2157.3255813953488,
        2148.1162790697676,
        2150.6046511627906,
        2157.3255813953488,
        2157.6511627906975,
        2143.2558139534885,
        2149.0232558139537,
        2157.0,
        2150.3488372093025,
        2147.8837209302324,
        2159.6976744186045,
        2137.9302325581393,
        2123.186046511628,
        2157.0,
        2135.6511627906975,
        2153.0697674418607,
        2163.4186046511627,
        2159.2558139534885,
        2182.3255813953488,
        2153.186046511628,
        2136.5116279069766,
        2147.0232558139537,
        2126.9767441860463,
        2153.7906976744184,
        2154.0232558139537,
        2117.813953488372,
        2145.1162790697676,
        2161.3720930232557,
        2156.2558139534885,
        2152.7441860465115,
        2141.6279069767443,
        2151.4418604651164,
        2162.7906976744184,
        2128.6511627906975,
        2154.6744186046512,
        2129.3720930232557,
        2148.860465116279,
        2155.813953488372,
        2146.9302325581393,
        2147.9302325581393,
        2135.8372093023254,
        2154.5348837209303,
        2138.2558139534885,
        2157.0232558139537,
        2166.1627906976746,
        2165.3720930232557,
        2141.279069767442,
        2137.6046511627906,
        2169.279069767442,
        2170.7441860465115,
        2127.953488372093,
        2149.093023255814,
        2148.232558139535,
        2136.4651162790697,
        2149.6046511627906,
        2120.2093023255816,
        2141.046511627907,
        2130.4883720930234,
        2140.0697674418607
    ],
    "opt": 2278,
    "stdevs": [
        89.71743998419409,
        79.97889121187414,
        85.65141220783416,
        87.59773958573369,
        91.30194055055117,
        75.11572467215673,
        78.41003842975014,
        86.60448255173056,
        84.57201129597046,
        85.75761685136754,
        78.00416014200246,
        93.69768884886784,
        84.04566864868558,
        80.55615229301404,
        87.90793650269724,
        92.98309016583312,
        87.28796452361598,
        95.86575140857877,
        91.14259980485937,
        89.85377821910875,
        78.00732170154373,
        91.32505729414166,
        87.73082510964208,
        79.32825055336352,
        90.87342542432556,
        69.89804055589306,
        84.79564720401935,
        71.67121161501682,
        82.62540332247869,
        81.73990858503241,
        78.39175793587553,
        84.05929684868599,
        80.19778147552798,
        85.10649962881664,
        90.2075486798738,
        97.44217683247749,
        80.85196027803181,
        84.68031698316871,
        90.3460865763087,
        84.32753752910143,
        73.7884218970519,
        87.74943431933895,
        85.74465595521572,
        95.85811242500675,
        88.50197310136066,
        87.5424396808069,
        91.35631452369981,
        91.88870922872368,
        101.24960722770334,
        82.39812859195897,
        81.83378925822214,
        84.74678984078399,
        84.21021752455411,
        89.27303298647722,
        80.14083061215462,
        87.87977923060762,
        90.7422192341656,
        98.66200065463242,
        84.37367630113646,
        84.28888746143356,
        85.67390096553468,
        94.23979517194867,
        81.99162985417392,
        93.83522374776074,
        86.52637408706948,
        86.12653098891123,
        94.55187066695082,
        73.8864695596653,
        82.48272349710739,
        87.8910776812151,
        91.68145643345109,
        95.44931744748011,
        84.8633808060864,
        88.7106306313962,
        83.21413143915886,
        82.3961003976252,
        87.98693914581176,
        94.28833951285206,
        88.086214466372,
        92.96120604950472,
        89.03564225753644,
        85.56443209032575,
        85.23813237268864,
        85.8071088213756,
        80.47935752452825,
        88.97713927871533,
        70.85731669607046,
        96.50693179944864,
        85.4412148195023,
        76.21514621589053,
        80.54926370352554,
        83.18844227456859,
        83.35712946707562,
        73.6794909576415,
        91.71952685373851,
        76.26775298922132,
        79.00131099541356,
        87.49016478758753,
        85.47797087318509
    ]
}