{
    "agg": 2225,
    "iters": [
        1,
        2,
        3,
        4,
        5,
        6,
        7,
        8,
        9,
        10,
        11,
        12,
        13,
        14,
        15,
        16,
        17,
        18,
        19,
        20,
        21,
        22,
        23,
        24,
        25,
        26,
        27,
        28,
        29,
        30,
        31,
        32,
        33,
        34,
        35,
        36,
        37,
        38,
        39,
        40,
        41,
        42,
        43,
        44,
        45,
        46,
        47,
        48,
        49,
        50,
        51,
        52,
        53,
        54,
        55,
        56,
        57,
        58,
        59,
        60,
        61,
        62,
        63,
        64,
        65,
        66,
        67,
        68,
        69,
        70,
        71,
        72,
        73,
        74,
        75,
        76,
        77,
        78,
        79,
        80,
        81,
        82,
        83,
        84,
        85,
        86,
        87,
        88,
        89,
        90,
        91,
        92,
        93,
        94,
        95,
        96,
        97,
        98,
        99,
        100,
        101,
        102,
        103,
        104,
        105,
        106,
        107,
        108,
        109,
        110,
        111,
        112,
        113,
        114,
        115,
        116,
        117,
        118,
        119,
        120,
        121,
        122,
        123,
        124,
        125,
        126,
        127,
        128,
        129,
        130,
        131,
        132,
        133,
        134,
        135,
        136,
        137,
        138
    ],
    "means": [
        2170.4285714285716,
        2147.4,
        2145.657142857143,
        2155.0857142857144,
        2122.5142857142855,
        2158.5714285714284,
        2138.4285714285716,
        2177.2571428571428,
        2166.714285714286,
        2165.2,
        2135.8,
        2131.2,
        2142.057142857143,
        2145.342857142857,
        2167.8285714285716,
        2152.9142857142856,
        2160.0285714285715,
        2156.9142857142856,
        2130.8571428571427,
        2142.3714285714286,
        2158.942857142857,
        2157.1428571428573,
        2151.5142857142855,
        2127.3714285714286,
        2144.5714285714284,
        2133.1428571428573,
        2163.714285714286,
        2140.657142857143,
        2142.657142857143,
        2186.8,
        2142.0,
        2177.2285714285713,
        2148.9142857142856,
        2137.5142857142855,
        2139.6,
        2151.2571428571428,
        2173.542857142857,
        2143.9714285714285,
        2178.542857142857,
        2136.0857142857144,
        2111.6,
        2152.3714285714286,
        2153.7714285714287,
        2134.0,
        2144.885714285714,
        2166.4285714285716,
        2162.8,
        2176.8,
        2119.942857142857,
        2153.457142857143,
        2154.114285714286,
        2149.714285714286,
        2144.657142857143,
        2137.3714285714286,
        2173.4857142857145,
        2162.6,
        2172.657142857143,
        2122.8571428571427,
        2154.8571428571427,
        2150.114285714286,
        2149.2571428571428,
        2158.0,
        2155.9142857142856,
        2160.2571428571428,
        2147.285714285714,
        2157.9142857142856,
        2149.657142857143,
        2163.2571428571428,
        2127.7428571428572,
        2171.3142857142857,
        2151.0285714285715,
        2146.7714285714287,
        2134.9714285714285,
        2147.8571428571427,
        2129.8,
        2139.5142857142855,
        2157.0,
        2158.4,
        2136.1428571428573,
        2147.2571428571428,
        2158.0285714285715,
        2147.0857142857144,
        2148.457142857143,
        2162.6,
        2160.4,
        2145.1714285714284,
        2173.6285714285714,
        2143.3142857142857,
        2146.4857142857145,
        2144.0,
        2146.1428571428573,
        2149.2285714285713,
        2148.0857142857144,
        2178.3142857142857,
        2146.0,
        2128.4285714285716,
        2155.8,
        2157.5142857142855,
        2146.6285714285714,
        2158.342857142857,
        2148.0285714285715,
        2141.5142857142855,
        2140.8,
        2144.1714285714284,
        2152.3142857142857,
        2138.6285714285714,
        2145.285714285714,
        2150.9142857142856,
        2160.342857142857,
        2147.6285714285714,
        2151.885714285714,
        2137.342857142857,
        2128.2285714285713,
        2135.8285714285716,
        2131.4285714285716,
        2163.714285714286,
        2127.3142857142857,
        2136.6285714285714,
        2149.542857142857,
        2140.5142857142855,
        2142.942857142857,
        2158.657142857143,
        2137.885714285714,
        2140.942857142857,
        2148.285714285714,
        2138.885714285714,
        2154.0285714285715,
        2174.0285714285715,
        2169.8571428571427,
        2153.0285714285715,
        2144.5714285714284,
        2158.885714285714,
        2149.5142857142855,
        2187.542857142857,
        2151.0285714285715,
        2170.4285714285716,
        2129.4857142857145,
        2161.4
    ],
    "opt": 2278,