{
    "agg": 2214,
    "iters": [
        1,
        2,
        3,
        4,
        5,
        6,
        7,
        8,
        9,
        10,
        11,
        12,
        13,
        14,
        15,
        16,
        17,
        18,
        19,
        20,
        21,
        22,
        23,
        24,
        25,
        26,
        27,
        28,
        29,
        30,
        31,
        32,
        33,
        34,
        35,
        36,
        37,
        38,
        39,
        40,
        41,
        42,
        43,
        44,
        45,
        46,
        47,
        48,
        49,
        50,
        51,
        52,
        53,
        54,
        55,
        56,
        57,
        58,
        59,
        60,
        61,
        62,
        63,
        64,
        65,
        66,
        67,
        68,
        69,
        70,
        71,
        72,
        73,
        74,
        75,
        76,
        77,
        78,
        79,
        80,
        81,
        82,
        83,
        84,
        85,
        86,
        87,
        88,
        89,
        90,
        91,
        92,
        93,
        94,
        95,
        96,
        97,
        98,
        99,
        100,
        101,
        102,
        103,
        104,
        105,
        106,
        107,
        108,
        109,
        110,
        111,
        112,
        113,
        114,
        115
    ],
    "means": [
        2107.266666666667,
        2113.4,
        2160.866666666667,
        2146.0666666666666,
        2122.9333333333334,
        2142.9333333333334,
        2167.266666666667,
        2155.133333333333,
        2114.4,
        2155.0666666666666,
        2103.3333333333335,
        2134.0,
        2090.2,
        2121.0666666666666,
        2136.6666666666665,
        2174.9333333333334,
        2161.9333333333334,
        2167.3333333333335,
        2123.4,
        2178.0,
        2126.733333333333,
        2146.266666666667,
        2152.5333333333333,
        2194.4666666666667,
        2139.0666666666666,
        2119.9333333333334,
        2143.4666666666667,
        2143.2,
        2129.4666666666667,
        2135.6666666666665,
        2165.0,
        2142.6,
        2131.4666666666667,
        2129.266666666667,
        2194.3333333333335,
        2151.866666666667,
        2146.5333333333333,
        2120.733333333333,
        2154.6666666666665,
        2152.266666666667,
        2180.866666666667,
        2155.266666666667,
        2132.0666666666666,
        2159.3333333333335,
        2147.4666666666667,
        2150.6,
        2159.266666666667,
        2192.2,
        2158.5333333333333,
        2146.0666666666666,
        2115.4666666666667,
        2122.4,
        2164.0666666666666,
        2181.3333333333335,
        2121.4666666666667,
        2124.9333333333334,
        2123.9333333333334,
        2163.133333333333,
        2152.8,
        2146.0,
        2147.2,
        2197.133333333333,
        2136.866666666667,
        2139.2,
        2129.6666666666665,
        2183.133333333333,
        2151.4666666666667,
        2144.733333333333,
        2151.5333333333333,
        2127.4666666666667,
        2138.4,
        2164.9333333333334,
        2124.6,
        2157.0666666666666,
        2162.866666666667,
        2147.6666666666665,
        2197.133333333333,
        2167.4666666666667,
        2152.8,
        2141.4,
        2191.0666666666666,
        2135.133333333333,
        2121.0666666666666,
        2132.3333333333335,
        2121.5333333333333,
        2187.5333333333333,
        2129.266666666667,
        2132.0,
        2162.733333333333,
        2168.266666666667,
        2148.133333333333,
        2136.9333333333334,
        2133.866666666667,
        2148.9333333333334,
        2151.6666666666665,
        2141.2,
        2159.0666666666666,
        2155.0666666666666,
        2152.9333333333334,
        2159.4,
        2182.4666666666667,
        2178.866666666667,
        2145.6,
        2187.0,
        2169.2,
        2145.6,
        2184.8,
        2140.0,
        2168.4666666666667,
        2153.0666666666666,
        2146.4,
        2143.0,
        2134.733333333333,
        2161.733333333333,
        2108.6666666666665
    ],
    "opt": 2220,
    "stdevs": [
        60.98794052014619,
        106.08977330544167,
        90.21519950774494,
        76.02847419808508,
        93.00069294843394,
        79.36537168200135,
        101.69068568731137,
        85.9471672340372,
        74.1105480571648,
        71.40725142137565,
        86.19873677857595,
        82.36423171903364,
        69.641175559674,
        85.65470733642657,
        95.9163987832923,
        100.17881789857353,
        58.46419607094775,
        70.01396686058828,
        90.65230278376826,
        75.641258582866,
        79.50385036098706,
        91.83497276213578,
        90.88957891615273,
        73.85288680132204,
        78.64643807714512,
        72.34036832149039,
        105.21018117189145,
        74.36773493928668,
        84.34995883552969,
        88.33924508519542,
        87.46199174498601,
        94.63107312083066,
        73.02863973964065,
        90.86801172885625,
        75.05435067706306,
        72.49999233716434,
        71.38241302231866,
        90.0595852138399,
        81.92408409958306,
        94.20365645180068,
        89.8405006417237,
        62.10149398811236,
        91.55141846100597,
        94.51466670428574,
        92.3326353764234,
        76.28001048767626,
        92.69985017367732,
        73.3468472396735,
        84.6962153162046,
        83.50127078207986,
        74.52593881029311,
        90.73169236821278,
        59.2176400145167,
        96.84535209405882,
        84.80948584261601,
        75.17576441617042,
        105.43589943130797,
        81.11708958180282,
        89.4510666975712,
        74.57613559309708,
        79.5019496616278,
        50.47754176088831,
        56.57427762586888,
        90.65553853277065,
        73.93029750304599,
        80.91466011930238,
        84.23211316884367,
        107.102111194048,
        108.19911685817443,
        97.96248715140345,
        73.2546244274039,
        110.0111913498905,
        78.4030611647275,
        81.02219174741914,
        66.70818707042054,
        92.94490602263018,
        85.47659848688932,
        77.78848815145393,
        82.8582725702952,
        95.51321025561508,
        79.0919015379507,
        102.15143442730286,
        93.14323497829685,
        86.82370388065435,
        70.81324421007383,
        74.41403690762174,
        81.9719193111614,
        78.97088070928423,
        76.03198157500712,
        76.85611375955867,
        62.6597868563953,
        96.49280917364891,
        75.19119333775436,
        93.26697641120832,
        67.86129644764794,
        108.53276003124587,
        69.1399225403738,
        85.34046845169972,
        100.41544812538666,
        74.45159501313589,
        64.04359626240723,
        73.1317228628513,
        83.83618948083618,
        87.61734988003232,
        74.95705437115308,
        70.60103870812856,
        89.72639893959116,
        90.67230374632966,
        71.68250987669323,
        67.20462947016539,
        86.7715775278211,
        82.01950987417567,
        83.32623969808203,
        81.25307515548087,
        95.30209278336383
    ]
}