{
    "agg": 2113,
    "iters": [
        1,
        2,
        3,
        4,
        5,
        6,
        7,
        8,
        9,
        10,
        11,
        12,
        13,
        14,
        15,
        16,
        17,
        18,
        19,
        20,
        21,
        22,
        23,
        24,
        25,
        26,
        27,
        28,
        29,
        30,
        31,
        32,
        33,
        34,
        35,
        36,
        37,
        38,
        39,
        40,
        41,
        42,
        43,
        44,
        45,
        46,
        47,
        48,
        49,
        50,
        51,
        52,
        53,
        54,
        55,
        56,
        57,
        58,
        59,
        60,
        61,
        62,
        63,
        64,
        65,
        66,
        67,
        68,
        69,
        70,
        71,
        72,
        73,
        74,
        75,
        76,
        77,
        78,
        79,
        80,
        81,
        82,
        83,
        84,
        85,
        86,
        87,
        88,
        89,
        90,
        91,
        92,
        93,
        94,
        95,
        96,
        97,
        98,
        99,
        100,
        101,
        102,
        103,
        104,
        105,
        106,
        107,
        108,
        109,
        110,
        111,
        112,
        113,
        114,
        115,
        116,
        117,
        118,
        119,
        120,
        121,
        122,
        123,
        124,
        125,
        126,
        127
    ],
    "means": [
        2129.315789473684,
        2153.4736842105262,
        2148.5263157894738,
        2148.2894736842104,
        2160.4736842105262,
        2164.2894736842104,
        2132.5,
        2128.8684210526317,
        2163.0263157894738,
        2142.9210526315787,
        2139.2105263157896,
        2162.7631578947367,
        2154.1315789473683,
        2138.842105263158,
        2170.342105263158,
        2168.5263157894738,
        2139.8684210526317,
        2172.7105263157896,
        2156.0263157894738,
        2157.6052631578946,
        2145.315789473684,
        2148.315789473684,
        2121.8947368421054,
        2172.8947368421054,
        2157.0789473684213,
        2162.2368421052633,
        2147.4210526315787,
        2142.184210526316,
        2162.9736842105262,
        2124.0263157894738,
        2150.9210526315787,
        2162.4736842105262,
        2158.6052631578946,
        2133.342105263158,
        2141.2894736842104,
        2141.7631578947367,
        2113.5,
        2150.6052631578946,
        2141.4736842105262,
        2117.3684210526317,
        2155.315789473684,
        2169.315789473684,
        2136.815789473684,
        2154.0,
        2129.7631578947367,
        2131.7368421052633,
        2153.3684210526317,
        2144.342105263158,
        2170.7105263157896,
        2152.9736842105262,
        2149.2631578947367,
        2150.1052631578946,
        2147.7368421052633,
        2130.184210526316,
        2142.7894736842104,
        2132.684210526316,
        2154.0526315789475,
        2115.657894736842,
        2129.4736842105262,
        2141.842105263158,
        2148.7631578947367,
        2147.2631578947367,
        2131.4210526315787,
        2150.2368421052633,
        2151.7105263157896,
        2141.3947368421054,
        2138.6052631578946,
        2146.5263157894738,
        2135.7631578947367,
        2185.4473684210525,
        2140.2368421052633,
        2148.7894736842104,
        2162.9736842105262,
        2163.3947368421054,
        2131.7894736842104,
        2151.4210526315787,
        2158.315789473684,
        2141.342105263158,
        2128.4210526315787,
        2165.7631578947367,
        2162.0526315789475,
        2142.0,
        2131.2894736842104,
        2144.342105263158,
        2145.3684210526317,
        2157.9736842105262,
        2156.3947368421054,
        2158.5526315789475,
        2148.842105263158,
        2129.5263157894738,
        2163.1052631578946,
        2159.2631578947367,
        2152.0,
        2132.2105263157896,
        2137.6052631578946,
        2147.5263157894738,
        2160.5526315789475,
        2125.6315789473683,
        2154.657894736842,
        2157.657894736842,
        2146.3947368421054,
        2140.0789473684213,
        2131.7105263157896,
        2128.9210526315787,
        2142.3947368421054,
        2149.7368421052633,
        2149.3947368421054,
        2160.8684210526317,
        2155.7631578947367,
        2127.7105263157896,
        2166.184210526316,
        2157.8684210526317,
        2145.6052631578946,
        2158.0,
        2137.7631578947367,
        2138.684210526316,
        2156.657894736842,
        2130.4210526315787,
        2149.4210526315787,
        2128.842105263158,
        2161.7631578947367,
        2152.7894736842104,
        2146.2631578947367,
        2142.342105263158,
        2131.2894736842104,
        2150.157894736842,
        2142.7368421052633
    ],
    "opt": 2242,