{
    "agg": 2145,
    "iters": [
        1,
        2,
        3,
        4,
        5,
        6,
        7,
        8,
        9,
        10,
        11,
        12,
        13,
        14,
        15,
        16,
        17,
        18,
        19,
        20,
        21,
        22,
        23,
        24,
        25,
        26,
        27,
        28,
        29,
        30,
        31,
        32,
        33,
        34,
        35,
        36,
        37,
        38,
        39,
        40,
        41,
        42,
        43,
        44,
        45,
        46,
        47,
        48,
        49,
        50,
        51,
        52,
        53,
        54,
        55,
        56,
        57,
        58,
        59,
        60,
        61,
        62,
        63,
        64,
        65,
        66,
        67,
        68,
        69,
        70,
        71,
        72,
        73,
        74,
        75,
        76,
        77,
        78,
        79,
        80,
        81,
        82,
        83,
        84,
        85,
        86,
        87,
        88,
        89,
        90,
        91,
        92,
        93,
        94,
        95,
        96,
        97,
        98,
        99,
        100,
        101,
        102,
        103,
        104,
        105,
        106,
        107,
        108,
        109,
        110,
        111,
        112,
        113,
        114,
        115,
        116,
        117,
        118,
        119,
        120,
        121,
        122,
        123,
        124,
        125,
        126,
        127,
        128,
        129,
        130,
        131,
        132,
        133,
        134,
        135
    ],
    "means": [
        2148.3863636363635,
        2124.590909090909,
        2160.4545454545455,
        2154.909090909091,
        2143.5454545454545,
        2128.75,
        2160.9772727272725,
        2126.6136363636365,
        2127.659090909091,
        2156.2045454545455,
        2152.6136363636365,
        2130.9772727272725,
        2135.340909090909,
        2166.7727272727275,
        2136.2272727272725,
        2151.5227272727275,
        2154.7727272727275,
        2151.7954545454545,
        2134.6363636363635,
        2174.7954545454545,
        2172.159090909091,
        2166.2045454545455,
        2157.6363636363635,
        2165.931818181818,
        2139.2045454545455,
        2137.7045454545455,
        2158.2272727272725,
        2155.7272727272725,
        2144.5454545454545,
        2156.2727272727275,
        2122.090909090909,
        2162.2727272727275,
        2137.5,
        2150.75,
        2166.25,
        2145.7727272727275,
        2177.318181818182,
        2152.5454545454545,
        2141.409090909091,
        2134.7272727272725,
        2155.1136363636365,
        2151.068181818182,
        2185.568181818182,
        2170.2727272727275,
        2179.931818181818,
        2172.4545454545455,
        2137.5454545454545,
        2169.1136363636365,
        2165.068181818182,
        2133.068181818182,
        2155.909090909091,
        2143.6136363636365,
        2132.0,
        2127.2045454545455,
        2148.590909090909,
        2153.659090909091,
        2158.6363636363635,
        2143.7045454545455,
        2130.818181818182,
        2147.6136363636365,
        2130.7727272727275,
        2140.840909090909,
        2136.5,
        2154.8636363636365,
        2148.3636363636365,
        2148.0454545454545,
        2168.7272727272725,
        2159.7272727272725,
        2158.7954545454545,
        2158.318181818182,
        2139.6363636363635,
        2159.090909090909,
        2175.568181818182,
        2138.75,
        2161.568181818182,
        2140.2045454545455,
        2149.8863636363635,
        2159.6136363636365,
        2156.9545454545455,
        2140.2045454545455,
        2148.4772727272725,
        2151.818181818182,
        2139.2954545454545,
        2156.8863636363635,
        2170.659090909091,
        2141.0227272727275,
        2160.5454545454545,
        2139.159090909091,
        2157.090909090909,
        2135.340909090909,
        2140.431818181818,
        2136.568181818182,
        2152.5,
        2176.2954545454545,
        2158.159090909091,
        2137.431818181818,
        2150.2045454545455,
        2163.6136363636365,
        2142.2272727272725,
        2151.5227272727275,
        2124.568181818182,
        2158.818181818182,
        2139.3636363636365,
        2169.7727272727275,
        2164.0227272727275,
        2154.8636363636365,
        2148.590909090909,
        2135.7727272727275,
        2143.9545454545455,
        2128.9545454545455,
        2139.840909090909,
        2153.75,
        2172.75,
        2159.0227272727275,
        2151.431818181818,
        2145.8863636363635,
        2144.8636363636365,
        2139.7272727272725,
        2145.75,
        2150.8863636363635,
        2155.3636363636365,
        2147.068181818182,
        2140.2045454545455,
        2137.4545454545455,
        2147.3863636363635,
        2165.909090909091,
        2157.590909090909,
        2163.0454545454545,
        2150.5227272727275,
        2146.0454545454545,
        2157.1363636363635,
        2125.6363636363635,
        2150.5227272727275,
        2125.9772727272725,
        2150.0
    ],
    "opt": 2265,