{
    "agg": 2188,
    "iters": [
        1,
        2,
        3,
        4,
        5,
        6,
        7,
        8,
        9,
        10,
        11,
        12,
        13,
        14,
        15,
        16,
        17,
        18,
        19,
        20,
        21,
        22,
        23,
        24,
        25,
        26,
        27,
        28,
        29,
        30,
        31,
        32,
        33,
        34,
        35,
        36,
        37,
        38,
        39,
        40,
        41,
        42,
        43,
        44,
        45,
        46,
        47,
        48,
        49,
        50,
        51,
        52,
        53,
        54,
        55,
        56,
        57,
        58,
        59,
        60,
        61,
        62,
        63,
        64,
        65,
        66,
        67,
        68,
        69,
        70,
        71,
        72,
        73,
        74,
        75,
        76,
        77,
        78,
        79,
        80,
        81,
        82,
        83,
        84,
        85,
        86,
        87,
        88,
        89,
        90,
        91,
        92,
        93,
        94,
        95,
        96,
        97,
        98,
        99,
        100,
        101,
        102,
        103,
        104,
        105,
        106,
        107,
        108,
        109,
        110,
        111,
        112,
        113,
        114,
        115,
        116,
        117,
        118,
        119,
        120,
        121,
        122,
        123,
        124,
        125
    ],
    "means": [
        2142.7419354838707,
        2175.967741935484,
        2136.064516129032,
        2162.1290322580644,
        2146.3225806451615,
        2125.3225806451615,
        2157.5806451612902,
        2166.7741935483873,
        2151.6451612903224,
        2158.8387096774195,
        2150.483870967742,
        2156.548387096774,
        2166.548387096774,
        2171.7741935483873,
        2148.7741935483873,
        2155.3225806451615,
        2145.4193548387098,
        2150.2903225806454,
        2157.1935483870966,
        2132.2903225806454,
        2143.3548387096776,
        2141.7741935483873,
        2156.8709677419356,
        2144.0,
        2127.0967741935483,
        2164.0,
        2142.2258064516127,
        2138.8709677419356,
        2148.8709677419356,
        2167.8387096774195,
        2143.7741935483873,
        2140.6774193548385,
        2146.6774193548385,
        2130.0,
        2168.7741935483873,
        2145.7096774193546,
        2156.9032258064517,
        2159.451612903226,
        2127.7096774193546,
        2168.2580645161293,
        2145.064516129032,
        2148.7419354838707,
        2184.7741935483873,
        2154.0,
        2136.3548387096776,
        2155.1935483870966,
        2132.516129032258,
        2137.8387096774195,
        2144.2903225806454,
        2129.4193548387098,
        2157.8709677419356,
        2137.3548387096776,
        2150.451612903226,
        2154.1612903225805,
        2163.548387096774,
        2148.1935483870966,
        2142.516129032258,
        2152.064516129032,
        2130.516129032258,
        2149.4193548387098,
        2146.935483870968,
        2158.3225806451615,
        2137.3225806451615,
        2153.4193548387098,
        2164.5806451612902,
        2128.032258064516,
        2150.2580645161293,
        2127.3548387096776,
        2126.064516129032,
        2157.935483870968,
        2139.2258064516127,
        2143.6451612903224,
        2170.7096774193546,
        2153.6451612903224,
        2171.451612903226,
        2109.4193548387098,
        2161.2258064516127,
        2150.516129032258,
        2129.0,
        2151.451612903226,
        2152.1935483870966,
        2150.1612903225805,
        2152.483870967742,
        2143.516129032258,
        2149.1935483870966,
        2132.5806451612902,
        2177.4193548387098,
        2161.3225806451615,
        2172.483870967742,
        2166.1935483870966,
        2145.2903225806454,
        2149.0967741935483,
        2123.935483870968,
        2134.4193548387098,
        2160.451612903226,
        2159.5806451612902,
        2145.3870967741937,
        2171.1290322580644,
        2144.6451612903224,
        2157.032258064516,
        2153.064516129032,
        2186.8064516129034,
        2152.8709677419356,
        2135.8709677419356,
        2154.8064516129034,
        2132.548387096774,
        2148.2903225806454,
        2130.7419354838707,
        2172.1935483870966,
        2163.1935483870966,
        2145.8709677419356,
        2145.9032258064517,
        2131.064516129032,
        2158.8709677419356,
        2154.032258064516,
        2162.451612903226,
        2165.7741935483873,
        2153.5806451612902,
        2147.6129032258063,
        2130.032258064516,
        2135.516129032258,
        2155.5806451612902,
        2158.9032258064517,
        2141.7096774193546,
        2151.5806451612902
    ],
    "opt": 2272,