{
    "agg": 2208,
    "iters": [
        1,
        2,
        3,
        4,
        5,
        6,
        7,
        8,
        9,
        10,
        11,
        12,
        13,
        14,
        15,
        16,
        17,
        18,
        19,
        20,
        21,
        22,
        23,
        24,
        25,
        26,
        27,
        28,
        29,
        30,
        31,
        32,
        33,
        34,
        35,
        36,
        37,
        38,
        39,
        40,
        41,
        42,
        43,
        44,
        45,
        46,
        47,
        48,
        49,
        50,
        51,
        52,
        53,
        54,
        55,
        56,
        57,
        58,
        59,
        60,
        61,
        62,
        63,
        64,
        65,
        66,
        67,
        68,
        69,
        70,
        71,
        72,
        73,
        74,
        75,
        76,
        77,
        78,
        79,
        80,
        81,
        82,
        83,
        84,
        85,
        86,
        87,
        88,
        89,
        90,
        91,
        92,
        93,
        94,
        95,
        96,
        97,
        98,
        99,
        100,
        101,
        102,
        103
    ],
    "means": [
        2161.0714285714284,
        2159.5,
        2137.75,
        2142.8214285714284,
        2152.75,
        2162.714285714286,
        2142.1071428571427,
        2170.4285714285716,
        2160.535714285714,
        2148.8928571428573,
        2151.1428571428573,
        2174.464285714286,
        2166.464285714286,
        2157.1785714285716,
        2163.6428571428573,
        2152.3214285714284,
        2145.464285714286,
        2155.25,
        2143.785714285714,
        2162.9285714285716,
        2159.0,
        2146.785714285714,
        2141.3214285714284,
        2167.3571428571427,
        2158.6071428571427,
        2152.0714285714284,
        2130.964285714286,
        2145.464285714286,
        2167.8214285714284,
        2172.464285714286,
        2182.0714285714284,
        2123.5,
        2137.214285714286,
        2153.9285714285716,
        2152.214285714286,
        2148.785714285714,
        2182.3928571428573,
        2121.464285714286,
        2158.3214285714284,
        2180.035714285714,
        2147.714285714286,
        2150.6071428571427,
        2124.714285714286,
        2155.214285714286,
        2136.214285714286,
        2144.75,
        2179.535714285714,
        2144.6071428571427,
        2164.8928571428573,
        2174.0,
        2168.3214285714284,
        2138.1785714285716,
        2160.8571428571427,
        2139.1071428571427,
        2138.75,
        2146.6071428571427,
        2128.714285714286,
        2142.25,
        2141.8214285714284,
        2153.8571428571427,
        2118.8571428571427,
        2116.785714285714,
        2150.6071428571427,
        2140.1428571428573,
        2133.464285714286,
        2130.75,
        2157.464285714286,
        2132.3571428571427,
        2163.6071428571427,
        2135.035714285714,
        2155.1071428571427,
        2133.6785714285716,
        2119.8928571428573,
        2141.3928571428573,
        2170.5714285714284,
        2155.785714285714,
        2174.5,
        2147.035714285714,
        2177.1071428571427,
        2138.214285714286,
        2132.6428571428573,
        2153.8928571428573,
        2176.75,
        2142.1785714285716,
        2112.1428571428573,
        2161.8928571428573,
        2143.4285714285716,
        2141.8928571428573,
        2161.6428571428573,
        2140.3928571428573,
        2112.75,
        2133.6785714285716,
        2167.964285714286,
        2160.5714285714284,
        2174.1071428571427,
        2140.3214285714284,
        2121.5,
        2120.3571428571427,
        2116.1071428571427,
        2185.0714285714284,
        2141.964285714286,
        2155.1071428571427,
        2140.9285714285716
    ],
    "opt": 2247,
    "stdevs": [
        86.35596123497396,
        85.9968853256575,
        76.06887151973345,
        89.84631861900495,
        92.79186579190471,
        83.59206094517124,
        79.75379045435228,
        79.83573697260636,
        93.09000335422594,
        82.15766170936841,
        87.84634079935677,
        86.52063426178304,
        75.87936014436579,
        95.78996874540098,
        93.1570157950368,
        87.12185783283606,
        75.05259210468785,
        86.73589840099987,
        88.74616979375067,
        89.6624338327726,
        91.08904591505109,
        80.55759126366726,
        86.7624233884975,
        87.75380101076382,
        72.66623271885656,
        83.40774568837313,
        90.37322697049844,
        96.29066196486892,
        73.20131418191332,
        94.40924672587393,
        74.85792665892816,
        83.97597445528265,
        87.84294310336617,
        85.16912945571826,
        102.7522530663152,
        83.706270947393,
        86.79999147700514,
        84.9606976964127,
        89.52376123985528,
        94.83650673766975,
        82.85868225170972,
        81.66496857182236,
        94.14193582900585,
        95.15677182675859,
        89.89174328159446,
        79.21968775860852,
        73.80838228763972,
        89.07755019632945,
        89.74182783554893,
        85.07727579761153,
        91.3611567866112,
        93.40811129180399,
        84.40959419305803,
        67.46922011751215,
        84.27108680578749,
        70.07513278399034,
        91.30242413573269,
        89.75268599243782,
        64.26566155500183,
        88.51663051399449,
        84.34695112015197,
        82.03673268849803,
        79.06161217941462,
        79.240913983747,
        84.96994516670382,
        71.53501889684121,
        91.19699327079076,
        80.64437553929257,
        78.84674976801259,
        95.57849509429302,
        83.68748809269702,
        83.02798735169648,
        76.4681723173179,
        77.33292557217153,
        78.25207827976226,
        94.85792275927236,
        87.49551008888562,
        97.95461126127212,
        85.72769984321383,
        93.4835192285086,
        74.78646472539299,
        97.47905976073392,
        82.87668334855795,
        86.6627509254073,
        79.2467729337174,
        94.90496723629616,
        91.93453749094228,
        90.46362303067866,
        89.35291756596995,
        81.71306036793553,
        77.9187420146325,
        92.89935167059201,
        82.99461348393002,
        80.25024635984818,
        63.13440271454581,
        96.4028206357605,
        90.37718580640644,
        79.17079831681912,
        87.57989792417072,
        78.6065830446737,
        73.2546839764516,
        68.2319255427055,
        98.69684050936286
    ]
}