{
    "agg": 2165,
    "iters": [
        1,
        2,
        3,
        4,
        5,
        6,
        7,
        8,
        9,
        10,
        11,
        12,
        13,
        14,
        15,
        16,
        17,
        18,
        19,
        20,
        21,
        22,
        23,
        24,
        25,
        26,
        27,
        28,
        29,
        30,
        31,
        32,
        33,
        34,
        35,
        36,
        37,
        38,
        39,
        40,
        41,
        42,
        43,
        44,
        45,
        46,
        47,
        48,
        49,
        50,
        51,
        52,
        53,
        54,
        55,
        56,
        57,
        58,
        59,
        60,
        61,
        62,
        63,
        64,
        65,
        66,
        67,
        68,
        69,
        70,
        71,
        72,
        73,
        74,
        75,
        76,
        77,
        78,
        79,
        80,
        81,
        82,
        83,
        84,
        85,
        86,
        87,
        88,
        89,
        90,
        91,
        92,
        93,
        94,
        95,
        96,
        97,
        98,
        99,
        100,
        101,
        102,
        103,
        104,
        105,
        106,
        107
    ],
    "means": [
        2168.4857142857145,
        2159.5714285714284,
        2160.2285714285713,
        2126.6285714285714,
        2158.2285714285713,
        2163.8,
        2154.0285714285715,
        2171.5142857142855,
        2150.5142857142855,
        2153.9714285714285,
        2151.2285714285713,
        2136.6285714285714,
        2156.657142857143,
        2144.657142857143,
        2147.8571428571427,
        2150.3142857142857,
        2130.5714285714284,
        2138.8285714285716,
        2159.9142857142856,
        2132.8285714285716,
        2153.342857142857,
        2129.8285714285716,
        2124.5714285714284,
        2146.285714285714,
        2138.7428571428572,
        2197.542857142857,
        2179.657142857143,
        2154.542857142857,
        2143.542857142857,
        2191.657142857143,
        2156.5714285714284,
        2144.057142857143,
        2127.885714285714,
        2142.457142857143,
        2164.6285714285714,
        2147.114285714286,
        2183.114285714286,
        2128.9714285714285,
        2151.657142857143,
        2167.6857142857143,
        2152.8,
        2158.6857142857143,
        2147.1714285714284,
        2148.0285714285715,
        2140.657142857143,
        2148.1714285714284,
        2134.342857142857,
        2156.4285714285716,
        2165.5142857142855,
        2182.7428571428572,
        2139.2,
        2151.7428571428572,
        2178.8285714285716,
        2146.657142857143,
        2160.6857142857143,
        2166.9714285714285,
        2142.4857142857145,
        2153.8,
        2139.057142857143,
        2132.0,
        2160.9714285714285,
        2137.6285714285714,
        2133.7714285714287,
        2160.285714285714,
        2155.457142857143,
        2156.542857142857,
        2165.0857142857144,
        2135.1714285714284,
        2146.8571428571427,
        2170.657142857143,
        2160.9142857142856,
        2164.6857142857143,
        2104.342857142857,
        2163.457142857143,
        2137.457142857143,
        2161.4857142857145,
        2137.6857142857143,
        2152.7714285714287,
        2146.0285714285715,
        2182.8285714285716,
        2145.6857142857143,
        2170.342857142857,
        2143.885714285714,
        2151.4857142857145,
        2141.057142857143,
        2149.714285714286,
        2157.3142857142857,
        2137.885714285714,
        2171.7428571428572,
        2139.7714285714287,
        2168.9714285714285,
        2156.057142857143,
        2164.0,
        2137.5714285714284,
        2132.285714285714,
        2118.9714285714285,
        2140.3142857142857,
        2129.2285714285713,
        2135.6,
        2151.0857142857144,
        2140.8571428571427,
        2151.4857142857145,
        2135.6,
        2141.9714285714285,
        2151.342857142857,
        2144.6,
        2140.714285714286
    ],
    "opt": 2231,
    "stdevs": [
        89.8336149074885,
        81.25666063750825,
        81.4595730458755,
        83.92925106107805,
        87.3878336462677,
        87.46421308986076,
        88.67226518052247,
        97.9225266447399,
        86.22507803204734,
        91.54342785625558,
        87.61052960665849,
        96.57568037977431,
        83.95132700632223,
        88.51664665301028,
        73.31425231042552,
        81.61189389108549,
        93.10463720668135,
        78.89540479621854,
        83.85953269897105,
        69.5288165189845,
        74.8785465583693,
        85.67162748017596,
        83.2158246332256,
        93.09091452632173,
        89.40704441953517,
        73.97039672623593,
        80.95075852715927,
        93.32779186659181,
        95.91613683902438,
        75.85698681716532,
        87.86720035348334,
        77.94244867928163,
        81.78744976324613,
        83.78658019282183,
        87.63205079496092,
        87.12840161133991,
        63.5343647973605,
        95.61096342224889,
        85.88129444002273,
        83.06065646899995,
        77.27642405213712,
        81.2191994995453,
        85.37295848696075,
        86.83464934305091,
        81.78401620195996,
        83.40383194837914,
        85.38883930321936,
        94.63291052853675,
        91.9799268252346,
        80.95760543365287,
        81.96891396830178,
        93.1040409916755,
        84.317592034703,
        83.0528034642137,
        86.96001426881584,
        79.38567186816009,
        78.3323948416787,
        95.0950802392757,
        95.55430553419583,
        81.95364543447717,
        85.08465892082701,
        86.1507269563179,
        89.39098251558734,
        74.79020998903587,
        91.23575203273984,
        90.02962777636606,
        97.02322886183241,
        95.75489117362866,
        82.0237397193704,
        75.05272160560311,
        87.5062026956037,
        84.29769406389356,
        92.48565691334996,
        100.77792923258626,
        82.03425864745006,
        87.04592266764266,
        84.13586679670361,
        83.43349300551932,
        78.86352976205549,
        76.50639028932186,
        97.48458381525076,
        87.93437256017137,
        75.94538316770675,
        85.99979117202933,
        93.00075049071773,
        91.50318384111684,
        69.9790872551309,
        74.59520146519247,
        83.4178270967964,
        86.76374677883639,
        97.00942096055435,
        85.63542086147793,
        98.54426126655692,
        87.53784021431963,
        78.34195060432052,
        76.77852590937341,
        77.45663171038595,
        92.17904494260404,
        86.32503361465565,
        83.82034237533492,
        95.49364761435116,
        74.28876916795564,
        95.59473984333178,
        90.98241139733254,
        77.47771766575134,
        86.52702302914226,
        79.61247979290377
    ]
}